LC,OWNER,Delivery Date,Type Armada,Nopol,Jalur,Area,Fuel's Type,Qty Fuel,Type Delivery,DO,CBM,Capacity Armada,DP,UJP,Total Cost,Pulau,Destination,Jenis Armada,Type,Key,Shipment Area,Cost Ext,Gap Cost Int - Ext,% Saving,Month,Kategori,TAT,Prof Fee,Sewa Armada,Jarak
260101D014,FBI,1-Jan-2026,PICKUP,BK8807MH,Medan,Sumatera Utara,Pertalite,6.18,Store,10,2.66,3,4,51000,435028,Sumatera,MEDAN,MINI VAN BOX,Internal,SumateraMEDANMINI VAN BOX,DALAM KOTA,,,,1,REGULAR,4:40:00,193440,190588,51
260101C043,HCI,1-Jan-2026,CDELC,BK8805MH,Medan,Sumatera Utara,Solar,8.82,Customer,11,7.44,10,9,70000,647468,Sumatera,MEDAN,CDE,Internal,SumateraMEDANCDE,DALAM KOTA,,,,1,REGULAR,7:49:00,386880,190588,56
260101C050,HCI,1-Jan-2026,CDELC,BK8806MH,Medan,Sumatera Utara,Solar,6.62,Customer,5,4.29,10,6,51000,628468,Sumatera,MEDAN,CDE,Internal,SumateraMEDANCDE,DALAM KOTA,,,,1,REGULAR,7:00:00,386880,190588,58
260101C042,HCI,1-Jan-2026,CDELC,BK8075MQ,Medan,Sumatera Utara,Solar,3.82,Customer,11,2.9,10,4,26000,431325,Sumatera,MEDAN,CDE,Internal,SumateraMEDANCDE,DALAM KOTA,,,,1,REGULAR,12:11:00,193440,211885,32
260101C039,HCI,1-Jan-2026,CDELC,BK8871MS,Medan,Sumatera Utara,Solar,11.03,Customer,18,4.22,10,7,119500,312940,Sumatera,MEDAN,CDE,Internal,SumateraMEDANCDE,DALAM KOTA,,,,1,REGULAR,2:02:00,193440,,67
260101C045,HCI,1-Jan-2026,CDELC,BK8009MI,Medan,Sumatera Utara,Solar,8.82,Customer,6,4.55,10,3,60000,404937,Sumatera,MEDAN,CDE,Internal,SumateraMEDANCDE,DALAM KOTA,,,,1,REGULAR,3:08:00,193440,151497,55
260101C053,HCI,1-Jan-2026,PICKUP,BK8633MS,Medan,Sumatera Utara,Pertalite,6.1,Customer,3,3.0,3,3,71000,545441,Sumatera,MEDAN,PICKUP,Internal,SumateraMEDANPICKUP,DALAM KOTA,,,,1,REGULAR,5:31:00,386880,87561,64
260101C046,HCI,1-Jan-2026,CDELC,BK8099LM,Binjai,Sumatera Utara,Solar,13.24,Customer,11,2.02,10,9,135000,697980,Sumatera,BINJAI,CDE,Internal,SumateraBINJAICDE,DALAM KOTA,,,,1,REGULAR,7:28:00,386880,176100,105
260101C038,HCI,1-Jan-2026,CDELC,BK8647MS,Medan,Sumatera Utara,Solar,13.24,Customer,12,1.54,10,10,99500,778747,Sumatera,MEDAN,CDE,Internal,SumateraMEDANCDE,DALAM KOTA,,,,1,REGULAR,8:50:00,386880,292367,89
260101C048,HCI,1-Jan-2026,CDELC,BK8172LM,Medan,Sumatera Utara,Solar,11.76,Customer,6,1.54,10,7,99000,637377,Sumatera,MEDAN,CDE,Internal,SumateraMEDANCDE,DALAM KOTA,,,,1,REGULAR,8:16:00,386880,151497,86
260101D013,FBI,1-Jan-2026,PICKUP,BK8136LM,Deli Serdang,Sumatera Utara,Pertalite,6.5,Store,10,2.93,3,4,83500,429615,Sumatera,DELI SERDANG,MINI VAN BOX,Internal,SumateraDELI SERDANGMINI VAN BOX,DALAM KOTA,,,,1,REGULAR,3:44:00,257920,88195,73
260101C044,HCI,1-Jan-2026,CDELC,BK8191MQ,Medan,Sumatera Utara,Solar,7.35,Customer,3,5.93,10,3,50000,455325,Sumatera,MEDAN,CDE,Internal,SumateraMEDANCDE,DALAM KOTA,,,,1,REGULAR,6:41:00,193440,211885,68
260101X001,HCI,1-Jan-2026,CDELC,BK8646MS,Medan,Sumatera Utara,Solar,5.88,Other Delivery,2,2.2,11,2,60000,610287,Sumatera,MEDAN,CDE LONG CHASSIS,Internal,SumateraMEDANCDE LONG CHASSIS,DALAM KOTA,,,,1,REGULAR,7:06:00,257920,292367,38
260102C064,HCI,2-Jan-2026,CDELC,BK8807MH,Medan,Sumatera Utara,Solar,8.09,Customer,37,10.0,10,13,60000,637468,Sumatera,MEDAN,CDE,Internal,SumateraMEDANCDE,DALAM KOTA,,,,1,REGULAR,8:26:00,386880,190588,52
260102C074,HCI,2-Jan-2026,CDELC,BK8803MH,Medan,Sumatera Utara,Solar,18.09,Customer,18,10.0,10,13,134500,711968,Sumatera,MEDAN,CDE,Internal,SumateraMEDANCDE,DALAM KOTA,,,,1,REGULAR,9:48:00,386880,190588,129
260102C085,HCI,2-Jan-2026,CDELC,BK8047MQ,Medan,Sumatera Utara,Solar,5.29,Customer,7,7.81,10,5,42000,244663,Sumatera,MEDAN,CDE,Internal,SumateraMEDANCDE,DALAM KOTA,,,,1,REGULAR,2:47:00,96720,105943,35
260102D035,FBI,2-Jan-2026,PICKUP,A8330VX,Medan,Sumatera Utara,Pertalite,8,Store,14,2.56,3,6,103500,429467,Sumatera,MEDAN,MINI VAN BOX,Internal,SumateraMEDANMINI VAN BOX,DALAM KOTA,,,,1,REGULAR,12:01:00,241800,84167,73
260102C066,HCI,2-Jan-2026,CDELC,BK8141LM,Medan,Sumatera Utara,Solar,12.5,Customer,12,8.68,10,8,85000,622974,Sumatera,MEDAN,CDE,Internal,SumateraMEDANCDE,DALAM KOTA,,,,1,REGULAR,6:26:00,386880,151094,83
260102C073,HCI,2-Jan-2026,CDELC,BK8073MQ,Medan,Sumatera Utara,Solar,15.44,Customer,19,8.35,10,13,151000,749765,Sumatera,MEDAN,CDE,Internal,SumateraMEDANCDE,DALAM KOTA,,,,1,REGULAR,8:32:00,386880,211885,110
260102C072,HCI,2-Jan-2026,CDELC,BK8009MI,Medan,Sumatera Utara,Solar,11.03,Customer,5,3.38,10,4,93500,341717,Sumatera,MEDAN,CDE,Internal,SumateraMEDANCDE,DALAM KOTA,,,,1,REGULAR,6:44:00,96720,151497,91
260102C001,HCI,2-Jan-2026,CDELC,BK8299MH,Medan,Sumatera Utara,Solar,13.97,Customer,21,3.27,10,12,119500,657877,Sumatera,MEDAN,CDE,Internal,SumateraMEDANCDE,DALAM KOTA,,,,1,REGULAR,9:30:00,386880,151497,97
260102C061,HCI,2-Jan-2026,CDELC,BK8075MQ,Medan,Sumatera Utara,Solar,7.35,Customer,21,5.02,10,13,90000,688765,Sumatera,MEDAN,CDE,Internal,SumateraMEDANCDE,DALAM KOTA,,,,1,REGULAR,8:23:00,386880,211885,64
260102D034,FBI,2-Jan-2026,PICKUP,BK8136LM,Medan,Sumatera Utara,Pertalite,9,Store,8,2.98,3,4,136500,369775,Sumatera,MEDAN,MINI VAN BOX,Internal,SumateraMEDANMINI VAN BOX,DALAM KOTA,,,,1,REGULAR,6:37:00,145080,88195,108
260102C082,HCI,2-Jan-2026,PICKUP,BK8696MS,Medan,Sumatera Utara,Pertalite,10.3,Customer,6,3.0,3,6,153500,640913,Sumatera,MEDAN,PICKUP,Internal,SumateraMEDANPICKUP,DALAM KOTA,,,,1,REGULAR,9:51:00,386880,100533,117
260102C067,HCI,2-Jan-2026,CDELC,BK8191MQ,Medan,Sumatera Utara,Solar,6.62,Customer,7,3.07,10,6,45000,547045,Sumatera,MEDAN,CDE,Internal,SumateraMEDANCDE,DALAM KOTA,,,,1,REGULAR,3:47:00,290160,211885,46
260102H012,HCI,2-Jan-2026,CDELC,BK8074MQ,Pematangsiantar,Sumatera Utara,Solar,27.21,HUB,19,10.0,10,1,401000,854685,Sumatera,PEMATANGSIANTAR,CDE,Internal,SumateraPEMATANGSIANTARCDE,LUAR KOTA,1300000,-445315,-34.26%,1,REGULAR,9:44:00,241800,211885,232
260102L032,AHI,2-Jan-2026,CDELC,BK8192MQ,Pematangsiantar,Sumatera Utara,Solar,30.59,Store,1,5.0,10,1,424000,877685,Sumatera,PEMATANGSIANTAR,CDE,Internal,SumateraPEMATANGSIANTARCDE,LUAR KOTA,1300000,-422315,-32.49%,1,REGULAR,7:35:00,241800,211885,240
260102C079,HCI,2-Jan-2026,CDELC,BK8172LM,Deli Serdang,Sumatera Utara,Solar,19.85,Customer,9,6.01,10,9,218000,756377,Sumatera,DELI SERDANG,CDE,Internal,SumateraDELI SERDANGCDE,DALAM KOTA,,,,1,REGULAR,9:06:00,386880,151497,151
260102D029,AHI,2-Jan-2026,FUSO,BK8815MG,Medan,Sumatera Utara,Solar,12.5,Store,60,30.26,34,1,260000,807398,Sumatera,MEDAN,FUSO,Internal,SumateraMEDANFUSO,DALAM KOTA,,,,1,REGULAR,8:14:00,193440,353958,48
260102C083,HCI,2-Jan-2026,CDELC,BK8646MS,Medan,Sumatera Utara,Solar,8.82,Customer,3,10.0,10,2,91000,624063,Sumatera,MEDAN,CDE,Internal,SumateraMEDANCDE,DALAM KOTA,,,,1,REGULAR,6:42:00,386880,146183,62
260102C078,HCI,2-Jan-2026,CDELC,BK8646MS,Medan,Sumatera Utara,Solar,8.09,Customer,14,4.34,10,8,55000,491343,Sumatera,MEDAN,CDE,Internal,SumateraMEDANCDE,DALAM KOTA,,,,1,REGULAR,5:25:00,290160,146183,59
260102C077,HCI,2-Jan-2026,CDELC,BK8805MH,Medan,Sumatera Utara,Solar,10.29,Customer,10,5.56,10,8,74500,458528,Sumatera,MEDAN,CDE,Internal,SumateraMEDANCDE,DALAM KOTA,,,,1,REGULAR,5:46:00,193440,190588,59
260102C084,HCI,2-Jan-2026,CDELC,BK8647MS,Medan,Sumatera Utara,Solar,5.15,Customer,7,7.83,10,1,35000,714247,Sumatera,MEDAN,CDE,Internal,SumateraMEDANCDE,DALAM KOTA,,,,1,REGULAR,4:07:00,386880,292367,35
260102D039,AHI,2-Jan-2026,CDELC,BK8047MQ,Medan,Sumatera Utara,Solar,5.15,Store,14,8.14,10,1,45000,247663,Sumatera,MEDAN,CDE,Internal,SumateraMEDANCDE,DALAM KOTA,,,,1,REGULAR,7:44:00,96720,105943,35
260102C070,HCI,2-Jan-2026,CDELC,BK8031LM,Medan,Sumatera Utara,Solar,9.56,Customer,5,6.56,10,5,91500,532754,Sumatera,MEDAN,CDE,Internal,SumateraMEDANCDE,DALAM KOTA,,,,1,REGULAR,5:38:00,290160,151094,77
260102D036,AHI,2-Jan-2026,CDELC,BK8804MH,Medan,Sumatera Utara,Solar,7.35,Store,67,10.0,10,1,80000,464028,Sumatera,MEDAN,CDE,Internal,SumateraMEDANCDE,DALAM KOTA,,,,1,REGULAR,9:07:00,193440,190588,50
260102C076,HCI,2-Jan-2026,CDELC,BK8871MS,Medan,Sumatera Utara,Solar,7.35,Customer,17,6.28,10,13,55000,441880,Sumatera,MEDAN,CDE,Internal,SumateraMEDANCDE,DALAM KOTA,,,,1,REGULAR,3:33:00,386880,,49
260102C090,HCI,2-Jan-2026,PICKUP,BK8633MS,Medan,Sumatera Utara,Pertalite,4.1,Customer,5,3.0,3,2,41000,322001,Sumatera,MEDAN,PICKUP,Internal,SumateraMEDANPICKUP,DALAM KOTA,,,,1,REGULAR,2:00:00,193440,87561,51
260102C071,HCI,2-Jan-2026,CDELC,BK8099LM,Binjai,Sumatera Utara,Solar,29.41,Customer,11,4.23,10,10,367500,930480,Sumatera,BINJAI,CDE,Internal,SumateraBINJAICDE,DALAM KOTA,,,,1,REGULAR,10:16:00,386880,176100,244
260102D027,AHI,2-Jan-2026,CDELC,BK8146LM,Medan,Sumatera Utara,Solar,8.82,Store,45,9.27,10,1,60000,404937,Sumatera,MEDAN,CDE,Internal,SumateraMEDANCDE,DALAM KOTA,,,,1,REGULAR,7:01:00,193440,151497,31
260102C068,HCI,2-Jan-2026,CDELC,BK8806MH,Medan,Sumatera Utara,Solar,10.29,Customer,13,6.86,10,9,70000,550748,Sumatera,MEDAN,CDE,Internal,SumateraMEDANCDE,DALAM KOTA,,,,1,REGULAR,6:26:00,290160,190588,86
260102C063,HCI,2-Jan-2026,CDELC,BK8309MS,Medan,Sumatera Utara,Solar,10.15,Customer,20,7.01,10,12,73000,745513,Sumatera,MEDAN,CDE,Internal,SumateraMEDANCDE,DALAM KOTA,,,,1,REGULAR,8:34:00,386880,285633,69
260102D031,AHI,2-Jan-2026,CDELC,BK8022LM,Medan,Sumatera Utara,Solar,4.85,Store,51,6.79,10,1,40000,287814,Sumatera,MEDAN,CDE,Internal,SumateraMEDANCDE,DALAM KOTA,,,,1,REGULAR,2:16:00,96720,151094,40
260102C065,HCI,2-Jan-2026,CDELC,BK8135LM,Medan,Sumatera Utara,Solar,7.35,Customer,7,5.52,10,7,55000,303217,Sumatera,MEDAN,CDE,Internal,SumateraMEDANCDE,DALAM KOTA,,,,1,REGULAR,4:42:00,96720,151497,57
260103C065,HCI,3-Jan-2026,CDELC,BK8075MQ,Medan,Sumatera Utara,Solar,13.24,Customer,15,8.9,10,11,103000,402383,Sumatera,MEDAN,CDE,Internal,SumateraMEDANCDE,DALAM KOTA,,,,1,REGULAR,18:21:00,193440,105943,100
260103C052,HCI,3-Jan-2026,CDELC,BK8647MS,Medan,Sumatera Utara,Solar,14.71,Customer,30,10.0,10,10,130000,809247,Sumatera,MEDAN,CDE,Internal,SumateraMEDANCDE,DALAM KOTA,,,,1,REGULAR,9:23:00,386880,292367,99
260103C069,HCI,3-Jan-2026,CDELC,BK8022LM,Deli Serdang,Sumatera Utara,Solar,12.5,Customer,7,3.52,10,5,137000,481534,Sumatera,DELI SERDANG,CDE,Internal,SumateraDELI SERDANGCDE,DALAM KOTA,,,,1,REGULAR,5:30:00,193440,151094,112
260103C070,HCI,3-Jan-2026,PICKUP,BK8633MS,Medan,Sumatera Utara,Pertalite,8.1,Customer,7,3.0,3,6,95000,332221,Sumatera,MEDAN,PICKUP,Internal,SumateraMEDANPICKUP,DALAM KOTA,,,,1,REGULAR,7:23:00,193440,43781,89
260103L024,HCI,3-Jan-2026,CDELC,BK8112LM,Medan,Sumatera Utara,Solar,5.88,Store,3,6.09,10,1,40000,308987,Sumatera,MEDAN,CDE,Internal,SumateraMEDANCDE,DALAM KOTA,,,,1,REGULAR,3:05:00,193440,75547,40
260103C066,HCI,3-Jan-2026,CDELC,BK8146LM,Medan,Sumatera Utara,Solar,9.56,Customer,16,5.93,10,13,70000,339189,Sumatera,MEDAN,CDE,Internal,SumateraMEDANCDE,DALAM KOTA,,,,1,REGULAR,6:40:00,193440,75749,63
260103D016,HCI,3-Jan-2026,CDELC,BK8871MS,Medan,Sumatera Utara,Solar,6.62,Store,15,8.15,10,1,48500,241940,Sumatera,MEDAN,CDE,Internal,SumateraMEDANCDE,DALAM KOTA,,,,1,REGULAR,4:38:00,193440,,42
260103D023,FBI,3-Jan-2026,PICKUP,BK8136LM,Medan,Sumatera Utara,Pertalite,4.9,Store,3,1.75,3,3,55500,272655,Sumatera,MEDAN,MINI VAN BOX,Internal,SumateraMEDANMINI VAN BOX,DALAM KOTA,,,,1,REGULAR,1:51:00,128960,88195,58
260103C077,HCI,3-Jan-2026,CDELC,BK8112LM,Medan,Sumatera Utara,Solar,8.09,Customer,3,7.33,10,3,55000,517427,Sumatera,MEDAN,CDE,Internal,SumateraMEDANCDE,DALAM KOTA,,,,1,REGULAR,3:30:00,386880,75547,54
260103H009,HCI,3-Jan-2026,CDELC,BK8807MH,Pematangsiantar,Sumatera Utara,Solar,30.88,HUB,32,8.87,10,1,426000,745548,Sumatera,PEMATANGSIANTAR,CDE,Internal,SumateraPEMATANGSIANTARCDE,LUAR KOTA,1300000,-554452,-42.65%,1,REGULAR,3:54:00,128960,190588,230
260103C074,HCI,3-Jan-2026,CDELC,BK8075MQ,Medan,Sumatera Utara,Solar,5.15,Customer,4,8.48,10,3,35000,334383,Sumatera,MEDAN,CDE,Internal,SumateraMEDANCDE,DALAM KOTA,,,,1,REGULAR,2:44:00,193440,105943,32
260103C063,HCI,3-Jan-2026,CDELC,BK8141LM,Medan,Sumatera Utara,Solar,12.5,Customer,11,3.8,10,9,89500,551927,Sumatera,MEDAN,CDE,Internal,SumateraMEDANCDE,DALAM KOTA,,,,1,REGULAR,18:40:00,386880,75547,78
260103D026,AHI,3-Jan-2026,CDELC,BK8074MQ,Medan,Sumatera Utara,Solar,4.71,Store,1,8.8,10,1,47000,281903,Sumatera,MEDAN,CDE,Internal,SumateraMEDANCDE,DALAM KOTA,,,,1,REGULAR,1:28:00,128960,105943,31
260103C104,HCI,3-Jan-2026,PICKUP,BK8633MS,Medan,Sumatera Utara,Pertalite,6.4,Customer,2,1.59,3,2,68500,305721,Sumatera,MEDAN,PICKUP,Internal,SumateraMEDANPICKUP,DALAM KOTA,,,,1,REGULAR,12:39:00,193440,43781,72
260103C068,HCI,3-Jan-2026,CDELC,BK8135LM,Medan,Sumatera Utara,Solar,6.62,Customer,10,3.38,10,7,51500,589877,Sumatera,MEDAN,CDE,Internal,SumateraMEDANCDE,DALAM KOTA,,,,1,REGULAR,7:56:00,386880,151497,54
260103C059,HCI,3-Jan-2026,CDELC,BK8309MS,Medan,Sumatera Utara,Solar,16.18,Customer,14,5.27,10,8,142000,478257,Sumatera,MEDAN,CDE,Internal,SumateraMEDANCDE,DALAM KOTA,,,,1,REGULAR,17:29:00,193440,142817,108
260103C056,HCI,3-Jan-2026,CDELC,BK8191MQ,Medan,Sumatera Utara,Solar,8.09,Customer,12,8.09,10,10,63000,468325,Sumatera,MEDAN,CDE,Internal,SumateraMEDANCDE,DALAM KOTA,,,,1,REGULAR,7:17:00,193440,211885,64
260103C060,HCI,3-Jan-2026,CDELC,BK8099LM,Medan,Sumatera Utara,Solar,19.85,Customer,23,10.0,10,14,203000,669260,Sumatera,MEDAN,CDE,Internal,SumateraMEDANCDE,DALAM KOTA,,,,1,REGULAR,10:35:00,290160,176100,127
260103C057,HCI,3-Jan-2026,CDELC,BK8299MH,Medan,Sumatera Utara,Solar,8.82,Customer,13,7.74,10,13,68000,606377,Sumatera,MEDAN,CDE,Internal,SumateraMEDANCDE,DALAM KOTA,,,,1,REGULAR,8:13:00,386880,151497,66
260103L028,AHI,3-Jan-2026,CDELC,BK8192MQ,Pematangsiantar,Sumatera Utara,Solar,39.12,Store,33,9.5,10,4,286500,724065,Sumatera,PEMATANGSIANTAR,CDE,Internal,SumateraPEMATANGSIANTARCDE,LUAR KOTA,1300000,-575935,-44.30%,1,REGULAR,1:28:00,225680,211885,118
260103L029,AHI,3-Jan-2026,CDELC,BK8803MH,Pematangsiantar,Sumatera Utara,Solar,27.94,Store,1,8.8,10,1,406000,822268,Sumatera,PEMATANGSIANTAR,CDE,Internal,SumateraPEMATANGSIANTARCDE,LUAR KOTA,1300000,-477732,-36.75%,1,REGULAR,4:40:00,225680,190588,229
260103D020,AHI,3-Jan-2026,FUSO,BK8815MG,Medan,Sumatera Utara,Solar,6.62,Store,59,27.72,34,1,220000,767398,Sumatera,MEDAN,FUSO,Internal,SumateraMEDANFUSO,DALAM KOTA,,,,1,REGULAR,8:30:00,193440,353958,25
260103D014,HCI,3-Jan-2026,CDELC,BK8804MH,Medan,Sumatera Utara,Solar,2.35,Store,37,10.0,10,1,16000,303308,Sumatera,MEDAN,CDE,Internal,SumateraMEDANCDE,DALAM KOTA,,,,1,REGULAR,3:08:00,96720,190588,32
260103D019,AHI,3-Jan-2026,CDELC,BK8309MS,Medan,Sumatera Utara,Solar,4.85,Store,40,9.29,10,1,33000,369257,Sumatera,MEDAN,CDE,Internal,SumateraMEDANCDE,DALAM KOTA,,,,1,REGULAR,6:38:00,193440,142817,32
260103C061,HCI,3-Jan-2026,CDELC,BK8813MG,Medan,Sumatera Utara,Solar,11.76,Customer,15,7.92,10,11,99500,537654,Sumatera,MEDAN,CDE,Internal,SumateraMEDANCDE,DALAM KOTA,,,,1,REGULAR,17:58:00,290160,147994,91
260103C053,HCI,3-Jan-2026,CDELC,BK8047MQ,Medan,Sumatera Utara,Solar,5.88,Customer,19,3.18,10,6,44000,449325,Sumatera,MEDAN,CDE,Internal,SumateraMEDANCDE,DALAM KOTA,,,,1,REGULAR,4:15:00,193440,211885,123
260103C064,HCI,3-Jan-2026,CDELC,BK8806MH,Medan,Sumatera Utara,Solar,9.56,Customer,16,10.0,10,13,69000,357734,Sumatera,MEDAN,CDE,Internal,SumateraMEDANCDE,DALAM KOTA,,,,1,REGULAR,17:58:00,193440,95294,76
260103C055,HCI,3-Jan-2026,CDELC,BK8805MH,Medan,Sumatera Utara,Solar,15,Customer,23,7.33,10,14,112000,689468,Sumatera,MEDAN,CDE,Internal,SumateraMEDANCDE,DALAM KOTA,,,,1,REGULAR,10:50:00,386880,190588,95
260103C051,HCI,3-Jan-2026,CDELC,BK8646MS,Medan,Sumatera Utara,Solar,13.24,Customer,16,4.43,10,10,97500,583307,Sumatera,MEDAN,CDE,Internal,SumateraMEDANCDE,DALAM KOTA,,,,1,REGULAR,6:50:00,193440,292367,88
260103C058,HCI,3-Jan-2026,CDELC,BK8172LM,Medan,Sumatera Utara,Solar,14.71,Customer,15,8.25,10,13,110000,648377,Sumatera,MEDAN,CDE,Internal,SumateraMEDANCDE,DALAM KOTA,,,,1,REGULAR,10:16:00,386880,151497,95
260103D022,FBI,3-Jan-2026,PICKUP,A8330VX,Medan,Sumatera Utara,Pertalite,3,Store,11,1.73,3,4,35000,344847,Sumatera,MEDAN,MINI VAN BOX,Internal,SumateraMEDANMINI VAN BOX,DALAM KOTA,,,,1,REGULAR,3:58:00,225680,84167,31
260103D017,HCI,3-Jan-2026,CDELC,BK8073MQ,Medan,Sumatera Utara,Solar,5.88,Store,36,9.56,10,3,70000,475325,Sumatera,MEDAN,CDE,Internal,SumateraMEDANCDE,DALAM KOTA,,,,1,REGULAR,6:46:00,193440,211885,36
260103C078,HCI,3-Jan-2026,CDELC,BK8074MQ,Medan,Sumatera Utara,Solar,2.94,Customer,4,6.79,10,2,20000,416103,Sumatera,MEDAN,CDE,Internal,SumateraMEDANCDE,DALAM KOTA,,,,1,REGULAR,6:50:00,290160,105943,18
260103C067,HCI,3-Jan-2026,CDELC,BK8031LM,Medan,Sumatera Utara,Solar,8.09,Customer,8,4.01,10,5,58000,499254,Sumatera,MEDAN,CDE,Internal,SumateraMEDANCDE,DALAM KOTA,,,,1,REGULAR,5:14:00,290160,151094,62
260103C073,HCI,3-Jan-2026,PICKUP,BK8696MS,Medan,Sumatera Utara,Pertalite,7.5,Customer,5,3.0,3,3,95000,485693,Sumatera,MEDAN,PICKUP,Internal,SumateraMEDANPICKUP,DALAM KOTA,,,,1,REGULAR,5:32:00,290160,100533,77
260103C075,HCI,3-Jan-2026,CDELC,BK8146LM,Medan,Sumatera Utara,Solar,4.41,Customer,4,10.0,10,2,30000,299189,Sumatera,MEDAN,CDE,Internal,SumateraMEDANCDE,DALAM KOTA,,,,1,REGULAR,2:14:00,193440,75749,41
260103C062,HCI,3-Jan-2026,CDELC,BK8009MI,Medan,Sumatera Utara,Solar,13.24,Customer,13,9.91,10,12,99000,637377,Sumatera,MEDAN,CDE,Internal,SumateraMEDANCDE,DALAM KOTA,,,,1,REGULAR,9:32:00,386880,151497,115
260103D015,HCI,3-Jan-2026,CDELC,BK8806MH,Medan,Sumatera Utara,Solar,4.41,Store,40,10.0,10,1,30000,222014,Sumatera,MEDAN,CDE,Internal,SumateraMEDANCDE,DALAM KOTA,,,,1,REGULAR,7:08:00,96720,95294,30
260103C076,HCI,3-Jan-2026,CDELC,BK8141LM,Medan,Sumatera Utara,Solar,4.41,Customer,2,6.86,10,1,30000,298987,Sumatera,MEDAN,CDE,Internal,SumateraMEDANCDE,DALAM KOTA,,,,1,REGULAR,2:24:00,193440,75547,31
260104X002,HCI,4-Jan-2026,CDELC,BK8309MS,Medan,Sumatera Utara,Solar,5.15,Other Delivery,2,2.2,10,2,60000,635793,Sumatera,MEDAN,CDE,Internal,SumateraMEDANCDE,DALAM KOTA,,,,1,REGULAR,6:05:00,290160,285633,43
260104C050,HCI,4-Jan-2026,CDELC,BK8646MS,Medan,Sumatera Utara,Solar,17.65,Customer,11,8.36,10,11,152000,831247,Sumatera,MEDAN,CDE,Internal,SumateraMEDANCDE,DALAM KOTA,,,,1,REGULAR,8:35:00,386880,292367,115
260104C065,HCI,4-Jan-2026,PICKUP,BK8696MS,Medan,Sumatera Utara,Pertalite,9.5,Customer,6,1.2,3,6,109500,596913,Sumatera,MEDAN,PICKUP,Internal,SumateraMEDANPICKUP,DALAM KOTA,,,,1,REGULAR,9:03:00,386880,100533,96
260104C056,HCI,4-Jan-2026,CDELC,BK8647MS,Medan,Sumatera Utara,Solar,13.24,Customer,9,9.54,10,6,90000,769247,Sumatera,MEDAN,CDE,Internal,SumateraMEDANCDE,DALAM KOTA,,,,1,REGULAR,10:02:00,386880,292367,89
260104C062,HCI,4-Jan-2026,PICKUP,BK8633MS,Medan,Sumatera Utara,Pertalite,7.3,Customer,5,3.0,3,3,87500,368501,Sumatera,MEDAN,PICKUP,Internal,SumateraMEDANPICKUP,DALAM KOTA,,,,1,REGULAR,5:40:00,193440,87561,73
260104H008,HCI,4-Jan-2026,CDELC,BK8803MH,Pematangsiantar,Sumatera Utara,Solar,33.09,HUB,16,8.72,10,1,421000,901748,Sumatera,PEMATANGSIANTAR,CDE,Internal,SumateraPEMATANGSIANTARCDE,LUAR KOTA,1300000,-398252,-30.63%,1,REGULAR,7:11:00,290160,190588,249
260104C048,HCI,4-Jan-2026,CDELC,BK8807MH,Medan,Sumatera Utara,Solar,10.44,Customer,18,7.65,10,8,75000,652468,Sumatera,MEDAN,CDE,Internal,SumateraMEDANCDE,DALAM KOTA,,,,1,REGULAR,9:32:00,386880,190588,62
260104C045,HCI,4-Jan-2026,CDELC,BK8804MH,Medan,Sumatera Utara,Solar,8.38,Customer,15,6.04,10,8,64000,641468,Sumatera,MEDAN,CDE,Internal,SumateraMEDANCDE,DALAM KOTA,,,,1,REGULAR,8:04:00,386880,190588,73
260104C018,HCI,4-Jan-2026,CDELC,BK8871MS,Medan,Sumatera Utara,Solar,11.47,Customer,21,3.03,10,12,78000,464880,Sumatera,MEDAN,CDE,Internal,SumateraMEDANCDE,DALAM KOTA,,,,1,REGULAR,7:47:00,386880,,71
260104C060,HCI,4-Jan-2026,CDELC,BK8009MI,Deli Serdang,Sumatera Utara,Solar,12.5,Customer,5,3.91,10,3,162000,506937,Sumatera,DELI SERDANG,CDE,Internal,SumateraDELI SERDANGCDE,DALAM KOTA,,,,1,REGULAR,6:43:00,193440,151497,115
260104C053,HCI,4-Jan-2026,CDELC,BK8135LM,Medan,Sumatera Utara,Solar,12.79,Customer,9,3.13,10,9,119500,657877,Sumatera,MEDAN,CDE,Internal,SumateraMEDANCDE,DALAM KOTA,,,,1,REGULAR,8:51:00,386880,151497,98
260104C055,HCI,4-Jan-2026,CDELC,BK8073MQ,Medan,Sumatera Utara,Solar,5.15,Customer,5,1.08,10,4,35000,440325,Sumatera,MEDAN,CDE,Internal,SumateraMEDANCDE,DALAM KOTA,,,,1,REGULAR,3:33:00,193440,211885,35
260104C083,HCI,4-Jan-2026,PICKUP,BK8136LM,Medan,Sumatera Utara,Pertalite,5,Customer,2,1.36,3,2,55000,336635,Sumatera,MEDAN,MINI VAN BOX,Internal,SumateraMEDANMINI VAN BOX,DALAM KOTA,,,,1,NON REGULAR,7:16:00,193440,88195,47
260104C046,HCI,4-Jan-2026,CDELC,BK8191MQ,Medan,Sumatera Utara,Solar,7.35,Customer,15,5.89,10,7,80000,678765,Sumatera,MEDAN,CDE,Internal,SumateraMEDANCDE,DALAM KOTA,,,,1,REGULAR,8:15:00,386880,211885,52
260104C047,HCI,4-Jan-2026,CDELC,BK8022LM,Medan,Sumatera Utara,Solar,5.15,Customer,11,1.75,10,6,45000,389534,Sumatera,MEDAN,CDE,Internal,SumateraMEDANCDE,DALAM KOTA,,,,1,REGULAR,2:45:00,193440,151094,33
260104C049,HCI,4-Jan-2026,CDELC,BK8031LM,Medan,Sumatera Utara,Solar,14.71,Customer,13,5.5,10,11,100000,637974,Sumatera,MEDAN,CDE,Internal,SumateraMEDANCDE,DALAM KOTA,,,,1,REGULAR,9:51:00,386880,151094,101
260104C059,HCI,4-Jan-2026,CDELC,BK8299MH,Medan,Sumatera Utara,Solar,9.56,Customer,7,6.63,10,6,65000,603377,Sumatera,MEDAN,CDE,Internal,SumateraMEDANCDE,DALAM KOTA,,,,1,REGULAR,9:10:00,386880,151497,60
260105C067,HCI,5-Jan-2026,CDELC,BK8191MQ,Medan,Sumatera Utara,Solar,11.76,Customer,18,9.46,10,15,95000,693765,Sumatera,MEDAN,CDE,Internal,SumateraMEDANCDE,DALAM KOTA,,,,1,REGULAR,11:25:00,386880,211885,72
260105C059,HCI,5-Jan-2026,CDELC,BK8309MS,Medan,Sumatera Utara,Solar,7.35,Customer,33,8.11,10,15,113000,785513,Sumatera,MEDAN,CDE,Internal,SumateraMEDANCDE,DALAM KOTA,,,,1,REGULAR,12:28:00,386880,285633,61
260105D036,AHI,5-Jan-2026,CDELC,BK8141LM,Medan,Sumatera Utara,Solar,5.15,Store,2,8.88,10,1,45000,244901,Sumatera,MEDAN,CDE,Internal,SumateraMEDANCDE,DALAM KOTA,,,,1,REGULAR,6:03:00,124354,75547,31
260105D014,AHI,5-Jan-2026,CDELC,BK8805MH,Medan,Sumatera Utara,Solar,3.53,Store,70,9.51,10,1,24000,216014,Sumatera,MEDAN,CDE,Internal,SumateraMEDANCDE,DALAM KOTA,,,,1,REGULAR,2:23:00,96720,95294,23
260105C085,HCI,5-Jan-2026,CDELC,BK8135LM,Medan,Sumatera Utara,Solar,6.62,Customer,3,5.82,10,3,60500,329689,Sumatera,MEDAN,CDE,Internal,SumateraMEDANCDE,DALAM KOTA,,,,1,REGULAR,2:56:00,193440,75749,59
260105C070,HCI,5-Jan-2026,CDELC,BK8647MS,Medan,Sumatera Utara,Solar,16.18,Customer,10,8.56,10,8,144200,630007,Sumatera,MEDAN,CDE,Internal,SumateraMEDANCDE,DALAM KOTA,,,,1,REGULAR,8:58:00,193440,292367,110
260105D025,AHI,5-Jan-2026,CDELC,BK8112LM,Medan,Sumatera Utara,Solar,4.41,Store,14,9.34,10,1,30000,298987,Sumatera,MEDAN,CDE,Internal,SumateraMEDANCDE,DALAM KOTA,,,,1,REGULAR,4:00:00,193440,75547,32
260105C068,HCI,5-Jan-2026,CDELC,BK8141LM,Medan,Sumatera Utara,Solar,13.97,Customer,9,3.76,10,8,126000,491707,Sumatera,MEDAN,CDE,Internal,SumateraMEDANCDE,DALAM KOTA,,,,1,REGULAR,5:02:00,290160,75547,90
260105D033,AHI,5-Jan-2026,CDELC,BK8074MQ,Medan,Sumatera Utara,Solar,5.15,Store,42,8.61,10,1,35000,362017,Sumatera,MEDAN,CDE,Internal,SumateraMEDANCDE,DALAM KOTA,,,,1,REGULAR,3:23:00,221074,105943,32
260105C088,HCI,5-Jan-2026,CDELC,BK8075MQ,Medan,Sumatera Utara,Solar,8.09,Customer,7,8.86,10,6,77500,473603,Sumatera,MEDAN,CDE,Internal,SumateraMEDANCDE,DALAM KOTA,,,,1,REGULAR,5:43:00,290160,105943,58
260105D037,FBI,5-Jan-2026,PICKUP,BK8136LM,Medan,Sumatera Utara,Pertalite,10,Store,8,1.81,3,4,155000,464269,Sumatera,MEDAN,MINI VAN BOX,Internal,SumateraMEDANMINI VAN BOX,DALAM KOTA,,,,1,REGULAR,5:34:00,221074,88195,106
260105C094,HCI,5-Jan-2026,PICKUP,BK8696MS,Deli Serdang,Sumatera Utara,Pertalite,19.2,Customer,5,3.0,3,5,336000,823413,Sumatera,DELI SERDANG,PICKUP,Internal,SumateraDELI SERDANGPICKUP,DALAM KOTA,,,,1,REGULAR,10:07:00,386880,100533,210
260105D038,FBI,5-Jan-2026,PICKUP,A8330VX,Medan,Sumatera Utara,Pertalite,6,Store,11,1.69,3,5,70000,278521,Sumatera,MEDAN,MINI VAN BOX,Internal,SumateraMEDANMINI VAN BOX,DALAM KOTA,,,,1,REGULAR,4:06:00,124354,84167,51
260105C074,HCI,5-Jan-2026,CDELC,BK8871MS,Medan,Sumatera Utara,Solar,8.82,Customer,13,8.31,10,14,75000,461880,Sumatera,MEDAN,CDE,Internal,SumateraMEDANCDE,DALAM KOTA,,,,1,REGULAR,7:24:00,386880,,64
260105C093,HCI,5-Jan-2026,PICKUP,BK8633MS,Binjai,Sumatera Utara,Pertalite,9.3,Customer,3,1.84,3,3,118000,355221,Sumatera,BINJAI,PICKUP,Internal,SumateraBINJAIPICKUP,DALAM KOTA,,,,1,REGULAR,5:18:00,193440,43781,102
260105D042,KLS,5-Jan-2026,CDELC,BK8146LM,Medan,Sumatera Utara,Solar,5.59,Store,1,8.87,10,1,38000,238103,Sumatera,MEDAN,CDE,Internal,SumateraMEDANCDE,DALAM KOTA,,,,1,REGULAR,5:55:00,124354,75749,31
260105C083,HCI,5-Jan-2026,CDELC,BK8112LM,Medan,Sumatera Utara,Solar,5.15,Customer,7,6.55,10,1,35000,303987,Sumatera,MEDAN,CDE,Internal,SumateraMEDANCDE,DALAM KOTA,,,,1,REGULAR,3:40:00,193440,75547,33
260105C076,HCI,5-Jan-2026,CDELC,BK8146LM,Medan,Sumatera Utara,Solar,16.18,Customer,16,8.87,10,14,116000,385189,Sumatera,MEDAN,CDE,Internal,SumateraMEDANCDE,DALAM KOTA,,,,1,REGULAR,8:59:00,193440,75749,101
260105C064,HCI,5-Jan-2026,CDELC,BK8646MS,Medan,Sumatera Utara,Solar,11.76,Customer,18,5.91,10,15,80000,759247,Sumatera,MEDAN,CDE,Internal,SumateraMEDANCDE,DALAM KOTA,,,,1,REGULAR,7:15:00,386880,292367,76
260105C086,HCI,5-Jan-2026,CDELC,BK8074MQ,Medan,Sumatera Utara,Solar,11.76,Customer,8,6.44,10,5,89000,485103,Sumatera,MEDAN,CDE,Internal,SumateraMEDANCDE,DALAM KOTA,,,,1,REGULAR,7:03:00,290160,105943,96
260105D012,AHI,5-Jan-2026,CDELC,BK8099LM,Medan,Sumatera Utara,Solar,4.41,Store,76,10.0,10,1,45000,326490,Sumatera,MEDAN,CDE,Internal,SumateraMEDANCDE,DALAM KOTA,,,,1,REGULAR,1:58:00,193440,88050,31
260105C075,HCI,5-Jan-2026,CDELC,BK8135LM,Medan,Sumatera Utara,Solar,5.59,Customer,7,10.0,10,7,60500,232969,Sumatera,MEDAN,CDE,Internal,SumateraMEDANCDE,DALAM KOTA,,,,1,REGULAR,4:09:00,96720,75749,45
260105C061,HCI,5-Jan-2026,CDELC,BK8804MH,Medan,Sumatera Utara,Solar,13.97,Customer,23,8.57,10,13,104500,681968,Sumatera,MEDAN,CDE,Internal,SumateraMEDANCDE,DALAM KOTA,,,,1,REGULAR,10:42:00,386880,190588,94
260105C080,HCI,5-Jan-2026,CDELC,BK8192MQ,Pematangsiantar,Sumatera Utara,Solar,49.56,Customer,4,9.05,10,3,718500,1317265,Sumatera,PEMATANGSIANTAR,CDE,Internal,SumateraPEMATANGSIANTARCDE,LUAR KOTA,1300000,17265,1.33%,1,REGULAR,9:17:00,386880,211885,419
260105C066,HCI,5-Jan-2026,CDELC,BK8299MH,Binjai,Sumatera Utara,Solar,19.85,Customer,11,8.08,10,9,202000,740377,Sumatera,BINJAI,CDE,Internal,SumateraBINJAICDE,DALAM KOTA,,,,1,REGULAR,9:04:00,386880,151497,147
260105C060,HCI,5-Jan-2026,CDELC,BK8803MH,Medan,Sumatera Utara,Solar,9.12,Customer,21,8.41,10,14,62000,639468,Sumatera,MEDAN,CDE,Internal,SumateraMEDANCDE,DALAM KOTA,,,,1,REGULAR,6:57:00,386880,190588,62
260105D013,AHI,5-Jan-2026,CDELC,BK8022LM,Medan,Sumatera Utara,Solar,6.91,Store,99,9.5,10,3,65500,410034,Sumatera,MEDAN,CDE,Internal,SumateraMEDANCDE,DALAM KOTA,,,,1,REGULAR,10:53:00,193440,151094,44
260105C069,HCI,5-Jan-2026,CDELC,BK8031LM,Medan,Sumatera Utara,Solar,17.65,Customer,14,7.12,10,14,134000,671974,Sumatera,MEDAN,CDE,Internal,SumateraMEDANCDE,DALAM KOTA,,,,1,REGULAR,11:37:00,386880,151094,134
260105C081,HCI,5-Jan-2026,PICKUP,BK8633MS,Medan,Sumatera Utara,Pertalite,10.3,Customer,5,7.82,10,4,157000,394221,Sumatera,MEDAN,PICKUP,Internal,SumateraMEDANPICKUP,DALAM KOTA,,,,1,REGULAR,7:27:00,193440,43781,112
260105C062,HCI,5-Jan-2026,CDELC,BK8806MH,Medan,Sumatera Utara,Solar,6.62,Customer,9,8.29,10,8,45000,333734,Sumatera,MEDAN,CDE,Internal,SumateraMEDANCDE,DALAM KOTA,,,,1,REGULAR,5:11:00,193440,95294,48
260105D015,AHI,5-Jan-2026,CDELC,BK8075MQ,Medan,Sumatera Utara,Solar,5.15,Store,53,8.39,10,1,50000,252663,Sumatera,MEDAN,CDE,Internal,SumateraMEDANCDE,DALAM KOTA,,,,1,REGULAR,5:13:00,96720,105943,34
260105D032,HCI,5-Jan-2026,CDELC,BK8813MG,Medan,Sumatera Utara,Solar,6.62,Store,34,10.0,10,2,85000,454068,Sumatera,MEDAN,CDE,Internal,SumateraMEDANCDE,DALAM KOTA,,,,1,REGULAR,9:31:00,221074,147994,41
260105C071,HCI,5-Jan-2026,CDELC,BK8805MH,Medan,Sumatera Utara,Solar,7.35,Customer,11,10.0,10,10,55000,440454,Sumatera,MEDAN,CDE,Internal,SumateraMEDANCDE,DALAM KOTA,,,,1,REGULAR,3:36:00,290160,95294,44
260105C063,HCI,5-Jan-2026,CDELC,BK8807MH,Medan,Sumatera Utara,Solar,12.21,Customer,15,8.33,10,14,90000,667468,Sumatera,MEDAN,CDE,Internal,SumateraMEDANCDE,DALAM KOTA,,,,1,REGULAR,9:30:00,386880,190588,80
260105C077,HCI,5-Jan-2026,CDELC,BK8009MI,Deli Serdang,Sumatera Utara,Solar,10.88,Customer,7,7.3,10,5,74000,343189,Sumatera,DELI SERDANG,CDE,Internal,SumateraDELI SERDANGCDE,DALAM KOTA,,,,1,REGULAR,9:35:00,193440,75749,82
260105C072,HCI,5-Jan-2026,CDELC,BK8806MH,Medan,Sumatera Utara,Solar,7.35,Customer,16,10.0,10,12,75000,363734,Sumatera,MEDAN,CDE,Internal,SumateraMEDANCDE,DALAM KOTA,,,,1,REGULAR,5:56:00,193440,95294,47
260105C090,HCI,5-Jan-2026,CDELC,BK8009MI,Medan,Sumatera Utara,Solar,8.09,Customer,9,6.9,10,7,59500,328689,Sumatera,MEDAN,CDE,Internal,SumateraMEDANCDE,DALAM KOTA,,,,1,REGULAR,8:47:00,193440,75749,54
260105C065,HCI,5-Jan-2026,CDELC,BK8099LM,Medan,Sumatera Utara,Solar,13.97,Customer,25,10.0,10,21,110000,488210,Sumatera,MEDAN,CDE,Internal,SumateraMEDANCDE,DALAM KOTA,,,,1,REGULAR,12:00:00,290160,88050,94
260105D035,AHI,5-Jan-2026,CDELC,BK8172LM,Medan,Sumatera Utara,Solar,4.41,Store,2,9.01,10,1,30000,402571,Sumatera,MEDAN,CDE,Internal,SumateraMEDANCDE,DALAM KOTA,,,,1,REGULAR,7:53:00,221074,151497,29
260105C058,HCI,5-Jan-2026,CDELC,BK8047MQ,Medan,Sumatera Utara,Solar,11.76,Customer,18,10.0,10,14,99500,698265,Sumatera,MEDAN,CDE,Internal,SumateraMEDANCDE,DALAM KOTA,,,,1,REGULAR,8:59:00,386880,211885,90
260105C084,HCI,5-Jan-2026,CDELC,BK8073MQ,Medan,Sumatera Utara,Solar,6.32,Customer,6,5.56,10,4,43000,351605,Sumatera,MEDAN,CDE,Internal,SumateraMEDANCDE,DALAM KOTA,,,,1,REGULAR,5:47:00,96720,211885,45
260106C081,HCI,6-Jan-2026,CDELC,BK8803MH,Medan,Sumatera Utara,Solar,5.15,Customer,1,5.39,10,1,35000,323734,Sumatera,MEDAN,CDE,Internal,SumateraMEDANCDE,DALAM KOTA,,,,1,REGULAR,9:13:00,193440,95294,35
260106C067,HCI,6-Jan-2026,CDELC,BK8804MH,Medan,Sumatera Utara,Solar,15.74,Customer,16,8.42,10,13,142500,719968,Sumatera,MEDAN,CDE,Internal,SumateraMEDANCDE,DALAM KOTA,,,,1,REGULAR,11:02:00,386880,190588,110
260106C076,HCI,6-Jan-2026,CDELC,BK8146LM,Medan,Sumatera Utara,Solar,14.71,Customer,13,5.9,10,12,100000,638377,Sumatera,MEDAN,CDE,Internal,SumateraMEDANCDE,DALAM KOTA,,,,1,REGULAR,9:24:00,386880,151497,108
260106C068,HCI,6-Jan-2026,CDELC,BK8806MH,Medan,Sumatera Utara,Solar,13.24,Customer,12,4.35,10,11,90000,378734,Sumatera,MEDAN,CDE,Internal,SumateraMEDANCDE,DALAM KOTA,,,,1,REGULAR,5:21:00,193440,95294,96
260106H010,HCI,6-Jan-2026,CDELC,BK8807MH,Pematangsiantar,Sumatera Utara,Solar,33.82,HUB,19,8.97,10,2,446000,868716,Sumatera,PEMATANGSIANTAR,CDE,Internal,SumateraPEMATANGSIANTARCDE,LUAR KOTA,1300000,-431284,-33.18%,1,REGULAR,9:26:00,232128,190588,244
260106C080,HCI,6-Jan-2026,CDELC,BK8806MH,Medan,Sumatera Utara,Solar,4.41,Customer,5,6.77,10,3,40000,328734,Sumatera,MEDAN,CDE,Internal,SumateraMEDANCDE,DALAM KOTA,,,,1,REGULAR,8:27:00,193440,95294,36
260106C065,HCI,6-Jan-2026,CDELC,BK8191MQ,Binjai,Sumatera Utara,Solar,17.65,Customer,11,7.93,10,6,184500,783265,Sumatera,BINJAI,CDE,Internal,SumateraBINJAICDE,DALAM KOTA,,,,1,REGULAR,8:07:00,386880,211885,152
260106C075,HCI,6-Jan-2026,CDELC,BK8099LM,Medan,Sumatera Utara,Solar,8.82,Customer,10,3.4,10,9,60000,429540,Sumatera,MEDAN,CDE,Internal,SumateraMEDANCDE,DALAM KOTA,,,,1,REGULAR,6:18:00,193440,176100,59
260106D022,FBI,6-Jan-2026,PICKUP,BK8136LM,Medan,Sumatera Utara,Pertalite,5.7,Store,12,1.74,3,4,71000,294603,Sumatera,MEDAN,MINI VAN BOX,Internal,SumateraMEDANMINI VAN BOX,DALAM KOTA,,,,1,REGULAR,4:43:00,135408,88195,65
260106C069,HCI,6-Jan-2026,CDELC,BK8309MS,Medan,Sumatera Utara,Solar,21.47,Customer,8,3.32,10,10,150000,822513,Sumatera,MEDAN,CDE,Internal,SumateraMEDANCDE,DALAM KOTA,,,,1,REGULAR,10:04:00,386880,285633,115
260106D021,AHI,6-Jan-2026,PICKUP,BK8696MS,Medan,Sumatera Utara,Pertalite,3.2,Store,10,1.44,3,1,37000,280707,Sumatera,MEDAN,PICKUP,Internal,SumateraMEDANPICKUP,DALAM KOTA,,,,1,REGULAR,2:24:00,193440,50267,30
260106C074,HCI,6-Jan-2026,CDELC,BK8031LM,Medan,Sumatera Utara,Solar,8.53,Customer,18,8.53,10,13,81000,618974,Sumatera,MEDAN,CDE,Internal,SumateraMEDANCDE,DALAM KOTA,,,,1,REGULAR,5:12:00,386880,151094,74
260106C098,HCI,6-Jan-2026,CDELC,BK8141LM,Medan,Sumatera Utara,Solar,8.09,Customer,3,9.0,10,3,55000,592974,Sumatera,MEDAN,CDE,Internal,SumateraMEDANCDE,DALAM KOTA,,,,1,REGULAR,8:40:00,386880,151094,53
260106C059,HCI,6-Jan-2026,CDELC,BK8172LM,Medan,Sumatera Utara,Solar,12.94,Customer,25,8.22,10,17,110000,648377,Sumatera,MEDAN,CDE,Internal,SumateraMEDANCDE,DALAM KOTA,,,,1,REGULAR,8:53:00,386880,151497,77
260106C079,HCI,6-Jan-2026,CDELC,BK8022LM,Medan,Sumatera Utara,Solar,10.44,Customer,16,10.0,10,7,80000,445707,Sumatera,MEDAN,CDE,Internal,SumateraMEDANCDE,DALAM KOTA,,,,1,REGULAR,6:15:00,290160,75547,72
260106C073,HCI,6-Jan-2026,CDELC,BK8805MH,Medan,Sumatera Utara,Solar,6.18,Customer,11,8.44,10,8,50500,434528,Sumatera,MEDAN,CDE,Internal,SumateraMEDANCDE,DALAM KOTA,,,,1,REGULAR,7:11:00,193440,190588,43
260106C060,HCI,6-Jan-2026,CDELC,BK8646MS,Medan,Sumatera Utara,Solar,17.35,Customer,33,10.0,10,18,221500,900747,Sumatera,MEDAN,CDE,Internal,SumateraMEDANCDE,DALAM KOTA,,,,1,REGULAR,10:52:00,386880,292367,109
260106C062,HCI,6-Jan-2026,CDELC,BK8022LM,Medan,Sumatera Utara,Solar,7.35,Customer,24,4.97,10,9,60000,425707,Sumatera,MEDAN,CDE,Internal,SumateraMEDANCDE,DALAM KOTA,,,,1,REGULAR,6:10:00,290160,75547,49
260106D017,HCI,6-Jan-2026,CDELC,BK8647MS,Medan,Sumatera Utara,Solar,5.88,Store,47,9.12,10,3,55000,394623,Sumatera,MEDAN,CDE,Internal,SumateraMEDANCDE,DALAM KOTA,,,,1,REGULAR,3:12:00,193440,146183,37
260106C084,HCI,6-Jan-2026,CDELC,BK8112LM,Medan,Sumatera Utara,Solar,8.09,Customer,3,8.82,10,3,64000,332987,Sumatera,MEDAN,CDE,Internal,SumateraMEDANCDE,DALAM KOTA,,,,1,REGULAR,7:58:00,193440,75547,89
260106C064,HCI,6-Jan-2026,CDELC,BK8299MH,Medan,Sumatera Utara,Solar,16.91,Customer,12,3.6,10,12,133500,671877,Sumatera,MEDAN,CDE,Internal,SumateraMEDANCDE,DALAM KOTA,,,,1,REGULAR,9:47:00,386880,151497,115
260106C070,HCI,6-Jan-2026,CDELC,BK8192MQ,Medan,Sumatera Utara,Solar,4.41,Customer,3,6.58,10,1,30000,232663,Sumatera,MEDAN,CDE,Internal,SumateraMEDANCDE,DALAM KOTA,,,,1,REGULAR,6:42:00,96720,105943,42
260106C078,HCI,6-Jan-2026,CDELC,BK8647MS,Medan,Sumatera Utara,Solar,9.71,Customer,4,9.73,10,2,66000,502343,Sumatera,MEDAN,CDE,Internal,SumateraMEDANCDE,DALAM KOTA,,,,1,REGULAR,3:17:00,290160,146183,57
260106C086,HCI,6-Jan-2026,CDELC,BK8192MQ,Medan,Sumatera Utara,Solar,4.41,Customer,3,8.31,10,1,37500,433603,Sumatera,MEDAN,CDE,Internal,SumateraMEDANCDE,DALAM KOTA,,,,1,REGULAR,4:53:00,290160,105943,35
260106C082,HCI,6-Jan-2026,PICKUP,BK8633MS,Medan,Sumatera Utara,Pertalite,15,Customer,8,3.0,3,7,203000,677441,Sumatera,MEDAN,PICKUP,Internal,SumateraMEDANPICKUP,DALAM KOTA,,,,1,REGULAR,11:42:00,386880,87561,154
260106C071,HCI,6-Jan-2026,CDELC,BK8075MQ,Medan,Sumatera Utara,Solar,11.76,Customer,12,5.38,10,10,110500,419105,Sumatera,MEDAN,CDE,Internal,SumateraMEDANCDE,DALAM KOTA,,,,1,REGULAR,6:09:00,96720,211885,52
260106C092,HCI,6-Jan-2026,CDELC,BK8112LM,Medan,Sumatera Utara,Solar,5.15,Customer,11,9.53,10,8,35000,303987,Sumatera,MEDAN,CDE,Internal,SumateraMEDANCDE,DALAM KOTA,,,,1,REGULAR,1:56:00,193440,75547,33
260106D015,AHI,6-Jan-2026,FUSO,BK8815MG,Medan,Sumatera Utara,Solar,11.76,Store,173,29.04,34,1,255000,705678,Sumatera,MEDAN,FUSO,Internal,SumateraMEDANFUSO,DALAM KOTA,,,,1,REGULAR,3:37:00,96720,353958,49
260106C061,HCI,6-Jan-2026,CDELC,BK8803MH,Medan,Sumatera Utara,Solar,7.35,Customer,13,8.63,10,8,75000,363734,Sumatera,MEDAN,CDE,Internal,SumateraMEDANCDE,DALAM KOTA,,,,1,REGULAR,6:21:00,193440,95294,47
260106C072,HCI,6-Jan-2026,CDELC,BK8135LM,Medan,Sumatera Utara,Solar,12.5,Customer,13,8.23,10,9,110500,648877,Sumatera,MEDAN,CDE,Internal,SumateraMEDANCDE,DALAM KOTA,,,,1,REGULAR,9:57:00,386880,151497,93
260106C085,HCI,6-Jan-2026,CDELC,BK8047MQ,Medan,Sumatera Utara,Solar,9.12,Customer,27,7.95,10,13,72000,670765,Sumatera,MEDAN,CDE,Internal,SumateraMEDANCDE,DALAM KOTA,,,,1,REGULAR,8:44:00,386880,211885,61
260106C083,HCI,6-Jan-2026,PICKUP,BK8696MS,Medan,Sumatera Utara,Pertalite,9.3,Customer,3,3.0,3,3,110000,547147,Sumatera,MEDAN,PICKUP,Internal,SumateraMEDANPICKUP,DALAM KOTA,,,,1,REGULAR,8:03:00,386880,50267,106
260106C063,HCI,6-Jan-2026,CDELC,BK8009MI,Medan,Sumatera Utara,Solar,13.97,Customer,24,5.43,10,12,110500,648877,Sumatera,MEDAN,CDE,Internal,SumateraMEDANCDE,DALAM KOTA,,,,1,REGULAR,8:03:00,386880,151497,112
260106L030,HCI,6-Jan-2026,CDELC,BK8074MQ,Pematangsiantar,Sumatera Utara,Solar,34.56,Store,1,9.5,10,1,451000,895013,Sumatera,PEMATANGSIANTAR,CDE,Internal,SumateraPEMATANGSIANTARCDE,LUAR KOTA,1300000,-404987,-31.15%,1,REGULAR,9:20:00,232128,211885,244
260106D020,HCI,6-Jan-2026,CDELC,BK8813MG,Medan,Sumatera Utara,Solar,8.68,Store,29,8.83,10,2,84000,425434,Sumatera,MEDAN,CDE,Internal,SumateraMEDANCDE,DALAM KOTA,,,,1,REGULAR,9:18:00,193440,147994,52
260106D023,FBI,6-Jan-2026,PICKUP,A8330VX,Medan,Sumatera Utara,Pertalite,2.6,Store,9,1.72,3,4,31000,347295,Sumatera,MEDAN,MINI VAN BOX,Internal,SumateraMEDANMINI VAN BOX,DALAM KOTA,,,,1,REGULAR,4:24:00,232128,84167,34
260106C066,HCI,6-Jan-2026,CDELC,BK8871MS,Medan,Sumatera Utara,Solar,12.65,Customer,7,4.02,10,6,111000,304440,Sumatera,MEDAN,CDE,Internal,SumateraMEDANCDE,DALAM KOTA,,,,1,REGULAR,5:46:00,193440,,88
260106D029,HCI,6-Jan-2026,CDELC,BK8073MQ,Medan,Sumatera Utara,Solar,4.41,Store,1,9.8,10,1,30000,271351,Sumatera,MEDAN,CDE,Internal,SumateraMEDANCDE,DALAM KOTA,,,,1,REGULAR,3:38:00,135408,105943,31
260106C077,HCI,6-Jan-2026,CDELC,BK8073MQ,Deli Serdang,Sumatera Utara,Solar,5.59,Customer,5,6.98,10,5,53000,449103,Sumatera,DELI SERDANG,CDE,Internal,SumateraDELI SERDANGCDE,DALAM KOTA,,,,1,REGULAR,4:08:00,290160,105943,60
260107C069,HCI,7-Jan-2026,CDELC,BK8022LM,Deli Serdang,Sumatera Utara,Solar,21.03,Customer,13,8.09,10,9,252000,789974,Sumatera,DELI SERDANG,CDE,Internal,SumateraDELI SERDANGCDE,DALAM KOTA,,,,1,REGULAR,10:27:00,386880,151094,184
260107C054,HCI,7-Jan-2026,CDELC,BK8099LM,Medan,Sumatera Utara,Solar,5.15,Customer,12,3.93,10,6,35000,316490,Sumatera,MEDAN,CDE,Internal,SumateraMEDANCDE,DALAM KOTA,,,,1,REGULAR,3:52:00,193440,88050,40
260107C063,HCI,7-Jan-2026,CDELC,BK8803MH,Medan,Sumatera Utara,Solar,9.56,Customer,16,6.06,10,8,78500,655968,Sumatera,MEDAN,CDE,Internal,SumateraMEDANCDE,DALAM KOTA,,,,1,REGULAR,9:11:00,386880,190588,67
260107C060,HCI,7-Jan-2026,CDELC,BK8647MS,Medan,Sumatera Utara,Solar,14.41,Customer,17,7.77,10,12,118500,797747,Sumatera,MEDAN,CDE,Internal,SumateraMEDANCDE,DALAM KOTA,,,,1,REGULAR,9:46:00,386880,292367,90
260107C067,HCI,7-Jan-2026,CDELC,BK8172LM,Medan,Sumatera Utara,Solar,16.18,Customer,15,5.98,10,13,129000,667377,Sumatera,MEDAN,CDE,Internal,SumateraMEDANCDE,DALAM KOTA,,,,1,REGULAR,8:41:00,386880,151497,105
260107C081,HCI,7-Jan-2026,CDELC,BK8074MQ,Medan,Sumatera Utara,Solar,5.88,Customer,11,7.88,10,1,40000,436103,Sumatera,MEDAN,CDE,Internal,SumateraMEDANCDE,DALAM KOTA,,,,1,REGULAR,3:15:00,290160,105943,44
260107C051,HCI,7-Jan-2026,CDELC,BK8805MH,Medan,Sumatera Utara,Solar,18.38,Customer,19,6.11,10,13,143500,720968,Sumatera,MEDAN,CDE,Internal,SumateraMEDANCDE,DALAM KOTA,,,,1,REGULAR,9:03:00,386880,190588,121
260107C059,HCI,7-Jan-2026,CDELC,BK8807MH,Medan,Sumatera Utara,Solar,19.12,Customer,16,10.0,10,15,180000,757468,Sumatera,MEDAN,CDE,Internal,SumateraMEDANCDE,DALAM KOTA,,,,1,REGULAR,9:57:00,386880,190588,137
260107D023,FBI,7-Jan-2026,PICKUP,A8330VX,Medan,Sumatera Utara,Pertalite,5,Store,9,1.65,3,4,59000,278575,Sumatera,MEDAN,MINI VAN BOX,Internal,SumateraMEDANMINI VAN BOX,DALAM KOTA,,,,1,REGULAR,3:58:00,135408,84167,46
260107C082,HCI,7-Jan-2026,CDELC,BK8871MS,Medan,Sumatera Utara,Solar,7.35,Customer,4,2.75,11,4,50000,243440,Sumatera,MEDAN,CDE LONG CHASSIS,Internal,SumateraMEDANCDE LONG CHASSIS,DALAM KOTA,,,,1,REGULAR,3:44:00,193440,,43
260107C071,HCI,7-Jan-2026,PICKUP,BK8633MS,Medan,Sumatera Utara,Pertalite,12,Customer,6,3.0,3,6,155500,629941,Sumatera,MEDAN,PICKUP,Internal,SumateraMEDANPICKUP,DALAM KOTA,,,,1,REGULAR,10:55:00,386880,87561,126
260107D019,AHI,7-Jan-2026,CDELC,BK8191MQ,Medan,Sumatera Utara,Solar,7.06,Store,100,9.39,10,2,73000,478325,Sumatera,MEDAN,CDE,Internal,SumateraMEDANCDE,DALAM KOTA,,,,1,REGULAR,9:58:00,193440,211885,44
260107C068,HCI,7-Jan-2026,CDELC,BK8075MQ,Medan,Sumatera Utara,Solar,8.82,Customer,10,9.26,10,10,80500,679265,Sumatera,MEDAN,CDE,Internal,SumateraMEDANCDE,DALAM KOTA,,,,1,REGULAR,8:14:00,386880,211885,73
260107C066,HCI,7-Jan-2026,CDELC,BK8099LM,Medan,Sumatera Utara,Solar,5.88,Customer,8,2.93,10,8,45000,326490,Sumatera,MEDAN,CDE,Internal,SumateraMEDANCDE,DALAM KOTA,,,,1,REGULAR,8:23:00,193440,88050,42
260107L029,AHI,7-Jan-2026,CDELC,BK8192MQ,Pematangsiantar,Sumatera Utara,Solar,30.88,Store,25,8.58,10,1,426000,773293,Sumatera,PEMATANGSIANTAR,CDE,Internal,SumateraPEMATANGSIANTARCDE,LUAR KOTA,1300000,-526707,-40.52%,1,REGULAR,5:58:00,135408,211885,241
260107D017,AHI,7-Jan-2026,CDELC,BK8009MI,Medan,Sumatera Utara,Solar,5.88,Store,54,8.71,10,1,50000,394937,Sumatera,MEDAN,CDE,Internal,SumateraMEDANCDE,DALAM KOTA,,,,1,REGULAR,4:19:00,193440,151497,36
260107C058,HCI,7-Jan-2026,CDELC,BK8299MH,Medan,Sumatera Utara,Solar,14.26,Customer,4,0.96,10.0,6,127500,299969,Sumatera,MEDAN,CDE,Internal,SumateraMEDANCDE,DALAM KOTA,,,,1,REGULAR,8:32:00,96720,75749,107
260107D024,FBI,7-Jan-2026,PICKUP,BK8136LM,Medan,Sumatera Utara,Pertalite,8,Store,4,1.35,3,3,116500,392726,Sumatera,MEDAN,MINI VAN BOX,Internal,SumateraMEDANMINI VAN BOX,DALAM KOTA,,,,1,REGULAR,4:52:00,232128,44098,94
260107D021,HCI,7-Jan-2026,CDELC,BK8299MH,Medan,Sumatera Utara,Solar,3.53,Store,16,8.73,10,1,33500,205969,Sumatera,MEDAN,CDE,Internal,SumateraMEDANCDE,DALAM KOTA,,,,1,REGULAR,2:01:00,96720,75749,42
260107C074,HCI,7-Jan-2026,CDELC,BK8806MH,Medan,Sumatera Utara,Solar,5.15,Customer,1,4.34,10,1,35000,515748,Sumatera,MEDAN,CDE,Internal,SumateraMEDANCDE,DALAM KOTA,,,,1,REGULAR,7:02:00,290160,190588,36
260107C101,HCI,7-Jan-2026,PICKUP,BK8136LM,Medan,Sumatera Utara,Pertalite,5.15,Customer,1,3.0,3,1,35000,311226,Sumatera,MEDAN,PICKUP,Internal,SumateraMEDANPICKUP,DALAM KOTA,,,,1,REGULAR,8:30:00,232128,44098,38
260107C055,HCI,7-Jan-2026,CDELC,BK8073MQ,Medan,Sumatera Utara,Solar,10,Customer,17,7.05,10,12,83000,681765,Sumatera,MEDAN,CDE,Internal,SumateraMEDANCDE,DALAM KOTA,,,,1,REGULAR,9:36:00,386880,211885,65
260107C053,HCI,7-Jan-2026,CDELC,BK8031LM,Medan,Sumatera Utara,Solar,7.35,Customer,17,4.91,10,10,95000,632974,Sumatera,MEDAN,CDE,Internal,SumateraMEDANCDE,DALAM KOTA,,,,1,REGULAR,11:45:00,386880,151094,47
260107C064,HCI,7-Jan-2026,CDELC,BK8646MS,Medan,Sumatera Utara,Solar,7.35,Customer,12,8.47,10,8,50000,535807,Sumatera,MEDAN,CDE,Internal,SumateraMEDANCDE,DALAM KOTA,,,,1,REGULAR,3:58:00,193440,292367,46
260107C073,HCI,7-Jan-2026,CDELC,BK8804MH,Medan,Sumatera Utara,Solar,4.41,Customer,2,4.94,10,2,30000,318734,Sumatera,MEDAN,CDE,Internal,SumateraMEDANCDE,DALAM KOTA,,,,1,REGULAR,3:08:00,193440,95294,29
260107C056,HCI,7-Jan-2026,CDELC,BK8146LM,Medan,Sumatera Utara,Solar,7.65,Customer,8,7.05,10,8,52000,396937,Sumatera,MEDAN,CDE,Internal,SumateraMEDANCDE,DALAM KOTA,,,,1,REGULAR,7:34:00,193440,151497,40
260107D020,AHI,7-Jan-2026,CDELC,BK8074MQ,Medan,Sumatera Utara,Solar,5.88,Store,44,9.93,10,1,47000,346383,Sumatera,MEDAN,CDE,Internal,SumateraMEDANCDE,DALAM KOTA,,,,1,REGULAR,9:06:00,193440,105943,40
260107C083,HCI,7-Jan-2026,CDELC,BK8141LM,Medan,Sumatera Utara,Solar,13.97,Customer,6,8.53,10,6,126500,664474,Sumatera,MEDAN,CDE,Internal,SumateraMEDANCDE,DALAM KOTA,,,,1,REGULAR,4:54:00,386880,151094,99
260107C061,HCI,7-Jan-2026,CDELC,BK8804MH,Medan,Sumatera Utara,Solar,10,Customer,7,2.51,10,7,100500,389234,Sumatera,MEDAN,CDE,Internal,SumateraMEDANCDE,DALAM KOTA,,,,1,REGULAR,6:35:00,193440,95294,84
260107H007,HCI,7-Jan-2026,CDELC,BK8047MQ,Pematangsiantar,Sumatera Utara,Solar,29.41,HUB,21,9.73,10,2,377000,821013,Sumatera,PEMATANGSIANTAR,CDE,Internal,SumateraPEMATANGSIANTARCDE,LUAR KOTA,1300000,-478987,-36.85%,1,REGULAR,7:50:00,232128,211885,242
260107C062,HCI,7-Jan-2026,CDELC,BK8135LM,Medan,Sumatera Utara,Solar,7.35,Customer,9,3.18,10,8,55000,399937,Sumatera,MEDAN,CDE,Internal,SumateraMEDANCDE,DALAM KOTA,,,,1,REGULAR,5:07:00,193440,151497,48
260107C057,HCI,7-Jan-2026,CDELC,BK8309MS,Karo,Sumatera Utara,Solar,26.76,Customer,11,4.88,10,9,182000,854513,Sumatera,KARO,CDE,Internal,SumateraKAROCDE,DALAM KOTA,,,,1,REGULAR,10:57:00,386880,285633,195
260108D033,AHI,8-Jan-2026,CDELC,BK8009MI,Medan,Sumatera Utara,Solar,6.03,Store,49,8.52,10,1,49000,393937,Sumatera,MEDAN,CDE,Internal,SumateraMEDANCDE,DALAM KOTA,,,,1,REGULAR,7:20:00,193440,151497,41
260108C048,HCI,8-Jan-2026,CDELC,BK8806MH,Medan,Sumatera Utara,Solar,7.35,Customer,18,7.79,10,14,62000,446028,Sumatera,MEDAN,CDE,Internal,SumateraMEDANCDE,DALAM KOTA,,,,1,REGULAR,6:43:00,193440,190588,63
260108D038,AHI,8-Jan-2026,CDELC,BK8192MQ,Medan,Sumatera Utara,Solar,10.29,Store,3,10.0,10,3,79000,516565,Sumatera,MEDAN,CDE,Internal,SumateraMEDANCDE,DALAM KOTA,,,,1,REGULAR,7:16:00,225680,211885,64
260108D040,HCI,8-Jan-2026,CDELC,BK8073MQ,Medan,Sumatera Utara,Solar,3.68,Store,1,9.5,10,1,25000,259903,Sumatera,MEDAN,CDE,Internal,SumateraMEDANCDE,DALAM KOTA,,,,1,REGULAR,7:05:00,128960,105943,26
260108C060,HCI,8-Jan-2026,CDELC,BK8807MH,Medan,Sumatera Utara,Solar,5.15,Customer,9,3.21,10,8,35000,419028,Sumatera,MEDAN,CDE,Internal,SumateraMEDANCDE,DALAM KOTA,,,,1,REGULAR,4:47:00,193440,190588,38
260108D024,AHI,8-Jan-2026,CDELC,BK8172LM,Medan,Sumatera Utara,Solar,2.94,Store,123,10.0,10,1,20000,289189,Sumatera,MEDAN,CDE,Internal,SumateraMEDANCDE,DALAM KOTA,,,,1,REGULAR,1:33:00,193440,75749,22
260108C057,HCI,8-Jan-2026,CDELC,BK8141LM,Binjai,Sumatera Utara,Solar,18.82,Customer,7,2.91,10,9,160000,697974,Sumatera,BINJAI,CDE,Internal,SumateraBINJAICDE,DALAM KOTA,,,,1,REGULAR,8:50:00,386880,151094,136
260108C062,HCI,8-Jan-2026,CDELC,BK8299MH,Medan,Sumatera Utara,Solar,6.62,Customer,11,9.02,10,8,50000,512629,Sumatera,MEDAN,CDE,Internal,SumateraMEDANCDE,DALAM KOTA,,,,1,REGULAR,5:41:00,386880,75749,43
260108C055,HCI,8-Jan-2026,CDELC,BK8146LM,Medan,Sumatera Utara,Solar,12.5,Customer,23,4.16,10,11,109000,647377,Sumatera,MEDAN,CDE,Internal,SumateraMEDANCDE,DALAM KOTA,,,,1,REGULAR,12:01:00,386880,151497,76
260108C054,HCI,8-Jan-2026,CDELC,BK8646MS,Medan,Sumatera Utara,Solar,28.68,Customer,14,8.66,10,9,210000,695807,Sumatera,MEDAN,CDE,Internal,SumateraMEDANCDE,DALAM KOTA,,,,1,REGULAR,5:22:00,193440,292367,177
260108C072,HCI,8-Jan-2026,PICKUP,BK8696MS,Medan,Sumatera Utara,Pertalite,5.8,Customer,2,2.4,3,2,58000,351973,Sumatera,MEDAN,PICKUP,Internal,SumateraMEDANPICKUP,DALAM KOTA,,,,1,REGULAR,5:14:00,193440,100533,52
260108C052,HCI,8-Jan-2026,CDELC,BK8075MQ,Medan,Sumatera Utara,Solar,17.65,Customer,14,8.61,10,14,124000,722765,Sumatera,MEDAN,CDE,Internal,SumateraMEDANCDE,DALAM KOTA,,,,1,REGULAR,9:58:00,386880,211885,114
260108C051,HCI,8-Jan-2026,CDELC,BK8191MQ,Medan,Sumatera Utara,Solar,8.09,Customer,17,5.59,10,9,65000,663765,Sumatera,MEDAN,CDE,Internal,SumateraMEDANCDE,DALAM KOTA,,,,1,REGULAR,8:03:00,386880,211885,54
260108D035,FBI,8-Jan-2026,PICKUP,A8330VX,Medan,Sumatera Utara,Pertalite,3.7,Store,9,1.76,3,3,42000,277523,Sumatera,MEDAN,MINI VAN BOX,Internal,SumateraMEDANMINI VAN BOX,DALAM KOTA,,,,1,REGULAR,6:07:00,193440,42083,39
260108D026,AHI,8-Jan-2026,CDELC,BK8135LM,Medan,Sumatera Utara,Solar,4.41,Store,53,10.0,10,1,30000,299189,Sumatera,MEDAN,CDE,Internal,SumateraMEDANCDE,DALAM KOTA,,,,1,REGULAR,7:52:00,193440,75749,35
260108C030,HCI,8-Jan-2026,PICKUP,A8330VX,Deli Serdang,Sumatera Utara,Pertalite,3.2,Customer,1,0.6,3,1,32000,267523,Sumatera,DELI SERDANG,MINI VAN BOX,Internal,SumateraDELI SERDANGMINI VAN BOX,DALAM KOTA,,,,1,REGULAR,6:43:00,193440,42083,23
260108D029,HCI,8-Jan-2026,CDELC,BK8022LM,Medan,Sumatera Utara,Solar,4.41,Store,44,8.12,10,2,30000,374534,Sumatera,MEDAN,CDE,Internal,SumateraMEDANCDE,DALAM KOTA,,,,1,REGULAR,2:36:00,193440,151094,30
260108D032,HCI,8-Jan-2026,CDELC,BK8031LM,Medan,Sumatera Utara,Solar,5.88,Store,33,10.0,10,2,58500,403034,Sumatera,MEDAN,CDE,Internal,SumateraMEDANCDE,DALAM KOTA,,,,1,REGULAR,3:48:00,193440,151094,46
260108C068,HCI,8-Jan-2026,CDELC,BK8047MQ,Deli Serdang,Sumatera Utara,Solar,25.74,Customer,6,3.69,10,6,312000,514663,Sumatera,DELI SERDANG,CDE,Internal,SumateraDELI SERDANGCDE,DALAM KOTA,,,,1,REGULAR,9:01:00,96720,105943,198
260108D037,AHI,8-Jan-2026,CDELC,BK8299MH,Medan,Sumatera Utara,Solar,4.41,Store,1,8.8,10,1,40000,244709,Sumatera,MEDAN,CDE,Internal,SumateraMEDANCDE,DALAM KOTA,,,,1,REGULAR,2:18:00,128960,75749,30
260108C066,HCI,8-Jan-2026,PICKUP,BK8633MS,Medan,Sumatera Utara,Pertalite,9,Customer,8,2.42,3,5,106000,580441,Sumatera,MEDAN,PICKUP,Internal,SumateraMEDANPICKUP,DALAM KOTA,,,,1,REGULAR,9:55:00,386880,87561,86
260109L027,HCI,8-Jan-2026,CDELC,BK8871MS,Pematangsiantar,Sumatera Utara,Solar,25,Store,18,8.55,11,2,205000,398440,Sumatera,PEMATANGSIANTAR,CDE LONG CHASSIS,Internal,SumateraPEMATANGSIANTARCDE LONG CHASSIS,LUAR KOTA,1400000,-1001560,-71.54%,1,REGULAR,5:46:00,193440,,122
260108C063,HCI,8-Jan-2026,CDELC,BK8805MH,Medan,Sumatera Utara,Solar,8.82,Customer,6,5.18,10,7,74500,458528,Sumatera,MEDAN,CDE,Internal,SumateraMEDANCDE,DALAM KOTA,,,,1,REGULAR,7:19:00,193440,190588,55
260108D025,AHI,8-Jan-2026,CDELC,BK8047MQ,Medan,Sumatera Utara,Solar,4.41,Store,125,8.84,10,1,40000,242663,Sumatera,MEDAN,CDE,Internal,SumateraMEDANCDE,DALAM KOTA,,,,1,REGULAR,8:18:00,96720,105943,32
260108C049,HCI,8-Jan-2026,CDELC,BK8803MH,Medan,Sumatera Utara,Solar,8.82,Customer,37,8.15,10,10,105000,682468,Sumatera,MEDAN,CDE,Internal,SumateraMEDANCDE,DALAM KOTA,,,,1,REGULAR,8:41:00,386880,190588,62
260108L028,AHI,8-Jan-2026,CDELC,BK8309MS,Pematangsiantar,Sumatera Utara,Solar,30.88,Store,26,9.34,10,2,426000,937313,Sumatera,PEMATANGSIANTAR,CDE,Internal,SumateraPEMATANGSIANTARCDE,LUAR KOTA,1300000,-362687,-27.90%,1,REGULAR,8:17:00,225680,285633,239
260108C061,HCI,8-Jan-2026,CDELC,BK8804MH,Medan,Sumatera Utara,Solar,10.29,Customer,14,4.84,10,12,114500,691968,Sumatera,MEDAN,CDE,Internal,SumateraMEDANCDE,DALAM KOTA,,,,1,REGULAR,7:27:00,386880,190588,84
260108D034,FBI,8-Jan-2026,PICKUP,BK8136LM,Medan,Sumatera Utara,Pertalite,9.7,Store,8,1.99,3,4,111000,424875,Sumatera,MEDAN,MINI VAN BOX,Internal,SumateraMEDANMINI VAN BOX,DALAM KOTA,,,,1,REGULAR,8:00:00,225680,88195,99
260108H008,HCI,8-Jan-2026,CDELC,BK8871MS,Pematangsiantar,Sumatera Utara,Solar,29.41,HUB,27,11.0,11,1,413000,638680,Sumatera,PEMATANGSIANTAR,CDE LONG CHASSIS,Internal,SumateraPEMATANGSIANTARCDE LONG CHASSIS,LUAR KOTA,1400000,-761320,-54.38%,1,REGULAR,4:57:00,225680,,226
260108C064,HCI,8-Jan-2026,CDELC,BK8172LM,Medan,Sumatera Utara,Solar,9.12,Customer,5,3.53,10,4,65000,430909,Sumatera,MEDAN,CDE,Internal,SumateraMEDANCDE,DALAM KOTA,,,,1,REGULAR,3:07:00,290160,75749,57
260108C050,HCI,8-Jan-2026,CDELC,BK8135LM,Medan,Sumatera Utara,Solar,7.35,Customer,15,5.32,10,9,55000,420909,Sumatera,MEDAN,CDE,Internal,SumateraMEDANCDE,DALAM KOTA,,,,1,REGULAR,3:04:00,290160,75749,43
260108C058,HCI,8-Jan-2026,CDELC,BK8647MS,Medan,Sumatera Utara,Solar,16.18,Customer,15,10.0,10,11,141000,820247,Sumatera,MEDAN,CDE,Internal,SumateraMEDANCDE,DALAM KOTA,,,,1,REGULAR,8:06:00,386880,292367,109
260108C073,HCI,8-Jan-2026,CDELC,BK8073MQ,Medan,Sumatera Utara,Solar,11.03,Customer,1,6.1,10,1,75000,374383,Sumatera,MEDAN,CDE,Internal,SumateraMEDANCDE,DALAM KOTA,,,,1,REGULAR,7:29:00,193440,105943,62
260108D030,HCI,8-Jan-2026,CDELC,BK8074MQ,Medan,Sumatera Utara,Solar,5.88,Store,20,9.51,10,2,65000,373605,Sumatera,MEDAN,CDE,Internal,SumateraMEDANCDE,DALAM KOTA,,,,1,REGULAR,4:47:00,96720,211885,36
260108C059,HCI,8-Jan-2026,CDELC,BK8099LM,Medan,Sumatera Utara,Solar,18.24,Customer,11,6.24,10,9,128500,594760,Sumatera,MEDAN,CDE,Internal,SumateraMEDANCDE,DALAM KOTA,,,,1,REGULAR,8:01:00,290160,176100,110
260109D027,HCI,9-Jan-2026,CDELC,BK8074MQ,Medan,Sumatera Utara,Solar,5.88,Store,30,8.54,10,2,55000,363605,Sumatera,MEDAN,CDE,Internal,SumateraMEDANCDE,DALAM KOTA,,,,1,REGULAR,3:50:00,96720,211885,35
260109C051,HCI,9-Jan-2026,CDELC,BK8806MH,Medan,Sumatera Utara,Solar,7.35,Customer,16,6.54,10,10,60000,444028,Sumatera,MEDAN,CDE,Internal,SumateraMEDANCDE,DALAM KOTA,,,,1,REGULAR,6:31:00,193440,190588,56
260109D018,HCI,9-Jan-2026,CDELC,BK8192MQ,Medan,Sumatera Utara,Solar,3.68,Store,178,9.72,10,1,25000,227663,Sumatera,MEDAN,CDE,Internal,SumateraMEDANCDE,DALAM KOTA,,,,1,REGULAR,8:01:00,96720,105943,27
260109C064,HCI,9-Jan-2026,CDELC,BK8022LM,Medan,Sumatera Utara,Solar,12.06,Customer,4,3.02,10,4,100000,444534,Sumatera,MEDAN,CDE,Internal,SumateraMEDANCDE,DALAM KOTA,,,,1,REGULAR,5:20:00,193440,151094,82
260109L037,AHI,9-Jan-2026,CDELC,BK8647MS,Pematangsiantar,Sumatera Utara,Solar,35.29,Store,38,8.57,11,4,456000,963300,Sumatera,PEMATANGSIANTAR,CDE LONG CHASSIS,Internal,SumateraPEMATANGSIANTARCDE LONG CHASSIS,LUAR KOTA,1400000,-436700,-31.19%,1,REGULAR,9:41:00,214933,292367,230
260109D029,FBI,9-Jan-2026,PICKUP,A8330VX,Medan,Sumatera Utara,Pertalite,7.7,Store,27,2.02,3,5,96500,395600,Sumatera,MEDAN,MINI VAN BOX,Internal,SumateraMEDANMINI VAN BOX,DALAM KOTA,,,,1,REGULAR,11:45:00,214933,84167,81
260109C049,HCI,9-Jan-2026,CDELC,BK8191MQ,Medan,Sumatera Utara,Solar,9.56,Customer,16,8.11,10,10,74500,673265,Sumatera,MEDAN,CDE,Internal,SumateraMEDANCDE,DALAM KOTA,,,,1,REGULAR,7:41:00,386880,211885,60
260109D035,AHI,9-Jan-2026,CDELC,BK8309MS,Medan,Sumatera Utara,Solar,3.38,Store,31,8.8,10,1,23000,380750,Sumatera,MEDAN,CDE,Internal,SumateraMEDANCDE,DALAM KOTA,,,,1,REGULAR,7:02:00,214933,142817,24
260109C066,HCI,9-Jan-2026,CDELC,BK8009MI,Medan,Sumatera Utara,Solar,12.5,Customer,12,4.83,10,10,113500,479409,Sumatera,MEDAN,CDE,Internal,SumateraMEDANCDE,DALAM KOTA,,,,1,REGULAR,3:29:00,290160,75749,84
260109C055,HCI,9-Jan-2026,CDELC,BK8031LM,Medan,Sumatera Utara,Solar,13.24,Customer,9,4.83,10,8,90000,358987,Sumatera,MEDAN,CDE,Internal,SumateraMEDANCDE,DALAM KOTA,,,,1,REGULAR,5:17:00,193440,75547,90
260109C069,HCI,9-Jan-2026,PICKUP,BK8633MS,Medan,Sumatera Utara,Pertalite,4.5,Customer,13,3.0,3,4,55000,336001,Sumatera,MEDAN,PICKUP,Internal,SumateraMEDANPICKUP,DALAM KOTA,,,,1,REGULAR,4:10:00,193440,87561,41
260109C061,HCI,9-Jan-2026,CDELC,BK8871MS,Medan,Sumatera Utara,Solar,14.71,Customer,15,7.45,10,11,145500,532380,Sumatera,MEDAN,CDE,Internal,SumateraMEDANCDE,DALAM KOTA,,,,1,REGULAR,8:01:00,386880,,140
260109C072,HCI,9-Jan-2026,CDELC,BK8299MH,Medan,Sumatera Utara,Solar,8.53,Customer,5,5.42,10,5,67500,433409,Sumatera,MEDAN,CDE,Internal,SumateraMEDANCDE,DALAM KOTA,,,,1,REGULAR,4:28:00,290160,75749,72
260109C054,HCI,9-Jan-2026,CDELC,BK8803MH,Medan,Sumatera Utara,Solar,12.06,Customer,11,6.77,10,9,82000,659468,Sumatera,MEDAN,CDE,Internal,SumateraMEDANCDE,DALAM KOTA,,,,1,REGULAR,8:15:00,386880,190588,78
260109D033,AHI,9-Jan-2026,CDELC,BK8031LM,Medan,Sumatera Utara,Solar,4.41,Store,33,8.8,10,1,40000,233760,Sumatera,MEDAN,CDE,Internal,SumateraMEDANCDE,DALAM KOTA,,,,1,REGULAR,6:09:00,118213,75547,34
260109L036,HCI,9-Jan-2026,CDELC,BK8073MQ,Pematangsiantar,Sumatera Utara,Solar,26.47,Store,11,10.0,10,2,396000,620156,Sumatera,PEMATANGSIANTAR,CDE,Internal,SumateraPEMATANGSIANTARCDE,LUAR KOTA,1300000,-679844,-52.30%,1,REGULAR,5:15:00,118213,105943,229
260109D017,HCI,9-Jan-2026,CDELC,BK8299MH,Medan,Sumatera Utara,Solar,4.41,Store,66,9.44,10,1,30000,202469,Sumatera,MEDAN,CDE,Internal,SumateraMEDANCDE,DALAM KOTA,,,,1,REGULAR,3:31:00,96720,75749,28
260109D024,HCI,9-Jan-2026,CDELC,BK8141LM,Medan,Sumatera Utara,Solar,3.68,Store,24,8.93,10,1,25000,369534,Sumatera,MEDAN,CDE,Internal,SumateraMEDANCDE,DALAM KOTA,,,,1,REGULAR,5:01:00,193440,151094,25
260109C057,HCI,9-Jan-2026,CDELC,BK8646MS,Medan,Sumatera Utara,Solar,9.56,Customer,18,10.0,10,10,80000,662527,Sumatera,MEDAN,CDE,Internal,SumateraMEDANCDE,DALAM KOTA,,,,1,REGULAR,7:01:00,290160,292367,68
260109C053,HCI,9-Jan-2026,CDELC,BK8146LM,Medan,Sumatera Utara,Solar,12.5,Customer,10,3.09,10,10,85000,623377,Sumatera,MEDAN,CDE,Internal,SumateraMEDANCDE,DALAM KOTA,,,,1,REGULAR,10:45:00,386880,151497,105
260109D021,AHI,9-Jan-2026,CDELC,BK8099LM,Medan,Sumatera Utara,Solar,5,Store,121,9.07,10,1,34000,218770,Sumatera,MEDAN,CDE,Internal,SumateraMEDANCDE,DALAM KOTA,,,,1,REGULAR,2:18:00,96720,88050,30
260109C062,HCI,9-Jan-2026,CDELC,BK8099LM,Medan,Sumatera Utara,Solar,11.76,Customer,17,6.67,10,10,80000,361490,Sumatera,MEDAN,CDE,Internal,SumateraMEDANCDE,DALAM KOTA,,,,1,REGULAR,9:39:00,193440,88050,75
260109C056,HCI,9-Jan-2026,CDELC,BK8172LM,Binjai,Sumatera Utara,Solar,22.06,Customer,13,5.21,10,9,214000,752377,Sumatera,BINJAI,CDE,Internal,SumateraBINJAICDE,DALAM KOTA,,,,1,REGULAR,7:48:00,386880,151497,173
260109C052,HCI,9-Jan-2026,CDELC,BK8807MH,Medan,Sumatera Utara,Solar,10.29,Customer,23,5.47,10,11,75000,459028,Sumatera,MEDAN,CDE,Internal,SumateraMEDANCDE,DALAM KOTA,,,,1,REGULAR,7:27:00,193440,190588,64
260109C059,HCI,9-Jan-2026,CDELC,BK8073MQ,Medan,Sumatera Utara,Solar,3.68,Customer,2,5.79,10,1,36000,432103,Sumatera,MEDAN,CDE,Internal,SumateraMEDANCDE,DALAM KOTA,,,,1,REGULAR,7:23:00,290160,105943,16
260109C071,HCI,9-Jan-2026,CDELC,BK8309MS,Medan,Sumatera Utara,Solar,3.82,Customer,1,9.97,10,1,37000,469977,Sumatera,MEDAN,CDE,Internal,SumateraMEDANCDE,DALAM KOTA,,,,1,REGULAR,6:03:00,290160,142817,27
260109D032,AHI,9-Jan-2026,CDELC,BK8075MQ,Medan,Sumatera Utara,Solar,4.41,Store,28,8.8,10,1,30000,350876,Sumatera,MEDAN,CDE,Internal,SumateraMEDANCDE,DALAM KOTA,,,,1,REGULAR,7:30:00,214933,105943,16
260109D022,AHI,9-Jan-2026,CDELC,BK8009MI,Medan,Sumatera Utara,Solar,5.15,Store,105,9.17,10,1,45000,314189,Sumatera,MEDAN,CDE,Internal,SumateraMEDANCDE,DALAM KOTA,,,,1,REGULAR,1:05:00,193440,75749,120
260109D023,HCI,9-Jan-2026,CDELC,BK8047MQ,Medan,Sumatera Utara,Solar,10.29,Store,11,9.2,10,2,83500,488825,Sumatera,MEDAN,CDE,Internal,SumateraMEDANCDE,DALAM KOTA,,,,1,REGULAR,8:12:00,193440,211885,71
260109C058,HCI,9-Jan-2026,CDELC,BK8075MQ,Medan,Sumatera Utara,Solar,13.24,Customer,18,5.74,10,11,110000,409383,Sumatera,MEDAN,CDE,Internal,SumateraMEDANCDE,DALAM KOTA,,,,1,REGULAR,4:53:00,193440,105943,89
260109D030,HCI,9-Jan-2026,CDELC,BK8804MH,Medan,Sumatera Utara,Solar,5.15,Store,12,9.32,10,1,50000,455521,Sumatera,MEDAN,CDE,Internal,SumateraMEDANCDE,DALAM KOTA,,,,1,REGULAR,4:10:00,214933,190588,33
260109D025,HCI,9-Jan-2026,CDELC,BK8192MQ,Medan,Sumatera Utara,Solar,6.62,Store,23,9.59,10,2,60000,262663,Sumatera,MEDAN,CDE,Internal,SumateraMEDANCDE,DALAM KOTA,,,,1,REGULAR,5:44:00,96720,105943,40
260109C050,HCI,9-Jan-2026,CDELC,BK8805MH,Medan,Sumatera Utara,Solar,11.03,Customer,16,3.31,10,12,115000,692468,Sumatera,MEDAN,CDE,Internal,SumateraMEDANCDE,DALAM KOTA,,,,1,REGULAR,11:06:00,386880,190588,68
260109D028,FBI,9-Jan-2026,PICKUP,BK8136LM,Medan,Sumatera Utara,Pertalite,10,Store,8,1.5,3,4,155000,458128,Sumatera,MEDAN,MINI VAN BOX,Internal,SumateraMEDANMINI VAN BOX,DALAM KOTA,,,,1,REGULAR,6:01:00,214933,88195,111
260109C070,HCI,9-Jan-2026,PICKUP,BK8696MS,Binjai,Sumatera Utara,Pertalite,15.8,Customer,5,3.0,3,4,324000,811413,Sumatera,BINJAI,PICKUP,Internal,SumateraBINJAIPICKUP,DALAM KOTA,,,,1,REGULAR,9:08:00,386880,100533,199
260109D034,AHI,9-Jan-2026,CDELC,BK8135LM,Medan,Sumatera Utara,Solar,4.41,Store,27,9.3,10,1,45000,411430,Sumatera,MEDAN,CDE,Internal,SumateraMEDANCDE,DALAM KOTA,,,,1,REGULAR,9:29:00,214933,151497,35
260110C059,HCI,10-Jan-2026,CDELC,BK8871MS,Medan,Sumatera Utara,Solar,10.29,Customer,17,8.07,10,11,86500,473380,Sumatera,MEDAN,CDE,Internal,SumateraMEDANCDE,DALAM KOTA,,,,1,REGULAR,6:16:00,386880,,65
260110C047,HCI,10-Jan-2026,CDELC,BK8172LM,Medan,Sumatera Utara,Solar,9.85,Customer,6,4.38,10,6,71000,609377,Sumatera,MEDAN,CDE,Internal,SumateraMEDANCDE,DALAM KOTA,,,,1,REGULAR,7:27:00,386880,151497,83
260110C069,HCI,10-Jan-2026,CDELC,BK8047MQ,Medan,Sumatera Utara,Solar,6.62,Customer,7,8.23,10,3,50000,455325,Sumatera,MEDAN,CDE,Internal,SumateraMEDANCDE,DALAM KOTA,,,,1,REGULAR,3:23:00,193440,211885,42
260110C052,HCI,10-Jan-2026,CDELC,BK8807MH,Medan,Sumatera Utara,Solar,10.59,Customer,13,7.02,10,11,87000,664468,Sumatera,MEDAN,CDE,Internal,SumateraMEDANCDE,DALAM KOTA,,,,1,REGULAR,8:42:00,386880,190588,69
260110L025,HCI,10-Jan-2026,CDELC,BK8022LM,Pematangsiantar,Sumatera Utara,Solar,28.53,Store,19,9.82,10,3,410000,696502,Sumatera,PEMATANGSIANTAR,CDE,Internal,SumateraPEMATANGSIANTARCDE,LUAR KOTA,1300000,-603498,-46.42%,1,REGULAR,4:53:00,135408,151094,231
260110C046,HCI,10-Jan-2026,CDELC,BK8806MH,Medan,Sumatera Utara,Solar,8.82,Customer,22,8.93,10,7,70000,454028,Sumatera,MEDAN,CDE,Internal,SumateraMEDANCDE,DALAM KOTA,,,,1,REGULAR,7:39:00,193440,190588,61
260110L028,AHI,10-Jan-2026,CDELC,BK8191MQ,Pematangsiantar,Sumatera Utara,Solar,28.82,Store,97,8.43,10,1,412000,856013,Sumatera,PEMATANGSIANTAR,CDE,Internal,SumateraPEMATANGSIANTARCDE,LUAR KOTA,1300000,-443987,-34.15%,1,REGULAR,9:02:00,232128,211885,237
260110C062,HCI,10-Jan-2026,PICKUP,BK8633MS,Medan,Sumatera Utara,Pertalite,10,Customer,5,3.0,3,6,105000,579441,Sumatera,MEDAN,PICKUP,Internal,SumateraMEDANPICKUP,DALAM KOTA,,,,1,REGULAR,9:48:00,386880,87561,95
260110C070,HCI,10-Jan-2026,CDELC,BK8075MQ,Medan,Sumatera Utara,Solar,5,Customer,4,5.55,10,3,45000,450325,Sumatera,MEDAN,CDE,Internal,SumateraMEDANCDE,DALAM KOTA,,,,1,REGULAR,7:28:00,193440,211885,36
260110C064,HCI,10-Jan-2026,CDELC,BK8804MH,Medan,Sumatera Utara,Solar,6.62,Customer,2,0.51,10,1,54500,438528,Sumatera,MEDAN,CDE,Internal,SumateraMEDANCDE,DALAM KOTA,,,,1,REGULAR,8:36:00,193440,190588,52
260110D017,HCI,10-Jan-2026,CDELC,BK8074MQ,Medan,Sumatera Utara,Solar,4.41,Store,19,8.59,10,3,30000,435325,Sumatera,MEDAN,CDE,Internal,SumateraMEDANCDE,DALAM KOTA,,,,1,REGULAR,1:10:00,193440,211885,36
260110D022,HCI,10-Jan-2026,PICKUP,BK8696MS,Medan,Sumatera Utara,Pertalite,3.1,Store,1,3.0,3,1,41000,323395,Sumatera,MEDAN,PICKUP,Internal,SumateraMEDANPICKUP,DALAM KOTA,,,,1,REGULAR,4:09:00,232128,50267,32
260110C050,HCI,10-Jan-2026,CDELC,BK8647MS,Medan,Sumatera Utara,Solar,8.53,Customer,8,8.3,10,7,61000,546807,Sumatera,MEDAN,CDE,Internal,SumateraMEDANCDE,DALAM KOTA,,,,1,REGULAR,10:15:00,193440,292367,54
260110C056,HCI,10-Jan-2026,CDELC,BK8031LM,Medan,Sumatera Utara,Solar,10.44,Customer,17,5.02,10,14,86500,624474,Sumatera,MEDAN,CDE,Internal,SumateraMEDANCDE,DALAM KOTA,,,,1,REGULAR,7:08:00,386880,151094,81
260110C067,HCI,10-Jan-2026,CDELC,BK8803MH,Medan,Sumatera Utara,Solar,7.79,Customer,6,10.0,10,5,58000,442028,Sumatera,MEDAN,CDE,Internal,SumateraMEDANCDE,DALAM KOTA,,,,1,REGULAR,5:23:00,193440,190588,49
260110D016,HCI,10-Jan-2026,CDELC,BK8192MQ,Medan,Sumatera Utara,Solar,7.35,Store,31,9.24,10,3,88500,493825,Sumatera,MEDAN,CDE,Internal,SumateraMEDANCDE,DALAM KOTA,,,,1,REGULAR,9:23:00,193440,211885,56
260110D019,FBI,10-Jan-2026,PICKUP,BK8136LM,Medan,Sumatera Utara,Pertalite,6.3,Store,3,2.73,3,3,75000,395323,Sumatera,MEDAN,MINI VAN BOX,Internal,SumateraMEDANMINI VAN BOX,DALAM KOTA,,,,1,REGULAR,3:44:00,232128,88195,65
260110D020,FBI,10-Jan-2026,PICKUP,A8330VX,Medan,Sumatera Utara,Pertalite,3.7,Store,4,2.54,3,3,42000,261575,Sumatera,MEDAN,MINI VAN BOX,Internal,SumateraMEDANMINI VAN BOX,DALAM KOTA,,,,1,REGULAR,2:53:00,135408,84167,33
260110C065,HCI,10-Jan-2026,CDELC,BK8299MH,Medan,Sumatera Utara,Solar,5.59,Customer,3,5.05,10,2,38000,307189,Sumatera,MEDAN,CDE,Internal,SumateraMEDANCDE,DALAM KOTA,,,,1,REGULAR,2:53:00,193440,75749,38
260110C054,HCI,10-Jan-2026,CDELC,BK8009MI,Medan,Sumatera Utara,Solar,11.03,Customer,12,6.01,10,10,90000,628377,Sumatera,MEDAN,CDE,Internal,SumateraMEDANCDE,DALAM KOTA,,,,1,REGULAR,7:26:00,386880,151497,74
260110C045,HCI,10-Jan-2026,CDELC,BK8141LM,Medan,Sumatera Utara,Solar,5.88,Customer,15,2.18,10,8,40000,481254,Sumatera,MEDAN,CDE,Internal,SumateraMEDANCDE,DALAM KOTA,,,,1,REGULAR,3:19:00,290160,151094,37
260110C048,HCI,10-Jan-2026,CDELC,BK8135LM,Medan,Sumatera Utara,Solar,14.12,Customer,16,7.03,10,12,96000,634377,Sumatera,MEDAN,CDE,Internal,SumateraMEDANCDE,DALAM KOTA,,,,1,REGULAR,8:40:00,386880,151497,101
260110C058,HCI,10-Jan-2026,CDELC,BK8099LM,Medan,Sumatera Utara,Solar,7.35,Customer,9,7.85,10,8,60000,429540,Sumatera,MEDAN,CDE,Internal,SumateraMEDANCDE,DALAM KOTA,,,,1,REGULAR,10:31:00,193440,176100,50
260110C044,HCI,10-Jan-2026,CDELC,BK8073MQ,Medan,Sumatera Utara,Solar,10.29,Customer,32,6.57,10,14,108000,706765,Sumatera,MEDAN,CDE,Internal,SumateraMEDANCDE,DALAM KOTA,,,,1,REGULAR,8:55:00,386880,211885,60
260110C055,HCI,10-Jan-2026,CDELC,BK8146LM,Medan,Sumatera Utara,Solar,16.18,Customer,13,4.7,10,11,119500,657877,Sumatera,MEDAN,CDE,Internal,SumateraMEDANCDE,DALAM KOTA,,,,1,REGULAR,9:42:00,386880,151497,110
260110C043,HCI,10-Jan-2026,CDELC,BK8309MS,Medan,Sumatera Utara,Solar,8.82,Customer,10,6.63,10,9,75500,554573,Sumatera,MEDAN,CDE,Internal,SumateraMEDANCDE,DALAM KOTA,,,,1,REGULAR,8:54:00,193440,285633,66
260110C051,HCI,10-Jan-2026,CDELC,BK8646MS,Binjai,Sumatera Utara,Solar,19.12,Customer,13,7.33,10,9,199500,878747,Sumatera,BINJAI,CDE,Internal,SumateraBINJAICDE,DALAM KOTA,,,,1,REGULAR,8:19:00,386880,292367,136
260110C057,HCI,10-Jan-2026,CDELC,BK8805MH,Deli Serdang,Sumatera Utara,Solar,14.71,Customer,12,5.25,10,12,109000,686468,Sumatera,DELI SERDANG,CDE,Internal,SumateraDELI SERDANGCDE,DALAM KOTA,,,,1,REGULAR,8:37:00,386880,190588,97
260110C068,HCI,10-Jan-2026,CDELC,BK8299MH,Medan,Sumatera Utara,Solar,6.62,Customer,3,6.82,10,2,60500,426409,Sumatera,MEDAN,CDE,Internal,SumateraMEDANCDE,DALAM KOTA,,,,1,REGULAR,2:09:00,290160,75749,60
260111C046,HCI,11-Jan-2026,CDELC,BK8047MQ,Medan,Sumatera Utara,Solar,9.56,Customer,22,7.51,10,9,65000,663765,Sumatera,MEDAN,CDE,Internal,SumateraMEDANCDE,DALAM KOTA,,,,1,REGULAR,8:03:00,386880,211885,56
260111H006,HCI,11-Jan-2026,CDELC,BK8191MQ,Pematangsiantar,Sumatera Utara,Solar,26.32,HUB,23,6.51,10,2,392000,691383,Sumatera,PEMATANGSIANTAR,CDE,Internal,SumateraPEMATANGSIANTARCDE,LUAR KOTA,1300000,-608618,-46.82%,1,REGULAR,15:34:00,193440,105943,240
260111X001,HCI,11-Jan-2026,CDELC,BK8191MQ,Medan,Sumatera Utara,Solar,7.35,Other Delivery,2,6.1,10,2,70000,466103,Sumatera,MEDAN,CDE,Internal,SumateraMEDANCDE,DALAM KOTA,,,,1,REGULAR,3:44:00,290160,105943,46
260111C057,HCI,11-Jan-2026,CDELC,BK8647MS,Medan,Sumatera Utara,Solar,13.97,Customer,15,10.0,10,8,126000,805247,Sumatera,MEDAN,CDE,Internal,SumateraMEDANCDE,DALAM KOTA,,,,1,REGULAR,7:41:00,386880,292367,89
260111C045,HCI,11-Jan-2026,CDELC,BK8075MQ,Medan,Sumatera Utara,Solar,7.35,Customer,11,3.58,10,6,50000,455325,Sumatera,MEDAN,CDE,Internal,SumateraMEDANCDE,DALAM KOTA,,,,1,REGULAR,3:56:00,193440,211885,47
260111C054,HCI,11-Jan-2026,CDELC,BK8073MQ,Medan,Sumatera Utara,Solar,13.24,Customer,12,8.76,10,10,99000,697765,Sumatera,MEDAN,CDE,Internal,SumateraMEDANCDE,DALAM KOTA,,,,1,REGULAR,10:00:00,386880,211885,95
260111C051,HCI,11-Jan-2026,CDELC,BK8009MI,Medan,Sumatera Utara,Solar,7.35,Customer,9,4.23,10,8,50000,394937,Sumatera,MEDAN,CDE,Internal,SumateraMEDANCDE,DALAM KOTA,,,,1,REGULAR,5:02:00,193440,151497,53
260111C043,HCI,11-Jan-2026,CDELC,BK8871MS,Medan,Sumatera Utara,Solar,7.65,Customer,18,3.0,10,8,87000,473880,Sumatera,MEDAN,CDE,Internal,SumateraMEDANCDE,DALAM KOTA,,,,1,REGULAR,8:32:00,386880,,46
260111C050,HCI,11-Jan-2026,CDELC,BK8172LM,Medan,Sumatera Utara,Solar,10.59,Customer,4,1.84,10,4,81000,425937,Sumatera,MEDAN,CDE,Internal,SumateraMEDANCDE,DALAM KOTA,,,,1,REGULAR,6:01:00,193440,151497,71
260111C052,HCI,11-Jan-2026,CDELC,BK8646MS,Medan,Sumatera Utara,Solar,5.88,Customer,10,5.02,10,7,40000,525807,Sumatera,MEDAN,CDE,Internal,SumateraMEDANCDE,DALAM KOTA,,,,1,REGULAR,5:33:00,193440,292367,37
260111C049,HCI,11-Jan-2026,CDELC,BK8022LM,Medan,Sumatera Utara,Solar,5.88,Customer,5,1.24,10,5,40000,384534,Sumatera,MEDAN,CDE,Internal,SumateraMEDANCDE,DALAM KOTA,,,,1,REGULAR,2:48:00,193440,151094,47
260111C053,HCI,11-Jan-2026,CDELC,BK8804MH,Medan,Sumatera Utara,Solar,11.76,Customer,10,4.28,10,8,83500,467528,Sumatera,MEDAN,CDE,Internal,SumateraMEDANCDE,DALAM KOTA,,,,1,REGULAR,5:12:00,193440,190588,93
260111C044,HCI,11-Jan-2026,CDELC,BK8806MH,Medan,Sumatera Utara,Solar,8.09,Customer,20,9.2,10,8,63000,447028,Sumatera,MEDAN,CDE,Internal,SumateraMEDANCDE,DALAM KOTA,,,,1,REGULAR,5:11:00,193440,190588,72
260111C056,HCI,11-Jan-2026,CDELC,BK8309MS,Binjai,Sumatera Utara,Solar,20.59,Customer,4,4.8,10,2,314500,793573,Sumatera,BINJAI,CDE,Internal,SumateraBINJAICDE,DALAM KOTA,,,,1,REGULAR,5:18:00,193440,285633,186
260111C058,HCI,11-Jan-2026,PICKUP,BK8696MS,Medan,Sumatera Utara,Pertalite,7.8,Customer,10,2.56,3,9,83000,473693,Sumatera,MEDAN,PICKUP,Internal,SumateraMEDANPICKUP,DALAM KOTA,,,,1,REGULAR,8:00:00,290160,100533,79
260111C047,HCI,11-Jan-2026,CDELC,BK8803MH,Medan,Sumatera Utara,Solar,19.85,Customer,7,1.95,10,6,135000,712468,Sumatera,MEDAN,CDE,Internal,SumateraMEDANCDE,DALAM KOTA,,,,1,REGULAR,9:27:00,386880,190588,122
260112C058,HCI,12-Jan-2026,CDELC,BK8022LM,Medan,Sumatera Utara,Solar,12.94,Customer,11,7.0,10,6,100500,638474,Sumatera,MEDAN,CDE,Internal,SumateraMEDANCDE,DALAM KOTA,,,,1,REGULAR,7:50:00,386880,151094,101
260112C059,HCI,12-Jan-2026,CDELC,BK8172LM,Medan,Sumatera Utara,Solar,11.76,Customer,12,6.73,10,10,100500,542157,Sumatera,MEDAN,CDE,Internal,SumateraMEDANCDE,DALAM KOTA,,,,1,REGULAR,8:58:00,290160,151497,92
260112C060,HCI,12-Jan-2026,CDELC,BK8146LM,Binjai,Sumatera Utara,Solar,19.12,Customer,8,6.47,10,7,185000,723377,Sumatera,BINJAI,CDE,Internal,SumateraBINJAICDE,DALAM KOTA,,,,1,REGULAR,8:16:00,386880,151497,156
260112C061,HCI,12-Jan-2026,CDELC,BK8646MS,Medan,Sumatera Utara,Solar,11.03,Customer,7,8.0,10,3,90500,673027,Sumatera,MEDAN,CDE,Internal,SumateraMEDANCDE,DALAM KOTA,,,,1,REGULAR,3:49:00,290160,292367,68
260112C062,HCI,12-Jan-2026,CDELC,BK8031LM,Medan,Sumatera Utara,Solar,13.24,Customer,8,3.7,10,8,120000,388987,Sumatera,MEDAN,CDE,Internal,SumateraMEDANCDE,DALAM KOTA,,,,1,REGULAR,6:22:00,193440,75547,97
260112C063,HCI,12-Jan-2026,CDELC,BK8009MI,Medan,Sumatera Utara,Solar,11.76,Customer,16,5.99,10,10,100000,638377,Sumatera,MEDAN,CDE,Internal,SumateraMEDANCDE,DALAM KOTA,,,,1,REGULAR,7:10:00,386880,151497,60
260112C064,HCI,12-Jan-2026,CDELC,BK8647MS,Medan,Sumatera Utara,Solar,14.71,Customer,12,10.0,10,11,100000,779247,Sumatera,MEDAN,CDE,Internal,SumateraMEDANCDE,DALAM KOTA,,,,1,REGULAR,6:00:00,386880,292367,95
260112C065,HCI,12-Jan-2026,CDELC,BK8099LM,Medan,Sumatera Utara,Solar,8.82,Customer,11,4.21,10,5,60000,438210,Sumatera,MEDAN,CDE,Internal,SumateraMEDANCDE,DALAM KOTA,,,,1,REGULAR,4:03:00,290160,88050,54
260112C066,HCI,12-Jan-2026,CDELC,BK8803MH,Medan,Sumatera Utara,Solar,9.56,Customer,11,2.94,10,9,68000,645468,Sumatera,MEDAN,CDE,Internal,SumateraMEDANCDE,DALAM KOTA,,,,1,REGULAR,6:14:00,386880,190588,67
260112C067,HCI,12-Jan-2026,CDELC,BK8804MH,Medan,Sumatera Utara,Solar,7.35,Customer,6,1.36,10,5,50000,242014,Sumatera,MEDAN,CDE,Internal,SumateraMEDANCDE,DALAM KOTA,,,,1,REGULAR,5:25:00,96720,95294,50
260112C068,HCI,12-Jan-2026,CDELC,BK8299MH,Medan,Sumatera Utara,Solar,5.88,Customer,6,8.33,10,4,57500,423409,Sumatera,MEDAN,CDE,Internal,SumateraMEDANCDE,DALAM KOTA,,,,1,REGULAR,5:45:00,290160,75749,45
260112C069,HCI,12-Jan-2026,CDELC,BK8309MS,Medan,Sumatera Utara,Solar,13.97,Customer,23,8.22,10,15,143000,815513,Sumatera,MEDAN,CDE,Internal,SumateraMEDANCDE,DALAM KOTA,,,,1,REGULAR,11:20:00,386880,285633,91
260112C070,HCI,12-Jan-2026,CDELC,BK8806MH,Medan,Sumatera Utara,Solar,8.09,Customer,9,6.9,10,8,55000,535748,Sumatera,MEDAN,CDE,Internal,SumateraMEDANCDE,DALAM KOTA,,,,1,REGULAR,7:09:00,290160,190588,54
260112C071,HCI,12-Jan-2026,CDELC,BK8871MS,Tebing Tinggi,Sumatera Utara,Solar,28.82,Customer,11,7.81,10,9,322500,709380,Sumatera,TEBING TINGGI,CDE,Internal,SumateraTEBING TINGGICDE,DALAM KOTA,,,,1,REGULAR,7:35:00,386880,,233
260112C072,HCI,12-Jan-2026,CDELC,BK8073MQ,Medan,Sumatera Utara,Solar,13.97,Customer,14,8.03,10,14,110500,709265,Sumatera,MEDAN,CDE,Internal,SumateraMEDANCDE,DALAM KOTA,,,,1,REGULAR,10:08:00,386880,211885,102
260112C075,HCI,12-Jan-2026,PICKUP,BK8696MS,Binjai,Sumatera Utara,Pertalite,11.9,Customer,4,3.0,3,3,162500,649913,Sumatera,BINJAI,PICKUP,Internal,SumateraBINJAIPICKUP,DALAM KOTA,,,,1,REGULAR,10:38:00,386880,100533,128
260112C078,HCI,12-Jan-2026,CDELC,BK8807MH,Medan,Sumatera Utara,Solar,9.56,Customer,26,3.91,10,8,70000,647468,Sumatera,MEDAN,CDE,Internal,SumateraMEDANCDE,DALAM KOTA,,,,1,REGULAR,8:17:00,386880,190588,59
260112C057,HCI,12-Jan-2026,CDELC,BK8191MQ,Medan,Sumatera Utara,Solar,11.76,Customer,25,8.61,10,12,85000,683765,Sumatera,MEDAN,CDE,Internal,SumateraMEDANCDE,DALAM KOTA,,,,1,REGULAR,8:46:00,386880,211885,75
260112C056,HCI,12-Jan-2026,CDELC,BK8047MQ,Medan,Sumatera Utara,Solar,8.82,Customer,15,6.57,10,6,88500,687265,Sumatera,MEDAN,CDE,Internal,SumateraMEDANCDE,DALAM KOTA,,,,1,REGULAR,8:25:00,386880,211885,61
260112C055,HCI,12-Jan-2026,CDELC,BK8141LM,Medan,Sumatera Utara,Solar,11.03,Customer,20,8.96,10,12,133000,670974,Sumatera,MEDAN,CDE,Internal,SumateraMEDANCDE,DALAM KOTA,,,,1,REGULAR,8:40:00,386880,151094,68
260112D024,HCI,12-Jan-2026,CDELC,BK8074MQ,Medan,Sumatera Utara,Solar,6.91,Store,12,8.87,10,4,82000,584045,Sumatera,MEDAN,CDE,Internal,SumateraMEDANCDE,DALAM KOTA,,,,1,REGULAR,8:25:00,290160,211885,42
260112D029,AHI,12-Jan-2026,CDELC,BK8804MH,Medan,Sumatera Utara,Solar,4.78,Store,101,9.51,10,2,37500,229514,Sumatera,MEDAN,CDE,Internal,SumateraMEDANCDE,DALAM KOTA,,,,1,REGULAR,4:17:00,96720,95294,34
260112D031,AHI,12-Jan-2026,CDELC,BK8099LM,Medan,Sumatera Utara,Solar,5.15,Store,91,8.13,10,1,35000,219770,Sumatera,MEDAN,CDE,Internal,SumateraMEDANCDE,DALAM KOTA,,,,1,REGULAR,2:51:00,96720,88050,36
260112D032,AHI,12-Jan-2026,CDELC,BK8299MH,Medan,Sumatera Utara,Solar,5.88,Store,83,9.85,10,1,49000,318189,Sumatera,MEDAN,CDE,Internal,SumateraMEDANCDE,DALAM KOTA,,,,1,REGULAR,2:58:00,193440,75749,42
260112C054,HCI,12-Jan-2026,CDELC,BK8805MH,Medan,Sumatera Utara,Solar,10.59,Customer,17,8.45,10,6,80000,464028,Sumatera,MEDAN,CDE,Internal,SumateraMEDANCDE,DALAM KOTA,,,,1,REGULAR,6:28:00,193440,190588,70
260112C085,HCI,12-Jan-2026,CDELC,BK8192MQ,Medan,Sumatera Utara,Solar,4.41,Customer,2,7.75,10,1,30000,435325,Sumatera,MEDAN,CDE,Internal,SumateraMEDANCDE,DALAM KOTA,,,,1,REGULAR,3:06:00,193440,211885,27
260112H007,HCI,12-Jan-2026,CDELC,BK8075MQ,Pematangsiantar,Sumatera Utara,Solar,31.47,HUB,17,9.73,10,1,430000,835325,Sumatera,PEMATANGSIANTAR,CDE,Internal,SumateraPEMATANGSIANTARCDE,LUAR KOTA,1300000,-464675,-35.74%,1,REGULAR,7:03:00,193440,211885,230
260112L032,HCI,12-Jan-2026,PICKUP,BK8633MS,Medan,Sumatera Utara,Pertalite,7.7,Store,4,2.69,3,3,104500,482221,Sumatera,MEDAN,PICKUP,Internal,SumateraMEDANPICKUP,DALAM KOTA,,,,1,REGULAR,5:42:00,290160,87561,81
260112D023,HCI,12-Jan-2026,CDELC,BK8031LM,Medan,Sumatera Utara,Solar,2.94,Store,22,8.1,10,1,20000,192267,Sumatera,MEDAN,CDE,Internal,SumateraMEDANCDE,DALAM KOTA,,,,1,REGULAR,1:11:00,96720,75547,29
260112D021,KRS,12-Jan-2026,CDELC,BK8135LM,Medan,Sumatera Utara,Solar,12.5,Store,10,8.3,10,1,98000,636377,Sumatera,MEDAN,CDE,Internal,SumateraMEDANCDE,DALAM KOTA,,,,1,REGULAR,6:59:00,386880,151497,98
260112D033,FBI,12-Jan-2026,PICKUP,A8330VX,Medan,Sumatera Utara,Pertalite,5,Store,5,2.61,3,5,64000,438327,Sumatera,MEDAN,MINI VAN BOX,Internal,SumateraMEDANMINI VAN BOX,DALAM KOTA,,,,1,REGULAR,6:18:00,290160,84167,62
260112D034,FBI,12-Jan-2026,PICKUP,BK8136LM,Medan,Sumatera Utara,Pertalite,7.4,Store,6,2.69,3,6,97000,378635,Sumatera,MEDAN,MINI VAN BOX,Internal,SumateraMEDANMINI VAN BOX,DALAM KOTA,,,,1,REGULAR,7:24:00,193440,88195,94
260113C065,HCI,13-Jan-2026,CDELC,BK8009MI,Medan,Sumatera Utara,Solar,5.88,Customer,7,7.56,10,5,40000,405909,Sumatera,MEDAN,CDE,Internal,SumateraMEDANCDE,DALAM KOTA,,,,1,REGULAR,3:25:00,290160,75749,39
260113D025,AHI,13-Jan-2026,CDELC,BK8805MH,Medan,Sumatera Utara,Solar,4.41,Store,112,9.03,10,1,45000,333734,Sumatera,MEDAN,CDE,Internal,SumateraMEDANCDE,DALAM KOTA,,,,1,REGULAR,1:32:00,193440,95294,30
260113C075,HCI,13-Jan-2026,CDELC,BK8075MQ,Medan,Sumatera Utara,Solar,6.62,Customer,20,5.85,10,9,65000,470325,Sumatera,MEDAN,CDE,Internal,SumateraMEDANCDE,DALAM KOTA,,,,1,REGULAR,5:03:00,193440,211885,50
260113C071,HCI,13-Jan-2026,CDELC,BK8805MH,Deli Serdang,Sumatera Utara,Solar,13.97,Customer,3,3.34,10,4,95000,480454,Sumatera,DELI SERDANG,CDE,Internal,SumateraDELI SERDANGCDE,DALAM KOTA,,,,1,REGULAR,30:48:00,290160,95294,106
260113D033,FBI,13-Jan-2026,PICKUP,BK8136LM,Medan,Sumatera Utara,Pertalite,4.1,Store,7,2.69,3,4,46000,263155,Sumatera,MEDAN,MINI VAN BOX,Internal,SumateraMEDANMINI VAN BOX,DALAM KOTA,,,,1,REGULAR,3:29:00,128960,88195,35
260113C061,HCI,13-Jan-2026,CDELC,BK8191MQ,Medan,Sumatera Utara,Solar,10.29,Customer,11,7.27,10,11,85000,683765,Sumatera,MEDAN,CDE,Internal,SumateraMEDANCDE,DALAM KOTA,,,,1,REGULAR,8:36:00,386880,211885,135
260113C078,HCI,13-Jan-2026,CDELC,BK8647MS,Binjai,Sumatera Utara,Solar,7.35,Customer,2,5.03,10,1,50000,389623,Sumatera,BINJAI,CDE,Internal,SumateraBINJAICDE,DALAM KOTA,,,,1,REGULAR,2:12:00,193440,146183,52
260113D029,HCI,13-Jan-2026,CDELC,BK8299MH,Medan,Sumatera Utara,Solar,3.68,Store,30,8.51,10,1,25000,197469,Sumatera,MEDAN,CDE,Internal,SumateraMEDANCDE,DALAM KOTA,,,,1,REGULAR,2:20:00,96720,75749,24
260113C068,HCI,13-Jan-2026,CDELC,BK8647MS,Medan,Sumatera Utara,Solar,10.29,Customer,17,8.92,10,13,78000,514343,Sumatera,MEDAN,CDE,Internal,SumateraMEDANCDE,DALAM KOTA,,,,1,REGULAR,7:12:00,290160,146183,68
260113D031,HCI,13-Jan-2026,CDELC,BK8141LM,Medan,Sumatera Utara,Solar,5.15,Store,30,9.67,10,1,35000,207267,Sumatera,MEDAN,CDE,Internal,SumateraMEDANCDE,DALAM KOTA,,,,1,REGULAR,2:01:00,96720,75547,31
260113H011,HCI,13-Jan-2026,CDELC,BK8047MQ,Pematangsiantar,Sumatera Utara,Solar,39.71,HUB,14,8.56,10,2,478000,915565,Sumatera,PEMATANGSIANTAR,CDE,Internal,SumateraPEMATANGSIANTARCDE,LUAR KOTA,1300000,-384435,-29.57%,1,REGULAR,5:44:00,225680,211885,233
260113D030,HCI,13-Jan-2026,CDELC,BK8074MQ,Medan,Sumatera Utara,Solar,4.41,Store,20,8.17,10,2,45000,450325,Sumatera,MEDAN,CDE,Internal,SumateraMEDANCDE,DALAM KOTA,,,,1,REGULAR,3:29:00,193440,211885,32
260113C067,HCI,13-Jan-2026,CDELC,BK8112LM,Medan,Sumatera Utara,Solar,9.56,Customer,10,2.92,10,10,87000,528254,Sumatera,MEDAN,CDE,Internal,SumateraMEDANCDE,DALAM KOTA,,,,1,REGULAR,6:08:00,290160,151094,69
260113H012,HCI,13-Jan-2026,CDELC,BK8192MQ,Pematangsiantar,Sumatera Utara,Solar,32.65,HUB,1,3.96,10,1,438000,778845,Sumatera,PEMATANGSIANTAR,CDE,Internal,SumateraPEMATANGSIANTARCDE,LUAR KOTA,1300000,-521155,-40.09%,1,REGULAR,6:48:00,128960,211885,233
260113C062,HCI,13-Jan-2026,CDELC,BK8804MH,Medan,Sumatera Utara,Solar,9.12,Customer,10,6.05,10,8,77000,461028,Sumatera,MEDAN,CDE,Internal,SumateraMEDANCDE,DALAM KOTA,,,,1,REGULAR,7:07:00,193440,190588,63
260113C076,HCI,13-Jan-2026,CDELC,BK8871MS,Medan,Sumatera Utara,Solar,9.56,Customer,29,9.91,10,10,70000,360160,Sumatera,MEDAN,CDE,Internal,SumateraMEDANCDE,DALAM KOTA,,,,1,REGULAR,10:17:00,290160,,71
260113D037,AHI,13-Jan-2026,CDELC,BK8099LM,Medan,Sumatera Utara,Solar,5.88,Store,2,8.55,10,2,58500,363560,Sumatera,MEDAN,CDE,Internal,SumateraMEDANCDE,DALAM KOTA,,,,1,REGULAR,4:15:00,128960,176100,22
260113C069,HCI,13-Jan-2026,CDELC,BK8309MS,Medan,Sumatera Utara,Solar,14.71,Customer,16,8.84,10,13,119500,792013,Sumatera,MEDAN,CDE,Internal,SumateraMEDANCDE,DALAM KOTA,,,,1,REGULAR,8:29:00,386880,285633,95
260113D032,HCI,13-Jan-2026,CDELC,BK8009MI,Medan,Sumatera Utara,Solar,4.41,Store,26,8.61,10,1,50000,319189,Sumatera,MEDAN,CDE,Internal,SumateraMEDANCDE,DALAM KOTA,,,,1,REGULAR,3:57:00,193440,75749,31
260113D034,FBI,13-Jan-2026,PICKUP,A8330VX,Medan,Sumatera Utara,Pertalite,6,Store,8,2.74,3,4,71500,242543,Sumatera,MEDAN,MINI VAN BOX,Internal,SumateraMEDANMINI VAN BOX,DALAM KOTA,,,,1,REGULAR,7:07:00,128960,42083,70
260113C059,HCI,13-Jan-2026,CDELC,BK8806MH,Medan,Sumatera Utara,Solar,11.18,Customer,6,2.94,10,7,102000,294014,Sumatera,MEDAN,CDE,Internal,SumateraMEDANCDE,DALAM KOTA,,,,1,REGULAR,5:37:00,96720,95294,94
260113C072,HCI,13-Jan-2026,CDELC,BK8646MS,Medan,Sumatera Utara,Solar,11.18,Customer,15,6.58,10,9,83000,762247,Sumatera,MEDAN,CDE,Internal,SumateraMEDANCDE,DALAM KOTA,,,,1,REGULAR,7:53:00,386880,292367,70
260113C101,HCI,13-Jan-2026,CDELC,A8330VX,Medan,Sumatera Utara,,3.5,Customer,1,3.0,10,1,41000,469963,Sumatera,MEDAN,CDE,Internal,SumateraMEDANCDE,DALAM KOTA,,,,1,REGULAR,9:29:00,386880,42083,30
260113C073,HCI,13-Jan-2026,CDELC,BK8807MH,Medan,Sumatera Utara,Solar,8.53,Customer,26,5.2,10,14,88000,665468,Sumatera,MEDAN,CDE,Internal,SumateraMEDANCDE,DALAM KOTA,,,,1,REGULAR,8:49:00,386880,190588,52
260113C060,HCI,13-Jan-2026,CDELC,BK8073MQ,Binjai,Sumatera Utara,Solar,19.85,Customer,16,9.85,10,12,175000,580325,Sumatera,BINJAI,CDE,Internal,SumateraBINJAICDE,DALAM KOTA,,,,1,REGULAR,7:42:00,193440,211885,127
260113C079,HCI,13-Jan-2026,PICKUP,BK8696MS,Medan,Sumatera Utara,Pertalite,10.6,Customer,5,3.0,3,5,145000,632413,Sumatera,MEDAN,PICKUP,Internal,SumateraMEDANPICKUP,DALAM KOTA,,,,1,REGULAR,9:14:00,386880,100533,111
260113C063,HCI,13-Jan-2026,CDELC,BK8299MH,Medan,Sumatera Utara,Solar,8.09,Customer,8,4.8,10,6,55000,420909,Sumatera,MEDAN,CDE,Internal,SumateraMEDANCDE,DALAM KOTA,,,,1,REGULAR,4:01:00,290160,75749,59
260113L027,HCI,13-Jan-2026,CDELC,BK8031LM,Medan,Sumatera Utara,Solar,8.82,Store,7,8.99,10,7,81500,426034,Sumatera,MEDAN,CDE,Internal,SumateraMEDANCDE,DALAM KOTA,,,,1,REGULAR,3:29:00,193440,151094,82
260113C074,HCI,13-Jan-2026,CDELC,BK8172LM,Medan,Sumatera Utara,,8.82,Customer,20,5.42,10,16,130000,668377,Sumatera,MEDAN,CDE,Internal,SumateraMEDANCDE,DALAM KOTA,,,,1,REGULAR,7:25:00,386880,151497,69
260113C066,HCI,13-Jan-2026,CDELC,BK8022LM,Medan,Sumatera Utara,Solar,8.82,Customer,13,6.18,10,12,60000,501254,Sumatera,MEDAN,CDE,Internal,SumateraMEDANCDE,DALAM KOTA,,,,1,REGULAR,8:28:00,290160,151094,62
260113D027,AHI,13-Jan-2026,CDELC,BK8803MH,Medan,Sumatera Utara,Solar,4.41,Store,93,8.26,10,1,30000,222014,Sumatera,MEDAN,CDE,Internal,SumateraMEDANCDE,DALAM KOTA,,,,1,REGULAR,1:50:00,96720,95294,27
260113C070,HCI,13-Jan-2026,CDELC,BK8146LM,Medan,Sumatera Utara,Solar,6.91,Customer,14,8.8,10,13,60000,404937,Sumatera,MEDAN,CDE,Internal,SumateraMEDANCDE,DALAM KOTA,,,,1,REGULAR,9:20:00,193440,151497,82
260113C064,HCI,13-Jan-2026,CDELC,BK8803MH,Medan,Sumatera Utara,Solar,19.12,Customer,7,2.4,10,7,162000,547454,Sumatera,MEDAN,CDE,Internal,SumateraMEDANCDE,DALAM KOTA,,,,1,REGULAR,6:26:00,290160,95294,152
260113D026,HCI,13-Jan-2026,CDELC,BK8806MH,Medan,Sumatera Utara,Solar,3.68,Store,93,10.0,10,1,25000,313734,Sumatera,MEDAN,CDE,Internal,SumateraMEDANCDE,DALAM KOTA,,,,1,REGULAR,2:12:00,193440,95294,33
260113D028,HCI,13-Jan-2026,CDELC,BK8135LM,Medan,Sumatera Utara,Solar,5.88,Store,15,8.32,10,1,46000,390937,Sumatera,MEDAN,CDE,Internal,SumateraMEDANCDE,DALAM KOTA,,,,1,REGULAR,4:05:00,193440,151497,42
260113D038,HCI,13-Jan-2026,CDELC,BK8813MG,Medan,Sumatera Utara,Solar,7.35,Store,5,8.91,10,2,69000,442674,Sumatera,MEDAN,CDE,Internal,SumateraMEDANCDE,DALAM KOTA,,,,1,REGULAR,9:04:00,225680,147994,45
260113C058,HCI,13-Jan-2026,CDELC,BK8141LM,Medan,Sumatera Utara,Solar,15.44,Customer,9,8.92,10,9,115500,384487,Sumatera,MEDAN,CDE,Internal,SumateraMEDANCDE,DALAM KOTA,,,,1,REGULAR,7:24:00,193440,75547,123
260113C077,HCI,13-Jan-2026,PICKUP,BK8633MS,Medan,Sumatera Utara,Pertalite,9.8,Customer,4,3.0,3,4,115500,396501,Sumatera,MEDAN,PICKUP,Internal,SumateraMEDANPICKUP,DALAM KOTA,,,,1,REGULAR,6:57:00,193440,87561,92
260114C043,HCI,14-Jan-2026,CDELC,BK8047MQ,Medan,Sumatera Utara,Solar,9.56,Customer,28,9.22,10,17,95000,693765,Sumatera,MEDAN,CDE,Internal,SumateraMEDANCDE,DALAM KOTA,,,,1,REGULAR,9:07:00,386880,211885,61
260114C044,HCI,14-Jan-2026,CDELC,BK8099LM,Medan,Sumatera Utara,Solar,8.82,Customer,26,5.38,10,12,105000,667980,Sumatera,MEDAN,CDE,Internal,SumateraMEDANCDE,DALAM KOTA,,,,1,REGULAR,7:53:00,386880,176100,63
260114C045,HCI,14-Jan-2026,CDELC,BK8871MS,Medan,Sumatera Utara,Solar,13.24,Customer,23,10.0,10,10,100000,486880,Sumatera,MEDAN,CDE,Internal,SumateraMEDANCDE,DALAM KOTA,,,,1,REGULAR,8:12:00,386880,,74
260114C046,HCI,14-Jan-2026,CDELC,BK8806MH,Medan,Sumatera Utara,Solar,16.91,Customer,15,10.0,10,11,145500,722968,Sumatera,MEDAN,CDE,Internal,SumateraMEDANCDE,DALAM KOTA,,,,1,REGULAR,9:14:00,386880,190588,127
260114C047,HCI,14-Jan-2026,CDELC,BK8022LM,Medan,Sumatera Utara,Solar,11.47,Customer,16,7.82,10,10,95000,632974,Sumatera,MEDAN,CDE,Internal,SumateraMEDANCDE,DALAM KOTA,,,,1,REGULAR,7:02:00,386880,151094,85
260114C048,HCI,14-Jan-2026,CDELC,BK8009MI,Binjai,Sumatera Utara,Solar,25,Customer,14,10.0,10,11,218500,756877,Sumatera,BINJAI,CDE,Internal,SumateraBINJAICDE,DALAM KOTA,,,,1,REGULAR,9:05:00,386880,151497,173
260114C049,HCI,14-Jan-2026,CDELC,BK8031LM,Medan,Sumatera Utara,Solar,11.76,Customer,9,2.55,10,5,103000,350814,Sumatera,MEDAN,CDE,Internal,SumateraMEDANCDE,DALAM KOTA,,,,1,REGULAR,7:46:00,96720,151094,91
260114C050,HCI,14-Jan-2026,CDELC,BK8309MS,Medan,Sumatera Utara,Solar,9.56,Customer,11,7.56,10,6,79000,608697,Sumatera,MEDAN,CDE,Internal,SumateraMEDANCDE,DALAM KOTA,,,,1,REGULAR,3:24:00,386880,142817,62
260114C051,HCI,14-Jan-2026,CDELC,BK8146LM,Medan,Sumatera Utara,Solar,12.5,Customer,6,8.26,10,5,89000,551629,Sumatera,MEDAN,CDE,Internal,SumateraMEDANCDE,DALAM KOTA,,,,1,REGULAR,2:15:00,386880,75749,82
260114C052,HCI,14-Jan-2026,CDELC,BK8141LM,Medan,Sumatera Utara,Solar,7.35,Customer,8,8.43,10,8,65000,312814,Sumatera,MEDAN,CDE,Internal,SumateraMEDANCDE,DALAM KOTA,,,,1,REGULAR,8:27:00,96720,151094,60
260114C053,HCI,14-Jan-2026,CDELC,BK8075MQ,Karo,Sumatera Utara,Solar,24.26,Customer,3,5.45,10,3,165000,763765,Sumatera,KARO,CDE,Internal,SumateraKAROCDE,DALAM KOTA,,,,1,REGULAR,7:49:00,386880,211885,177
260114C054,HCI,14-Jan-2026,CDELC,BK8172LM,Tebing Tinggi,Sumatera Utara,Solar,22.21,Customer,8,2.99,10,4,281000,819377,Sumatera,TEBING TINGGI,CDE,Internal,SumateraTEBING TINGGICDE,DALAM KOTA,,,,1,REGULAR,7:02:00,386880,151497,181
260114C055,HCI,14-Jan-2026,CDELC,BK8803MH,Medan,Sumatera Utara,Solar,13.68,Customer,19,10.0,10,15,107000,684468,Sumatera,MEDAN,CDE,Internal,SumateraMEDANCDE,DALAM KOTA,,,,1,REGULAR,10:52:00,386880,190588,93
260114C056,HCI,14-Jan-2026,CDELC,BK8804MH,Medan,Sumatera Utara,Solar,10.29,Customer,23,8.56,10,17,91000,668468,Sumatera,MEDAN,CDE,Internal,SumateraMEDANCDE,DALAM KOTA,,,,1,REGULAR,8:18:00,386880,190588,77
260114C057,HCI,14-Jan-2026,CDELC,BK8191MQ,Medan,Sumatera Utara,Solar,5.88,Customer,8,3.87,10,7,40000,339383,Sumatera,MEDAN,CDE,Internal,SumateraMEDANCDE,DALAM KOTA,,,,1,REGULAR,5:09:00,193440,105943,45
260114C042,HCI,14-Jan-2026,CDELC,BK8807MH,Medan,Sumatera Utara,Solar,13.97,Customer,19,8.73,10,10,114000,691468,Sumatera,MEDAN,CDE,Internal,SumateraMEDANCDE,DALAM KOTA,,,,1,REGULAR,9:10:00,386880,190588,87
260114C062,HCI,14-Jan-2026,PICKUP,BK8633MS,Medan,Sumatera Utara,Pertalite,8.5,Customer,6,3.0,3,6,89500,423441,Sumatera,MEDAN,PICKUP,Internal,SumateraMEDANPICKUP,DALAM KOTA,,,,1,REGULAR,7:23:00,290160,43781,92
260114C060,HCI,14-Jan-2026,PICKUP,BK8696MS,Medan,Sumatera Utara,Pertalite,15.9,Customer,9,2.21,3,3,220000,707413,Sumatera,MEDAN,PICKUP,Internal,SumateraMEDANPICKUP,DALAM KOTA,,,,1,REGULAR,10:30:00,386880,100533,190
260114C077,HCI,14-Jan-2026,CDELC,BK8309MS,Medan,Sumatera Utara,Solar,1.47,Customer,1,5.07,,1,10000,346257,Sumatera,MEDAN,CDE,Internal,SumateraMEDANCDE,DALAM KOTA,,,,1,REGULAR,4:19:00,193440,142817,10
260114C079,HCI,14-Jan-2026,PICKUP,BK8633MS,Medan,Sumatera Utara,Pertalite,5.6,Customer,1,1.56,3,1,59000,199501,Sumatera,MEDAN,PICKUP,Internal,SumateraMEDANPICKUP,DALAM KOTA,,,,1,REGULAR,3:50:00,96720,43781,56
260114C085,HCI,14-Jan-2026,CDELC,BK8192MQ,Medan,Sumatera Utara,Solar,4.85,Customer,2,9.1,10,2,36000,432103,Sumatera,MEDAN,CDE,Internal,SumateraMEDANCDE,DALAM KOTA,,,,1,REGULAR,8:03:00,290160,105943,35
260114C059,HCI,14-Jan-2026,CDELC,BK8135LM,Medan,Sumatera Utara,Solar,10.29,Customer,23,5.98,10,13,95500,633877,Sumatera,MEDAN,CDE,Internal,SumateraMEDANCDE,DALAM KOTA,,,,1,REGULAR,9:06:00,386880,151497,71
260114C002,HCI,14-Jan-2026,CDELC,BK8191MQ,Medan,Sumatera Utara,Solar,13.24,Customer,13,7.99,10,9,90000,389383,Sumatera,MEDAN,CDE,Internal,SumateraMEDANCDE,DALAM KOTA,,,,1,REGULAR,8:14:00,193440,105943,100
260114D021,HCI,14-Jan-2026,CDELC,BK8074MQ,Medan,Sumatera Utara,Solar,8.53,Store,34,8.62,10,2,68000,473325,Sumatera,MEDAN,CDE,Internal,SumateraMEDANCDE,DALAM KOTA,,,,1,REGULAR,10:08:00,193440,211885,52
260114D023,HCI,14-Jan-2026,CDELC,BK8073MQ,Medan,Sumatera Utara,Solar,8.09,Store,72,9.3,10,5,83500,488825,Sumatera,MEDAN,CDE,Internal,SumateraMEDANCDE,DALAM KOTA,,,,1,REGULAR,7:18:00,193440,211885,56
260114D026,HCI,14-Jan-2026,CDELC,BK8299MH,Medan,Sumatera Utara,Solar,5.88,Store,39,9.16,10,2,40000,384937,Sumatera,MEDAN,CDE,Internal,SumateraMEDANCDE,DALAM KOTA,,,,1,REGULAR,2:52:00,193440,151497,38
260114D030,AHI,14-Jan-2026,FUSO,BK8815MG,Medan,Sumatera Utara,Solar,6.62,Store,161,9.34,10,1,220000,670678,Sumatera,MEDAN,FUSO,Internal,SumateraMEDANFUSO,DALAM KOTA,,,,1,REGULAR,1:44:00,96720,353958,25
260114H008,HCI,14-Jan-2026,CDELC,BK8805MH,Pematangsiantar,Sumatera Utara,Solar,29.71,HUB,24,6.71,10,4,431000,815028,Sumatera,PEMATANGSIANTAR,CDE,Internal,SumateraPEMATANGSIANTARCDE,LUAR KOTA,1300000,-484972,-37.31%,1,REGULAR,7:51:00,193440,190588,249
260114C071,HCI,14-Jan-2026,CDELC,BK8646MS,Binjai,Sumatera Utara,Solar,41.18,Customer,1,8.84,10,1,506000,1185247,Sumatera,BINJAI,CDE,Internal,SumateraBINJAICDE,DALAM KOTA,,,,1,REGULAR,6:57:00,386880,292367,291
260114D019,FBI,14-Jan-2026,PICKUP,BK8136LM,Medan,Sumatera Utara,Pertalite,7.3,Store,8,2.22,3,3,137500,419135,Sumatera,MEDAN,MINI VAN BOX,Internal,SumateraMEDANMINI VAN BOX,DALAM KOTA,,,,1,REGULAR,5:31:00,193440,88195,102
260114D020,FBI,14-Jan-2026,PICKUP,A8330VX,Medan,Sumatera Utara,Pertalite,5.8,Store,18,2.72,3,5,68000,248887,Sumatera,MEDAN,MINI VAN BOX,Internal,SumateraMEDANMINI VAN BOX,DALAM KOTA,,,,1,REGULAR,5:41:00,96720,84167,49
260114C065,HCI,14-Jan-2026,CDELC,BK8647MS,Medan,Sumatera Utara,Solar,10.29,Customer,9,5.48,10,6,86000,475087,Sumatera,MEDAN,CDE,Internal,SumateraMEDANCDE,DALAM KOTA,,,,1,REGULAR,10:52:00,96720,292367,72
260114X003,AHI,14-Jan-2026,CDELC,BK8146LM,Medan,Sumatera Utara,Solar,7.35,Other Delivery,1,10.0,10,1,80000,445909,Sumatera,MEDAN,CDE,Internal,SumateraMEDANCDE,DALAM KOTA,,,,1,REGULAR,5:03:00,290160,75749,50
260114L030,AHI,14-Jan-2026,CDELC,BK8192MQ,Pematangsiantar,Sumatera Utara,Solar,30.74,Store,46,6.73,10,1,425000,627663,Sumatera,PEMATANGSIANTAR,CDE,Internal,SumateraPEMATANGSIANTARCDE,LUAR KOTA,1300000,-672338,-51.72%,1,REGULAR,5:03:00,96720,105943,241
260115C051,HCI,15-Jan-2026,CDELC,BK8803MH,Medan,Sumatera Utara,Solar,9.56,Customer,28,5.56,10,9,80000,657468,Sumatera,MEDAN,CDE,Internal,SumateraMEDANCDE,DALAM KOTA,,,,1,REGULAR,7:46:00,386880,190588,63
260115C052,HCI,15-Jan-2026,CDELC,BK8112LM,Medan,Sumatera Utara,Solar,14.71,Customer,15,7.46,10,10,114000,651974,Sumatera,MEDAN,CDE,Internal,SumateraMEDANCDE,DALAM KOTA,,,,1,REGULAR,8:23:00,386880,151094,104
260115C054,HCI,15-Jan-2026,CDELC,BK8172LM,Binjai,Sumatera Utara,Solar,17.65,Customer,5,5.13,10,3,168500,340969,Sumatera,BINJAI,CDE,Internal,SumateraBINJAICDE,DALAM KOTA,,,,1,REGULAR,5:30:00,96720,75749,121
260115C055,HCI,15-Jan-2026,CDELC,BK8141LM,Medan,Sumatera Utara,Solar,12.5,Customer,13,3.27,10,7,116000,384987,Sumatera,MEDAN,CDE,Internal,SumateraMEDANCDE,DALAM KOTA,,,,1,REGULAR,4:20:00,193440,75547,94
260115C056,HCI,15-Jan-2026,CDELC,BK8647MS,Medan,Sumatera Utara,Solar,8.82,Customer,2,3.01,10,2,60000,302903,Sumatera,MEDAN,CDE,Internal,SumateraMEDANCDE,DALAM KOTA,,,,1,REGULAR,8:27:00,96720,146183,54
260115C057,HCI,15-Jan-2026,CDELC,BK8099LM,Medan,Sumatera Utara,Solar,13.24,Customer,16,3.88,10,9,95000,657980,Sumatera,MEDAN,CDE,Internal,SumateraMEDANCDE,DALAM KOTA,,,,1,REGULAR,8:33:00,386880,176100,82
260115C059,HCI,15-Jan-2026,CDELC,BK8135LM,Medan,Sumatera Utara,Solar,11.03,Customer,9,6.56,10,8,75000,323217,Sumatera,MEDAN,CDE,Internal,SumateraMEDANCDE,DALAM KOTA,,,,1,REGULAR,9:29:00,96720,151497,87
260115C060,HCI,15-Jan-2026,CDELC,BK8031LM,Medan,Sumatera Utara,Solar,6.62,Customer,4,7.15,10,3,45000,389534,Sumatera,MEDAN,CDE,Internal,SumateraMEDANCDE,DALAM KOTA,,,,1,REGULAR,2:50:00,193440,151094,52
260115C061,HCI,15-Jan-2026,CDELC,BK8191MQ,Medan,Sumatera Utara,Solar,9.56,Customer,14,9.58,10,11,70000,668765,Sumatera,MEDAN,CDE,Internal,SumateraMEDANCDE,DALAM KOTA,,,,1,REGULAR,12:02:00,386880,211885,70
260115C062,HCI,15-Jan-2026,CDELC,BK8075MQ,Medan,Sumatera Utara,Solar,7.35,Customer,9,4.54,10,6,50000,446103,Sumatera,MEDAN,CDE,Internal,SumateraMEDANCDE,DALAM KOTA,,,,1,REGULAR,9:32:00,290160,105943,54
260115C063,HCI,15-Jan-2026,CDELC,BK8309MS,Medan,Sumatera Utara,Solar,10.29,Customer,9,5.56,10,6,79000,461353,Sumatera,MEDAN,CDE,Internal,SumateraMEDANCDE,DALAM KOTA,,,,1,REGULAR,8:47:00,96720,285633,77
260115C064,HCI,15-Jan-2026,CDELC,BK8806MH,Medan,Sumatera Utara,Solar,8.09,Customer,9,2.91,10,6,55000,342308,Sumatera,MEDAN,CDE,Internal,SumateraMEDANCDE,DALAM KOTA,,,,1,REGULAR,9:31:00,96720,190588,68
260115C065,HCI,15-Jan-2026,CDELC,BK8807MH,Medan,Sumatera Utara,Solar,11.76,Customer,18,4.87,10,12,80000,657468,Sumatera,MEDAN,CDE,Internal,SumateraMEDANCDE,DALAM KOTA,,,,1,REGULAR,8:05:00,386880,190588,85
260115C066,HCI,15-Jan-2026,CDELC,BK8047MQ,Deli Serdang,Sumatera Utara,Solar,30.88,Customer,10,7.74,10,6,313500,912265,Sumatera,DELI SERDANG,CDE,Internal,SumateraDELI SERDANGCDE,DALAM KOTA,,,,1,REGULAR,8:58:00,386880,211885,223
260115C068,HCI,15-Jan-2026,PICKUP,BK8633MS,Medan,Sumatera Utara,Pertalite,9.5,Customer,3,3.0,3,3,107000,581441,Sumatera,MEDAN,PICKUP,Internal,SumateraMEDANPICKUP,DALAM KOTA,,,,1,REGULAR,8:35:00,386880,87561,88
260115C069,HCI,15-Jan-2026,PICKUP,BK8696MS,Medan,Sumatera Utara,Pertalite,8.2,Customer,4,3.0,3,2,94500,434927,Sumatera,MEDAN,PICKUP,Internal,SumateraMEDANPICKUP,DALAM KOTA,,,,1,REGULAR,5:16:00,290160,50267,89
260115C050,HCI,15-Jan-2026,CDELC,BK8073MQ,Medan,Sumatera Utara,Solar,8.09,Customer,14,2.61,10,5,55000,354383,Sumatera,MEDAN,CDE,Internal,SumateraMEDANCDE,DALAM KOTA,,,,1,REGULAR,5:00:00,193440,105943,53
260115C049,HCI,15-Jan-2026,CDELC,BK8805MH,Medan,Sumatera Utara,Solar,7.65,Customer,18,10.0,10,8,87000,664468,Sumatera,MEDAN,CDE,Internal,SumateraMEDANCDE,DALAM KOTA,,,,1,REGULAR,7:55:00,386880,190588,49
260115D026,AHI,15-Jan-2026,CDELC,BK8172LM,Medan,Sumatera Utara,Solar,5.15,Store,51,10.0,10,1,35000,207469,Sumatera,MEDAN,CDE,Internal,SumateraMEDANCDE,DALAM KOTA,,,,1,REGULAR,11:49:00,96720,75749,36
260115D027,AHI,15-Jan-2026,CDELC,BK8074MQ,Medan,Sumatera Utara,Solar,9.56,Store,47,8.66,10,3,84000,489325,Sumatera,MEDAN,CDE,Internal,SumateraMEDANCDE,DALAM KOTA,,,,1,REGULAR,8:52:00,193440,211885,40
260115C048,HCI,15-Jan-2026,CDELC,BK8646MS,Medan,Sumatera Utara,Solar,8.09,Customer,21,6.86,10,10,90000,769247,Sumatera,MEDAN,CDE,Internal,SumateraMEDANCDE,DALAM KOTA,,,,1,REGULAR,8:01:00,386880,292367,54
260115C047,HCI,15-Jan-2026,CDELC,BK8804MH,Medan,Sumatera Utara,Solar,10.59,Customer,15,6.99,10,10,83000,660468,Sumatera,MEDAN,CDE,Internal,SumateraMEDANCDE,DALAM KOTA,,,,1,REGULAR,9:35:00,386880,190588,78
260115D030,AHI,15-Jan-2026,CDELC,BK8871MS,Medan,Sumatera Utara,Solar,5.15,Store,32,10.0,10,1,45000,141720,Sumatera,MEDAN,CDE,Internal,SumateraMEDANCDE,DALAM KOTA,,,,1,REGULAR,12:50:00,96720,,33
260115D031,HCI,15-Jan-2026,CDELC,BK8647MS,Medan,Sumatera Utara,Solar,4.41,Store,48,8.13,10,1,30000,272903,Sumatera,MEDAN,CDE,Internal,SumateraMEDANCDE,DALAM KOTA,,,,1,REGULAR,1:32:00,96720,146183,26
260115D034,HCI,15-Jan-2026,CDELC,BK8192MQ,Medan,Sumatera Utara,Solar,6.32,Store,115,10.0,10,3,88000,493325,Sumatera,MEDAN,CDE,Internal,SumateraMEDANCDE,DALAM KOTA,,,,1,REGULAR,9:32:00,193440,211885,38
260115D039,HCI,15-Jan-2026,CDELC,BK8009MI,Medan,Sumatera Utara,Solar,11.76,Store,1,9.0,10,1,92000,630377,Sumatera,MEDAN,CDE,Internal,SumateraMEDANCDE,DALAM KOTA,,,,1,REGULAR,9:04:00,386880,151497,82
260115D040,HCI,15-Jan-2026,CDELC,BK8075MQ,Medan,Sumatera Utara,Solar,3.68,Store,9,8.99,10,1,35000,261843,Sumatera,MEDAN,CDE,Internal,SumateraMEDANCDE,DALAM KOTA,,,,1,REGULAR,3:44:00,120900,105943,34
260115C079,HCI,15-Jan-2026,CDELC,BK8141LM,Medan,Sumatera Utara,Solar,4.41,Customer,1,8.0,10,1,30000,323167,Sumatera,MEDAN,CDE,Internal,SumateraMEDANCDE,DALAM KOTA,,,,1,REGULAR,2:12:00,217620,75547,32
260115D048,HCI,15-Jan-2026,CDELC,BK8022LM,Medan,Sumatera Utara,Solar,6.18,Store,2,9.0,10,2,55500,424214,Sumatera,MEDAN,CDE,Internal,SumateraMEDANCDE,DALAM KOTA,,,,1,REGULAR,6:29:00,217620,151094,50
260115D028,FBI,15-Jan-2026,PICKUP,A8330VX,Medan,Sumatera Utara,Pertalite,3.55,Store,13,2.57,3,4,40500,342287,Sumatera,MEDAN,MINI VAN BOX,Internal,SumateraMEDANMINI VAN BOX,DALAM KOTA,,,,1,REGULAR,4:26:00,217620,84167,41
260115L027,HCI,15-Jan-2026,FUSO,BK8815MG,Pematangsiantar,Sumatera Utara,Solar,43.82,Store,49,18.91,34,1,623500,897199,Sumatera,PEMATANGSIANTAR,FUSO,Internal,SumateraPEMATANGSIANTARFUSO,LUAR KOTA,,,,1,REGULAR,10:40:00,96720,176979,235
260115L029,HCI,15-Jan-2026,CDELC,BK8871MS,Pematangsiantar,Sumatera Utara,Solar,32.35,Store,1,0.28,11,1,434000,530720,Sumatera,PEMATANGSIANTAR,CDE LONG CHASSIS,Internal,SumateraPEMATANGSIANTARCDE LONG CHASSIS,LUAR KOTA,1400000,-869280,-62.09%,1,REGULAR,7:01:00,96720,,218
260115D029,FBI,15-Jan-2026,PICKUP,BK8136LM,Medan,Sumatera Utara,Pertalite,8,Store,20,2.86,3,4,98500,404315,Sumatera,MEDAN,MINI VAN BOX,Internal,SumateraMEDANMINI VAN BOX,DALAM KOTA,,,,1,REGULAR,5:58:00,217620,88195,79
260115X002,AHI,15-Jan-2026,CDELC,BK8146LM,Medan,Sumatera Utara,Solar,4.41,Other Delivery,2,8.82,10,1,30000,302397,Sumatera,MEDAN,CDE,Internal,SumateraMEDANCDE,DALAM KOTA,,,,1,REGULAR,4:08:00,120900,151497,30
260115X001,AHI,15-Jan-2026,PICKUP,BK8696MS,Medan,Sumatera Utara,Pertalite,3.5,Other Delivery,1,3.0,3,1,45000,312887,Sumatera,MEDAN,PICKUP,Internal,SumateraMEDANPICKUP,DALAM KOTA,,,,1,REGULAR,5:34:00,217620,50267,36
260115D043,AHI,15-Jan-2026,CDELC,BK8073MQ,Medan,Sumatera Utara,Solar,5.15,Store,1,10.0,10,1,35000,358563,Sumatera,MEDAN,CDE,Internal,SumateraMEDANCDE,DALAM KOTA,,,,1,REGULAR,1:23:00,217620,105943,36
260116C048,HCI,16-Jan-2026,CDELC,BK8135LM,Medan,Sumatera Utara,Solar,10.29,Customer,8,6.2,10,6,102500,350717,Sumatera,MEDAN,CDE,Internal,SumateraMEDANCDE,DALAM KOTA,,,,1,REGULAR,3:31:00,96720,151497,88
260116C050,HCI,16-Jan-2026,CDELC,BK8073MQ,Medan,Sumatera Utara,Solar,14.71,Customer,17,10.0,10,14,115000,713765,Sumatera,MEDAN,CDE,Internal,SumateraMEDANCDE,DALAM KOTA,,,,1,REGULAR,11:04:00,386880,211885,98
260116C051,HCI,16-Jan-2026,CDELC,BK8805MH,Karo,Sumatera Utara,Solar,24.26,Customer,4,9.77,10,3,165000,742468,Sumatera,KARO,CDE,Internal,SumateraKAROCDE,DALAM KOTA,,,,1,REGULAR,10:25:00,386880,190588,148
260116C052,HCI,16-Jan-2026,CDELC,BK8047MQ,Medan,Sumatera Utara,Solar,8.09,Customer,9,6.79,10,7,55000,363605,Sumatera,MEDAN,CDE,Internal,SumateraMEDANCDE,DALAM KOTA,,,,1,REGULAR,5:21:00,96720,211885,50
260116C053,HCI,16-Jan-2026,CDELC,BK8141LM,Medan,Sumatera Utara,Solar,13.24,Customer,11,6.8,10,10,90000,627974,Sumatera,MEDAN,CDE,Internal,SumateraMEDANCDE,DALAM KOTA,,,,1,REGULAR,9:48:00,386880,151094,82
260116C054,HCI,16-Jan-2026,CDELC,BK8806MH,Medan,Sumatera Utara,Solar,7.35,Customer,15,3.66,10,10,60000,637468,Sumatera,MEDAN,CDE,Internal,SumateraMEDANCDE,DALAM KOTA,,,,1,REGULAR,7:42:00,386880,190588,49
260116C055,HCI,16-Jan-2026,CDELC,BK8172LM,Medan,Sumatera Utara,Solar,11.76,Customer,9,4.3,10,7,94000,632377,Sumatera,MEDAN,CDE,Internal,SumateraMEDANCDE,DALAM KOTA,,,,1,REGULAR,7:17:00,386880,151497,89
260116C056,HCI,16-Jan-2026,PICKUP,BK8633MS,Deli Serdang,Sumatera Utara,Pertalite,12.1,Customer,6,3.0,3,5,146000,427001,Sumatera,DELI SERDANG,PICKUP,Internal,SumateraDELI SERDANGPICKUP,DALAM KOTA,,,,1,REGULAR,10:02:00,193440,87561,140
260116C047,HCI,16-Jan-2026,CDELC,BK8022LM,Binjai,Sumatera Utara,Solar,15,Customer,6,3.95,10,6,150500,495034,Sumatera,BINJAI,CDE,Internal,SumateraBINJAICDE,DALAM KOTA,,,,1,REGULAR,7:36:00,193440,151094,131
260116C062,HCI,16-Jan-2026,CDELC,BK8075MQ,Pematangsiantar,Sumatera Utara,Solar,31.91,Customer,19,10.0,10,1,433000,838325,Sumatera,PEMATANGSIANTAR,CDE,Internal,SumateraPEMATANGSIANTARCDE,LUAR KOTA,1300000,-461675,-35.51%,1,REGULAR,3:31:00,193440,211885,229
260116C045,HCI,16-Jan-2026,CDELC,BK8804MH,Medan,Sumatera Utara,Solar,11.03,Customer,17,3.96,10,9,85000,372308,Sumatera,MEDAN,CDE,Internal,SumateraMEDANCDE,DALAM KOTA,,,,1,REGULAR,5:36:00,96720,190588,70
260116C043,HCI,16-Jan-2026,CDELC,BK8009MI,Medan,Sumatera Utara,Solar,8.09,Customer,23,7.29,10,12,98000,636377,Sumatera,MEDAN,CDE,Internal,SumateraMEDANCDE,DALAM KOTA,,,,1,REGULAR,7:02:00,386880,151497,54
260116C042,HCI,16-Jan-2026,CDELC,BK8646MS,Medan,Sumatera Utara,Solar,12.5,Customer,21,4.09,10,12,92000,771247,Sumatera,MEDAN,CDE,Internal,SumateraMEDANCDE,DALAM KOTA,,,,1,REGULAR,7:46:00,386880,292367,81
260116D023,HCI,16-Jan-2026,CDELC,BK8031LM,Medan,Sumatera Utara,Solar,6.03,Store,76,10.0,10,2,56000,303814,Sumatera,MEDAN,CDE,Internal,SumateraMEDANCDE,DALAM KOTA,,,,1,REGULAR,2:13:00,96720,151094,41
260116D025,HCI,16-Jan-2026,CDELC,BK8099LM,Medan,Sumatera Utara,Solar,4.41,Store,44,8.37,10,2,30000,399540,Sumatera,MEDAN,CDE,Internal,SumateraMEDANCDE,DALAM KOTA,,,,1,REGULAR,10:00:00,193440,176100,32
260116D027,HCI,16-Jan-2026,CDELC,BK8803MH,Medan,Sumatera Utara,Solar,6.32,Store,69,10.0,10,2,52000,436028,Sumatera,MEDAN,CDE,Internal,SumateraMEDANCDE,DALAM KOTA,,,,1,REGULAR,9:05:00,193440,190588,43
260116D028,HCI,16-Jan-2026,CDELC,BK8146LM,Medan,Sumatera Utara,Solar,8.38,Store,37,8.96,10,2,90500,435437,Sumatera,MEDAN,CDE,Internal,SumateraMEDANCDE,DALAM KOTA,,,,1,REGULAR,10:08:00,193440,151497,55
260116D030,HCI,16-Jan-2026,CDELC,BK8112LM,Medan,Sumatera Utara,Solar,5.88,Store,44,8.44,10,1,49500,221767,Sumatera,MEDAN,CDE,Internal,SumateraMEDANCDE,DALAM KOTA,,,,1,REGULAR,3:39:00,96720,75547,45
260116D032,AHI,16-Jan-2026,CDELC,BK8074MQ,Medan,Sumatera Utara,Solar,3.68,Store,39,10.0,10,1,25000,430325,Sumatera,MEDAN,CDE,Internal,SumateraMEDANCDE,DALAM KOTA,,,,1,REGULAR,8:24:00,193440,211885,24
260116H008,HCI,16-Jan-2026,CDELC,BK8309MS,Pematangsiantar,Sumatera Utara,Solar,32.35,HUB,5,8.24,10,1,436000,953761,Sumatera,PEMATANGSIANTAR,CDE,Internal,SumateraPEMATANGSIANTARCDE,LUAR KOTA,1300000,-346239,-26.63%,1,REGULAR,7:15:00,232128,285633,229
260116L015,HCI,16-Jan-2026,CDELC,BK8807MH,Langkat,Sumatera Utara,Solar,22.06,Store,2,6.21,10,1,215500,696248,Sumatera,LANGKAT,CDE,Internal,SumateraLANGKATCDE,DALAM KOTA,,,,1,REGULAR,5:00:00,290160,190588,153
260116L016,HCI,16-Jan-2026,CDELC,BK8647MS,Medan,Sumatera Utara,Solar,14.71,Store,11,4.63,10,9,107500,786747,Sumatera,MEDAN,CDE,Internal,SumateraMEDANCDE,DALAM KOTA,,,,1,REGULAR,8:42:00,386880,292367,93
260116L017,HCI,16-Jan-2026,CDELC,BK8871MS,Asahan,Sumatera Utara,Solar,43.38,Store,5,6.05,10,3,530500,917380,Sumatera,ASAHAN,CDE,Internal,SumateraASAHANCDE,LUAR KOTA,,,,1,REGULAR,10:56:00,386880,,306
260116C069,HCI,16-Jan-2026,CDELC,BK8112LM,Medan,Sumatera Utara,Solar,8.97,Customer,3,1.88,10,4,64000,526427,Sumatera,MEDAN,CDE,Internal,SumateraMEDANCDE,DALAM KOTA,,,,1,REGULAR,5:02:00,386880,75547,69
260116X001,HCI,16-Jan-2026,PICKUP,BK8696MS,Medan,Sumatera Utara,Pertalite,4.5,Other Delivery,2,3.0,3,1,55000,387661,Sumatera,MEDAN,PICKUP,Internal,SumateraMEDANPICKUP,DALAM KOTA,,,,1,REGULAR,8:32:00,232128,100533,42
260116D021,FBI,16-Jan-2026,PICKUP,A8330VX,Medan,Sumatera Utara,Pertalite,5,Store,16,2.67,3,5,60000,337607,Sumatera,MEDAN,MINI VAN BOX,Internal,SumateraMEDANMINI VAN BOX,DALAM KOTA,,,,1,REGULAR,2:33:00,193440,84167,50
260116D022,FBI,16-Jan-2026,PICKUP,BK8136LM,Binjai,Sumatera Utara,Pertalite,7.8,Store,12,2.81,3,4,133000,356603,Sumatera,BINJAI,MINI VAN BOX,Internal,SumateraBINJAIMINI VAN BOX,DALAM KOTA,,,,1,REGULAR,3:52:00,135408,88195,203
260116L028,AHI,16-Jan-2026,CDELC,BK8192MQ,Pematangsiantar,Sumatera Utara,Solar,31.62,Store,32,5.07,10,2,431000,778293,Sumatera,PEMATANGSIANTAR,CDE,Internal,SumateraPEMATANGSIANTARCDE,LUAR KOTA,1300000,-521707,-40.13%,1,REGULAR,3:35:00,135408,211885,241
260116D035,AHI,16-Jan-2026,CDELC,BK8191MQ,Medan,Sumatera Utara,Solar,3.68,Store,1,9.5,10,1,25000,469013,Sumatera,MEDAN,CDE,Internal,SumateraMEDANCDE,DALAM KOTA,,,,1,REGULAR,7:15:00,232128,211885,24
260117C056,HCI,17-Jan-2026,CDELC,BK8047MQ,Medan,Sumatera Utara,Solar,11.32,Customer,7,8.99,10,5,83500,576323,Sumatera,MEDAN,CDE,Internal,SumateraMEDANCDE,DALAM KOTA,,,,1,REGULAR,8:04:00,386880,105943,64
260117C049,HCI,17-Jan-2026,CDELC,BK8146LM,Medan,Sumatera Utara,Solar,10.29,Customer,7,9.52,10,4,83000,331217,Sumatera,MEDAN,CDE,Internal,SumateraMEDANCDE,DALAM KOTA,,,,1,REGULAR,3:49:00,96720,151497,70
260117D018,HCI,17-Jan-2026,CDELC,BK8022LM,Medan,Sumatera Utara,Solar,5.88,Store,24,9.39,10,2,63500,408034,Sumatera,MEDAN,CDE,Internal,SumateraMEDANCDE,DALAM KOTA,,,,1,REGULAR,6:56:00,193440,151094,46
260117H015,HCI,17-Jan-2026,CDELC,BK8074MQ,Pematangsiantar,Sumatera Utara,Solar,32.35,HUB,1,8.8,10,1,436000,873565,Sumatera,PEMATANGSIANTAR,CDE,Internal,SumateraPEMATANGSIANTARCDE,LUAR KOTA,1300000,-426435,-32.80%,1,REGULAR,0:12:00,225680,211885,224
260117X004,HCI,17-Jan-2026,CDELC,BK8047MQ,Medan,Sumatera Utara,Solar,6.62,Other Delivery,1,10.0,10,1,65000,396623,Sumatera,MEDAN,CDE,Internal,SumateraMEDANCDE,DALAM KOTA,,,,1,REGULAR,5:27:00,225680,105943,28
260117D015,HCI,17-Jan-2026,CDELC,BK8172LM,Medan,Sumatera Utara,Solar,5.88,Store,41,8.81,10,3,45000,389937,Sumatera,MEDAN,CDE,Internal,SumateraMEDANCDE,DALAM KOTA,,,,1,REGULAR,7:36:00,193440,151497,41
260117C045,HCI,17-Jan-2026,CDELC,BK8806MH,Medan,Sumatera Utara,Solar,6.62,Customer,15,6.42,10,7,65000,449028,Sumatera,MEDAN,CDE,Internal,SumateraMEDANCDE,DALAM KOTA,,,,1,REGULAR,7:54:00,193440,190588,53
260117C046,HCI,17-Jan-2026,CDELC,BK8646MS,Medan,Sumatera Utara,Solar,8.24,Customer,9,7.73,10,6,73500,559307,Sumatera,MEDAN,CDE,Internal,SumateraMEDANCDE,DALAM KOTA,,,,1,REGULAR,2:45:00,193440,292367,53
260117C063,HCI,17-Jan-2026,PICKUP,BK8696MS,Medan,Sumatera Utara,Pertalite,6.9,Customer,3,3.0,3,3,73500,270753,Sumatera,MEDAN,PICKUP,Internal,SumateraMEDANPICKUP,DALAM KOTA,,,,1,REGULAR,5:28:00,96720,100533,68
260117H016,HCI,17-Jan-2026,CDELC,BK8192MQ,Pematangsiantar,Sumatera Utara,Solar,29.12,HUB,2,8.8,10,1,414000,851565,Sumatera,PEMATANGSIANTAR,CDE,Internal,SumateraPEMATANGSIANTARCDE,LUAR KOTA,1300000,-448435,-34.50%,1,REGULAR,0:30:00,225680,211885,252
260117C047,HCI,17-Jan-2026,CDELC,BK8647MS,Medan,Sumatera Utara,Solar,5.88,Customer,12,7.11,10,6,40000,622527,Sumatera,MEDAN,CDE,Internal,SumateraMEDANCDE,DALAM KOTA,,,,1,REGULAR,5:05:00,290160,292367,40
260117D020,FBI,17-Jan-2026,PICKUP,BK8136LM,Medan,Sumatera Utara,Pertalite,6.2,Store,3,2.56,3,4,74000,291155,Sumatera,MEDAN,MINI VAN BOX,Internal,SumateraMEDANMINI VAN BOX,DALAM KOTA,,,,1,REGULAR,2:51:00,128960,88195,67
260117C051,HCI,17-Jan-2026,CDELC,BK8807MH,Binjai,Sumatera Utara,Solar,22.5,Customer,9,10.0,10,6,218500,795968,Sumatera,BINJAI,CDE,Internal,SumateraBINJAICDE,DALAM KOTA,,,,1,REGULAR,9:38:00,386880,190588,177
260117C054,HCI,17-Jan-2026,CDELC,BK8099LM,Medan,Sumatera Utara,Solar,8.09,Customer,5,3.26,10,4,55000,327820,Sumatera,MEDAN,CDE,Internal,SumateraMEDANCDE,DALAM KOTA,,,,1,REGULAR,5:06:00,96720,176100,51
260117C059,HCI,17-Jan-2026,CDELC,BK8073MQ,Deli Serdang,Sumatera Utara,Solar,10.29,Customer,8,3.11,10,8,77000,675765,Sumatera,DELI SERDANG,CDE,Internal,SumateraDELI SERDANGCDE,DALAM KOTA,,,,1,REGULAR,7:52:00,386880,211885,76
260117D019,FBI,17-Jan-2026,PICKUP,A8330VX,Medan,Sumatera Utara,Pertalite,5,Store,6,1.56,3,4,55000,364847,Sumatera,MEDAN,MINI VAN BOX,Internal,SumateraMEDANMINI VAN BOX,DALAM KOTA,,,,1,REGULAR,9:26:00,225680,84167,44
260117C048,HCI,17-Jan-2026,CDELC,BK8804MH,Medan,Sumatera Utara,Solar,9.56,Customer,30,6.5,10,14,85000,662468,Sumatera,MEDAN,CDE,Internal,SumateraMEDANCDE,DALAM KOTA,,,,1,REGULAR,9:47:00,386880,190588,60
260117C064,HCI,17-Jan-2026,PICKUP,BK8633MS,Medan,Sumatera Utara,Pertalite,10.6,Customer,5,2.02,3,5,130500,604941,Sumatera,MEDAN,PICKUP,Internal,SumateraMEDANPICKUP,DALAM KOTA,,,,1,REGULAR,9:31:00,386880,87561,125
260117C053,HCI,17-Jan-2026,CDELC,BK8191MQ,Medan,Sumatera Utara,Solar,10.29,Customer,10,7.4,10,8,95000,500325,Sumatera,MEDAN,CDE,Internal,SumateraMEDANCDE,DALAM KOTA,,,,1,REGULAR,9:44:00,193440,211885,81
260117C050,HCI,17-Jan-2026,CDELC,BK8803MH,Medan,Sumatera Utara,Solar,10.15,Customer,10,8.34,10,8,89500,666968,Sumatera,MEDAN,CDE,Internal,SumateraMEDANCDE,DALAM KOTA,,,,1,REGULAR,7:46:00,386880,190588,70
260117C055,HCI,17-Jan-2026,CDELC,BK8805MH,Medan,Sumatera Utara,Solar,7.06,Customer,13,5.98,10,10,52000,629468,Sumatera,MEDAN,CDE,Internal,SumateraMEDANCDE,DALAM KOTA,,,,1,REGULAR,7:28:00,386880,190588,66
260117C044,HCI,17-Jan-2026,CDELC,BK8309MS,Medan,Sumatera Utara,Solar,9.71,Customer,15,9.23,10,11,73000,745513,Sumatera,MEDAN,CDE,Internal,SumateraMEDANCDE,DALAM KOTA,,,,1,REGULAR,8:00:00,386880,285633,70
260117D021,AHI,17-Jan-2026,CDELC,BK8031LM,Medan,Sumatera Utara,Solar,5.88,Store,172,9.42,10,2,58000,338054,Sumatera,MEDAN,CDE,Internal,SumateraMEDANCDE,DALAM KOTA,,,,1,REGULAR,3:17:00,128960,151094,41
260117C058,HCI,17-Jan-2026,CDELC,BK8141LM,Medan,Sumatera Utara,Solar,5.88,Customer,5,2.76,10,3,40000,384534,Sumatera,MEDAN,CDE,Internal,SumateraMEDANCDE,DALAM KOTA,,,,1,REGULAR,3:01:00,193440,151094,9
260117C060,HCI,17-Jan-2026,CDELC,BK8871MS,Medan,Sumatera Utara,Solar,10.29,Customer,11,4.69,10,8,101000,487880,Sumatera,MEDAN,CDE,Internal,SumateraMEDANCDE,DALAM KOTA,,,,1,REGULAR,8:21:00,386880,,85
260117C052,HCI,17-Jan-2026,CDELC,BK8135LM,Medan,Sumatera Utara,Solar,11.76,Customer,9,5.33,10,6,80000,618377,Sumatera,MEDAN,CDE,Internal,SumateraMEDANCDE,DALAM KOTA,,,,1,REGULAR,8:24:00,386880,151497,87
260117C057,HCI,17-Jan-2026,CDELC,BK8009MI,Medan,Sumatera Utara,Solar,8.82,Customer,18,7.77,10,10,65000,603377,Sumatera,MEDAN,CDE,Internal,SumateraMEDANCDE,DALAM KOTA,,,,1,REGULAR,8:25:00,386880,151497,58
260117D016,HCI,17-Jan-2026,CDELC,BK8075MQ,Medan,Sumatera Utara,Solar,4.41,Store,13,8.34,10,2,45000,450325,Sumatera,MEDAN,CDE,Internal,SumateraMEDANCDE,DALAM KOTA,,,,1,REGULAR,8:29:00,193440,211885,31
260118C061,HCI,18-Jan-2026,PICKUP,BK8633MS,Medan,Sumatera Utara,Pertalite,10,Customer,5,3.0,3,5,117500,398501,Sumatera,MEDAN,PICKUP,Internal,SumateraMEDANPICKUP,DALAM KOTA,,,,1,REGULAR,7:25:00,193440,87561,104
260118H007,HCI,18-Jan-2026,CDELC,BK8646MS,Pematangsiantar,Sumatera Utara,Solar,28.38,HUB,11,7.62,11,2,409000,716383,Sumatera,PEMATANGSIANTAR,CDE LONG CHASSIS,Internal,SumateraPEMATANGSIANTARCDE LONG CHASSIS,LUAR KOTA,1400000,-683617,-48.83%,1,REGULAR,5:29:00,161200,146183,217
260118C058,HCI,18-Jan-2026,CDELC,BK8309MS,Medan,Sumatera Utara,Solar,10.29,Customer,9,7.96,10,6,70000,549073,Sumatera,MEDAN,CDE,Internal,SumateraMEDANCDE,DALAM KOTA,,,,1,REGULAR,5:02:00,193440,285633,68
260118C052,HCI,18-Jan-2026,CDELC,BK8022LM,Binjai,Sumatera Utara,Solar,12.06,Customer,8,10.0,10,7,90000,627974,Sumatera,BINJAI,CDE,Internal,SumateraBINJAICDE,DALAM KOTA,,,,1,REGULAR,9:27:00,386880,151094,109
260118C046,HCI,18-Jan-2026,CDELC,BK8647MS,Medan,Sumatera Utara,Solar,11.03,Customer,21,4.77,10,13,82000,761247,Sumatera,MEDAN,CDE,Internal,SumateraMEDANCDE,DALAM KOTA,,,,1,REGULAR,8:24:00,386880,292367,73
260118C001,HCI,18-Jan-2026,CDELC,BK8031LM,Medan,Sumatera Utara,Solar,8.09,Customer,22,7.84,10,13,86000,623974,Sumatera,MEDAN,CDE,Internal,SumateraMEDANCDE,DALAM KOTA,,,,1,REGULAR,8:35:00,386880,151094,56
260118C055,HCI,18-Jan-2026,CDELC,BK8135LM,Medan,Sumatera Utara,Solar,9.56,Customer,9,4.93,10,7,69000,607377,Sumatera,MEDAN,CDE,Internal,SumateraMEDANCDE,DALAM KOTA,,,,1,REGULAR,11:38:00,386880,151497,64
260118C050,HCI,18-Jan-2026,CDELC,BK8806MH,Medan,Sumatera Utara,Solar,13.53,Customer,13,7.53,10,11,109000,493028,Sumatera,MEDAN,CDE,Internal,SumateraMEDANCDE,DALAM KOTA,,,,1,REGULAR,9:11:00,193440,190588,119
260118C053,HCI,18-Jan-2026,CDELC,BK8172LM,Medan,Sumatera Utara,Solar,11.32,Customer,15,5.58,10,5,124500,662877,Sumatera,MEDAN,CDE,Internal,SumateraMEDANCDE,DALAM KOTA,,,,1,REGULAR,3:16:00,386880,151497,96
260118C062,HCI,18-Jan-2026,CDELC,BK8807MH,Deli Serdang,Sumatera Utara,Solar,11.03,Customer,12,4.05,10,10,75000,459028,Sumatera,DELI SERDANG,CDE,Internal,SumateraDELI SERDANGCDE,DALAM KOTA,,,,1,REGULAR,5:40:00,193440,190588,78
260118C063,HCI,18-Jan-2026,PICKUP,BK8696MS,Deli Serdang,Sumatera Utara,Pertalite,2.6,Customer,3,3.0,3,3,26000,319973,Sumatera,DELI SERDANG,PICKUP,Internal,SumateraDELI SERDANGPICKUP,DALAM KOTA,,,,1,REGULAR,1:09:00,193440,100533,27
260118C075,HCI,18-Jan-2026,CDELC,BK8191MQ,Medan,Sumatera Utara,Solar,2.94,Customer,1,1.1,10,1,45000,450325,Sumatera,MEDAN,CDE,Internal,SumateraMEDANCDE,DALAM KOTA,,,,1,NON REGULAR,7:54:00,193440,211885,40
260118X001,HCI,18-Jan-2026,CDELC,BK8646MS,Medan,Sumatera Utara,Solar,5.74,Other Delivery,1,8.0,11,1,44000,351383,Sumatera,MEDAN,CDE LONG CHASSIS,Internal,SumateraMEDANCDE LONG CHASSIS,DALAM KOTA,,,,1,REGULAR,0:02:00,161200,146183,43
260118C051,HCI,18-Jan-2026,CDELC,BK8146LM,Medan,Sumatera Utara,Solar,5.88,Customer,2,5.51,10,2,40000,384937,Sumatera,MEDAN,CDE,Internal,SumateraMEDANCDE,DALAM KOTA,,,,1,REGULAR,2:55:00,193440,151497,39
260118X002,AHI,18-Jan-2026,CDELC,A8471ZX,Medan,Sumatera Utara,Solar,6.62,Other Delivery,1,1.1,10,1,50000,460387,Sumatera,MEDAN,CDE,Internal,SumateraMEDANCDE,DALAM KOTA,,,,1,REGULAR,4:56:00,257920,152467,45
260118C054,HCI,18-Jan-2026,CDELC,BK8073MQ,Medan,Sumatera Utara,Solar,9.56,Customer,15,7.53,10,8,80000,678765,Sumatera,MEDAN,CDE,Internal,SumateraMEDANCDE,DALAM KOTA,,,,1,REGULAR,11:02:00,386880,211885,70
260118C049,HCI,18-Jan-2026,CDELC,BK8112LM,Medan,Sumatera Utara,Solar,7.06,Customer,9,3.74,10,7,48000,199094,Sumatera,MEDAN,CDE,Internal,SumateraMEDANCDE,DALAM KOTA,,,,1,REGULAR,3:39:00,0,151094,52
260118C060,HCI,18-Jan-2026,CDELC,BK8871MS,Medan,Sumatera Utara,Solar,10.29,Customer,8,3.13,10,7,75000,268440,Sumatera,MEDAN,CDE,Internal,SumateraMEDANCDE,DALAM KOTA,,,,1,REGULAR,7:46:00,193440,,77
260118C047,HCI,18-Jan-2026,CDELC,BK8803MH,Medan,Sumatera Utara,Solar,8.09,Customer,25,5.98,10,8,60000,637468,Sumatera,MEDAN,CDE,Internal,SumateraMEDANCDE,DALAM KOTA,,,,1,REGULAR,7:50:00,386880,190588,49
260119L037,HCI,19-Jan-2026,PICKUP,BK8696MS,Medan,Sumatera Utara,Pertalite,6,Store,2,2.75,3,2,60000,547413,Sumatera,MEDAN,PICKUP,Internal,SumateraMEDANPICKUP,DALAM KOTA,,,,1,REGULAR,12:46:00,386880,100533,61
260119D043,HCI,19-Jan-2026,CDELC,BK8192MQ,Medan,Sumatera Utara,Solar,6.62,Store,60,8.86,10,4,85000,490325,Sumatera,MEDAN,CDE,Internal,SumateraMEDANCDE,DALAM KOTA,,,,1,REGULAR,10:11:00,193440,211885,41
260119C076,HCI,19-Jan-2026,CDELC,BK8805MH,Medan,Sumatera Utara,Solar,9.56,Customer,11,9.1,10,12,83000,468454,Sumatera,MEDAN,CDE,Internal,SumateraMEDANCDE,DALAM KOTA,,,,1,REGULAR,6:33:00,290160,95294,61
260119C079,HCI,19-Jan-2026,CDELC,BK8009MI,Medan,Sumatera Utara,Solar,9.56,Customer,10,4.89,10,10,79500,445409,Sumatera,MEDAN,CDE,Internal,SumateraMEDANCDE,DALAM KOTA,,,,1,REGULAR,6:41:00,290160,75749,99
260119D001,AHI,19-Jan-2026,CDELC,BK8009MI,Medan,Sumatera Utara,Solar,5.88,Store,56,10.0,10,1,40000,309189,Sumatera,MEDAN,CDE,Internal,SumateraMEDANCDE,DALAM KOTA,,,,1,REGULAR,2:44:00,193440,75749,41
260119D050,FBI,19-Jan-2026,PICKUP,BK8136LM,Medan,Sumatera Utara,Pertalite,9.3,Store,5,2.01,3,3,148000,371603,Sumatera,MEDAN,MINI VAN BOX,Internal,SumateraMEDANMINI VAN BOX,DALAM KOTA,,,,1,REGULAR,4:33:00,135408,88195,105
260119C073,HCI,19-Jan-2026,CDELC,BK8871MS,Medan,Sumatera Utara,Solar,25.59,Customer,18,10.0,10,14,207000,400440,Sumatera,MEDAN,CDE,Internal,SumateraMEDANCDE,DALAM KOTA,,,,1,REGULAR,9:08:00,193440,,168
260119C084,HCI,19-Jan-2026,CDELC,BK8135LM,Medan,Sumatera Utara,Solar,4.41,Customer,8,7.01,10,6,35000,304189,Sumatera,MEDAN,CDE,Internal,SumateraMEDANCDE,DALAM KOTA,,,,1,REGULAR,2:14:00,193440,75749,31
260119C072,HCI,19-Jan-2026,CDELC,BK8807MH,Medan,Sumatera Utara,Solar,15.44,Customer,17,8.78,10,9,151000,728468,Sumatera,MEDAN,CDE,Internal,SumateraMEDANCDE,DALAM KOTA,,,,1,REGULAR,9:49:00,386880,190588,136
260119C087,HCI,19-Jan-2026,CDELC,BK8871MS,Medan,Sumatera Utara,Solar,3.97,Customer,2,9.96,10,2,30000,223440,Sumatera,MEDAN,CDE,Internal,SumateraMEDANCDE,DALAM KOTA,,,,1,REGULAR,1:37:00,193440,,29
260119C061,HCI,19-Jan-2026,CDELC,BK8191MQ,Medan,Sumatera Utara,Solar,9.56,Customer,32,7.12,10,13,130000,728765,Sumatera,MEDAN,CDE,Internal,SumateraMEDANCDE,DALAM KOTA,,,,1,REGULAR,10:19:00,386880,211885,57
260119C070,HCI,19-Jan-2026,CDELC,BK8135LM,Medan,Sumatera Utara,Solar,7.65,Customer,7,4.32,10,8,52000,321189,Sumatera,MEDAN,CDE,Internal,SumateraMEDANCDE,DALAM KOTA,,,,1,REGULAR,6:40:00,193440,75749,59
260119C086,HCI,19-Jan-2026,CDELC,BK8112LM,Medan,Sumatera Utara,Solar,6.76,Customer,11,6.7,10,8,46000,411707,Sumatera,MEDAN,CDE,Internal,SumateraMEDANCDE,DALAM KOTA,,,,1,REGULAR,4:51:00,290160,75547,42
260119C069,HCI,19-Jan-2026,CDELC,BK8031LM,Binjai,Sumatera Utara,Solar,21.76,Customer,12,3.91,10,9,199500,737474,Sumatera,BINJAI,CDE,Internal,SumateraBINJAICDE,DALAM KOTA,,,,1,REGULAR,6:41:00,386880,151094,168
260119L036,HCI,19-Jan-2026,CDELC,BK8022LM,Pematangsiantar,Sumatera Utara,Solar,30.15,Store,1,8.8,10,1,421000,804222,Sumatera,PEMATANGSIANTAR,CDE,Internal,SumateraPEMATANGSIANTARCDE,LUAR KOTA,1300000,-495778,-38.14%,1,NON REGULAR,0:04:00,232128,151094,231
260119D033,AHI,19-Jan-2026,CDELC,BK8075MQ,Medan,Sumatera Utara,Solar,4.41,Store,111,8.6,10,1,40000,242663,Sumatera,MEDAN,CDE,Internal,SumateraMEDANCDE,DALAM KOTA,,,,1,REGULAR,2:15:00,96720,105943,31
260119C066,HCI,19-Jan-2026,CDELC,BK8803MH,Medan,Sumatera Utara,Solar,7.65,Customer,11,6.02,10,10,60000,637468,Sumatera,MEDAN,CDE,Internal,SumateraMEDANCDE,DALAM KOTA,,,,1,REGULAR,8:15:00,386880,190588,56
260119C071,HCI,19-Jan-2026,CDELC,BK8646MS,Medan,Sumatera Utara,Solar,12.5,Customer,14,5.41,10,11,100000,439623,Sumatera,MEDAN,CDE,Internal,SumateraMEDANCDE,DALAM KOTA,,,,1,REGULAR,5:53:00,193440,146183,80
260119C063,HCI,19-Jan-2026,CDELC,BK8806MH,Medan,Sumatera Utara,Solar,7.35,Customer,22,6.69,10,9,60000,637468,Sumatera,MEDAN,CDE,Internal,SumateraMEDANCDE,DALAM KOTA,,,,1,REGULAR,7:57:00,386880,190588,55
260119D002,AHI,19-Jan-2026,CDELC,BK8805MH,Medan,Sumatera Utara,Solar,4.41,Store,50,9.08,10,1,45000,237014,Sumatera,MEDAN,CDE,Internal,SumateraMEDANCDE,DALAM KOTA,,,,1,REGULAR,2:55:00,96720,95294,30
260119D032,AHI,19-Jan-2026,CDELC,BK8804MH,Medan,Sumatera Utara,Solar,4.34,Store,54,9.06,10,1,29500,221514,Sumatera,MEDAN,CDE,Internal,SumateraMEDANCDE,DALAM KOTA,,,,1,REGULAR,3:38:00,96720,95294,31
260119C068,HCI,19-Jan-2026,CDELC,BK8075MQ,Medan,Sumatera Utara,Solar,6.62,Customer,8,1.77,10,7,45000,441103,Sumatera,MEDAN,CDE,Internal,SumateraMEDANCDE,DALAM KOTA,,,,1,REGULAR,6:37:00,290160,105943,59
260119D041,HCI,19-Jan-2026,CDELC,BK8813MG,Medan,Sumatera Utara,Solar,11.47,Store,42,8.53,10,3,148500,393214,Sumatera,MEDAN,CDE,Internal,SumateraMEDANCDE,DALAM KOTA,,,,1,REGULAR,4:26:00,96720,147994,102
260119D031,HCI,19-Jan-2026,CDELC,BK8074MQ,Medan,Sumatera Utara,Solar,6.62,Store,75,8.11,10,2,45000,344383,Sumatera,MEDAN,CDE,Internal,SumateraMEDANCDE,DALAM KOTA,,,,1,REGULAR,7:23:00,193440,105943,41
260119D048,AHI,19-Jan-2026,CDELC,BK8146LM,Medan,Sumatera Utara,Solar,5.15,Store,1,9.5,10,1,50000,336905,Sumatera,MEDAN,CDE,Internal,SumateraMEDANCDE,DALAM KOTA,,,,1,REGULAR,5:08:00,135408,151497,31
260119H011,HCI,19-Jan-2026,CDELC,BK8309MS,Pematangsiantar,Sumatera Utara,Solar,26.47,HUB,31,8.67,10,2,396000,770945,Sumatera,PEMATANGSIANTAR,CDE,Internal,SumateraPEMATANGSIANTARCDE,LUAR KOTA,1300000,-529055,-40.70%,1,REGULAR,4:52:00,232128,142817,227
260119C077,HCI,19-Jan-2026,CDELC,BK8804MH,Medan,Sumatera Utara,Solar,5.29,Customer,11,9.81,10,10,66000,451454,Sumatera,MEDAN,CDE,Internal,SumateraMEDANCDE,DALAM KOTA,,,,1,REGULAR,3:56:00,290160,95294,36
260119C074,HCI,19-Jan-2026,CDELC,BK8074MQ,Medan,Sumatera Utara,Solar,8.82,Customer,9,5.45,10,2,102000,498103,Sumatera,MEDAN,CDE,Internal,SumateraMEDANCDE,DALAM KOTA,,,,1,REGULAR,9:49:00,290160,105943,67
260119C088,HCI,19-Jan-2026,CDELC,BK8646MS,Medan,Sumatera Utara,Solar,4.41,Customer,5,9.12,10,3,33000,372623,Sumatera,MEDAN,CDE,Internal,SumateraMEDANCDE,DALAM KOTA,,,,1,REGULAR,2:39:00,193440,146183,32
260119D049,FBI,19-Jan-2026,PICKUP,A8330VX,Medan,Sumatera Utara,Pertalite,6.1,Store,12,1.51,3,5,75000,391295,Sumatera,MEDAN,MINI VAN BOX,Internal,SumateraMEDANMINI VAN BOX,DALAM KOTA,,,,1,REGULAR,6:16:00,232128,84167,50
260119C078,HCI,19-Jan-2026,CDELC,BK8172LM,Medan,Sumatera Utara,Solar,11.76,Customer,18,5.9,10,14,114000,652377,Sumatera,MEDAN,CDE,Internal,SumateraMEDANCDE,DALAM KOTA,,,,1,REGULAR,7:29:00,386880,151497,72
260119C062,HCI,19-Jan-2026,CDELC,BK8647MS,Medan,Sumatera Utara,Solar,9.56,Customer,32,7.2,10,15,85000,764247,Sumatera,MEDAN,CDE,Internal,SumateraMEDANCDE,DALAM KOTA,,,,1,REGULAR,10:45:00,386880,292367,64
260119C080,HCI,19-Jan-2026,CDELC,BK8309MS,Deli Serdang,Sumatera Utara,Solar,13.24,Customer,7,5.34,10,5,90000,522977,Sumatera,DELI SERDANG,CDE,Internal,SumateraDELI SERDANGCDE,DALAM KOTA,,,,1,REGULAR,10:23:00,290160,142817,93
260119C082,HCI,19-Jan-2026,PICKUP,BK8633MS,Medan,Sumatera Utara,Pertalite,8.8,Customer,7,3.0,3,6,113000,587441,Sumatera,MEDAN,PICKUP,Internal,SumateraMEDANPICKUP,DALAM KOTA,,,,1,REGULAR,9:39:00,386880,87561,93
260119C059,HCI,19-Jan-2026,CDELC,BK8047MQ,Medan,Sumatera Utara,Solar,12.5,Customer,21,7.78,10,12,93000,691765,Sumatera,MEDAN,CDE,Internal,SumateraMEDANCDE,DALAM KOTA,,,,1,REGULAR,9:42:00,386880,211885,84
260119C065,HCI,19-Jan-2026,CDELC,BK8099LM,Medan,Sumatera Utara,Solar,3.68,Customer,9,10.0,10,4,25000,306490,Sumatera,MEDAN,CDE,Internal,SumateraMEDANCDE,DALAM KOTA,,,,1,REGULAR,3:33:00,193440,88050,30
260119C075,HCI,19-Jan-2026,CDELC,BK8141LM,Medan,Sumatera Utara,Solar,12.5,Customer,12,6.8,10,7,95000,632974,Sumatera,MEDAN,CDE,Internal,SumateraMEDANCDE,DALAM KOTA,,,,1,REGULAR,9:31:00,386880,151094,86
260119C085,HCI,19-Jan-2026,CDELC,BK8073MQ,Medan,Sumatera Utara,Solar,6.62,Customer,9,8.29,10,4,45000,353605,Sumatera,MEDAN,CDE,Internal,SumateraMEDANCDE,DALAM KOTA,,,,1,REGULAR,6:50:00,96720,211885,50
260119D036,HCI,19-Jan-2026,CDELC,BK8112LM,Medan,Sumatera Utara,Solar,5.88,Store,47,9.4,10,1,50000,318987,Sumatera,MEDAN,CDE,Internal,SumateraMEDANCDE,DALAM KOTA,,,,1,REGULAR,1:16:00,193440,75547,36
260119C064,HCI,19-Jan-2026,CDELC,BK8099LM,Medan,Sumatera Utara,Solar,8.82,Customer,12,6.71,10,10,69500,350990,Sumatera,MEDAN,CDE,Internal,SumateraMEDANCDE,DALAM KOTA,,,,1,REGULAR,5:42:00,193440,88050,72
260120D027,AHI,20-Jan-2026,CDELC,BK8146LM,Medan,Sumatera Utara,Solar,5.88,Store,2,8.8,10,1,74000,440430,Sumatera,MEDAN,CDE,Internal,SumateraMEDANCDE,DALAM KOTA,,,,1,REGULAR,8:56:00,214933,151497,40
260120L027,AHI,20-Jan-2026,CDELC,BK8192MQ,Pematangsiantar,Sumatera Utara,Solar,30.88,Store,1,8.0,10,1,426000,746876,Sumatera,PEMATANGSIANTAR,CDE,Internal,SumateraPEMATANGSIANTARCDE,LUAR KOTA,1300000,-553124,-42.55%,1,REGULAR,3:42:00,214933,105943,242
260120D025,AHI,20-Jan-2026,CDELC,BK8073MQ,Medan,Sumatera Utara,Solar,5.15,Store,1,8.8,10,1,35000,259156,Sumatera,MEDAN,CDE,Internal,SumateraMEDANCDE,DALAM KOTA,,,,1,REGULAR,0:59:00,118213,105943,30
260120D028,AHI,20-Jan-2026,CDELC,BK8099LM,Medan,Sumatera Utara,Solar,5.15,Store,3,9.4,10,3,40000,246263,Sumatera,MEDAN,CDE,Internal,SumateraMEDANCDE,DALAM KOTA,,,,1,REGULAR,1:59:00,118213,88050,39
260120L028,AHI,20-Jan-2026,CDELC,BK8074MQ,Pematangsiantar,Sumatera Utara,Solar,32.35,Store,1,5.0,10,1,436000,766098,Sumatera,PEMATANGSIANTAR,CDE,Internal,SumateraPEMATANGSIANTARCDE,LUAR KOTA,1300000,-533902,-41.07%,1,REGULAR,4:53:00,118213,211885,231
260120D026,AHI,20-Jan-2026,CDELC,BK8172LM,Medan,Sumatera Utara,Solar,4.41,Store,1,8.8,10,1,30000,320682,Sumatera,MEDAN,CDE,Internal,SumateraMEDANCDE,DALAM KOTA,,,,1,REGULAR,2:20:00,214933,75749,30
260120D023,FBI,20-Jan-2026,PICKUP,A8330VX,Medan,Sumatera Utara,Pertalite,9.8,Store,9,1.82,3,4,113500,412600,Sumatera,MEDAN,MINI VAN BOX,Internal,SumateraMEDANMINI VAN BOX,DALAM KOTA,,,,1,REGULAR,5:04:00,214933,84167,77
260120D024,FBI,20-Jan-2026,PICKUP,BK8136LM,Medan,Sumatera Utara,Pertalite,4,Store,12,2.47,3,4,45000,348128,Sumatera,MEDAN,MINI VAN BOX,Internal,SumateraMEDANMINI VAN BOX,DALAM KOTA,,,,1,REGULAR,4:28:00,214933,88195,34
260120C053,HCI,20-Jan-2026,CDELC,BK8803MH,Medan,Sumatera Utara,Solar,14.71,Customer,26,8.31,10,13,109000,686468,Sumatera,MEDAN,CDE,Internal,SumateraMEDANCDE,DALAM KOTA,,,,1,REGULAR,6:30:00,386880,190588,116
260120C054,HCI,20-Jan-2026,CDELC,BK8047MQ,Medan,Sumatera Utara,Solar,11.76,Customer,32,8.45,10,19,133000,731765,Sumatera,MEDAN,CDE,Internal,SumateraMEDANCDE,DALAM KOTA,,,,1,REGULAR,8:27:00,386880,211885,83
260120C055,HCI,20-Jan-2026,CDELC,BK8806MH,Medan,Sumatera Utara,Solar,10.29,Customer,35,8.88,10,16,85000,469028,Sumatera,MEDAN,CDE,Internal,SumateraMEDANCDE,DALAM KOTA,,,,1,REGULAR,8:14:00,193440,190588,63
260120C056,HCI,20-Jan-2026,CDELC,BK8813MG,Medan,Sumatera Utara,Solar,13.82,Customer,24,5.61,10,15,104000,638874,Sumatera,MEDAN,CDE,Internal,SumateraMEDANCDE,DALAM KOTA,,,,1,REGULAR,8:01:00,386880,147994,87
260120C057,HCI,20-Jan-2026,CDELC,BK8299MH,Medan,Sumatera Utara,Solar,7.35,Customer,11,9.78,10,8,60000,598377,Sumatera,MEDAN,CDE,Internal,SumateraMEDANCDE,DALAM KOTA,,,,1,REGULAR,8:30:00,386880,151497,52
260120C058,HCI,20-Jan-2026,CDELC,BK8009MI,Medan,Sumatera Utara,Solar,16.62,Customer,19,8.29,10,15,113000,554657,Sumatera,MEDAN,CDE,Internal,SumateraMEDANCDE,DALAM KOTA,,,,1,REGULAR,21:20:00,290160,151497,81
260120C060,HCI,20-Jan-2026,CDELC,BK8805MH,Medan,Sumatera Utara,Solar,14.71,Customer,13,8.07,10,11,100000,677468,Sumatera,MEDAN,CDE,Internal,SumateraMEDANCDE,DALAM KOTA,,,,1,REGULAR,21:44:00,386880,190588,61
260120C062,HCI,20-Jan-2026,CDELC,BK8804MH,Medan,Sumatera Utara,Solar,18.38,Customer,10,5.79,10,11,161500,546954,Sumatera,MEDAN,CDE,Internal,SumateraMEDANCDE,DALAM KOTA,,,,1,REGULAR,7:14:00,290160,95294,86
260120C064,HCI,20-Jan-2026,CDELC,BK8309MS,Medan,Sumatera Utara,Solar,12.79,Customer,23,8.19,10,14,112000,784513,Sumatera,MEDAN,CDE,Internal,SumateraMEDANCDE,DALAM KOTA,,,,1,REGULAR,7:44:00,386880,285633,75
260120D017,AHI,20-Jan-2026,CDELC,BK8112LM,Medan,Sumatera Utara,Solar,3.68,Store,83,9.79,10,1,25000,172085,Sumatera,MEDAN,CDE,Internal,SumateraMEDANCDE,DALAM KOTA,,,,1,REGULAR,1:32:00,96720,50365,25
260120D018,AHI,20-Jan-2026,CDELC,BK8031LM,Medan,Sumatera Utara,Solar,3.68,Store,50,8.51,10,1,40000,287814,Sumatera,MEDAN,CDE,Internal,SumateraMEDANCDE,DALAM KOTA,,,,1,REGULAR,5:36:00,96720,151094,31
260120C065,HCI,20-Jan-2026,CDELC,BK8646MS,Medan,Sumatera Utara,Solar,13.97,Customer,13,6.05,10,11,126000,708527,Sumatera,MEDAN,CDE,Internal,SumateraMEDANCDE,DALAM KOTA,,,,1,REGULAR,4:04:00,290160,292367,91
260120C066,HCI,20-Jan-2026,CDELC,BK8871MS,Medan,Sumatera Utara,Solar,17.65,Customer,19,8.13,10,15,135500,522380,Sumatera,MEDAN,CDE,Internal,SumateraMEDANCDE,DALAM KOTA,,,,1,REGULAR,9:56:00,386880,,128
260120C069,HCI,20-Jan-2026,CDELC,BK8172LM,Medan,Sumatera Utara,Solar,10.29,Customer,8,7.16,10,8,90500,456409,Sumatera,MEDAN,CDE,Internal,SumateraMEDANCDE,DALAM KOTA,,,,1,REGULAR,4:20:00,290160,75749,77
260120D019,AHI,20-Jan-2026,CDELC,BK8022LM,Medan,Sumatera Utara,Solar,4.41,Store,62,9.08,10,1,30000,374534,Sumatera,MEDAN,CDE,Internal,SumateraMEDANCDE,DALAM KOTA,,,,1,REGULAR,5:34:00,193440,151094,32
260120C070,HCI,20-Jan-2026,CDELC,BK8073MQ,Medan,Sumatera Utara,Solar,9.12,Customer,15,7.5,10,10,62000,554823,Sumatera,MEDAN,CDE,Internal,SumateraMEDANCDE,DALAM KOTA,,,,1,REGULAR,8:31:00,386880,105943,72
260120C071,HCI,20-Jan-2026,CDELC,BK8099LM,Medan,Sumatera Utara,Solar,8.09,Customer,9,5.4,10,9,80000,361490,Sumatera,MEDAN,CDE,Internal,SumateraMEDANCDE,DALAM KOTA,,,,1,REGULAR,16:18:00,193440,88050,45
260120D020,AHI,20-Jan-2026,CDELC,BK8141LM,Medan,Sumatera Utara,Solar,4.41,Store,70,9.48,10,1,40000,212267,Sumatera,MEDAN,CDE,Internal,SumateraMEDANCDE,DALAM KOTA,,,,1,REGULAR,1:55:00,96720,75547,31
260120C072,HCI,20-Jan-2026,CDELC,BK8647MS,Medan,Sumatera Utara,Solar,9.56,Customer,17,4.84,10,14,84500,763747,Sumatera,MEDAN,CDE,Internal,SumateraMEDANCDE,DALAM KOTA,,,,1,REGULAR,9:04:00,386880,292367,59
260120C073,HCI,20-Jan-2026,CDELC,BK8141LM,Medan,Sumatera Utara,Solar,7.35,Customer,18,7.94,10,11,62500,428207,Sumatera,MEDAN,CDE,Internal,SumateraMEDANCDE,DALAM KOTA,,,,1,REGULAR,4:57:00,290160,75547,46
260120D021,AHI,20-Jan-2026,CDELC,BK8804MH,Medan,Sumatera Utara,Solar,3.09,Store,96,10.0,10,1,21000,309734,Sumatera,MEDAN,CDE,Internal,SumateraMEDANCDE,DALAM KOTA,,,,1,REGULAR,2:20:00,193440,95294,23
260120C075,HCI,20-Jan-2026,CDELC,BK8191MQ,Medan,Sumatera Utara,Solar,8.09,Customer,22,8.92,10,10,68000,473325,Sumatera,MEDAN,CDE,Internal,SumateraMEDANCDE,DALAM KOTA,,,,1,REGULAR,6:31:00,193440,211885,54
260120C076,HCI,20-Jan-2026,CDELC,BK8135LM,Deli Serdang,Sumatera Utara,Solar,8.09,Customer,5,5.58,10,3,55000,420909,Sumatera,DELI SERDANG,CDE,Internal,SumateraDELI SERDANGCDE,DALAM KOTA,,,,1,REGULAR,16:10:00,290160,75749,63
260120C077,HCI,20-Jan-2026,PICKUP,BK8696MS,Medan,Sumatera Utara,Pertalite,4.3,Customer,5,2.32,3,4,43000,286707,Sumatera,MEDAN,PICKUP,Internal,SumateraMEDANPICKUP,DALAM KOTA,,,,1,REGULAR,3:28:00,193440,50267,50
260120C022,HCI,20-Jan-2026,CDELC,BK8807MH,Asahan,Sumatera Utara,Solar,42.65,Customer,3,9.46,10,1,582500,1159968,Sumatera,ASAHAN,CDE,Internal,SumateraASAHANCDE,LUAR KOTA,,,,1,REGULAR,7:18:00,386880,190588,337
260120C078,HCI,20-Jan-2026,CDELC,BK8112LM,Medan,Sumatera Utara,Solar,11.03,Customer,7,10.0,10,6,90500,431025,Sumatera,MEDAN,CDE,Internal,SumateraMEDANCDE,DALAM KOTA,,,,1,REGULAR,6:53:00,290160,50365,68
260120C079,HCI,20-Jan-2026,CDELC,BK8192MQ,Medan,Sumatera Utara,Solar,11.03,Customer,1,10.0,10,1,84000,383383,Sumatera,MEDAN,CDE,Internal,SumateraMEDANCDE,DALAM KOTA,,,,1,REGULAR,0:45:00,193440,105943,66
260120C081,HCI,20-Jan-2026,PICKUP,BK8633MS,Medan,Sumatera Utara,Pertalite,5.2,Customer,3,1.78,3,2,55500,336501,Sumatera,MEDAN,PICKUP,Internal,SumateraMEDANPICKUP,DALAM KOTA,,,,1,REGULAR,4:45:00,193440,87561,56
260120L026,HCI,20-Jan-2026,CDELC,BK8075MQ,Pematangsiantar,Sumatera Utara,Solar,32.35,Store,31,10.0,10,1,436000,638663,Sumatera,PEMATANGSIANTAR,CDE,Internal,SumateraPEMATANGSIANTARCDE,LUAR KOTA,1300000,-661338,-50.87%,1,REGULAR,5:31:00,96720,105943,230
260120C093,HCI,20-Jan-2026,PICKUP,BK8696MS,Medan,Sumatera Utara,Pertalite,4.8,Customer,2,2.53,3,2,57500,301207,Sumatera,MEDAN,PICKUP,Internal,SumateraMEDANPICKUP,DALAM KOTA,,,,1,REGULAR,7:46:00,193440,50267,53
260120D022,KI,20-Jan-2026,CDELC,BK8135LM,Medan,Sumatera Utara,Solar,4.41,Store,5,8.63,10,1,30000,320682,Sumatera,MEDAN,CDE,Internal,SumateraMEDANCDE,DALAM KOTA,,,,1,REGULAR,2:02:00,214933,75749,31
260121C060,HCI,21-Jan-2026,CDELC,BK8804MH,Medan,Sumatera Utara,Solar,15.44,Customer,14,5.81,10,12,127000,704468,Sumatera,MEDAN,CDE,Internal,SumateraMEDANCDE,DALAM KOTA,,,,1,REGULAR,11:53:00,386880,190588,135
260121D027,FBI,21-Jan-2026,PICKUP,A8330VX,Medan,Sumatera Utara,Pertalite,4.8,Store,3,2.46,3,3,57000,259380,Sumatera,MEDAN,MINI VAN BOX,Internal,SumateraMEDANMINI VAN BOX,DALAM KOTA,,,,1,REGULAR,1:44:00,118213,84167,53
260121C065,HCI,21-Jan-2026,PICKUP,BK8633MS,Medan,Sumatera Utara,Pertalite,6.3,Customer,7,3.0,3,6,63000,396941,Sumatera,MEDAN,PICKUP,Internal,SumateraMEDANPICKUP,DALAM KOTA,,,,1,REGULAR,5:00:00,290160,43781,64
260121D022,HCI,21-Jan-2026,CDELC,BK8192MQ,Medan,Sumatera Utara,Solar,5.88,Store,44,9.21,10,2,50000,455325,Sumatera,MEDAN,CDE,Internal,SumateraMEDANCDE,DALAM KOTA,,,,1,REGULAR,9:38:00,193440,211885,49
260121D034,AHI,21-Jan-2026,PICKUP,BK8696MS,Medan,Sumatera Utara,Pertalite,3,Store,1,3.0,3,1,40000,258747,Sumatera,MEDAN,PICKUP,Internal,SumateraMEDANPICKUP,DALAM KOTA,,,,1,REGULAR,0:58:00,118213,100533,31
260121C056,HCI,21-Jan-2026,CDELC,BK8073MQ,Binjai,Sumatera Utara,Solar,18.38,Customer,6,5.78,10,6,179500,778265,Sumatera,BINJAI,CDE,Internal,SumateraBINJAICDE,DALAM KOTA,,,,1,REGULAR,7:00:00,386880,211885,143
260121C077,TGI,21-Jan-2026,CDELC,BK8099LM,Medan,Sumatera Utara,Solar,4.41,Customer,29,1.05,10,2,55000,357983,Sumatera,MEDAN,CDE,Internal,SumateraMEDANCDE,DALAM KOTA,,,,1,REGULAR,3:40:00,214933,88050,35
260121C062,HCI,21-Jan-2026,CDELC,BK8299MH,Medan,Sumatera Utara,Solar,6.62,Customer,2,0.55,10,2,45000,217469,Sumatera,MEDAN,CDE,Internal,SumateraMEDANCDE,DALAM KOTA,,,,1,REGULAR,7:54:00,96720,75749,40
260121C057,HCI,21-Jan-2026,CDELC,BK8803MH,Medan,Sumatera Utara,Solar,11.03,Customer,12,6.68,10,9,90000,667468,Sumatera,MEDAN,CDE,Internal,SumateraMEDANCDE,DALAM KOTA,,,,1,REGULAR,6:05:00,386880,190588,75
260121D023,HCI,21-Jan-2026,PICKUP,BK8633MS,Medan,Sumatera Utara,Pertalite,3.7,Store,26,3.0,3,1,42000,279221,Sumatera,MEDAN,PICKUP,Internal,SumateraMEDANPICKUP,DALAM KOTA,,,,1,REGULAR,3:39:00,193440,43781,32
260121C059,HCI,21-Jan-2026,CDELC,BK8805MH,Medan,Sumatera Utara,Solar,13.97,Customer,10,10.0,10,10,103000,680468,Sumatera,MEDAN,CDE,Internal,SumateraMEDANCDE,DALAM KOTA,,,,1,REGULAR,9:08:00,386880,190588,104
260121C097,HCI,21-Jan-2026,PICKUP,BK8136LM,Medan,Sumatera Utara,Pertalite,6,Customer,1,0.26,3,1,60000,394258,Sumatera,MEDAN,MINI VAN BOX,Internal,SumateraMEDANMINI VAN BOX,DALAM KOTA,,,,1,NON REGULAR,2:54:00,290160,44098,61
260121C052,HCI,21-Jan-2026,CDELC,BK8646MS,Medan,Sumatera Utara,Solar,3.68,Customer,3,4.29,10,4,29000,368623,Sumatera,MEDAN,CDE,Internal,SumateraMEDANCDE,DALAM KOTA,,,,1,REGULAR,3:04:00,193440,146183,22
260121D021,HCI,21-Jan-2026,CDELC,BK8146LM,Medan,Sumatera Utara,Solar,4.41,Store,45,9.4,10,1,55000,399937,Sumatera,MEDAN,CDE,Internal,SumateraMEDANCDE,DALAM KOTA,,,,1,REGULAR,6:27:00,193440,151497,30
260121D028,FBI,21-Jan-2026,PICKUP,BK8136LM,Binjai,Sumatera Utara,Pertalite,8.3,Store,2,0.34,3,2,119500,281811,Sumatera,BINJAI,MINI VAN BOX,Internal,SumateraBINJAIMINI VAN BOX,DALAM KOTA,,,,1,REGULAR,4:05:00,118213,44098,93
260121C053,HCI,21-Jan-2026,CDELC,BK8009MI,Medan,Sumatera Utara,Solar,8.82,Customer,15,5.94,10,14,60000,404937,Sumatera,MEDAN,CDE,Internal,SumateraMEDANCDE,DALAM KOTA,,,,1,REGULAR,10:02:00,193440,151497,76
260121X001,HCI,21-Jan-2026,CDELC,BK8299MH,Medan,Sumatera Utara,Solar,5,Other Delivery,1,8.8,10,1,34000,324682,Sumatera,MEDAN,CDE,Internal,SumateraMEDANCDE,DALAM KOTA,,,,1,REGULAR,2:11:00,214933,75749,32
260121D020,HCI,21-Jan-2026,CDELC,BK8075MQ,Medan,Sumatera Utara,Solar,2.94,Store,51,9.42,10,1,20000,319383,Sumatera,MEDAN,CDE,Internal,SumateraMEDANCDE,DALAM KOTA,,,,1,REGULAR,2:55:00,193440,105943,24
260121D024,HCI,21-Jan-2026,CDELC,BK8135LM,Medan,Sumatera Utara,Solar,5.88,Store,60,8.99,10,1,49500,394437,Sumatera,MEDAN,CDE,Internal,SumateraMEDANCDE,DALAM KOTA,,,,1,REGULAR,8:36:00,193440,151497,41
260121D030,HCI,21-Jan-2026,CDELC,BK8031LM,Medan,Sumatera Utara,Solar,4.41,Store,1,8.5,10,1,50000,319307,Sumatera,MEDAN,CDE,Internal,SumateraMEDANCDE,DALAM KOTA,,,,1,REGULAR,3:02:00,118213,151094,33
260121C055,HCI,21-Jan-2026,CDELC,BK8646MS,Medan,Sumatera Utara,Solar,8.09,Customer,8,4.3,10,7,55000,394623,Sumatera,MEDAN,CDE,Internal,SumateraMEDANCDE,DALAM KOTA,,,,1,REGULAR,4:09:00,193440,146183,61
260121H013,HCI,21-Jan-2026,CDELC,BK8047MQ,Pematangsiantar,Sumatera Utara,Solar,35.29,HUB,10,1.33,10,3,469000,789876,Sumatera,PEMATANGSIANTAR,CDE,Internal,SumateraPEMATANGSIANTARCDE,LUAR KOTA,1300000,-510124,-39.24%,1,REGULAR,6:56:00,214933,105943,262
260121C051,HCI,21-Jan-2026,CDELC,BK8022LM,Medan,Sumatera Utara,Solar,8.82,Customer,18,5.8,10,12,60000,597974,Sumatera,MEDAN,CDE,Internal,SumateraMEDANCDE,DALAM KOTA,,,,1,REGULAR,7:42:00,386880,151094,75
260121C050,HCI,21-Jan-2026,CDELC,BK8191MQ,Medan,Sumatera Utara,Solar,7.35,Customer,15,7.86,10,11,70000,572045,Sumatera,MEDAN,CDE,Internal,SumateraMEDANCDE,DALAM KOTA,,,,1,REGULAR,8:03:00,290160,211885,61
260121H009,HCI,21-Jan-2026,CDELC,BK8806MH,Pematangsiantar,Sumatera Utara,Solar,54.41,HUB,13,10.0,10,3,709000,1114521,Sumatera,PEMATANGSIANTAR,CDE,Internal,SumateraPEMATANGSIANTARCDE,LUAR KOTA,1300000,-185479,-14.27%,1,REGULAR,12:40:00,214933,190588,460
260121C049,HCI,21-Jan-2026,CDELC,BK8647MS,Medan,Sumatera Utara,Solar,8.82,Customer,19,4.41,10,13,116000,601807,Sumatera,MEDAN,CDE,Internal,SumateraMEDANCDE,DALAM KOTA,,,,1,REGULAR,10:08:00,193440,292367,55
260121C089,HCI,21-Jan-2026,CDELC,BK8099LM,Medan,Sumatera Utara,Solar,5.88,Customer,5,2.03,10,5,52500,430710,Sumatera,MEDAN,CDE,Internal,SumateraMEDANCDE,DALAM KOTA,,,,1,REGULAR,2:54:00,290160,88050,55
260121C054,HCI,21-Jan-2026,CDELC,BK8172LM,Medan,Sumatera Utara,Solar,10.74,Customer,13,3.89,10,12,80000,618377,Sumatera,MEDAN,CDE,Internal,SumateraMEDANCDE,DALAM KOTA,,,,1,REGULAR,8:42:00,386880,151497,103
260121C063,HCI,21-Jan-2026,CDELC,BK8871MS,Medan,Sumatera Utara,Solar,13.68,Customer,11,10.0,10,8,112000,498880,Sumatera,MEDAN,CDE,Internal,SumateraMEDANCDE,DALAM KOTA,,,,1,REGULAR,10:07:00,386880,,100
260121D031,HCI,21-Jan-2026,CDELC,BK8074MQ,Medan,Sumatera Utara,Solar,7.5,Store,15,9.25,10,4,90000,516818,Sumatera,MEDAN,CDE,Internal,SumateraMEDANCDE,DALAM KOTA,,,,1,REGULAR,7:46:00,214933,211885,48
260121C066,HCI,21-Jan-2026,CDELC,BK8075MQ,Medan,Sumatera Utara,Solar,4.41,Customer,4,8.87,10,3,34500,430603,Sumatera,MEDAN,CDE,Internal,SumateraMEDANCDE,DALAM KOTA,,,,1,REGULAR,5:38:00,290160,105943,37
260121C048,HCI,21-Jan-2026,CDELC,BK8807MH,Medan,Sumatera Utara,Solar,11.76,Customer,18,8.89,10,11,87000,471028,Sumatera,MEDAN,CDE,Internal,SumateraMEDANCDE,DALAM KOTA,,,,1,REGULAR,5:56:00,193440,190588,87
260121C061,HCI,21-Jan-2026,CDELC,BK8309MS,Medan,Sumatera Utara,Solar,9.56,Customer,18,5.49,10,14,83000,755513,Sumatera,MEDAN,CDE,Internal,SumateraMEDANCDE,DALAM KOTA,,,,1,REGULAR,7:16:00,386880,285633,72
260122D029,HCI,22-Jan-2026,CDELC,BK8807MH,Medan,Sumatera Utara,Solar,3.68,Store,21,9.38,10,1,25000,217014,Sumatera,MEDAN,CDE,Internal,SumateraMEDANCDE,DALAM KOTA,,,,1,REGULAR,0:49:00,96720,95294,24
260122H009,HCI,22-Jan-2026,CDELC,BK8192MQ,Pematangsiantar,Sumatera Utara,Solar,35.15,HUB,10,9.2,10,2,470000,899505,Sumatera,PEMATANGSIANTAR,CDE,Internal,SumateraPEMATANGSIANTARCDE,LUAR KOTA,1300000,-400495,-30.81%,1,REGULAR,9:37:00,217620,211885,257
260121D035,AHI,22-Jan-2026,CDELC,BK8806MH,Medan,Sumatera Utara,Solar,5.15,Store,36,8.62,10,1,45000,356488,Sumatera,MEDAN,CDE,Internal,SumateraMEDANCDE,DALAM KOTA,,,,1,REGULAR,2:12:00,120900,190588,35
260122C049,HCI,22-Jan-2026,CDELC,BK8191MQ,Medan,Sumatera Utara,Solar,11.76,Customer,18,7.41,10,11,125000,530325,Sumatera,MEDAN,CDE,Internal,SumateraMEDANCDE,DALAM KOTA,,,,1,REGULAR,8:38:00,193440,211885,89
260122C057,HCI,22-Jan-2026,CDELC,BK8146LM,Binjai,Sumatera Utara,Solar,16.91,Customer,4,2.83,10,6,147000,588657,Sumatera,BINJAI,CDE,Internal,SumateraBINJAICDE,DALAM KOTA,,,,1,REGULAR,7:05:00,290160,151497,108
260122C062,HCI,22-Jan-2026,CDELC,BK8646MS,Medan,Sumatera Utara,Solar,7.35,Customer,13,7.81,10,11,74500,414123,Sumatera,MEDAN,CDE,Internal,SumateraMEDANCDE,DALAM KOTA,,,,1,REGULAR,3:54:00,193440,146183,55
260122D026,HCI,22-Jan-2026,CDELC,BK8646MS,Medan,Sumatera Utara,Solar,4.56,Store,40,9.04,10,1,41000,283903,Sumatera,MEDAN,CDE,Internal,SumateraMEDANCDE,DALAM KOTA,,,,1,REGULAR,1:05:00,96720,146183,29
260122D030,HCI,22-Jan-2026,CDELC,BK8804MH,Medan,Sumatera Utara,Solar,6.62,Store,33,8.27,10,3,70000,454028,Sumatera,MEDAN,CDE,Internal,SumateraMEDANCDE,DALAM KOTA,,,,1,REGULAR,7:34:00,193440,190588,66
260122C060,HCI,22-Jan-2026,CDELC,BK8871MS,Medan,Sumatera Utara,Solar,11.76,Customer,6,2.75,10,5,102000,198720,Sumatera,MEDAN,CDE,Internal,SumateraMEDANCDE,DALAM KOTA,,,,1,REGULAR,4:45:00,96720,,87
260122C061,HCI,22-Jan-2026,CDELC,BK8075MQ,Medan,Sumatera Utara,Solar,5.15,Customer,10,7.54,10,9,35000,431103,Sumatera,MEDAN,CDE,Internal,SumateraMEDANCDE,DALAM KOTA,,,,1,REGULAR,6:09:00,290160,105943,35
260122C059,HCI,22-Jan-2026,CDELC,BK8172LM,Medan,Sumatera Utara,Solar,14.71,Customer,17,4.6,10,9,131000,669377,Sumatera,MEDAN,CDE,Internal,SumateraMEDANCDE,DALAM KOTA,,,,1,REGULAR,7:58:00,386880,151497,107
260122D025,HCI,22-Jan-2026,CDELC,BK8047MQ,Medan,Sumatera Utara,Solar,5.15,Store,55,8.75,10,1,35000,440325,Sumatera,MEDAN,CDE,Internal,SumateraMEDANCDE,DALAM KOTA,,,,1,REGULAR,8:16:00,193440,211885,39
260122C054,HCI,22-Jan-2026,CDELC,BK8141LM,Medan,Sumatera Utara,Solar,11.76,Customer,11,3.97,10,8,80000,521254,Sumatera,MEDAN,CDE,Internal,SumateraMEDANCDE,DALAM KOTA,,,,1,REGULAR,6:58:00,290160,151094,77
260122D028,HCI,22-Jan-2026,CDELC,BK8009MI,Medan,Sumatera Utara,Solar,4.41,Store,42,9.13,10,1,37000,381937,Sumatera,MEDAN,CDE,Internal,SumateraMEDANCDE,DALAM KOTA,,,,1,REGULAR,2:53:00,193440,151497,40
260122D040,AHI,22-Jan-2026,CDELC,BK8309MS,Medan,Sumatera Utara,Solar,5,Store,156,8.63,10,1,50000,313717,Sumatera,MEDAN,CDE,Internal,SumateraMEDANCDE,DALAM KOTA,,,,1,REGULAR,0:43:00,120900,142817,36
260122D027,HCI,22-Jan-2026,CDELC,BK8075MQ,Medan,Sumatera Utara,Solar,3.68,Store,35,8.81,10,1,25000,324383,Sumatera,MEDAN,CDE,Internal,SumateraMEDANCDE,DALAM KOTA,,,,1,REGULAR,2:10:00,193440,105943,23
260122D032,HCI,22-Jan-2026,CDELC,BK8099LM,Medan,Sumatera Utara,Solar,5.15,Store,61,9.33,10,1,55000,231100,Sumatera,MEDAN,CDE,Internal,SumateraMEDANCDE,DALAM KOTA,,,,1,REGULAR,10:10:00,0,176100,34
260122D024,HCI,22-Jan-2026,FUSO,BK8815MG,Medan,Sumatera Utara,Solar,11.76,Store,186,30.92,34,1,255000,802398,Sumatera,MEDAN,FUSO,Internal,SumateraMEDANFUSO,DALAM KOTA,,,,1,REGULAR,6:13:00,193440,353958,49
260122C063,HCI,22-Jan-2026,CDELC,BK8309MS,Medan,Sumatera Utara,Solar,7.5,Customer,7,8.14,10,8,60000,492977,Sumatera,MEDAN,CDE,Internal,SumateraMEDANCDE,DALAM KOTA,,,,1,REGULAR,5:16:00,290160,142817,51
260122C068,HCI,22-Jan-2026,PICKUP,BK8633MS,Deli Serdang,Sumatera Utara,Pertalite,5,Customer,5,3.0,3,4,50000,331001,Sumatera,DELI SERDANG,PICKUP,Internal,SumateraDELI SERDANGPICKUP,DALAM KOTA,,,,1,REGULAR,7:15:00,193440,87561,58
260122D023,AHI,22-Jan-2026,CDELC,BK8299MH,Medan,Sumatera Utara,Solar,4.41,Store,40,9.17,10,1,45000,389937,Sumatera,MEDAN,CDE,Internal,SumateraMEDANCDE,DALAM KOTA,,,,1,REGULAR,2:31:00,193440,151497,31
260122D042,HCI,22-Jan-2026,CDELC,BK8074MQ,Medan,Sumatera Utara,Solar,4.41,Store,1,8.8,10,1,55000,484505,Sumatera,MEDAN,CDE,Internal,SumateraMEDANCDE,DALAM KOTA,,,,1,REGULAR,8:07:00,217620,211885,30
260122C067,HCI,22-Jan-2026,PICKUP,BK8696MS,Medan,Sumatera Utara,Pertalite,11.2,Customer,4,2.67,3,4,165500,652913,Sumatera,MEDAN,PICKUP,Internal,SumateraMEDANPICKUP,DALAM KOTA,,,,1,REGULAR,9:43:00,386880,100533,136
260122C052,HCI,22-Jan-2026,CDELC,BK8803MH,Medan,Sumatera Utara,Solar,8.82,Customer,22,5.82,10,16,80000,464028,Sumatera,MEDAN,CDE,Internal,SumateraMEDANCDE,DALAM KOTA,,,,1,REGULAR,9:25:00,193440,190588,57
260122D039,AHI,22-Jan-2026,CDELC,BK8073MQ,Medan,Sumatera Utara,Solar,3.24,Store,1,8.8,10,1,22000,354785,Sumatera,MEDAN,CDE,Internal,SumateraMEDANCDE,DALAM KOTA,,,,1,REGULAR,2:06:00,120900,211885,23
260122D035,FBI,22-Jan-2026,PICKUP,A8330VX,Medan,Sumatera Utara,Pertalite,7.2,Store,10,1.91,3,4,90500,392287,Sumatera,MEDAN,MINI VAN BOX,Internal,SumateraMEDANMINI VAN BOX,DALAM KOTA,,,,1,REGULAR,8:59:00,217620,84167,76
260122D041,AHI,22-Jan-2026,CDELC,BK8871MS,Medan,Sumatera Utara,Solar,4.41,Store,1,9.8,11,1,30000,247620,Sumatera,MEDAN,CDE LONG CHASSIS,Internal,SumateraMEDANCDE LONG CHASSIS,DALAM KOTA,,,,1,REGULAR,2:28:00,217620,,35
260122C073,HCI,22-Jan-2026,CDELC,BK8807MH,Medan,Sumatera Utara,Solar,5.15,Customer,5,6.48,10,2,43000,331734,Sumatera,MEDAN,CDE,Internal,SumateraMEDANCDE,DALAM KOTA,,,,1,REGULAR,1:05:00,193440,95294,35
260122D037,FBI,22-Jan-2026,PICKUP,BK8136LM,Medan,Sumatera Utara,Pertalite,8.2,Store,7,2.35,3,3,87000,296095,Sumatera,MEDAN,MINI VAN BOX,Internal,SumateraMEDANMINI VAN BOX,DALAM KOTA,,,,1,REGULAR,7:28:00,120900,88195,31
260122C056,HCI,22-Jan-2026,CDELC,BK8647MS,Medan,Sumatera Utara,Solar,20.59,Customer,15,8.79,10,10,165000,844247,Sumatera,MEDAN,CDE,Internal,SumateraMEDANCDE,DALAM KOTA,,,,1,REGULAR,7:39:00,386880,292367,127
260122C048,HCI,22-Jan-2026,CDELC,BK8805MH,Medan,Sumatera Utara,Solar,11.76,Customer,14,6.6,10,14,92000,669468,Sumatera,MEDAN,CDE,Internal,SumateraMEDANCDE,DALAM KOTA,,,,1,REGULAR,9:28:00,386880,190588,71
260122C050,HCI,22-Jan-2026,CDELC,BK8022LM,Medan,Sumatera Utara,Solar,6.62,Customer,17,2.89,10,6,45000,486254,Sumatera,MEDAN,CDE,Internal,SumateraMEDANCDE,DALAM KOTA,,,,1,REGULAR,4:45:00,290160,151094,43
260122C053,HCI,22-Jan-2026,CDELC,BK8135LM,Medan,Sumatera Utara,Solar,11.18,Customer,13,7.77,10,13,94500,632877,Sumatera,MEDAN,CDE,Internal,SumateraMEDANCDE,DALAM KOTA,,,,1,REGULAR,9:50:00,386880,151497,78
260122D031,HCI,22-Jan-2026,CDELC,BK8031LM,Medan,Sumatera Utara,Solar,4.56,Store,43,8.46,10,1,31000,375534,Sumatera,MEDAN,CDE,Internal,SumateraMEDANCDE,DALAM KOTA,,,,1,REGULAR,2:59:00,193440,151094,31
260123C043,HCI,23-Jan-2026,CDELC,BK8073MQ,Medan,Sumatera Utara,Solar,8.38,Customer,20,6.09,10,10,100000,505325,Sumatera,MEDAN,CDE,Internal,SumateraMEDANCDE,DALAM KOTA,,,,1,REGULAR,8:42:00,193440,211885,61
260123C083,HCI,23-Jan-2026,CDELC,BK8172LM,Medan,Sumatera Utara,Solar,9.85,Customer,7,1.97,10,5,75000,344189,Sumatera,MEDAN,CDE,Internal,SumateraMEDANCDE,DALAM KOTA,,,,1,REGULAR,5:30:00,193440,75749,55
260123C046,HCI,23-Jan-2026,CDELC,BK8047MQ,Medan,Sumatera Utara,Solar,8.09,Customer,16,7.39,10,8,55000,460325,Sumatera,MEDAN,CDE,Internal,SumateraMEDANCDE,DALAM KOTA,,,,1,REGULAR,6:54:00,193440,211885,50
260123H009,HCI,23-Jan-2026,CDELC,BK8871MS,Pematangsiantar,Sumatera Utara,Solar,27.94,HUB,2,9.7,11,1,406000,623620,Sumatera,PEMATANGSIANTAR,CDE LONG CHASSIS,Internal,SumateraPEMATANGSIANTARCDE LONG CHASSIS,LUAR KOTA,1400000,-776380,-55.46%,1,REGULAR,4:25:00,217620,,223
260123C059,HCI,23-Jan-2026,CDELC,BK8023LM,Medan,Sumatera Utara,Solar,11.03,Customer,6,3.63,10,5,89000,334892,Sumatera,MEDAN,CDE,Internal,SumateraMEDANCDE,DALAM KOTA,,,,1,REGULAR,4:21:00,96720,149172,69
260123C056,HCI,23-Jan-2026,CDELC,BK8031LM,Medan,Sumatera Utara,Solar,13.97,Customer,15,6.45,10,12,123500,489207,Sumatera,MEDAN,CDE,Internal,SumateraMEDANCDE,DALAM KOTA,,,,1,REGULAR,9:49:00,290160,75547,108
260123H008,HCI,23-Jan-2026,CDELC,BK8803MH,Pematangsiantar,Sumatera Utara,Solar,32.35,HUB,36,8.92,10,1,436000,652194,Sumatera,PEMATANGSIANTAR,CDE,Internal,SumateraPEMATANGSIANTARCDE,LUAR KOTA,1300000,-647806,-49.83%,1,REGULAR,4:36:00,120900,95294,229
260123D025,HCI,23-Jan-2026,CDELC,BK8299MH,Medan,Sumatera Utara,Solar,11.03,Store,69,10.0,10,2,84500,429437,Sumatera,MEDAN,CDE,Internal,SumateraMEDANCDE,DALAM KOTA,,,,1,REGULAR,1:20:00,193440,151497,74
260123C071,HCI,23-Jan-2026,PICKUP,BK8696MS,Medan,Sumatera Utara,Pertalite,4.4,Customer,1,1.24,3,1,47500,387927,Sumatera,MEDAN,PICKUP,Internal,SumateraMEDANPICKUP,DALAM KOTA,,,,1,REGULAR,8:04:00,290160,50267,52
260123C048,HCI,23-Jan-2026,CDELC,BK8075MQ,Medan,Sumatera Utara,Solar,8.09,Customer,13,10.0,10,7,55000,653765,Sumatera,MEDAN,CDE,Internal,SumateraMEDANCDE,DALAM KOTA,,,,1,REGULAR,7:01:00,386880,211885,60
260123C057,HCI,23-Jan-2026,CDELC,BK8871MS,Medan,Sumatera Utara,Solar,11.76,Customer,8,2.93,10,8,89000,379160,Sumatera,MEDAN,CDE,Internal,SumateraMEDANCDE,DALAM KOTA,,,,1,REGULAR,6:06:00,290160,,79
260123C047,HCI,23-Jan-2026,CDELC,BK8804MH,Medan,Sumatera Utara,Solar,9.56,Customer,13,3.27,10,7,65000,257014,Sumatera,MEDAN,CDE,Internal,SumateraMEDANCDE,DALAM KOTA,,,,1,REGULAR,13:52:00,96720,95294,67
260123D042,HCI,23-Jan-2026,CDELC,BK8074MQ,Medan,Sumatera Utara,Solar,5.44,Store,1,10.0,10,1,47000,273843,Sumatera,MEDAN,CDE,Internal,SumateraMEDANCDE,DALAM KOTA,,,,1,REGULAR,2:54:00,120900,105943,34
260123D027,HCI,23-Jan-2026,PICKUP,BK8696MS,Medan,Sumatera Utara,Pertalite,3.4,Store,9,2.4,3,2,44000,190987,Sumatera,MEDAN,PICKUP,Internal,SumateraMEDANPICKUP,DALAM KOTA,,,,1,REGULAR,4:19:00,96720,50267,33
260123C062,HCI,23-Jan-2026,PICKUP,BK8633MS,Medan,Sumatera Utara,Pertalite,9.3,Customer,6,2.67,3,7,105000,579441,Sumatera,MEDAN,PICKUP,Internal,SumateraMEDANPICKUP,DALAM KOTA,,,,1,REGULAR,10:42:00,386880,87561,108
260123C049,HCI,23-Jan-2026,CDELC,BK8074MQ,Medan,Sumatera Utara,Solar,8.38,Customer,6,3.99,10,6,57000,453103,Sumatera,MEDAN,CDE,Internal,SumateraMEDANCDE,DALAM KOTA,,,,1,REGULAR,5:01:00,290160,105943,51
260123D037,FBI,23-Jan-2026,PICKUP,BK8136LM,Binjai,Sumatera Utara,Pertalite,10.7,Store,8,1.92,3,5,154500,460315,Sumatera,BINJAI,MINI VAN BOX,Internal,SumateraBINJAIMINI VAN BOX,DALAM KOTA,,,,1,REGULAR,11:05:00,217620,88195,122
260123D033,HCI,23-Jan-2026,CDELC,BK8022LM,Medan,Sumatera Utara,Solar,7.35,Store,27,9.42,10,2,69000,413534,Sumatera,MEDAN,CDE,Internal,SumateraMEDANCDE,DALAM KOTA,,,,1,REGULAR,10:17:00,193440,151094,46
260123C051,HCI,23-Jan-2026,CDELC,BK8309MS,Binjai,Sumatera Utara,Solar,17.65,Customer,13,10.0,10,9,185000,857513,Sumatera,BINJAI,CDE,Internal,SumateraBINJAICDE,DALAM KOTA,,,,1,REGULAR,9:32:00,386880,285633,135
260123C055,HCI,23-Jan-2026,CDELC,BK8191MQ,Medan,Sumatera Utara,Solar,2.94,Customer,9,2.9,10,6,20000,222663,Sumatera,MEDAN,CDE,Internal,SumateraMEDANCDE,DALAM KOTA,,,,1,REGULAR,10:29:00,96720,105943,41
260123C050,HCI,23-Jan-2026,CDELC,BK8803MH,Medan,Sumatera Utara,Solar,10.29,Customer,6,3.9,10,3,70000,262014,Sumatera,MEDAN,CDE,Internal,SumateraMEDANCDE,DALAM KOTA,,,,1,REGULAR,7:49:00,96720,95294,67
260123D035,HCI,23-Jan-2026,CDELC,BK8112LM,Medan,Sumatera Utara,Solar,3.68,Store,182,8.74,10,2,25000,272814,Sumatera,MEDAN,CDE,Internal,SumateraMEDANCDE,DALAM KOTA,,,,1,REGULAR,4:19:00,96720,151094,30
260123D023,HCI,23-Jan-2026,CDELC,BK8031LM,Medan,Sumatera Utara,Solar,5.15,Store,67,9.03,10,1,35000,303987,Sumatera,MEDAN,CDE,Internal,SumateraMEDANCDE,DALAM KOTA,,,,1,REGULAR,2:34:00,193440,75547,34
260123C061,HCI,23-Jan-2026,CDELC,BK8646MS,Tapanuli,Sumatera Utara,Solar,75,Customer,6,9.67,10,1,726000,1018367,Sumatera,TAPANULI,CDE,Internal,SumateraTAPANULICDE,LUAR KOTA,,,,1,REGULAR,0:01:00,0,292367,531
260123C054,HCI,23-Jan-2026,CDELC,BK8805MH,Medan,Sumatera Utara,Solar,11.18,Customer,13,8.03,10,9,80500,657968,Sumatera,MEDAN,CDE,Internal,SumateraMEDANCDE,DALAM KOTA,,,,1,REGULAR,9:10:00,386880,190588,75
260123C060,HCI,23-Jan-2026,CDELC,BK8172LM,Deli Serdang,Sumatera Utara,Solar,18.38,Customer,3,5.83,10,4,231500,403969,Sumatera,DELI SERDANG,CDE,Internal,SumateraDELI SERDANGCDE,DALAM KOTA,,,,1,REGULAR,12:55:00,96720,75749,153
260123C070,HCI,23-Jan-2026,CDELC,BK8146LM,Medan,Sumatera Utara,Solar,5.15,Customer,1,8.0,10,1,50000,322397,Sumatera,MEDAN,CDE,Internal,SumateraMEDANCDE,DALAM KOTA,,,,1,REGULAR,9:07:00,120900,151497,36
260123C045,HCI,23-Jan-2026,CDELC,BK8806MH,Medan,Sumatera Utara,Solar,8.82,Customer,13,8.09,10,8,70000,454028,Sumatera,MEDAN,CDE,Internal,SumateraMEDANCDE,DALAM KOTA,,,,1,REGULAR,10:53:00,193440,190588,72
260123D038,FBI,23-Jan-2026,PICKUP,A8330VX,Medan,Sumatera Utara,Pertalite,5,Store,11,1.81,3,5,64000,365787,Sumatera,MEDAN,MINI VAN BOX,Internal,SumateraMEDANMINI VAN BOX,DALAM KOTA,,,,1,REGULAR,4:56:00,217620,84167,54
260123D032,HCI,23-Jan-2026,CDELC,BK8099LM,Medan,Sumatera Utara,Solar,3.68,Store,170,8.83,10,1,25000,297820,Sumatera,MEDAN,CDE,Internal,SumateraMEDANCDE,DALAM KOTA,,,,1,REGULAR,3:26:00,96720,176100,25
260123C042,HCI,23-Jan-2026,CDELC,BK8009MI,Medan,Sumatera Utara,Solar,12.5,Customer,24,7.28,10,10,91000,532657,Sumatera,MEDAN,CDE,Internal,SumateraMEDANCDE,DALAM KOTA,,,,1,REGULAR,6:35:00,290160,151497,61
260123C052,HCI,23-Jan-2026,CDELC,BK8135LM,Medan,Sumatera Utara,Solar,6.62,Customer,15,10.0,10,11,45000,583377,Sumatera,MEDAN,CDE,Internal,SumateraMEDANCDE,DALAM KOTA,,,,1,REGULAR,9:07:00,386880,151497,60
260123L031,AHI,23-Jan-2026,CDELC,BK8647MS,Pematangsiantar,Sumatera Utara,Solar,36.76,Store,251,9.31,11,2,466000,975987,Sumatera,PEMATANGSIANTAR,CDE LONG CHASSIS,Internal,SumateraPEMATANGSIANTARCDE LONG CHASSIS,LUAR KOTA,1400000,-424013,-30.29%,1,REGULAR,13:11:00,217620,292367,234
260123D034,HCI,23-Jan-2026,CDELC,BK8192MQ,Medan,Sumatera Utara,Solar,5.15,Store,18,8.85,10,1,60000,465325,Sumatera,MEDAN,CDE,Internal,SumateraMEDANCDE,DALAM KOTA,,,,1,REGULAR,8:50:00,193440,211885,31
260123C053,HCI,23-Jan-2026,CDELC,BK8807MH,Medan,Sumatera Utara,Solar,10.29,Customer,9,3.43,10,7,92000,477454,Sumatera,MEDAN,CDE,Internal,SumateraMEDANCDE,DALAM KOTA,,,,1,REGULAR,7:57:00,290160,95294,88
260123D029,HCI,23-Jan-2026,CDELC,BK8804MH,Medan,Sumatera Utara,Solar,6.62,Store,7,9.19,10,1,45000,333734,Sumatera,MEDAN,CDE,Internal,SumateraMEDANCDE,DALAM KOTA,,,,1,REGULAR,1:31:00,193440,95294,48
260123L032,AHI,23-Jan-2026,CDELC,BK8191MQ,Pematangsiantar,Sumatera Utara,Solar,35.29,Store,3,9.01,10,1,456000,779563,Sumatera,PEMATANGSIANTAR,CDE,Internal,SumateraPEMATANGSIANTARCDE,LUAR KOTA,1300000,-520438,-40.03%,1,REGULAR,6:52:00,217620,105943,237
260123D022,HCI,23-Jan-2026,CDELC,BK8807MH,Medan,Sumatera Utara,Solar,5.15,Store,41,8.46,10,1,45000,237014,Sumatera,MEDAN,CDE,Internal,SumateraMEDANCDE,DALAM KOTA,,,,1,REGULAR,7:59:00,96720,95294,34
260124C080,HCI,24-Jan-2026,PICKUP,BK8633MS,Medan,Sumatera Utara,Pertalite,3.3,Customer,2,2.69,3,2,33000,463661,Sumatera,MEDAN,PICKUP,Internal,SumateraMEDANPICKUP,DALAM KOTA,,,,1,NON REGULAR,4:39:00,386880,43781,32
260124C047,HCI,24-Jan-2026,CDELC,BK8099LM,Medan,Sumatera Utara,Solar,11.03,Customer,14,5.14,10,11,75000,637980,Sumatera,MEDAN,CDE,Internal,SumateraMEDANCDE,DALAM KOTA,,,,1,REGULAR,7:56:00,386880,176100,84
260124C050,HCI,24-Jan-2026,CDELC,BK8022LM,Medan,Sumatera Utara,Solar,12.5,Customer,14,6.85,10,11,110000,647974,Sumatera,MEDAN,CDE,Internal,SumateraMEDANCDE,DALAM KOTA,,,,1,REGULAR,9:12:00,386880,151094,91
260124C051,HCI,24-Jan-2026,CDELC,BK8146LM,Medan,Sumatera Utara,Solar,12.5,Customer,22,7.25,10,16,90000,628377,Sumatera,MEDAN,CDE,Internal,SumateraMEDANCDE,DALAM KOTA,,,,1,REGULAR,8:50:00,386880,151497,90
260124C049,HCI,24-Jan-2026,CDELC,BK8141LM,Medan,Sumatera Utara,Solar,18.38,Customer,11,10.0,10,9,173500,711474,Sumatera,MEDAN,CDE,Internal,SumateraMEDANCDE,DALAM KOTA,,,,1,REGULAR,9:50:00,386880,151094,143
260124C052,HCI,24-Jan-2026,CDELC,BK8309MS,Medan,Sumatera Utara,Solar,13.53,Customer,5,2.68,10,4,108000,683793,Sumatera,MEDAN,CDE,Internal,SumateraMEDANCDE,DALAM KOTA,,,,1,REGULAR,7:52:00,290160,285633,99
260124D021,FBI,24-Jan-2026,CDELC,BK8031LM,Medan,Sumatera Utara,Solar,5.29,Store,8,8.93,10,3,41000,321054,Sumatera,MEDAN,CDE,Internal,SumateraMEDANCDE,DALAM KOTA,,,,1,REGULAR,3:32:00,128960,151094,39
260124H011,HCI,24-Jan-2026,CDELC,BK8192MQ,Pematangsiantar,Sumatera Utara,Solar,31.62,HUB,1,10.0,10,1,431000,868565,Sumatera,PEMATANGSIANTAR,CDE,Internal,SumateraPEMATANGSIANTARCDE,LUAR KOTA,1300000,-431435,-33.19%,1,REGULAR,2:19:00,225680,211885,251
260124C062,HCI,24-Jan-2026,PICKUP,BK8696MS,Medan,Sumatera Utara,Pertalite,7.1,Customer,3,2.38,3,4,91000,384973,Sumatera,MEDAN,PICKUP,Internal,SumateraMEDANPICKUP,DALAM KOTA,,,,1,REGULAR,3:12:00,193440,100533,71
260124H010,HCI,24-Jan-2026,CDELC,BK8074MQ,Pematangsiantar,Sumatera Utara,Solar,35.15,HUB,24,10.0,10,1,455000,795845,Sumatera,PEMATANGSIANTAR,CDE,Internal,SumateraPEMATANGSIANTARCDE,LUAR KOTA,1300000,-504155,-38.78%,1,REGULAR,4:17:00,128960,211885,225
260124D020,FBI,24-Jan-2026,PICKUP,BK8136LM,Medan,Sumatera Utara,Pertalite,8.9,Store,7,2.64,3,3,96000,409875,Sumatera,MEDAN,MINI VAN BOX,Internal,SumateraMEDANMINI VAN BOX,DALAM KOTA,,,,1,REGULAR,5:22:00,225680,88195,68
260124D014,HCI,24-Jan-2026,CDELC,BK8647MS,Medan,Sumatera Utara,Solar,4.41,Store,22,8.8,10,2,30000,515807,Sumatera,MEDAN,CDE,Internal,SumateraMEDANCDE,DALAM KOTA,,,,1,REGULAR,2:48:00,193440,292367,30
260124C046,HCI,24-Jan-2026,CDELC,BK8646MS,Medan,Sumatera Utara,Solar,8.38,Customer,6,5.29,10,6,57000,446087,Sumatera,MEDAN,CDE,Internal,SumateraMEDANCDE,DALAM KOTA,,,,1,REGULAR,4:03:00,96720,292367,58
260124C044,HCI,24-Jan-2026,CDELC,BK8191MQ,Medan,Sumatera Utara,Solar,7.35,Customer,12,2.66,10,9,50000,648765,Sumatera,MEDAN,CDE,Internal,SumateraMEDANCDE,DALAM KOTA,,,,1,REGULAR,9:17:00,386880,211885,69
260124C053,HCI,24-Jan-2026,CDELC,BK8075MQ,Medan,Sumatera Utara,Solar,7.35,Customer,7,6.1,10,8,50000,648765,Sumatera,MEDAN,CDE,Internal,SumateraMEDANCDE,DALAM KOTA,,,,1,REGULAR,7:28:00,386880,211885,47
260124C054,HCI,24-Jan-2026,CDELC,BK8073MQ,Medan,Sumatera Utara,Solar,9.41,Customer,14,5.19,10,12,100000,698765,Sumatera,MEDAN,CDE,Internal,SumateraMEDANCDE,DALAM KOTA,,,,1,REGULAR,9:23:00,386880,211885,67
260124C056,HCI,24-Jan-2026,CDELC,BK8803MH,Medan,Sumatera Utara,Solar,13.24,Customer,10,4.18,10,6,97000,481028,Sumatera,MEDAN,CDE,Internal,SumateraMEDANCDE,DALAM KOTA,,,,1,REGULAR,5:47:00,193440,190588,84
260124D025,HCI,24-Jan-2026,CDELC,BK8135LM,Medan,Sumatera Utara,Solar,4.41,Store,12,8.6,10,1,45000,422177,Sumatera,MEDAN,CDE,Internal,SumateraMEDANCDE,DALAM KOTA,,,,1,REGULAR,6:19:00,225680,151497,30
260124C055,HCI,24-Jan-2026,CDELC,BK8806MH,Medan,Sumatera Utara,Solar,10.88,Customer,12,3.44,10,10,85000,662468,Sumatera,MEDAN,CDE,Internal,SumateraMEDANCDE,DALAM KOTA,,,,1,REGULAR,8:11:00,386880,190588,69
260124C045,HCI,24-Jan-2026,CDELC,BK8047MQ,Medan,Sumatera Utara,Solar,8.09,Customer,13,6.11,10,9,60000,658765,Sumatera,MEDAN,CDE,Internal,SumateraMEDANCDE,DALAM KOTA,,,,1,REGULAR,9:00:00,386880,211885,52
260124D024,HCI,24-Jan-2026,CDELC,BK8009MI,Medan,Sumatera Utara,Solar,5.2,Store,15,10.0,10,1,45000,422177,Sumatera,MEDAN,CDE,Internal,SumateraMEDANCDE,DALAM KOTA,,,,1,REGULAR,7:55:00,225680,151497,42
260124D015,HCI,24-Jan-2026,CDELC,BK8023LM,Medan,Sumatera Utara,Solar,7.5,Store,36,10.0,10,3,91000,433612,Sumatera,MEDAN,CDE,Internal,SumateraMEDANCDE,DALAM KOTA,,,,1,REGULAR,7:26:00,193440,149172,45
260124L022,HCI,24-Jan-2026,CDELC,BK8871MS,Aceh Tamiang,Aceh,Solar,44.85,Store,1,8.0,11,1,531000,531000,Sumatera,ACEH TAMIANG,CDE LONG CHASSIS,Internal,SumateraACEH TAMIANGCDE LONG CHASSIS,LUAR KOTA,,,,1,REGULAR,19:53:00,0,,364
260124C058,HCI,24-Jan-2026,PICKUP,BK8633MS,Medan,Sumatera Utara,Pertalite,6,Customer,5,3.0,3,4,85000,515661,Sumatera,MEDAN,PICKUP,Internal,SumateraMEDANPICKUP,DALAM KOTA,,,,1,REGULAR,6:53:00,386880,43781,59
260124C038,HCI,24-Jan-2026,CDELC,BK8807MH,Medan,Sumatera Utara,Solar,8.82,Customer,20,9.37,10,10,109500,493528,Sumatera,MEDAN,CDE,Internal,SumateraMEDANCDE,DALAM KOTA,,,,1,REGULAR,7:58:00,193440,190588,54
260124C037,HCI,24-Jan-2026,CDELC,BK8805MH,Medan,Sumatera Utara,Solar,8.53,Customer,16,4.81,10,9,70000,454028,Sumatera,MEDAN,CDE,Internal,SumateraMEDANCDE,DALAM KOTA,,,,1,REGULAR,9:05:00,193440,190588,66
260124D013,HCI,24-Jan-2026,CDELC,BK8172LM,Medan,Sumatera Utara,Solar,5.15,Store,15,8.77,10,1,35000,379937,Sumatera,MEDAN,CDE,Internal,SumateraMEDANCDE,DALAM KOTA,,,,1,REGULAR,8:21:00,193440,151497,40
260125C038,HCI,25-Jan-2026,CDELC,BK8807MH,Medan,Sumatera Utara,Solar,10.29,Customer,17,8.71,10,12,100000,677468,Sumatera,MEDAN,CDE,Internal,SumateraMEDANCDE,DALAM KOTA,,,,1,REGULAR,9:39:00,386880,190588,62
260125C037,HCI,25-Jan-2026,CDELC,BK8023LM,Medan,Sumatera Utara,Solar,5,Customer,9,3.14,10,5,34000,376612,Sumatera,MEDAN,CDE,Internal,SumateraMEDANCDE,DALAM KOTA,,,,1,REGULAR,3:09:00,193440,149172,31
260125C039,HCI,25-Jan-2026,CDELC,BK8803MH,Medan,Sumatera Utara,Solar,6.62,Customer,16,7.9,10,8,50000,434028,Sumatera,MEDAN,CDE,Internal,SumateraMEDANCDE,DALAM KOTA,,,,1,REGULAR,5:07:00,193440,190588,44
260125C056,HCI,25-Jan-2026,CDELC,BK8074MQ,Medan,Sumatera Utara,Solar,9.41,Customer,3,5.01,10,2,70000,475325,Sumatera,MEDAN,CDE,Internal,SumateraMEDANCDE,DALAM KOTA,,,,1,REGULAR,5:25:00,193440,211885,76
260125C045,HCI,25-Jan-2026,CDELC,BK8191MQ,Medan,Sumatera Utara,Solar,14.41,Customer,13,4.5,10,10,98000,696765,Sumatera,MEDAN,CDE,Internal,SumateraMEDANCDE,DALAM KOTA,,,,1,REGULAR,8:31:00,386880,211885,106
260125C046,HCI,25-Jan-2026,CDELC,BK8073MQ,Medan,Sumatera Utara,Solar,6.18,Customer,8,5.22,10,7,45000,643765,Sumatera,MEDAN,CDE,Internal,SumateraMEDANCDE,DALAM KOTA,,,,1,REGULAR,6:51:00,386880,211885,40
260125C036,HCI,25-Jan-2026,CDELC,BK8804MH,Medan,Sumatera Utara,Solar,7.35,Customer,12,6.86,10,10,59500,443528,Sumatera,MEDAN,CDE,Internal,SumateraMEDANCDE,DALAM KOTA,,,,1,REGULAR,7:36:00,193440,190588,82
260125C053,HCI,25-Jan-2026,PICKUP,BK8633MS,Medan,Sumatera Utara,Pertalite,15,Customer,5,3.0,3,6,109500,583941,Sumatera,MEDAN,PICKUP,Internal,SumateraMEDANPICKUP,DALAM KOTA,,,,1,REGULAR,7:35:00,386880,87561,122
260125C040,HCI,25-Jan-2026,CDELC,BK8805MH,Medan,Sumatera Utara,Solar,10.29,Customer,10,8.67,10,9,74000,651468,Sumatera,MEDAN,CDE,Internal,SumateraMEDANCDE,DALAM KOTA,,,,1,REGULAR,8:08:00,386880,190588,65
260125C074,HCI,25-Jan-2026,PICKUP,BK8696MS,Medan,Sumatera Utara,Pertalite,6.05,Customer,2,2.74,3,3,76000,563413,Sumatera,MEDAN,PICKUP,Internal,SumateraMEDANPICKUP,DALAM KOTA,,,,1,REGULAR,7:44:00,386880,100533,60
260125X001,HCI,25-Jan-2026,CDELC,BK8075MQ,Medan,Sumatera Utara,Solar,8.09,Other Delivery,4,7.4,10,4,75000,577045,Sumatera,MEDAN,CDE,Internal,SumateraMEDANCDE,DALAM KOTA,,,,1,REGULAR,3:38:00,290160,211885,53
260125C041,HCI,25-Jan-2026,CDELC,BK8047MQ,Medan,Sumatera Utara,Solar,19.85,Customer,13,9.88,10,14,150000,555325,Sumatera,MEDAN,CDE,Internal,SumateraMEDANCDE,DALAM KOTA,,,,1,REGULAR,11:08:00,193440,211885,121
260125H005,HCI,25-Jan-2026,CDELC,BK8192MQ,Pematangsiantar,Sumatera Utara,Solar,28.97,HUB,17,6.7,10,1,358500,860545,Sumatera,PEMATANGSIANTAR,CDE,Internal,SumateraPEMATANGSIANTARCDE,LUAR KOTA,1300000,-439455,-33.80%,1,REGULAR,7:28:00,290160,211885,259
260125C042,HCI,25-Jan-2026,CDELC,BK8806MH,Medan,Sumatera Utara,Solar,16.62,Customer,14,7.69,10,12,163000,740468,Sumatera,MEDAN,CDE,Internal,SumateraMEDANCDE,DALAM KOTA,,,,1,REGULAR,10:50:00,386880,190588,119
260125C043,HCI,25-Jan-2026,CDELC,BK8009MI,Medan,Sumatera Utara,Solar,15.74,Customer,12,6.62,10,8,126500,664877,Sumatera,MEDAN,CDE,Internal,SumateraMEDANCDE,DALAM KOTA,,,,1,REGULAR,10:26:00,386880,151497,96
260126D014,AHI,26-Jan-2026,CDELC,BK8141LM,Medan,Sumatera Utara,Solar,5.15,Store,98,10.0,10,1,35000,207267,Sumatera,MEDAN,CDE,Internal,SumateraMEDANCDE,DALAM KOTA,,,,1,REGULAR,3:23:00,96720,75547,34
260126C073,HCI,26-Jan-2026,CDELC,BK8135LM,Medan,Sumatera Utara,Solar,9.26,Customer,5,4.23,10,5,78500,444409,Sumatera,MEDAN,CDE,Internal,SumateraMEDANCDE,DALAM KOTA,,,,1,REGULAR,3:47:00,290160,75749,66
260126D035,HCI,26-Jan-2026,CDELC,BK8871MS,Medan,Sumatera Utara,Solar,5.15,Store,15,11.0,11,1,50000,243440,Sumatera,MEDAN,CDE LONG CHASSIS,Internal,SumateraMEDANCDE LONG CHASSIS,DALAM KOTA,,,,1,REGULAR,5:21:00,193440,,35
260126X001,AHI,26-Jan-2026,CDELC,BK8074MQ,Medan,Sumatera Utara,Solar,7.79,Other Delivery,2,10.0,10,2,57000,501013,Sumatera,MEDAN,CDE,Internal,SumateraMEDANCDE,DALAM KOTA,,,,1,REGULAR,8:29:00,232128,211885,47
260126C056,HCI,26-Jan-2026,CDELC,BK8172LM,Medan,Sumatera Utara,Solar,8.82,Customer,20,5.17,10,9,65000,603377,Sumatera,MEDAN,CDE,Internal,SumateraMEDANCDE,DALAM KOTA,,,,1,REGULAR,8:39:00,386880,151497,66
260126D041,FBI,26-Jan-2026,PICKUP,BK8136LM,Binjai,Sumatera Utara,Pertalite,10.3,Store,12,2.87,3,4,126000,407635,Sumatera,BINJAI,MINI VAN BOX,Internal,SumateraBINJAIMINI VAN BOX,DALAM KOTA,,,,1,REGULAR,10:49:00,193440,88195,103
260126C066,HCI,26-Jan-2026,CDELC,BK8009MI,Medan,Sumatera Utara,Solar,5.15,Customer,8,5.0,10,7,35000,304189,Sumatera,MEDAN,CDE,Internal,SumateraMEDANCDE,DALAM KOTA,,,,1,REGULAR,3:39:00,193440,75749,37
260126D039,HCI,26-Jan-2026,CDELC,BK8309MS,Medan,Sumatera Utara,Solar,5.74,Store,24,8.79,10,2,70000,444945,Sumatera,MEDAN,CDE,Internal,SumateraMEDANCDE,DALAM KOTA,,,,1,REGULAR,5:53:00,232128,142817,42
260126C062,HCI,26-Jan-2026,CDELC,BK8099LM,Medan,Sumatera Utara,Solar,9.56,Customer,7,3.28,10,6,90500,468710,Sumatera,MEDAN,CDE,Internal,SumateraMEDANCDE,DALAM KOTA,,,,1,REGULAR,5:41:00,290160,88050,82
260126L032,HCI,26-Jan-2026,CDELC,BK8047MQ,Medan,Sumatera Utara,Solar,1.47,Store,3,7.8,10,1,10000,309383,Sumatera,MEDAN,CDE,Internal,SumateraMEDANCDE,DALAM KOTA,,,,1,REGULAR,2:22:00,193440,105943,9
260126D020,HCI,26-Jan-2026,PICKUP,BK8633MS,Medan,Sumatera Utara,Pertalite,3,Store,17,3.0,3,2,35000,272221,Sumatera,MEDAN,PICKUP,Internal,SumateraMEDANPICKUP,DALAM KOTA,,,,1,REGULAR,2:49:00,193440,43781,38
260126D040,FBI,26-Jan-2026,PICKUP,A8330VX,Medan,Sumatera Utara,Pertalite,5,Store,10,2.9,3,4,55000,371295,Sumatera,MEDAN,MINI VAN BOX,Internal,SumateraMEDANMINI VAN BOX,DALAM KOTA,,,,1,REGULAR,6:40:00,232128,84167,46
260126C059,HCI,26-Jan-2026,CDELC,BK8075MQ,Medan,Sumatera Utara,Solar,12.5,Customer,13,4.85,10,9,103000,701765,Sumatera,MEDAN,CDE,Internal,SumateraMEDANCDE,DALAM KOTA,,,,1,REGULAR,7:18:00,386880,211885,91
260126C063,HCI,26-Jan-2026,CDELC,BK8647MS,Medan,Sumatera Utara,Solar,9.41,Customer,12,4.21,10,10,64000,403623,Sumatera,MEDAN,CDE,Internal,SumateraMEDANCDE,DALAM KOTA,,,,1,REGULAR,5:22:00,193440,146183,57
260126D013,HCI,26-Jan-2026,CDELC,BK8646MS,Medan,Sumatera Utara,Solar,4.41,Store,103,8.59,10,1,40000,282903,Sumatera,MEDAN,CDE,Internal,SumateraMEDANCDE,DALAM KOTA,,,,1,REGULAR,0:48:00,96720,146183,29
260126C098,HCI,26-Jan-2026,CDELC,BK8023LM,Medan,Sumatera Utara,Solar,11.32,Customer,9,2.02,10,7,92000,553466,Sumatera,MEDAN,CDE,Internal,SumateraMEDANCDE,DALAM KOTA,,,,1,NON REGULAR,5:41:00,386880,74586,73
260126C072,HCI,26-Jan-2026,PICKUP,BK8696MS,Medan,Sumatera Utara,Pertalite,8.1,Customer,3,3.0,3,3,90000,333707,Sumatera,MEDAN,PICKUP,Internal,SumateraMEDANPICKUP,DALAM KOTA,,,,1,REGULAR,3:34:00,193440,50267,89
260126D034,HCI,26-Jan-2026,CDELC,BK8803MH,Medan,Sumatera Utara,Solar,3.68,Store,16,10.0,10,1,40000,327308,Sumatera,MEDAN,CDE,Internal,SumateraMEDANCDE,DALAM KOTA,,,,1,REGULAR,5:04:00,96720,190588,30
260126C068,HCI,26-Jan-2026,CDELC,BK8309MS,Medan,Sumatera Utara,Solar,9.63,Customer,18,4.7,10,15,93000,622697,Sumatera,MEDAN,CDE,Internal,SumateraMEDANCDE,DALAM KOTA,,,,1,REGULAR,7:30:00,386880,142817,60
260126C060,HCI,26-Jan-2026,CDELC,BK8646MS,Binjai,Sumatera Utara,Solar,17.65,Customer,4,1.39,10,6,182500,618843,Sumatera,BINJAI,CDE,Internal,SumateraBINJAICDE,DALAM KOTA,,,,1,REGULAR,6:42:00,290160,146183,131
260126C054,HCI,26-Jan-2026,CDELC,BK8805MH,Medan,Sumatera Utara,Solar,7.35,Customer,13,4.85,10,11,75000,459028,Sumatera,MEDAN,CDE,Internal,SumateraMEDANCDE,DALAM KOTA,,,,1,REGULAR,8:00:00,193440,190588,50
260126D012,AHI,26-Jan-2026,CDELC,BK8023LM,Medan,Sumatera Utara,Solar,5.15,Store,79,8.11,10,1,50000,318026,Sumatera,MEDAN,CDE,Internal,SumateraMEDANCDE,DALAM KOTA,,,,1,REGULAR,4:03:00,193440,74586,32
260126L031,HCI,26-Jan-2026,CDELC,BK8009MI,Medan,Sumatera Utara,Solar,1.47,Store,1,9.39,10,1,10000,279189,Sumatera,MEDAN,CDE,Internal,SumateraMEDANCDE,DALAM KOTA,,,,1,REGULAR,2:26:00,193440,75749,40
260126C070,HCI,26-Jan-2026,CDELC,BK8031LM,Deli Serdang,Sumatera Utara,Solar,16.91,Customer,4,2.26,10,5,159000,524707,Sumatera,DELI SERDANG,CDE,Internal,SumateraDELI SERDANGCDE,DALAM KOTA,,,,1,REGULAR,5:47:00,290160,75547,148
260126C071,HCI,26-Jan-2026,PICKUP,BK8633MS,Medan,Sumatera Utara,Pertalite,5.5,Customer,4,3.0,3,4,65000,302221,Sumatera,MEDAN,PICKUP,Internal,SumateraMEDANPICKUP,DALAM KOTA,,,,1,REGULAR,3:28:00,193440,43781,45
260126H012,HCI,26-Jan-2026,CDELC,BK8192MQ,Pematangsiantar,Sumatera Utara,Solar,28.53,HUB,2,2.31,10,1,410000,757293,Sumatera,PEMATANGSIANTAR,CDE,Internal,SumateraPEMATANGSIANTARCDE,LUAR KOTA,1300000,-542707,-41.75%,1,REGULAR,5:48:00,135408,211885,233
260126C061,HCI,26-Jan-2026,CDELC,BK8141LM,Medan,Sumatera Utara,Solar,13.24,Customer,12,5.99,10,10,121000,486707,Sumatera,MEDAN,CDE,Internal,SumateraMEDANCDE,DALAM KOTA,,,,1,REGULAR,8:01:00,290160,75547,95
260126C069,HCI,26-Jan-2026,CDELC,BK8047MQ,Medan,Sumatera Utara,Solar,5.88,Customer,11,6.22,10,7,40000,436103,Sumatera,MEDAN,CDE,Internal,SumateraMEDANCDE,DALAM KOTA,,,,1,REGULAR,3:25:00,290160,105943,35
260126D019,AHI,26-Jan-2026,CDELC,BK8647MS,Medan,Sumatera Utara,Solar,5.88,Store,90,8.18,10,1,47000,386623,Sumatera,MEDAN,CDE,Internal,SumateraMEDANCDE,DALAM KOTA,,,,1,REGULAR,0:17:00,193440,146183,38
260126D011,HCI,26-Jan-2026,CDELC,BK8146LM,Medan,Sumatera Utara,Solar,5.88,Store,132,8.38,10,1,50000,222469,Sumatera,MEDAN,CDE,Internal,SumateraMEDANCDE,DALAM KOTA,,,,1,REGULAR,3:41:00,96720,75749,41
260126C057,HCI,26-Jan-2026,CDELC,BK8191MQ,Medan,Sumatera Utara,Solar,9.56,Customer,19,6.62,10,10,70000,668765,Sumatera,MEDAN,CDE,Internal,SumateraMEDANCDE,DALAM KOTA,,,,1,REGULAR,7:46:00,386880,211885,58
260126C065,HCI,26-Jan-2026,CDELC,BK8807MH,Medan,Sumatera Utara,Solar,11.03,Customer,16,8.41,10,13,75000,652468,Sumatera,MEDAN,CDE,Internal,SumateraMEDANCDE,DALAM KOTA,,,,1,REGULAR,9:01:00,386880,190588,80
260126C067,HCI,26-Jan-2026,CDELC,BK8146LM,Medan,Sumatera Utara,Solar,6.62,Customer,6,8.39,10,5,50000,512629,Sumatera,MEDAN,CDE,Internal,SumateraMEDANCDE,DALAM KOTA,,,,1,REGULAR,6:22:00,386880,75749,43
260126D015,AHI,26-Jan-2026,CDELC,BK8031LM,Medan,Sumatera Utara,Solar,5.15,Store,109,8.54,10,1,50000,222267,Sumatera,MEDAN,CDE,Internal,SumateraMEDANCDE,DALAM KOTA,,,,1,REGULAR,4:20:00,96720,75547,34
260126C058,HCI,26-Jan-2026,CDELC,BK8804MH,Medan,Sumatera Utara,Solar,16.18,Customer,11,4.99,10,11,123000,700468,Sumatera,MEDAN,CDE,Internal,SumateraMEDANCDE,DALAM KOTA,,,,1,REGULAR,9:11:00,386880,190588,108
260126C064,HCI,26-Jan-2026,CDELC,BK8806MH,Medan,Sumatera Utara,Solar,4.41,Customer,3,8.16,10,2,30000,415454,Sumatera,MEDAN,CDE,Internal,SumateraMEDANCDE,DALAM KOTA,,,,1,REGULAR,4:10:00,290160,95294,36
260126C053,HCI,26-Jan-2026,CDELC,BK8073MQ,Medan,Sumatera Utara,Solar,12.06,Customer,22,10.0,10,13,100500,699265,Sumatera,MEDAN,CDE,Internal,SumateraMEDANCDE,DALAM KOTA,,,,1,REGULAR,11:36:00,386880,211885,81
260126D029,HCI,26-Jan-2026,CDELC,BK8135LM,Medan,Sumatera Utara,Solar,5.15,Store,31,8.99,10,2,38500,210969,Sumatera,MEDAN,CDE,Internal,SumateraMEDANCDE,DALAM KOTA,,,,1,REGULAR,2:26:00,96720,75749,42
260126C078,HCI,26-Jan-2026,PICKUP,BK8696MS,Medan,Sumatera Utara,Pertalite,6.4,Customer,4,2.67,,4,76000,319707,Sumatera,MEDAN,PICKUP,Internal,SumateraMEDANPICKUP,DALAM KOTA,,,,1,REGULAR,8:13:00,193440,50267,120
260126H009,HCI,26-Jan-2026,CDELC,BK8806MH,Pematangsiantar,Sumatera Utara,Solar,30.88,HUB,35,7.95,10,1,409000,697734,Sumatera,PEMATANGSIANTAR,CDE,Internal,SumateraPEMATANGSIANTARCDE,LUAR KOTA,1300000,-602266,-46.33%,1,REGULAR,4:37:00,193440,95294,227
260126D037,AHI,26-Jan-2026,CDELC,BK8099LM,Medan,Sumatera Utara,Solar,4.41,Store,1,8.0,10,1,40000,360178,Sumatera,MEDAN,CDE,Internal,SumateraMEDANCDE,DALAM KOTA,,,,1,REGULAR,1:23:00,232128,88050,31
260126C055,HCI,26-Jan-2026,CDELC,BK8022LM,Medan,Sumatera Utara,Solar,8.09,Customer,16,8.76,10,12,95000,632974,Sumatera,MEDAN,CDE,Internal,SumateraMEDANCDE,DALAM KOTA,,,,1,REGULAR,7:16:00,386880,151094,56
260127C078,HCI,27-Jan-2026,CDELC,BK8031LM,Medan,Sumatera Utara,Solar,7.35,Customer,7,5.22,10.0,8,68000,433707,Sumatera,MEDAN,CDE,Internal,SumateraMEDANCDE,DALAM KOTA,,,,1,REGULAR,4:10:00,290160,75547,63
260127C083,HCI,27-Jan-2026,CDELC,BK8075MQ,Medan,Sumatera Utara,Solar,11.47,Customer,17,6.18,10.0,15,86000,578823,Sumatera,MEDAN,CDE,Internal,SumateraMEDANCDE,DALAM KOTA,,,,1,REGULAR,6:08:00,386880,105943,75
260127C092,HCI,27-Jan-2026,CDELC,BK8047MQ,Serdang Bedagai,Sumatera Utara,Solar,16.47,Customer,1,6.25,10.0,1,197000,496383,Sumatera,SERDANG BEDAGAI,CDE,Internal,SumateraSERDANG BEDAGAICDE,DALAM KOTA,,,,1,REGULAR,2:59:00,193440,105943,129
260127C085,HCI,27-Jan-2026,CDELC,BK8299MH,Tebing Tinggi,Sumatera Utara,Solar,28.68,Customer,9,5.07,10.0,6,215000,753377,Sumatera,TEBING TINGGI,CDE,Internal,SumateraTEBING TINGGICDE,DALAM KOTA,,,,1,REGULAR,7:48:00,386880,151497,206
260127C069,HCI,27-Jan-2026,CDELC,BK8172LM,Medan,Sumatera Utara,Solar,10.29,Customer,20,5.43,10.0,9,105000,449937,Sumatera,MEDAN,CDE,Internal,SumateraMEDANCDE,DALAM KOTA,,,,1,REGULAR,8:21:00,193440,151497,66
260127C091,HCI,27-Jan-2026,CDELC,BK8807MH,Medan,Sumatera Utara,Solar,9.56,Customer,5,6.6,10.0,3,96000,578174,Sumatera,MEDAN,CDE,Internal,SumateraMEDANCDE,DALAM KOTA,,,,1,REGULAR,2:29:00,386880,95294,74
260127C075,HCI,27-Jan-2026,CDELC,BK8646MS,Medan,Sumatera Utara,Solar,13.97,Customer,16,8.92,10.0,14,114500,793747,Sumatera,MEDAN,CDE,Internal,SumateraMEDANCDE,DALAM KOTA,,,,1,REGULAR,9:39:00,386880,292367,88
260127D023,AHI,27-Jan-2026,CDELC,BK8031LM,Medan,Sumatera Utara,Solar,5.15,Store,33,8.55,10.0,1,35000,303987,Sumatera,MEDAN,CDE,Internal,SumateraMEDANCDE,DALAM KOTA,,,,1,REGULAR,2:05:00,193440,75547,33
260127C070,HCI,27-Jan-2026,CDELC,BK8803MH,Medan,Sumatera Utara,Solar,10.29,Customer,19,8.58,10.0,11,70000,260588,Sumatera,MEDAN,CDE,Internal,SumateraMEDANCDE,DALAM KOTA,,,,1,REGULAR,5:51:00,0,190588,66
260127C087,HCI,27-Jan-2026,PICKUP,BK8633MS,Medan,Sumatera Utara,Pertalite,8.8,Customer,6,3.0,3.0,6,103500,384501,Sumatera,MEDAN,PICKUP,Internal,SumateraMEDANPICKUP,DALAM KOTA,,,,1,REGULAR,6:23:00,193440,87561,87
260127C098,HCI,27-Jan-2026,CDELC,BK8141LM,Medan,Sumatera Utara,Solar,9.85,Customer,1,2.2,10.0,1,78500,616474,Sumatera,MEDAN,CDE,Internal,SumateraMEDANCDE,DALAM KOTA,,,,1,REGULAR,9:56:00,386880,151094,70
260127C076,HCI,27-Jan-2026,CDELC,BK8047MQ,Medan,Sumatera Utara,Solar,13.24,Customer,15,6.83,10.0,11,90000,389383,Sumatera,MEDAN,CDE,Internal,SumateraMEDANCDE,DALAM KOTA,,,,1,REGULAR,9:00:00,193440,105943,113
260127D029,HCI,27-Jan-2026,CDELC,BK8309MS,Medan,Sumatera Utara,Solar,4.85,Store,19,8.48,10.0,2,43000,282537,Sumatera,MEDAN,CDE,Internal,SumateraMEDANCDE,DALAM KOTA,,,,1,REGULAR,3:37:00,96720,142817,35
260127D032,HCI,27-Jan-2026,CDELC,BK8806MH,Medan,Sumatera Utara,Solar,3.97,Store,54,9.18,10.0,1,47000,239014,Sumatera,MEDAN,CDE,Internal,SumateraMEDANCDE,DALAM KOTA,,,,1,REGULAR,4:03:00,96720,95294,30
260127D020,AHI,27-Jan-2026,CDELC,BK8075MQ,Medan,Sumatera Utara,Solar,4.41,Store,119,8.82,10.0,1,30000,232663,Sumatera,MEDAN,CDE,Internal,SumateraMEDANCDE,DALAM KOTA,,,,1,REGULAR,4:39:00,96720,105943,25
260127C073,HCI,27-Jan-2026,CDELC,BK8022LM,Binjai,Sumatera Utara,Solar,20.59,Customer,9,7.74,10.0,8,223500,492487,Sumatera,BINJAI,CDE,Internal,SumateraBINJAICDE,DALAM KOTA,,,,1,REGULAR,4:51:00,193440,75547,145
260127C086,HCI,27-Jan-2026,CDELC,BK8073MQ,Medan,Sumatera Utara,Solar,5.88,Customer,13,8.09,10.0,11,45000,441103,Sumatera,MEDAN,CDE,Internal,SumateraMEDANCDE,DALAM KOTA,,,,1,REGULAR,4:08:00,290160,105943,39
260127L026,AHI,27-Jan-2026,CDELC,BK8192MQ,Pematangsiantar,Sumatera Utara,Solar,38.24,Store,67,6.45,10.0,2,481000,983045,Sumatera,PEMATANGSIANTAR,CDE,Internal,SumateraPEMATANGSIANTARCDE,LUAR KOTA,1300000,-316955,-24.38%,1,REGULAR,10:30:00,290160,211885,270
260127D024,AHI,27-Jan-2026,CDELC,BK8135LM,Medan,Sumatera Utara,Solar,5.15,Store,60,10.0,10.0,2,65000,409937,Sumatera,MEDAN,CDE,Internal,SumateraMEDANCDE,DALAM KOTA,,,,1,REGULAR,5:27:00,193440,151497,34
260127C074,HCI,27-Jan-2026,CDELC,BK8647MS,Medan,Sumatera Utara,Solar,17.65,Customer,18,7.81,10.0,15,139500,479123,Sumatera,MEDAN,CDE,Internal,SumateraMEDANCDE,DALAM KOTA,,,,1,REGULAR,6:50:00,193440,146183,108
260127C079,HCI,27-Jan-2026,CDELC,BK8146LM,Medan,Sumatera Utara,Solar,9.56,Customer,7,2.13,10.0,5,65000,334189,Sumatera,MEDAN,CDE,Internal,SumateraMEDANCDE,DALAM KOTA,,,,1,REGULAR,4:31:00,193440,75749,66
260127C066,HCI,27-Jan-2026,CDELC,BK8871MS,Medan,Sumatera Utara,Solar,12.65,Customer,30,9.15,10.0,12,94000,384160,Sumatera,MEDAN,CDE,Internal,SumateraMEDANCDE,DALAM KOTA,,,,1,REGULAR,9:27:00,290160,,79
260127C068,HCI,27-Jan-2026,CDELC,BK8191MQ,Medan,Sumatera Utara,Solar,7.35,Customer,19,7.91,10.0,9,89500,688265,Sumatera,MEDAN,CDE,Internal,SumateraMEDANCDE,DALAM KOTA,,,,1,REGULAR,9:17:00,386880,211885,60
260127D025,FBI,27-Jan-2026,PICKUP,BK8136LM,Medan,Sumatera Utara,Pertalite,6,Store,11,2.43,3.0,4,74000,355635,Sumatera,MEDAN,MINI VAN BOX,Internal,SumateraMEDANMINI VAN BOX,DALAM KOTA,,,,1,REGULAR,4:44:00,193440,88195,64
260127D022,HCI,27-Jan-2026,CDELC,BK8073MQ,Medan,Sumatera Utara,Solar,6.32,Store,94,7.52,10.0,2,52500,255163,Sumatera,MEDAN,CDE,Internal,SumateraMEDANCDE,DALAM KOTA,,,,1,REGULAR,3:47:00,96720,105943,42
260127C071,HCI,27-Jan-2026,CDELC,BK8805MH,Medan,Sumatera Utara,Solar,7.35,Customer,28,6.74,10.0,9,60000,444028,Sumatera,MEDAN,CDE,Internal,SumateraMEDANCDE,DALAM KOTA,,,,1,REGULAR,5:49:00,193440,190588,52
260127C088,HCI,27-Jan-2026,PICKUP,BK8696MS,Medan,Sumatera Utara,Pertalite,8.4,Customer,8,3.0,3.0,6,114000,601413,Sumatera,MEDAN,PICKUP,Internal,SumateraMEDANPICKUP,DALAM KOTA,,,,1,REGULAR,7:38:00,386880,100533,92
260127D030,HCI,27-Jan-2026,CDELC,BK8647MS,Medan,Sumatera Utara,Solar,5.15,Store,34,8.54,10.0,1,35000,277903,Sumatera,MEDAN,CDE,Internal,SumateraMEDANCDE,DALAM KOTA,,,,1,REGULAR,1:33:00,96720,146183,29
260126D050,HCI,27-Jan-2026,CDELC,BK8146LM,Medan,Sumatera Utara,Solar,4.41,Store,10,10.0,10.0,2,30000,299189,Sumatera,MEDAN,CDE,Internal,SumateraMEDANCDE,DALAM KOTA,,,,1,REGULAR,3:05:00,193440,75749,33
260127H008,HCI,27-Jan-2026,CDELC,BK8807MH,Pematangsiantar,Sumatera Utara,Solar,29.41,HUB,22,10.0,10.0,3,416000,608014,Sumatera,PEMATANGSIANTAR,CDE,Internal,SumateraPEMATANGSIANTARCDE,LUAR KOTA,1300000,-691986,-53.23%,1,REGULAR,4:41:00,96720,95294,229
260127D026,FBI,27-Jan-2026,PICKUP,A8330VX,Medan,Sumatera Utara,Pertalite,3.5,Store,7,2.58,3.0,4,40000,317607,Sumatera,MEDAN,MINI VAN BOX,Internal,SumateraMEDANMINI VAN BOX,DALAM KOTA,,,,1,REGULAR,3:37:00,193440,84167,36
260127C084,HCI,27-Jan-2026,CDELC,BK8009MI,Medan,Sumatera Utara,Solar,7.35,Customer,10,8.18,10.0,7,50000,319189,Sumatera,MEDAN,CDE,Internal,SumateraMEDANCDE,DALAM KOTA,,,,1,REGULAR,3:10:00,193440,75749,43
260127C001,HCI,27-Jan-2026,CDELC,BK8099LM,Medan,Sumatera Utara,Solar,16.32,Customer,13,2.86,10.0,11,125000,591260,Sumatera,MEDAN,CDE,Internal,SumateraMEDANCDE,DALAM KOTA,,,,1,REGULAR,8:41:00,290160,176100,108
260127C081,HCI,27-Jan-2026,CDELC,BK8023LM,Medan,Sumatera Utara,Solar,10.44,Customer,15,6.86,10.0,12,71000,607052,Sumatera,MEDAN,CDE,Internal,SumateraMEDANCDE,DALAM KOTA,,,,1,REGULAR,9:30:00,386880,149172,70
260127H013,HCI,27-Jan-2026,CDELC,BK8074MQ,Pematangsiantar,Sumatera Utara,Solar,42.06,HUB,2,8.0,10.0,2,502000,1004045,Sumatera,PEMATANGSIANTAR,CDE,Internal,SumateraPEMATANGSIANTARCDE,LUAR KOTA,1300000,-295955,-22.77%,1,REGULAR,3:08:00,290160,211885,266
260127C080,HCI,27-Jan-2026,CDELC,BK8009MI,Medan,Sumatera Utara,Solar,7.35,Customer,14,6.09,10.0,10,60000,329189,Sumatera,MEDAN,CDE,Internal,SumateraMEDANCDE,DALAM KOTA,,,,1,REGULAR,5:33:00,193440,75749,50
260127C077,HCI,27-Jan-2026,CDELC,BK8806MH,Medan,Sumatera Utara,Solar,8.09,Customer,8,4.61,10.0,6,55000,440454,Sumatera,MEDAN,CDE,Internal,SumateraMEDANCDE,DALAM KOTA,,,,1,REGULAR,6:12:00,290160,95294,53
260127D001,AHI,27-Jan-2026,CDELC,BK8022LM,Medan,Sumatera Utara,Solar,2.94,Store,108,8.46,10.0,1,20000,192267,Sumatera,MEDAN,CDE,Internal,SumateraMEDANCDE,DALAM KOTA,,,,1,REGULAR,1:47:00,96720,75547,23
260127C082,HCI,27-Jan-2026,CDELC,BK8309MS,Medan,Sumatera Utara,Solar,11.47,Customer,18,10.0,10.0,12,84000,516977,Sumatera,MEDAN,CDE,Internal,SumateraMEDANCDE,DALAM KOTA,,,,1,REGULAR,6:16:00,290160,142817,73
260127C072,HCI,27-Jan-2026,CDELC,BK8804MH,Medan,Sumatera Utara,Solar,16.18,Customer,10,3.34,10.0,9,125000,510454,Sumatera,MEDAN,CDE,Internal,SumateraMEDANCDE,DALAM KOTA,,,,1,REGULAR,5:58:00,290160,95294,122
260127D028,HCI,27-Jan-2026,CDELC,BK8804MH,Medan,Sumatera Utara,Solar,3.68,Store,53,9.22,10.0,1,25000,313734,Sumatera,MEDAN,CDE,Internal,SumateraMEDANCDE,DALAM KOTA,,,,1,REGULAR,0:40:00,193440,95294,25
260128C051,HCI,28-Jan-2026,CDELC,BK8804MH,Medan,Sumatera Utara,Solar,6.32,Customer,20,10.0,10,9,48000,336734,Sumatera,MEDAN,CDE,Internal,SumateraMEDANCDE,DALAM KOTA,,,,1,REGULAR,4:57:00,193440,95294,40
260128C052,HCI,28-Jan-2026,CDELC,BK8135LM,Medan,Sumatera Utara,Solar,15.44,Customer,11,4.95,10,9,114000,652377,Sumatera,MEDAN,CDE,Internal,SumateraMEDANCDE,DALAM KOTA,,,,1,REGULAR,7:53:00,386880,151497,124
260128C054,HCI,28-Jan-2026,CDELC,BK8099LM,Medan,Sumatera Utara,Solar,9.56,Customer,9,9.08,10,7,83000,452540,Sumatera,MEDAN,CDE,Internal,SumateraMEDANCDE,DALAM KOTA,,,,1,REGULAR,5:36:00,193440,176100,74
260128C055,HCI,28-Jan-2026,CDELC,BK8146LM,Binjai,Sumatera Utara,Solar,17.65,Customer,6,5.35,10,7,120000,368217,Sumatera,BINJAI,CDE,Internal,SumateraBINJAICDE,DALAM KOTA,,,,1,REGULAR,9:13:00,96720,151497,120
260128C056,HCI,28-Jan-2026,CDELC,BK8299MH,Medan,Sumatera Utara,Solar,11.76,Customer,15,4.95,10,10,80000,618377,Sumatera,MEDAN,CDE,Internal,SumateraMEDANCDE,DALAM KOTA,,,,1,REGULAR,8:30:00,386880,151497,95
260128C057,HCI,28-Jan-2026,CDELC,BK8871MS,Medan,Sumatera Utara,Solar,8.09,Customer,9,5.64,10,7,65000,258440,Sumatera,MEDAN,CDE,Internal,SumateraMEDANCDE,DALAM KOTA,,,,1,REGULAR,5:38:00,193440,,60
260128C058,HCI,28-Jan-2026,CDELC,BK8047MQ,Deli Serdang,Sumatera Utara,Solar,27.65,Customer,8,10.0,10,7,300000,802045,Sumatera,DELI SERDANG,CDE,Internal,SumateraDELI SERDANGCDE,DALAM KOTA,,,,1,REGULAR,9:06:00,290160,211885,217
260128C061,HCI,28-Jan-2026,CDELC,BK8023LM,Medan,Sumatera Utara,Solar,11.03,Customer,10,2.67,10,9,75000,611052,Sumatera,MEDAN,CDE,Internal,SumateraMEDANCDE,DALAM KOTA,,,,1,REGULAR,8:33:00,386880,149172,70
260128C062,HCI,28-Jan-2026,CDELC,BK8022LM,Medan,Sumatera Utara,Solar,13.24,Customer,11,4.09,10,11,110000,647974,Sumatera,MEDAN,CDE,Internal,SumateraMEDANCDE,DALAM KOTA,,,,1,REGULAR,8:33:00,386880,151094,124
260128C063,HCI,28-Jan-2026,CDELC,BK8309MS,Medan,Sumatera Utara,Solar,12.06,Customer,15,4.2,10,11,82000,514977,Sumatera,MEDAN,CDE,Internal,SumateraMEDANCDE,DALAM KOTA,,,,1,REGULAR,9:14:00,290160,142817,102
260128C064,HCI,28-Jan-2026,CDELC,BK8804MH,Medan,Sumatera Utara,Solar,4.41,Customer,1,10.0,10,1,30000,415454,Sumatera,MEDAN,CDE,Internal,SumateraMEDANCDE,DALAM KOTA,,,,1,REGULAR,5:54:00,290160,95294,42
260128C065,HCI,28-Jan-2026,CDELC,BK8172LM,Medan,Sumatera Utara,Solar,5.88,Customer,8,2.21,10,5,40000,212469,Sumatera,MEDAN,CDE,Internal,SumateraMEDANCDE,DALAM KOTA,,,,1,REGULAR,4:14:00,96720,75749,46
260128C066,HCI,28-Jan-2026,CDELC,BK8009MI,Medan,Sumatera Utara,Solar,12.5,Customer,10,4.64,10,8,100000,444937,Sumatera,MEDAN,CDE,Internal,SumateraMEDANCDE,DALAM KOTA,,,,1,REGULAR,3:53:00,193440,151497,67
260128C067,HCI,28-Jan-2026,CDELC,BK8871MS,Medan,Sumatera Utara,Solar,8.09,Customer,6,1.97,10,6,55000,248440,Sumatera,MEDAN,CDE,Internal,SumateraMEDANCDE,DALAM KOTA,,,,1,REGULAR,5:18:00,193440,,57
260128C050,HCI,28-Jan-2026,CDELC,BK8807MH,Medan,Sumatera Utara,Solar,9.56,Customer,19,9.14,10,13,65000,642468,Sumatera,MEDAN,CDE,Internal,SumateraMEDANCDE,DALAM KOTA,,,,1,REGULAR,7:52:00,386880,190588,68
260128C049,HCI,28-Jan-2026,CDELC,BK8647MS,Medan,Sumatera Utara,Solar,9.12,Customer,24,6.12,10,11,112000,791247,Sumatera,MEDAN,CDE,Internal,SumateraMEDANCDE,DALAM KOTA,,,,1,REGULAR,8:48:00,386880,292367,56
260128C069,HCI,28-Jan-2026,PICKUP,BK8696MS,Medan,Sumatera Utara,Pertalite,9.8,Customer,7,3.0,3,7,137000,624413,Sumatera,MEDAN,PICKUP,Internal,SumateraMEDANPICKUP,DALAM KOTA,,,,1,REGULAR,7:34:00,386880,100533,117
260128C079,HCI,28-Jan-2026,CDELC,BK8141LM,Medan,Sumatera Utara,Solar,11.76,Customer,5,10.0,10,5,96500,634474,Sumatera,MEDAN,CDE,Internal,SumateraMEDANCDE,DALAM KOTA,,,,1,REGULAR,7:28:00,386880,151094,88
260128C048,HCI,28-Jan-2026,CDELC,BK8646MS,Medan,Sumatera Utara,Solar,7.35,Customer,21,5.27,10,10,75000,754247,Sumatera,MEDAN,CDE,Internal,SumateraMEDANCDE,DALAM KOTA,,,,1,REGULAR,7:56:00,386880,292367,47
260128C047,HCI,28-Jan-2026,CDELC,BK8191MQ,Medan,Sumatera Utara,Solar,8.82,Customer,15,4.0,10,14,74500,673265,Sumatera,MEDAN,CDE,Internal,SumateraMEDANCDE,DALAM KOTA,,,,1,REGULAR,6:59:00,386880,211885,75
260128D028,AHI,28-Jan-2026,PICKUP,BK8633MS,Medan,Sumatera Utara,Pertalite,10,Store,7,3.0,3,7,123000,597441,Sumatera,MEDAN,PICKUP,Internal,SumateraMEDANPICKUP,DALAM KOTA,,,,1,REGULAR,9:56:00,386880,87561,93
260128D029,HCI,28-Jan-2026,CDELC,BK8192MQ,Medan,Sumatera Utara,Solar,6.62,Store,49,8.55,10,2,70000,475325,Sumatera,MEDAN,CDE,Internal,SumateraMEDANCDE,DALAM KOTA,,,,1,REGULAR,7:45:00,193440,211885,40
260128D030,HCI,28-Jan-2026,CDELC,BK8172LM,Medan,Sumatera Utara,Solar,4.41,Store,30,8.85,10,3,45000,217469,Sumatera,MEDAN,CDE,Internal,SumateraMEDANCDE,DALAM KOTA,,,,1,REGULAR,3:07:00,96720,75749,30
260128D031,HCI,28-Jan-2026,CDELC,BK8806MH,Medan,Sumatera Utara,Solar,5.88,Store,33,8.53,10,2,43500,427528,Sumatera,MEDAN,CDE,Internal,SumateraMEDANCDE,DALAM KOTA,,,,1,REGULAR,9:11:00,193440,190588,42
260128D032,AHI,28-Jan-2026,CDELC,BK8805MH,Deli Serdang,Sumatera Utara,Solar,6.03,Store,49,9.91,10,1,48000,432028,Sumatera,DELI SERDANG,CDE,Internal,SumateraDELI SERDANGCDE,DALAM KOTA,,,,1,REGULAR,5:55:00,193440,190588,42
260128D035,HCI,28-Jan-2026,CDELC,BK8075MQ,Medan,Sumatera Utara,,5.72,Store,1,10.0,10,1,50000,455325,Sumatera,MEDAN,CDE,Internal,SumateraMEDANCDE,DALAM KOTA,,,,1,REGULAR,2:04:00,193440,211885,17
260128H008,HCI,28-Jan-2026,CDELC,BK8073MQ,Pematangsiantar,Sumatera Utara,Solar,39.85,HUB,27,10.0,10,3,499000,968805,Sumatera,PEMATANGSIANTAR,CDE,Internal,SumateraPEMATANGSIANTARCDE,LUAR KOTA,1300000,-331195,-25.48%,1,REGULAR,12:59:00,257920,211885,294
260128H010,HCI,28-Jan-2026,CDELC,BK8074MQ,Pematangsiantar,Sumatera Utara,Solar,33.09,HUB,4,6.47,10,1,445000,914805,Sumatera,PEMATANGSIANTAR,CDE,Internal,SumateraPEMATANGSIANTARCDE,LUAR KOTA,1300000,-385195,-29.63%,1,REGULAR,8:08:00,257920,211885,249
260128D021,FBI,28-Jan-2026,PICKUP,A8330VX,Medan,Sumatera Utara,Pertalite,9.1,Store,7,3.0,3,6,100000,442087,Sumatera,MEDAN,MINI VAN BOX,Internal,SumateraMEDANMINI VAN BOX,DALAM KOTA,,,,1,REGULAR,16:29:00,257920,84167,99
260128D023,HCI,28-Jan-2026,CDELC,BK8309MS,Medan,Sumatera Utara,Solar,3.38,Store,32,8.61,10,1,23000,262537,Sumatera,MEDAN,CDE,Internal,SumateraMEDANCDE,DALAM KOTA,,,,1,REGULAR,2:15:00,96720,142817,26
260128D020,FBI,28-Jan-2026,PICKUP,BK8136LM,Medan,Sumatera Utara,Pertalite,7.6,Store,2,2.21,3,3,143000,327915,Sumatera,MEDAN,MINI VAN BOX,Internal,SumateraMEDANMINI VAN BOX,DALAM KOTA,,,,1,REGULAR,2:44:00,96720,88195,97
260128D024,HCI,28-Jan-2026,CDELC,BK8031LM,Medan,Sumatera Utara,Solar,5.15,Store,26,10.0,10,2,45000,389534,Sumatera,MEDAN,CDE,Internal,SumateraMEDANCDE,DALAM KOTA,,,,1,REGULAR,2:49:00,193440,151094,34
260129C062,HCI,29-Jan-2026,CDELC,BK8141LM,Medan,Sumatera Utara,Solar,3.82,Customer,4,5.74,10,2,26000,391707,Sumatera,MEDAN,CDE,Internal,SumateraMEDANCDE,DALAM KOTA,,,,1,REGULAR,1:48:00,290160,75547,24
260129C045,HCI,29-Jan-2026,CDELC,BK8805MH,Medan,Sumatera Utara,Solar,11.47,Customer,15,7.91,10,14,101000,485028,Sumatera,MEDAN,CDE,Internal,SumateraMEDANCDE,DALAM KOTA,,,,1,REGULAR,8:50:00,193440,190588,88
260129D039,HCI,29-Jan-2026,CDELC,BK8299MH,Medan,Sumatera Utara,Solar,2.94,Store,72,10.0,10,1,20000,192469,Sumatera,MEDAN,CDE,Internal,SumateraMEDANCDE,DALAM KOTA,,,,1,REGULAR,1:55:00,96720,75749,22
260129D029,FBI,29-Jan-2026,PICKUP,A8330VX,Medan,Sumatera Utara,Pertalite,2.3,Store,8,2.55,3,4,28000,208887,Sumatera,MEDAN,MINI VAN BOX,Internal,SumateraMEDANMINI VAN BOX,DALAM KOTA,,,,1,REGULAR,3:08:00,96720,84167,32
260129C064,HCI,29-Jan-2026,CDELC,BK8146LM,Medan,Sumatera Utara,Solar,7.35,Customer,4,10.0,10,3,50000,222469,Sumatera,MEDAN,CDE,Internal,SumateraMEDANCDE,DALAM KOTA,,,,1,REGULAR,4:04:00,96720,75749,57
260129D037,AHI,29-Jan-2026,CDELC,BK8141LM,Medan,Sumatera Utara,Solar,4.56,Store,109,8.73,10,1,31000,203267,Sumatera,MEDAN,CDE,Internal,SumateraMEDANCDE,DALAM KOTA,,,,1,REGULAR,3:17:00,96720,75547,32
260129C053,HCI,29-Jan-2026,CDELC,BK8871MS,Medan,Sumatera Utara,Solar,8.82,Customer,11,5.12,10,9,60000,350160,Sumatera,MEDAN,CDE,Internal,SumateraMEDANCDE,DALAM KOTA,,,,1,REGULAR,4:17:00,290160,,56
260129C054,HCI,29-Jan-2026,CDELC,BK8023LM,Medan,Sumatera Utara,Solar,13.97,Customer,18,5.6,10,12,115000,651052,Sumatera,MEDAN,CDE,Internal,SumateraMEDANCDE,DALAM KOTA,,,,1,REGULAR,9:14:00,386880,149172,86
260129D042,AHI,29-Jan-2026,CDELC,BK8047MQ,Medan,Sumatera Utara,Solar,5.15,Store,72,10.0,10,2,75000,480325,Sumatera,MEDAN,CDE,Internal,SumateraMEDANCDE,DALAM KOTA,,,,1,REGULAR,10:01:00,193440,211885,34
260129C065,HCI,29-Jan-2026,CDELC,BK8299MH,Serdang Bedagai,Sumatera Utara,Solar,20.59,Customer,8,3.39,10,6,225000,590909,Sumatera,SERDANG BEDAGAI,CDE,Internal,SumateraSERDANG BEDAGAICDE,DALAM KOTA,,,,1,REGULAR,7:22:00,290160,75749,144
260129D044,HCI,29-Jan-2026,CDELC,BK8806MH,Medan,Sumatera Utara,Solar,5.59,Store,5,8.59,10,2,38000,422028,Sumatera,MEDAN,CDE,Internal,SumateraMEDANCDE,DALAM KOTA,,,,1,REGULAR,7:39:00,193440,190588,46
260129H011,HCI,29-Jan-2026,PICKUP,BK8696MS,Pematangsiantar,Sumatera Utara,Pertalite,19.8,HUB,3,3.0,3,1,423000,569987,Sumatera,PEMATANGSIANTAR,PICKUP,Internal,SumateraPEMATANGSIANTARPICKUP,LUAR KOTA,,,,1,REGULAR,5:00:00,96720,50267,235
260129D034,HCI,29-Jan-2026,CDELC,BK8073MQ,Medan,Sumatera Utara,Solar,4.41,Store,45,10.0,10,2,51000,359605,Sumatera,MEDAN,CDE,Internal,SumateraMEDANCDE,DALAM KOTA,,,,1,REGULAR,5:26:00,96720,211885,36
260129C051,HCI,29-Jan-2026,CDELC,BK8022LM,Binjai,Sumatera Utara,Solar,18.38,Customer,15,7.36,10,9,160000,697974,Sumatera,BINJAI,CDE,Internal,SumateraBINJAICDE,DALAM KOTA,,,,1,REGULAR,7:16:00,386880,151094,156
260129D027,KLS,29-Jan-2026,CDELC,BK8309MS,Medan,Sumatera Utara,Solar,4.41,Store,6,8.84,10,1,30000,412353,Sumatera,MEDAN,CDE,Internal,SumateraMEDANCDE,DALAM KOTA,,,,1,REGULAR,2:45:00,96720,285633,31
260129D030,AHI,29-Jan-2026,CDELC,BK8191MQ,Medan,Sumatera Utara,Solar,4.41,Store,242,10.0,10,2,40000,339383,Sumatera,MEDAN,CDE,Internal,SumateraMEDANCDE,DALAM KOTA,,,,1,REGULAR,2:15:00,193440,105943,33
260129C050,HCI,29-Jan-2026,CDELC,BK8803MH,Medan,Sumatera Utara,Solar,14.41,Customer,15,9.46,10,11,129000,706468,Sumatera,MEDAN,CDE,Internal,SumateraMEDANCDE,DALAM KOTA,,,,1,REGULAR,9:07:00,386880,190588,100
260129C056,HCI,29-Jan-2026,CDELC,BK8807MH,Medan,Sumatera Utara,Solar,19.85,Customer,17,9.91,10,15,169000,746468,Sumatera,MEDAN,CDE,Internal,SumateraMEDANCDE,DALAM KOTA,,,,1,REGULAR,9:59:00,386880,190588,142
260129D036,HCI,29-Jan-2026,CDELC,BK8135LM,Medan,Sumatera Utara,Solar,2.94,Store,32,8.86,10,1,40000,288217,Sumatera,MEDAN,CDE,Internal,SumateraMEDANCDE,DALAM KOTA,,,,1,REGULAR,4:21:00,96720,151497,30
260129C049,HCI,29-Jan-2026,CDELC,BK8009MI,Medan,Sumatera Utara,Solar,8.82,Customer,7,3.16,10,7,70000,318217,Sumatera,MEDAN,CDE,Internal,SumateraMEDANCDE,DALAM KOTA,,,,1,REGULAR,4:30:00,96720,151497,62
260129C057,HCI,29-Jan-2026,CDELC,BK8172LM,Medan,Sumatera Utara,Solar,7.35,Customer,11,7.02,10,8,55000,496657,Sumatera,MEDAN,CDE,Internal,SumateraMEDANCDE,DALAM KOTA,,,,1,REGULAR,4:04:00,290160,151497,52
260129C046,HCI,29-Jan-2026,CDELC,BK8804MH,Medan,Sumatera Utara,Solar,8.82,Customer,16,2.76,10,10,90000,667468,Sumatera,MEDAN,CDE,Internal,SumateraMEDANCDE,DALAM KOTA,,,,1,REGULAR,8:30:00,386880,190588,58
260129D038,AHI,29-Jan-2026,FUSO,BK8815MG,Medan,Sumatera Utara,Solar,12.5,Store,114,31.93,34,1,260000,710678,Sumatera,MEDAN,FUSO,Internal,SumateraMEDANFUSO,DALAM KOTA,,,,1,REGULAR,2:48:00,96720,353958,48
260129C060,HCI,29-Jan-2026,PICKUP,BK8633MS,Medan,Sumatera Utara,Pertalite,10.2,Customer,10,3.0,3,6,113000,587441,Sumatera,MEDAN,PICKUP,Internal,SumateraMEDANPICKUP,DALAM KOTA,,,,1,REGULAR,8:50:00,386880,87561,103
260129D035,HCI,29-Jan-2026,CDELC,BK8146LM,Medan,Sumatera Utara,Solar,4.41,Store,62,9.91,10,1,30000,299189,Sumatera,MEDAN,CDE,Internal,SumateraMEDANCDE,DALAM KOTA,,,,1,REGULAR,2:08:00,193440,75749,30
260129C048,HCI,29-Jan-2026,CDELC,BK8646MS,Medan,Sumatera Utara,Solar,9.56,Customer,16,3.78,10,11,70000,555807,Sumatera,MEDAN,CDE,Internal,SumateraMEDANCDE,DALAM KOTA,,,,1,REGULAR,7:58:00,193440,292367,60
260129D028,FBI,29-Jan-2026,PICKUP,BK8136LM,Medan,Sumatera Utara,Pertalite,6.7,Store,4,2.52,3,3,77000,358635,Sumatera,MEDAN,MINI VAN BOX,Internal,SumateraMEDANMINI VAN BOX,DALAM KOTA,,,,1,REGULAR,2:20:00,193440,88195,68
260129H009,HCI,29-Jan-2026,CDELC,BK8074MQ,Pematangsiantar,Sumatera Utara,Solar,26.91,HUB,13,5.43,10,2,399000,804325,Sumatera,PEMATANGSIANTAR,CDE,Internal,SumateraPEMATANGSIANTARCDE,LUAR KOTA,1300000,-495675,-38.13%,1,REGULAR,4:47:00,193440,211885,225
260129C047,HCI,29-Jan-2026,CDELC,BK8647MS,Medan,Sumatera Utara,Solar,11.03,Customer,18,2.93,10,8,75000,754247,Sumatera,MEDAN,CDE,Internal,SumateraMEDANCDE,DALAM KOTA,,,,1,REGULAR,5:40:00,386880,292367,67
260129D031,HCI,29-Jan-2026,CDELC,BK8031LM,Deli Serdang,Sumatera Utara,Solar,5.15,Store,24,10.0,10,1,42000,386534,Sumatera,DELI SERDANG,CDE,Internal,SumateraDELI SERDANGCDE,DALAM KOTA,,,,1,REGULAR,8:02:00,193440,151094,47
260129C055,HCI,29-Jan-2026,CDELC,BK8191MQ,Medan,Sumatera Utara,Solar,14.71,Customer,2,6.29,10,2,125500,521603,Sumatera,MEDAN,CDE,Internal,SumateraMEDANCDE,DALAM KOTA,,,,1,REGULAR,1:49:00,290160,105943,112
260129C061,HCI,29-Jan-2026,PICKUP,BK8696MS,Deli Serdang,Sumatera Utara,Pertalite,4.1,Customer,2,1.33,3,3,41000,381427,Sumatera,DELI SERDANG,PICKUP,Internal,SumateraDELI SERDANGPICKUP,DALAM KOTA,,,,1,REGULAR,2:20:00,290160,50267,44
260129D032,HCI,29-Jan-2026,CDELC,BK8099LM,Medan,Sumatera Utara,Solar,3.68,Store,34,8.6,10,1,25000,394540,Sumatera,MEDAN,CDE,Internal,SumateraMEDANCDE,DALAM KOTA,,,,1,REGULAR,9:19:00,193440,176100,29
260129D040,AHI,29-Jan-2026,CDELC,BK8192MQ,Medan,Sumatera Utara,Solar,8.82,Store,58,8.75,10,2,70000,475325,Sumatera,MEDAN,CDE,Internal,SumateraMEDANCDE,DALAM KOTA,,,,1,REGULAR,10:26:00,193440,211885,55
260130D031,FBI,30-Jan-2026,PICKUP,BK8136LM,Medan,Sumatera Utara,Pertalite,11,Store,5,2.68,3,4,133000,273818,Sumatera,MEDAN,MINI VAN BOX,Internal,SumateraMEDANMINI VAN BOX,DALAM KOTA,,,,1,REGULAR,5:30:00,96720,44098,98
260130C078,HCI,30-Jan-2026,PICKUP,BK8696MS,Medan,Sumatera Utara,Pertalite,5.6,Customer,4,3.0,3,5,65500,309207,Sumatera,MEDAN,PICKUP,Internal,SumateraMEDANPICKUP,DALAM KOTA,,,,1,REGULAR,6:32:00,193440,50267,59
260130D025,AHI,30-Jan-2026,PICKUP,BK8633MS,Medan,Sumatera Utara,Pertalite,3,Store,33,3.0,3,1,35000,160907,Sumatera,MEDAN,PICKUP,Internal,SumateraMEDANPICKUP,DALAM KOTA,,,,1,REGULAR,2:12:00,96720,29187,28
260130C070,HCI,30-Jan-2026,CDELC,BK8031LM,Deli Serdang,Sumatera Utara,Solar,8.09,Customer,7,4.22,10,7,55000,302814,Sumatera,DELI SERDANG,CDE,Internal,SumateraDELI SERDANGCDE,DALAM KOTA,,,,1,REGULAR,3:54:00,96720,151094,52
260130D024,AHI,30-Jan-2026,CDELC,BK8191MQ,Medan,Sumatera Utara,Solar,5.88,Store,50,9.34,10,1,59500,464825,Sumatera,MEDAN,CDE,Internal,SumateraMEDANCDE,DALAM KOTA,,,,1,REGULAR,5:34:00,193440,211885,37
260130D022,AHI,30-Jan-2026,CDELC,BK8022LM,Medan,Sumatera Utara,Solar,4.41,Store,71,10.0,10,1,30000,298987,Sumatera,MEDAN,CDE,Internal,SumateraMEDANCDE,DALAM KOTA,,,,1,REGULAR,3:10:00,193440,75547,28
260130C060,HCI,30-Jan-2026,CDELC,BK8135LM,Medan,Sumatera Utara,Solar,12.5,Customer,7,3.42,10,5,104000,566629,Sumatera,MEDAN,CDE,Internal,SumateraMEDANCDE,DALAM KOTA,,,,1,REGULAR,2:40:00,386880,75749,71
260130C054,HCI,30-Jan-2026,CDELC,BK8804MH,Medan,Sumatera Utara,Solar,9.71,Customer,12,5.09,10,8,101000,678468,Sumatera,MEDAN,CDE,Internal,SumateraMEDANCDE,DALAM KOTA,,,,1,REGULAR,6:12:00,386880,190588,58
260130C110,HCI,30-Jan-2026,PICKUP,BK8136LM,Medan,Sumatera Utara,Pertalite,4.6,Customer,1,0.89,3,1,46000,380258,Sumatera,MEDAN,MINI VAN BOX,Internal,SumateraMEDANMINI VAN BOX,DALAM KOTA,,,,1,REGULAR,30:16:00,290160,44098,55
260130C055,HCI,30-Jan-2026,CDELC,BK8099LM,Medan,Sumatera Utara,Solar,7.35,Customer,14,3.57,10,9,50000,419540,Sumatera,MEDAN,CDE,Internal,SumateraMEDANCDE,DALAM KOTA,,,,1,REGULAR,5:13:00,193440,176100,54
260130C057,HCI,30-Jan-2026,CDELC,BK8806MH,Medan,Sumatera Utara,Solar,13.24,Customer,9,10.0,10,6,103500,487528,Sumatera,MEDAN,CDE,Internal,SumateraMEDANCDE,DALAM KOTA,,,,1,REGULAR,5:35:00,193440,190588,103
260130C061,HCI,30-Jan-2026,CDELC,BK8309MS,Binjai,Sumatera Utara,Solar,15.44,Customer,5,3.52,10,4,137000,473257,Sumatera,BINJAI,CDE,Internal,SumateraBINJAICDE,DALAM KOTA,,,,1,REGULAR,2:04:00,193440,142817,96
260130C109,HCI,30-Jan-2026,PICKUP,BK8633MS,Medan,Sumatera Utara,Pertalite,4.1,Customer,5,2.71,3,1,41000,360347,Sumatera,MEDAN,PICKUP,Internal,SumateraMEDANPICKUP,DALAM KOTA,,,,1,REGULAR,2:12:00,290160,29187,42
260130D033,AHI,30-Jan-2026,CDELC,BK8135LM,Medan,Sumatera Utara,Solar,3.68,Store,30,10.0,10,1,40000,309189,Sumatera,MEDAN,CDE,Internal,SumateraMEDANCDE,DALAM KOTA,,,,1,REGULAR,2:59:00,193440,75749,30
260130C052,HCI,30-Jan-2026,CDELC,BK8047MQ,Medan,Sumatera Utara,Solar,10.29,Customer,17,3.99,10,9,81500,680265,Sumatera,MEDAN,CDE,Internal,SumateraMEDANCDE,DALAM KOTA,,,,1,REGULAR,7:59:00,386880,211885,64
260130C059,HCI,30-Jan-2026,CDELC,BK8023LM,Medan,Sumatera Utara,Solar,12.5,Customer,7,5.09,10,7,119000,364892,Sumatera,MEDAN,CDE,Internal,SumateraMEDANCDE,DALAM KOTA,,,,1,REGULAR,6:06:00,96720,149172,85
260130C088,AHI,30-Jan-2026,CDELC,BK8141LM,Medan,Sumatera Utara,Solar,17.88,Customer,4,8.8,10,4,83000,620974,Sumatera,MEDAN,CDE,Internal,SumateraMEDANCDE,DALAM KOTA,,,,1,REGULAR,8:14:00,386880,151094,89
260130C058,HCI,30-Jan-2026,CDELC,BK8871MS,Medan,Sumatera Utara,Solar,11.03,Customer,6,5.95,10,5,90500,477380,Sumatera,MEDAN,CDE,Internal,SumateraMEDANCDE,DALAM KOTA,,,,1,REGULAR,6:53:00,386880,,82
260130C053,HCI,30-Jan-2026,CDELC,BK8803MH,Medan,Sumatera Utara,Solar,9.56,Customer,20,5.8,10,17,103000,680468,Sumatera,MEDAN,CDE,Internal,SumateraMEDANCDE,DALAM KOTA,,,,1,REGULAR,7:37:00,386880,190588,71
260130C087,HCI,30-Jan-2026,CDELC,BK8009MI,Medan,Sumatera Utara,Solar,6.62,Customer,1,8.0,10,1,45000,314189,Sumatera,MEDAN,CDE,Internal,SumateraMEDANCDE,DALAM KOTA,,,,1,REGULAR,1:14:00,193440,75749,44
260130D034,AHI,30-Jan-2026,CDELC,BK8309MS,Medan,Sumatera Utara,Solar,3.68,Store,1,8.0,10,1,25000,264537,Sumatera,MEDAN,CDE,Internal,SumateraMEDANCDE,DALAM KOTA,,,,1,REGULAR,1:40:00,96720,142817,24
260130D021,AHI,30-Jan-2026,CDELC,BK8009MI,Deli Serdang,Sumatera Utara,Solar,5.15,Store,71,10.0,10,1,42000,214469,Sumatera,DELI SERDANG,CDE,Internal,SumateraDELI SERDANGCDE,DALAM KOTA,,,,1,REGULAR,3:59:00,96720,75749,40
260130D029,HCI,30-Jan-2026,CDELC,BK8192MQ,Medan,Sumatera Utara,Solar,6.32,Store,21,8.54,10,3,83000,488325,Sumatera,MEDAN,CDE,Internal,SumateraMEDANCDE,DALAM KOTA,,,,1,REGULAR,10:57:00,193440,211885,43
260130C067,HCI,30-Jan-2026,CDELC,BK8022LM,Medan,Sumatera Utara,Solar,10.29,Customer,11,6.71,10,8,70000,435707,Sumatera,MEDAN,CDE,Internal,SumateraMEDANCDE,DALAM KOTA,,,,1,REGULAR,6:10:00,290160,75547,53
260130D032,FBI,30-Jan-2026,PICKUP,A8330VX,Medan,Sumatera Utara,Pertalite,6,Store,7,2.89,3,5,74000,351607,Sumatera,MEDAN,MINI VAN BOX,Internal,SumateraMEDANMINI VAN BOX,DALAM KOTA,,,,1,REGULAR,4:52:00,193440,84167,55
260130C065,HCI,30-Jan-2026,CDELC,BK8647MS,Medan,Sumatera Utara,Solar,15.73,Customer,16,7.72,10,12,105000,784247,Sumatera,MEDAN,CDE,Internal,SumateraMEDANCDE,DALAM KOTA,,,,1,REGULAR,7:43:00,386880,292367,72
260130D035,HCI,30-Jan-2026,CDELC,BK8146LM,Deli Serdang,Sumatera Utara,Solar,5.88,Store,9,8.51,10,2,53500,398437,Sumatera,DELI SERDANG,CDE,Internal,SumateraDELI SERDANGCDE,DALAM KOTA,,,,1,REGULAR,3:55:00,193440,151497,41
260130C073,HCI,30-Jan-2026,CDELC,BK8646MS,Asahan,Sumatera Utara,Solar,41.62,Customer,4,8.5,10,2,584000,1263247,Sumatera,ASAHAN,CDE,Internal,SumateraASAHANCDE,LUAR KOTA,,,,1,REGULAR,5:05:00,386880,292367,287
260130C096,HCI,30-Jan-2026,PICKUP,BK8696MS,Medan,Sumatera Utara,Pertalite,2.7,Customer,2,2.17,3,2,33000,276707,Sumatera,MEDAN,PICKUP,Internal,SumateraMEDANPICKUP,DALAM KOTA,,,,1,REGULAR,2:22:00,193440,50267,30
260130D023,AHI,30-Jan-2026,CDELC,BK8073MQ,Medan,Sumatera Utara,Solar,3.82,Store,54,10.0,10,1,26000,228663,Sumatera,MEDAN,CDE,Internal,SumateraMEDANCDE,DALAM KOTA,,,,1,REGULAR,1:48:00,96720,105943,24
260130C056,HCI,30-Jan-2026,CDELC,BK8805MH,Medan,Sumatera Utara,Solar,10.29,Customer,24,6.79,10,13,75000,652468,Sumatera,MEDAN,CDE,Internal,SumateraMEDANCDE,DALAM KOTA,,,,1,REGULAR,8:15:00,386880,190588,64
260130D028,HCI,30-Jan-2026,CDELC,BK8172LM,Medan,Sumatera Utara,Solar,4.41,Store,30,8.09,10,2,30000,374937,Sumatera,MEDAN,CDE,Internal,SumateraMEDANCDE,DALAM KOTA,,,,1,REGULAR,6:18:00,193440,151497,33
260130C063,HCI,30-Jan-2026,CDELC,BK8807MH,Medan,Sumatera Utara,Solar,11.62,Customer,9,8.51,10,9,104000,488028,Sumatera,MEDAN,CDE,Internal,SumateraMEDANCDE,DALAM KOTA,,,,1,REGULAR,5:44:00,193440,190588,81
260130C068,HCI,30-Jan-2026,CDELC,BK8073MQ,Medan,Sumatera Utara,Solar,13.97,Customer,12,9.75,10,12,100000,496103,Sumatera,MEDAN,CDE,Internal,SumateraMEDANCDE,DALAM KOTA,,,,1,REGULAR,3:55:00,290160,105943,97
260130C079,HCI,30-Jan-2026,PICKUP,BK8633MS,Medan,Sumatera Utara,Pertalite,6.8,Customer,4,3.0,3,3,73000,198907,Sumatera,MEDAN,PICKUP,Internal,SumateraMEDANPICKUP,DALAM KOTA,,,,1,REGULAR,6:07:00,96720,29187,72
260131C048,HCI,31-Jan-2026,CDELC,BK8172LM,Medan,Sumatera Utara,Solar,8.82,Customer,13,3.0,10,9,80000,521657,Sumatera,MEDAN,CDE,Internal,SumateraMEDANCDE,DALAM KOTA,,,,1,REGULAR,8:13:00,290160,151497,59
260131C053,HCI,31-Jan-2026,CDELC,BK8022LM,Medan,Sumatera Utara,Solar,15.44,Customer,6,3.9,10,6,120000,367814,Sumatera,MEDAN,CDE,Internal,SumateraMEDANCDE,DALAM KOTA,,,,1,REGULAR,5:57:00,96720,151094,114
260131C054,HCI,31-Jan-2026,CDELC,BK8009MI,Medan,Sumatera Utara,Solar,11.76,Customer,10,6.18,10,8,116500,654877,Sumatera,MEDAN,CDE,Internal,SumateraMEDANCDE,DALAM KOTA,,,,1,REGULAR,7:55:00,386880,151497,91
260131C056,HCI,31-Jan-2026,CDELC,BK8146LM,Binjai,Sumatera Utara,Solar,12.5,Customer,15,3.46,10,12,110000,648377,Sumatera,BINJAI,CDE,Internal,SumateraBINJAICDE,DALAM KOTA,,,,1,REGULAR,9:45:00,386880,151497,115
260131C057,HCI,31-Jan-2026,CDELC,BK8646MS,Medan,Sumatera Utara,Solar,15.44,Customer,26,9.35,10,13,130000,615807,Sumatera,MEDAN,CDE,Internal,SumateraMEDANCDE,DALAM KOTA,,,,1,REGULAR,6:23:00,193440,292367,103
260131C060,HCI,31-Jan-2026,CDELC,BK8871MS,Medan,Sumatera Utara,Solar,8.09,Customer,6,6.0,10,7,55000,248440,Sumatera,MEDAN,CDE,Internal,SumateraMEDANCDE,DALAM KOTA,,,,1,REGULAR,6:27:00,193440,,57
260131C061,HCI,31-Jan-2026,CDELC,BK8141LM,Medan,Sumatera Utara,Solar,9.85,Customer,8,6.22,10,8,81000,425534,Sumatera,MEDAN,CDE,Internal,SumateraMEDANCDE,DALAM KOTA,,,,1,REGULAR,6:54:00,193440,151094,66
260131C062,HCI,31-Jan-2026,CDELC,BK8073MQ,Medan,Sumatera Utara,Solar,8.82,Customer,9,5.24,10,7,70000,475325,Sumatera,MEDAN,CDE,Internal,SumateraMEDANCDE,DALAM KOTA,,,,1,REGULAR,5:55:00,193440,211885,69
260131C063,HCI,31-Jan-2026,CDELC,BK8309MS,Medan,Sumatera Utara,Solar,9.56,Customer,24,7.76,10,12,94000,766513,Sumatera,MEDAN,CDE,Internal,SumateraMEDANCDE,DALAM KOTA,,,,1,REGULAR,8:41:00,386880,285633,64
260131C064,HCI,31-Jan-2026,CDELC,BK8805MH,Deli Serdang,Sumatera Utara,Solar,10.29,Customer,4,5.93,10,4,70000,647468,Sumatera,DELI SERDANG,CDE,Internal,SumateraDELI SERDANGCDE,DALAM KOTA,,,,1,REGULAR,2:47:00,386880,190588,63
260131C065,HCI,31-Jan-2026,CDELC,BK8299MH,Medan,Sumatera Utara,Solar,3.68,Customer,3,4.03,10,2,25000,369937,Sumatera,MEDAN,CDE,Internal,SumateraMEDANCDE,DALAM KOTA,,,,1,REGULAR,2:34:00,193440,151497,34
260131C067,HCI,31-Jan-2026,PICKUP,BK8696MS,Medan,Sumatera Utara,Pertalite,10,Customer,6,3.0,3,6,109000,352707,Sumatera,MEDAN,PICKUP,Internal,SumateraMEDANPICKUP,DALAM KOTA,,,,1,REGULAR,6:38:00,193440,50267,113
260131C068,HCI,31-Jan-2026,PICKUP,BK8633MS,Medan,Sumatera Utara,Pertalite,7.9,Customer,4,2.5,3,5,85500,463221,Sumatera,MEDAN,PICKUP,Internal,SumateraMEDANPICKUP,DALAM KOTA,,,,1,REGULAR,6:22:00,290160,87561,83
260131C047,HCI,31-Jan-2026,CDELC,BK8099LM,Medan,Sumatera Utara,Solar,11.03,Customer,15,7.45,10,9,78500,641480,Sumatera,MEDAN,CDE,Internal,SumateraMEDANCDE,DALAM KOTA,,,,1,REGULAR,8:33:00,386880,176100,81
260131C090,HCI,31-Jan-2026,PICKUP,BK8696MS,Medan,Sumatera Utara,Pertalite,5,Customer,2,2.63,3,2,65500,309207,Sumatera,MEDAN,PICKUP,Internal,SumateraMEDANPICKUP,DALAM KOTA,,,,1,NON REGULAR,1:54:00,193440,50267,60
260131D017,HCI,31-Jan-2026,CDELC,BK8804MH,Deli Serdang,Sumatera Utara,Solar,3.97,Store,14,10.0,10,1,36500,420528,Sumatera,DELI SERDANG,CDE,Internal,SumateraDELI SERDANGCDE,DALAM KOTA,,,,1,REGULAR,2:55:00,193440,190588,42
260131D018,HCI,31-Jan-2026,CDELC,BK8047MQ,Medan,Sumatera Utara,Solar,4.41,Store,41,9.33,10,2,30000,338605,Sumatera,MEDAN,CDE,Internal,SumateraMEDANCDE,DALAM KOTA,,,,1,REGULAR,2:24:00,96720,211885,30
260131D019,HCI,31-Jan-2026,CDELC,BK8192MQ,Medan,Sumatera Utara,Solar,6.76,Store,39,9.52,10,4,76000,481325,Sumatera,MEDAN,CDE,Internal,SumateraMEDANCDE,DALAM KOTA,,,,1,REGULAR,9:33:00,193440,211885,41
260131C052,HCI,31-Jan-2026,CDELC,BK8807MH,Medan,Sumatera Utara,Solar,5.88,Customer,3,6.57,10,3,43000,427028,Sumatera,MEDAN,CDE,Internal,SumateraMEDANCDE,DALAM KOTA,,,,1,REGULAR,2:13:00,193440,190588,39
260131C051,HCI,31-Jan-2026,CDELC,BK8191MQ,Medan,Sumatera Utara,Solar,7.35,Customer,10,4.2,10,8,50000,455325,Sumatera,MEDAN,CDE,Internal,SumateraMEDANCDE,DALAM KOTA,,,,1,REGULAR,10:14:00,193440,211885,52
260131C050,HCI,31-Jan-2026,CDELC,BK8135LM,Medan,Sumatera Utara,Solar,9.56,Customer,20,9.43,10,12,84500,622877,Sumatera,MEDAN,CDE,Internal,SumateraMEDANCDE,DALAM KOTA,,,,1,REGULAR,8:49:00,386880,151497,85
260131H010,HCI,31-Jan-2026,CDELC,BK8803MH,Pematangsiantar,Sumatera Utara,Solar,32.5,HUB,27,7.59,10,3,420000,804028,Sumatera,PEMATANGSIANTAR,CDE,Internal,SumateraPEMATANGSIANTARCDE,LUAR KOTA,1300000,-495972,-38.15%,1,REGULAR,7:55:00,193440,190588,237
260131H011,HCI,31-Jan-2026,CDELC,BK8074MQ,Pematangsiantar,Sumatera Utara,Solar,33.82,HUB,2,9.56,10,1,429000,834325,Sumatera,PEMATANGSIANTAR,CDE,Internal,SumateraPEMATANGSIANTARCDE,LUAR KOTA,1300000,-465675,-35.82%,1,REGULAR,2:30:00,193440,211885,244
260131L016,HCI,31-Jan-2026,CDELC,BK8806MH,Medan,Sumatera Utara,Solar,8.82,Store,5,2.36,10,6,74000,651468,Sumatera,MEDAN,CDE,Internal,SumateraMEDANCDE,DALAM KOTA,,,,1,REGULAR,6:41:00,386880,190588,69
260131D026,FBI,31-Jan-2026,PICKUP,BK8136LM,Medan,Sumatera Utara,Pertalite,6.5,Store,5,2.36,3,3,76000,357635,Sumatera,MEDAN,MINI VAN BOX,Internal,SumateraMEDANMINI VAN BOX,DALAM KOTA,,,,1,REGULAR,6:57:00,193440,88195,69
260131D025,FBI,31-Jan-2026,PICKUP,A8330VX,Medan,Sumatera Utara,Pertalite,3.5,Store,6,2.63,3,4,40000,317607,Sumatera,MEDAN,MINI VAN BOX,Internal,SumateraMEDANMINI VAN BOX,DALAM KOTA,,,,1,REGULAR,2:52:00,193440,84167,31
260131D027,AHI,31-Jan-2026,CDELC,BK8023LM,Medan,Sumatera Utara,Solar,4.41,Store,189,10.0,10,2,55000,397612,Sumatera,MEDAN,CDE,Internal,SumateraMEDANCDE,DALAM KOTA,,,,1,REGULAR,9:41:00,193440,149172,37
260201C063,HCI,1-Feb-2026,PICKUP,BK8633MS,Medan,Sumatera Utara,Pertalite,4,Customer,3,3.0,3,2,40000,321001,Sumatera,MEDAN,PICKUP,Internal,SumateraMEDANPICKUP,DALAM KOTA,,,,2,REGULAR,4:39:00,193440,87561,46
260201C047,HCI,1-Feb-2026,CDELC,BK8073MQ,Medan,Sumatera Utara,Solar,9.56,Customer,3,3.01,10,3,75500,674265,Sumatera,MEDAN,CDE,Internal,SumateraMEDANCDE,DALAM KOTA,,,,2,REGULAR,3:56:00,386880,211885,80
260201C043,HCI,1-Feb-2026,CDELC,BK8804MH,Medan,Sumatera Utara,Solar,7.94,Customer,25,4.83,10,11,61500,638968,Sumatera,MEDAN,CDE,Internal,SumateraMEDANCDE,DALAM KOTA,,,,2,REGULAR,5:50:00,386880,190588,59
260201C061,HCI,1-Feb-2026,PICKUP,BK8696MS,Medan,Sumatera Utara,Pertalite,9.7,Customer,4,1.82,3,4,117500,361207,Sumatera,MEDAN,PICKUP,Internal,SumateraMEDANPICKUP,DALAM KOTA,,,,2,REGULAR,9:32:00,193440,50267,100
260201C053,HCI,1-Feb-2026,CDELC,BK8023LM,Medan,Sumatera Utara,Solar,14.71,Customer,11,4.8,10,9,100000,636052,Sumatera,MEDAN,CDE,Internal,SumateraMEDANCDE,DALAM KOTA,,,,2,REGULAR,8:53:00,386880,149172,92
260201C058,HCI,1-Feb-2026,CDELC,BK8646MS,Medan,Sumatera Utara,Solar,7.79,Customer,5,6.36,10,6,53000,732247,Sumatera,MEDAN,CDE,Internal,SumateraMEDANCDE,DALAM KOTA,,,,2,REGULAR,4:32:00,386880,292367,51
260201X002,HCI,1-Feb-2026,CDELC,BK8047MQ,Medan,Sumatera Utara,Solar,4.41,Other Delivery,1,8.0,10,1,50000,494013,Sumatera,MEDAN,CDE,Internal,SumateraMEDANCDE,DALAM KOTA,,,,2,NON REGULAR,19:01:00,232128,211885,31
260201C054,HCI,1-Feb-2026,CDELC,BK8647MS,Karo,Sumatera Utara,Solar,18.53,Customer,2,4.95,10,2,130000,809247,Sumatera,KARO,CDE,Internal,SumateraKAROCDE,DALAM KOTA,,,,2,REGULAR,8:49:00,386880,292367,113
260201C057,HCI,1-Feb-2026,CDELC,BK8172LM,Medan,Sumatera Utara,Solar,9.56,Customer,20,5.43,10,8,75000,419937,Sumatera,MEDAN,CDE,Internal,SumateraMEDANCDE,DALAM KOTA,,,,2,REGULAR,5:10:00,193440,151497,51
260201C049,HCI,1-Feb-2026,CDELC,BK8099LM,Medan,Sumatera Utara,Solar,11.03,Customer,9,5.78,10,5,85500,455040,Sumatera,MEDAN,CDE,Internal,SumateraMEDANCDE,DALAM KOTA,,,,2,REGULAR,4:37:00,193440,176100,85
260201C056,HCI,1-Feb-2026,CDELC,BK8146LM,Medan,Sumatera Utara,Solar,8.82,Customer,12,2.93,10,5,60000,598377,Sumatera,MEDAN,CDE,Internal,SumateraMEDANCDE,DALAM KOTA,,,,2,REGULAR,5:04:00,386880,151497,60
260201C059,HCI,1-Feb-2026,CDELC,BK8022LM,Deli Serdang,Sumatera Utara,Solar,8.82,Customer,9,7.32,10,5,60000,404534,Sumatera,DELI SERDANG,CDE,Internal,SumateraDELI SERDANGCDE,DALAM KOTA,,,,2,REGULAR,5:28:00,193440,151094,75
260201C052,HCI,1-Feb-2026,CDELC,BK8009MI,Binjai,Sumatera Utara,Solar,9.56,Customer,8,3.76,10,9,80000,618377,Sumatera,BINJAI,CDE,Internal,SumateraBINJAICDE,DALAM KOTA,,,,2,REGULAR,6:42:00,386880,151497,65
260201X001,HCI,1-Feb-2026,CDELC,BK8031LM,Medan,Sumatera Utara,Solar,4.41,Other Delivery,1,8.0,10,1,50000,336502,Sumatera,MEDAN,CDE,Internal,SumateraMEDANCDE,DALAM KOTA,,,,2,NON REGULAR,14:03:00,135408,151094,40
260201C055,HCI,1-Feb-2026,CDELC,BK8806MH,Medan,Sumatera Utara,Solar,7.35,Customer,6,10.0,10,5,50000,434028,Sumatera,MEDAN,CDE,Internal,SumateraMEDANCDE,DALAM KOTA,,,,2,REGULAR,5:39:00,193440,190588,57
260201C044,HCI,1-Feb-2026,CDELC,BK8805MH,Medan,Sumatera Utara,Solar,7.65,Customer,22,3.94,10,7,100500,677968,Sumatera,MEDAN,CDE,Internal,SumateraMEDANCDE,DALAM KOTA,,,,2,REGULAR,7:44:00,386880,190588,60
260201C062,HCI,1-Feb-2026,PICKUP,BK8696MS,Medan,Sumatera Utara,Pertalite,5,Customer,3,3.0,3,3,50000,293707,Sumatera,MEDAN,PICKUP,Internal,SumateraMEDANPICKUP,DALAM KOTA,,,,2,REGULAR,4:01:00,193440,50267,56
260201H006,HCI,1-Feb-2026,CDELC,BK8309MS,Pematangsiantar,Sumatera Utara,Solar,35.29,HUB,14,8.12,10,1,463500,981261,Sumatera,PEMATANGSIANTAR,CDE,Internal,SumateraPEMATANGSIANTARCDE,LUAR KOTA,1300000,-318739,-24.52%,2,REGULAR,7:23:00,232128,285633,266
260201C046,HCI,1-Feb-2026,CDELC,BK8803MH,Medan,Sumatera Utara,Solar,10.29,Customer,20,5.3,10,11,86000,663468,Sumatera,MEDAN,CDE,Internal,SumateraMEDANCDE,DALAM KOTA,,,,2,REGULAR,8:10:00,386880,190588,76
260201C045,HCI,1-Feb-2026,CDELC,BK8871MS,Medan,Sumatera Utara,Solar,10,Customer,19,8.36,10,9,68000,454880,Sumatera,MEDAN,CDE,Internal,SumateraMEDANCDE,DALAM KOTA,,,,2,REGULAR,9:02:00,386880,,73
260201X003,HCI,1-Feb-2026,CDELC,BK8192MQ,Medan,Sumatera Utara,Solar,5.88,Other Delivery,1,8.0,10,1,60000,407293,Sumatera,MEDAN,CDE,Internal,SumateraMEDANCDE,DALAM KOTA,,,,2,NON REGULAR,13:59:00,135408,211885,35
260201X005,HCI,1-Feb-2026,CDELC,BK8807MH,Medan,Sumatera Utara,Solar,6.62,Other Delivery,3,3.3,10,4,65000,487716,Sumatera,MEDAN,CDE,Internal,SumateraMEDANCDE,DALAM KOTA,,,,2,REGULAR,1:42:00,232128,190588,48
260201C050,HCI,1-Feb-2026,CDELC,BK8299MH,Medan,Sumatera Utara,Solar,7.35,Customer,4,2.48,10,4,50000,394937,Sumatera,MEDAN,CDE,Internal,SumateraMEDANCDE,DALAM KOTA,,,,2,REGULAR,4:11:00,193440,151497,60
260202D039,AHI,2-Feb-2026,CDELC,BK8647MS,Medan,Sumatera Utara,Solar,5.15,Store,13,9.1,11,2,50000,320538,Sumatera,MEDAN,CDE LONG CHASSIS,Internal,SumateraMEDANCDE LONG CHASSIS,DALAM KOTA,,,,2,REGULAR,2:57:00,124354,146183,31
260202D036,FBI,2-Feb-2026,PICKUP,BK8136LM,Medan,Sumatera Utara,Pertalite,9.1,Store,8,1.96,3,4,146000,358549,Sumatera,MEDAN,MINI VAN BOX,Internal,SumateraMEDANMINI VAN BOX,DALAM KOTA,,,,2,REGULAR,4:06:00,124354,88195,103
260202D037,FBI,2-Feb-2026,PICKUP,A8330VX,Medan,Sumatera Utara,Pertalite,6,Store,9,2.78,3,5,65000,370241,Sumatera,MEDAN,MINI VAN BOX,Internal,SumateraMEDANMINI VAN BOX,DALAM KOTA,,,,2,REGULAR,8:47:00,221074,84167,49
260202D001,HCI,2-Feb-2026,CDELC,BK8022LM,Medan,Sumatera Utara,Solar,4.41,Store,69,10.0,10,2,50000,318987,Sumatera,MEDAN,CDE,Internal,SumateraMEDANCDE,DALAM KOTA,,,,2,REGULAR,3:22:00,193440,75547,31
260202D002,HCI,2-Feb-2026,CDELC,BK8192MQ,Medan,Sumatera Utara,Solar,7.06,Store,6,9.1,10,1,63000,468325,Sumatera,MEDAN,CDE,Internal,SumateraMEDANCDE,DALAM KOTA,,,,2,REGULAR,7:46:00,193440,211885,43
260202D003,AHI,2-Feb-2026,CDELC,BK8804MH,Medan,Sumatera Utara,Solar,4.41,Store,38,8.9,10,1,45000,333734,Sumatera,MEDAN,CDE,Internal,SumateraMEDANCDE,DALAM KOTA,,,,2,REGULAR,2:30:00,193440,95294,34
260202D004,AHI,2-Feb-2026,CDELC,BK8191MQ,Medan,Sumatera Utara,Solar,4.41,Store,44,9.59,10,1,30000,197348,Sumatera,MEDAN,CDE,Internal,SumateraMEDANCDE,DALAM KOTA,,,,2,REGULAR,0:53:00,96720,70628,35
260202D005,AHI,2-Feb-2026,CDELC,BK8135LM,Medan,Sumatera Utara,Solar,4.41,Store,56,9.58,10,1,30000,374937,Sumatera,MEDAN,CDE,Internal,SumateraMEDANCDE,DALAM KOTA,,,,2,REGULAR,2:05:00,193440,151497,31
260202D006,HCI,2-Feb-2026,CDELC,BK8806MH,Medan,Sumatera Utara,Solar,3.97,Store,32,9.06,10,2,34000,226014,Sumatera,MEDAN,CDE,Internal,SumateraMEDANCDE,DALAM KOTA,,,,2,REGULAR,2:24:00,96720,95294,38
260202D007,AHI,2-Feb-2026,CDELC,BK8023LM,Medan,Sumatera Utara,Solar,7.06,Store,14,9.57,10,1,92000,434612,Sumatera,MEDAN,CDE,Internal,SumateraMEDANCDE,DALAM KOTA,,,,2,REGULAR,8:23:00,193440,149172,43
260202D008,HCI,2-Feb-2026,PICKUP,BK8696MS,Medan,Sumatera Utara,Pertalite,3,Store,2,2.11,3,2,50000,196987,Sumatera,MEDAN,PICKUP,Internal,SumateraMEDANPICKUP,DALAM KOTA,,,,2,REGULAR,9:07:00,96720,50267,33
260202D024,HCI,2-Feb-2026,CDELC,BK8047MQ,Medan,Sumatera Utara,Solar,3.68,Store,47,8.93,10,1,25000,324383,Sumatera,MEDAN,CDE,Internal,SumateraMEDANCDE,DALAM KOTA,,,,2,REGULAR,1:55:00,193440,105943,24
260202D025,HCI,2-Feb-2026,CDELC,BK8074MQ,Medan,Sumatera Utara,Solar,4.41,Store,25,10.0,10,1,45000,353605,Sumatera,MEDAN,CDE,Internal,SumateraMEDANCDE,DALAM KOTA,,,,2,REGULAR,3:16:00,96720,211885,30
260202D026,HCI,2-Feb-2026,CDELC,BK8309MS,Medan,Sumatera Utara,Solar,4.41,Store,28,10.0,10,1,30000,269537,Sumatera,MEDAN,CDE,Internal,SumateraMEDANCDE,DALAM KOTA,,,,2,REGULAR,2:40:00,96720,142817,30
260202C057,HCI,2-Feb-2026,CDELC,BK8141LM,Deli Serdang,Sumatera Utara,Solar,10.29,Customer,22,5.49,10,9,84500,429034,Sumatera,DELI SERDANG,CDE,Internal,SumateraDELI SERDANGCDE,DALAM KOTA,,,,2,REGULAR,9:09:00,193440,151094,72
260202C058,HCI,2-Feb-2026,CDELC,BK8805MH,Medan,Sumatera Utara,Solar,6.62,Customer,27,5.88,10,10,65000,642468,Sumatera,MEDAN,CDE,Internal,SumateraMEDANCDE,DALAM KOTA,,,,2,REGULAR,8:30:00,386880,190588,43
260202C059,HCI,2-Feb-2026,CDELC,BK8807MH,Medan,Sumatera Utara,Solar,14.71,Customer,21,9.1,10,15,105000,682468,Sumatera,MEDAN,CDE,Internal,SumateraMEDANCDE,DALAM KOTA,,,,2,REGULAR,7:30:00,386880,190588,92
260202C060,HCI,2-Feb-2026,CDELC,BK8172LM,Medan,Sumatera Utara,Solar,7.35,Customer,13,3.44,10,9,60000,598377,Sumatera,MEDAN,CDE,Internal,SumateraMEDANCDE,DALAM KOTA,,,,2,REGULAR,7:26:00,386880,151497,47
260202C061,HCI,2-Feb-2026,CDELC,BK8646MS,Medan,Sumatera Utara,Solar,7.35,Customer,15,9.5,11,8,55000,394623,Sumatera,MEDAN,CDE LONG CHASSIS,Internal,SumateraMEDANCDE LONG CHASSIS,DALAM KOTA,,,,2,REGULAR,5:55:00,193440,146183,53
260202C062,HCI,2-Feb-2026,CDELC,BK8031LM,Medan,Sumatera Utara,Solar,8.68,Customer,10,8.62,10,7,59000,424707,Sumatera,MEDAN,CDE,Internal,SumateraMEDANCDE,DALAM KOTA,,,,2,REGULAR,6:39:00,290160,75547,66
260202C063,HCI,2-Feb-2026,CDELC,BK8099LM,Medan,Sumatera Utara,Solar,7.35,Customer,7,4.85,10,6,50000,428210,Sumatera,MEDAN,CDE,Internal,SumateraMEDANCDE,DALAM KOTA,,,,2,REGULAR,5:32:00,290160,88050,59
260202C064,HCI,2-Feb-2026,CDELC,BK8309MS,Binjai,Sumatera Utara,Solar,22.5,Customer,11,7.23,10,11,200000,632977,Sumatera,BINJAI,CDE,Internal,SumateraBINJAICDE,DALAM KOTA,,,,2,REGULAR,9:44:00,290160,142817,153
260202C065,HCI,2-Feb-2026,CDELC,BK8073MQ,Medan,Sumatera Utara,Solar,17.06,Customer,14,6.88,10,11,119500,418883,Sumatera,MEDAN,CDE,Internal,SumateraMEDANCDE,DALAM KOTA,,,,2,REGULAR,4:49:00,193440,105943,112
260202C066,HCI,2-Feb-2026,CDELC,BK8806MH,Medan,Sumatera Utara,Solar,16.91,Customer,5,1.78,10,5,135000,520454,Sumatera,MEDAN,CDE,Internal,SumateraMEDANCDE,DALAM KOTA,,,,2,REGULAR,5:51:00,290160,95294,118
260202C067,HCI,2-Feb-2026,CDELC,BK8099LM,Medan,Sumatera Utara,Solar,7.35,Customer,9,7.04,10,7,73000,354490,Sumatera,MEDAN,CDE,Internal,SumateraMEDANCDE,DALAM KOTA,,,,2,REGULAR,3:56:00,193440,88050,54
260202C068,HCI,2-Feb-2026,CDELC,BK8146LM,Medan,Sumatera Utara,Solar,7.35,Customer,11,6.45,10,10,68000,337189,Sumatera,MEDAN,CDE,Internal,SumateraMEDANCDE,DALAM KOTA,,,,2,REGULAR,6:46:00,193440,75749,49
260202C069,HCI,2-Feb-2026,CDELC,BK8804MH,Medan,Sumatera Utara,Solar,5.88,Customer,14,6.92,10,10,55000,343734,Sumatera,MEDAN,CDE,Internal,SumateraMEDANCDE,DALAM KOTA,,,,2,REGULAR,6:26:00,193440,95294,54
260202C070,HCI,2-Feb-2026,CDELC,BK8009MI,Medan,Sumatera Utara,Solar,8.24,Customer,26,7.63,10,13,79000,348189,Sumatera,MEDAN,CDE,Internal,SumateraMEDANCDE,DALAM KOTA,,,,2,REGULAR,5:20:00,193440,75749,56
260202C071,HCI,2-Feb-2026,CDELC,BK8299MH,Medan,Sumatera Utara,Solar,11.76,Customer,11,5.36,10,6,91500,629877,Sumatera,MEDAN,CDE,Internal,SumateraMEDANCDE,DALAM KOTA,,,,2,REGULAR,9:10:00,386880,151497,78
260202C072,HCI,2-Feb-2026,CDELC,BK8871MS,Medan,Sumatera Utara,Solar,13.24,Customer,6,3.59,10,3,93500,286940,Sumatera,MEDAN,CDE,Internal,SumateraMEDANCDE,DALAM KOTA,,,,2,REGULAR,2:20:00,193440,,70
260202C073,HCI,2-Feb-2026,CDELC,BK8047MQ,Deli Serdang,Sumatera Utara,Solar,14.71,Customer,11,9.89,10,4,100000,496103,Sumatera,DELI SERDANG,CDE,Internal,SumateraDELI SERDANGCDE,DALAM KOTA,,,,2,REGULAR,3:59:00,290160,105943,100
260202C074,HCI,2-Feb-2026,CDELC,BK8022LM,Medan,Sumatera Utara,Solar,7.35,Customer,12,3.99,10,4,58000,326987,Sumatera,MEDAN,CDE,Internal,SumateraMEDANCDE,DALAM KOTA,,,,2,REGULAR,3:08:00,193440,75547,54
260202C075,HCI,2-Feb-2026,CDELC,BK8803MH,Simalungun,Sumatera Utara,Solar,27.21,Customer,3,8.37,10,2,398500,493794,Sumatera,SIMALUNGUN,CDE,Internal,SumateraSIMALUNGUNCDE,LUAR KOTA,,,,2,REGULAR,6:15:00,0,95294,233
260202C077,HCI,2-Feb-2026,PICKUP,BK8633MS,Medan,Sumatera Utara,Pertalite,13.1,Customer,4,3.0,3,4,201000,675441,Sumatera,MEDAN,PICKUP,Internal,SumateraMEDANPICKUP,DALAM KOTA,,,,2,REGULAR,9:49:00,386880,87561,143
260202C078,HCI,2-Feb-2026,CDELC,BK8803MH,Medan,Sumatera Utara,Solar,7.35,Customer,6,10.0,10,1,50000,338734,Sumatera,MEDAN,CDE,Internal,SumateraMEDANCDE,DALAM KOTA,,,,2,REGULAR,6:30:00,193440,95294,48
260202C081,HCI,2-Feb-2026,CDELC,BK8871MS,Medan,Sumatera Utara,Solar,3.68,Customer,8,8.77,10,4,31000,224440,Sumatera,MEDAN,CDE,Internal,SumateraMEDANCDE,DALAM KOTA,,,,2,REGULAR,7:22:00,193440,,33
260202C084,HCI,2-Feb-2026,CDELC,BK8647MS,Medan,Sumatera Utara,Solar,28.68,Customer,8,3.94,10,7,195000,631343,Sumatera,MEDAN,CDE,Internal,SumateraMEDANCDE,DALAM KOTA,,,,2,REGULAR,8:22:00,290160,146183,173
260202C086,HCI,2-Feb-2026,CDELC,BK8112LM,Medan,Sumatera Utara,Solar,5.15,Customer,2,7.35,10,2,41000,385534,Sumatera,MEDAN,CDE,Internal,SumateraMEDANCDE,DALAM KOTA,,,,2,REGULAR,8:35:00,193440,151094,37
260202C090,HCI,2-Feb-2026,PICKUP,BK8696MS,Medan,Sumatera Utara,Pertalite,8.1,Customer,4,3.0,3,3,86000,232987,Sumatera,MEDAN,PICKUP,Internal,SumateraMEDANPICKUP,DALAM KOTA,,,,2,REGULAR,2:49:00,96720,50267,74
260202D043,HCI,2-Feb-2026,CDELC,BK8073MQ,Medan,Sumatera Utara,Solar,4.41,Store,14,8.78,10,1,30000,357017,Sumatera,MEDAN,CDE,Internal,SumateraMEDANCDE,DALAM KOTA,,,,2,REGULAR,2:50:00,221074,105943,31
260202D044,HCI,2-Feb-2026,CDELC,BK8009MI,Medan,Sumatera Utara,Solar,5.15,Store,1,9.11,10,1,35000,235103,Sumatera,MEDAN,CDE,Internal,SumateraMEDANCDE,DALAM KOTA,,,,2,REGULAR,3:05:00,124354,75749,28
260202D040,HCI,2-Feb-2026,CDELC,BK8031LM,Medan,Sumatera Utara,Solar,3.68,Store,1,9.02,10,1,25000,224901,Sumatera,MEDAN,CDE,Internal,SumateraMEDANCDE,DALAM KOTA,,,,2,REGULAR,5:06:00,124354,75547,24
260202H009,HCI,2-Feb-2026,FUSO,BK8815MG,Pematangsiantar,Sumatera Utara,Solar,57.35,HUB,31,25.57,34,1,684500,1259532,Sumatera,PEMATANGSIANTAR,FUSO,Internal,SumateraPEMATANGSIANTARFUSO,LUAR KOTA,,,,2,REGULAR,9:39:00,221074,353958,233
260202C099,HCI,2-Feb-2026,CDELC,BK8191MQ,Medan,Sumatera Utara,Solar,5.88,Customer,1,0.28,10,1,40000,207348,Sumatera,MEDAN,CDE,Internal,SumateraMEDANCDE,DALAM KOTA,,,,2,NON REGULAR,8:53:00,96720,70628,38
260202C109,HCI,2-Feb-2026,CDELC,BK8146LM,Medan,Sumatera Utara,Solar,9.56,Customer,3,1.46,10,3,68000,530629,Sumatera,MEDAN,CDE,Internal,SumateraMEDANCDE,DALAM KOTA,,,,2,REGULAR,1:44:00,386880,75749,57
260202C111,HCI,2-Feb-2026,CDELC,BK8646MS,Medan,Sumatera Utara,Solar,7.35,Customer,2,8.2,11,2,50000,486343,Sumatera,MEDAN,CDE LONG CHASSIS,Internal,SumateraMEDANCDE LONG CHASSIS,DALAM KOTA,,,,2,NON REGULAR,0:16:00,290160,146183,46
260203C062,HCI,3-Feb-2026,CDELC,BK8135LM,Medan,Sumatera Utara,Solar,10.29,Customer,12,8.44,10,10,81000,232497,Sumatera,MEDAN,CDE,Internal,SumateraMEDANCDE,DALAM KOTA,,,,2,REGULAR,5:56:00,0,151497,73
260203C063,HCI,3-Feb-2026,CDELC,BK8646MS,Medan,Sumatera Utara,Solar,9.56,Customer,16,4.17,10,10,65000,404623,Sumatera,MEDAN,CDE,Internal,SumateraMEDANCDE,DALAM KOTA,,,,2,REGULAR,13:10:00,193440,146183,62
260203C064,HCI,3-Feb-2026,CDELC,BK8031LM,Medan,Sumatera Utara,Solar,21.32,Customer,5,4.79,10,5,145000,317267,Sumatera,MEDAN,CDE,Internal,SumateraMEDANCDE,DALAM KOTA,,,,2,REGULAR,6:50:00,96720,75547,180
260203C061,HCI,3-Feb-2026,CDELC,BK8047MQ,Medan,Sumatera Utara,Solar,10.29,Customer,26,6.35,10,10,80000,678765,Sumatera,MEDAN,CDE,Internal,SumateraMEDANCDE,DALAM KOTA,,,,2,REGULAR,6:55:00,386880,211885,61
260203C066,HCI,3-Feb-2026,CDELC,BK8022LM,Binjai,Sumatera Utara,Solar,21.32,Customer,14,9.89,10,10,171500,709474,Sumatera,BINJAI,CDE,Internal,SumateraBINJAICDE,DALAM KOTA,,,,2,REGULAR,9:02:00,386880,151094,155
260203C067,HCI,3-Feb-2026,CDELC,BK8807MH,Medan,Sumatera Utara,Solar,14.71,Customer,16,10.0,10,12,140500,524528,Sumatera,MEDAN,CDE,Internal,SumateraMEDANCDE,DALAM KOTA,,,,2,REGULAR,13:18:00,193440,190588,116
260203C068,HCI,3-Feb-2026,CDELC,BK8009MI,Medan,Sumatera Utara,Solar,16.18,Customer,15,6.07,10,14,135000,673377,Sumatera,MEDAN,CDE,Internal,SumateraMEDANCDE,DALAM KOTA,,,,2,REGULAR,8:11:00,386880,151497,110
260203C069,HCI,3-Feb-2026,CDELC,BK8023LM,Medan,Sumatera Utara,Solar,16.91,Customer,10,6.23,10,9,127000,663052,Sumatera,MEDAN,CDE,Internal,SumateraMEDANCDE,DALAM KOTA,,,,2,REGULAR,6:52:00,386880,149172,107
260203C060,HCI,3-Feb-2026,CDELC,BK8805MH,Medan,Sumatera Utara,Solar,7.5,Customer,22,6.28,10,10,51000,435028,Sumatera,MEDAN,CDE,Internal,SumateraMEDANCDE,DALAM KOTA,,,,2,REGULAR,2:56:00,193440,190588,47
260203C059,HCI,3-Feb-2026,CDELC,BK8299MH,Medan,Sumatera Utara,Solar,8.82,Customer,43,8.48,10,13,90000,628377,Sumatera,MEDAN,CDE,Internal,SumateraMEDANCDE,DALAM KOTA,,,,2,REGULAR,6:49:00,386880,151497,61
260203C072,HCI,3-Feb-2026,CDELC,BK8141LM,Medan,Sumatera Utara,Solar,8.09,Customer,15,8.5,10,9,70000,532427,Sumatera,MEDAN,CDE,Internal,SumateraMEDANCDE,DALAM KOTA,,,,2,REGULAR,4:11:00,386880,75547,48
260203C073,HCI,3-Feb-2026,CDELC,BK8073MQ,Medan,Sumatera Utara,Solar,11.03,Customer,17,7.14,10,15,99500,592323,Sumatera,MEDAN,CDE,Internal,SumateraMEDANCDE,DALAM KOTA,,,,2,REGULAR,3:09:00,386880,105943,81
260203C074,HCI,3-Feb-2026,CDELC,BK8803MH,Medan,Sumatera Utara,Solar,8.82,Customer,10,3.64,10,6,66000,354734,Sumatera,MEDAN,CDE,Internal,SumateraMEDANCDE,DALAM KOTA,,,,2,REGULAR,9:40:00,193440,95294,68
260203C075,HCI,3-Feb-2026,CDELC,BK8309MS,Medan,Sumatera Utara,Solar,7.35,Customer,6,10.0,10,6,64500,400757,Sumatera,MEDAN,CDE,Internal,SumateraMEDANCDE,DALAM KOTA,,,,2,REGULAR,3:39:00,193440,142817,55
260203C076,HCI,3-Feb-2026,CDELC,BK8804MH,Deli Serdang,Sumatera Utara,Solar,22.06,Customer,13,7.54,10,10,227000,804468,Sumatera,DELI SERDANG,CDE,Internal,SumateraDELI SERDANGCDE,DALAM KOTA,,,,2,REGULAR,7:09:00,386880,190588,189
260203C077,HCI,3-Feb-2026,PICKUP,BK8633MS,Medan,Sumatera Utara,Pertalite,6,Customer,4,3.0,3,4,68500,305721,Sumatera,MEDAN,PICKUP,Internal,SumateraMEDANPICKUP,DALAM KOTA,,,,2,REGULAR,6:32:00,193440,43781,61
260203C078,HCI,3-Feb-2026,PICKUP,BK8633MS,Medan,Sumatera Utara,Pertalite,6.2,Customer,3,3.0,3,4,76500,313721,Sumatera,MEDAN,PICKUP,Internal,SumateraMEDANPICKUP,DALAM KOTA,,,,2,REGULAR,2:03:00,193440,43781,58
260203C079,HCI,3-Feb-2026,CDELC,BK8871MS,Karo,Sumatera Utara,Solar,22.06,Customer,4,10.0,10,2,150000,343440,Sumatera,KARO,CDE,Internal,SumateraKAROCDE,DALAM KOTA,,,,2,REGULAR,5:37:00,193440,,183
260203C082,HCI,3-Feb-2026,CDELC,BK8646MS,Medan,Sumatera Utara,Solar,7.5,Customer,1,10.0,10,1,51000,390623,Sumatera,MEDAN,CDE,Internal,SumateraMEDANCDE,DALAM KOTA,,,,2,REGULAR,3:27:00,193440,146183,48
260203C088,HCI,3-Feb-2026,PICKUP,BK8696MS,Medan,Sumatera Utara,Pertalite,6.3,Customer,7,3.0,3,7,78000,418427,Sumatera,MEDAN,PICKUP,Internal,SumateraMEDANPICKUP,DALAM KOTA,,,,2,REGULAR,7:26:00,290160,50267,61
260203C058,HCI,3-Feb-2026,CDELC,BK8172LM,Deli Serdang,Sumatera Utara,Solar,13.24,Customer,20,6.56,10,14,101500,639877,Sumatera,DELI SERDANG,CDE,Internal,SumateraDELI SERDANGCDE,DALAM KOTA,,,,2,REGULAR,9:07:00,386880,151497,116
260203C065,HCI,3-Feb-2026,CDELC,BK8647MS,Medan,Sumatera Utara,Solar,13.24,Customer,9,6.39,10,9,130000,615807,Sumatera,MEDAN,CDE,Internal,SumateraMEDANCDE,DALAM KOTA,,,,2,REGULAR,7:50:00,193440,292367,87
260203C070,HCI,3-Feb-2026,CDELC,BK8099LM,Medan,Sumatera Utara,Solar,11.03,Customer,17,6.94,10,11,90000,556260,Sumatera,MEDAN,CDE,Internal,SumateraMEDANCDE,DALAM KOTA,,,,2,REGULAR,10:05:00,290160,176100,65
260203C112,HCI,3-Feb-2026,CDELC,BK8309MS,Medan,Sumatera Utara,Solar,8.82,Customer,2,5.49,10,2,60000,589697,Sumatera,MEDAN,CDE,Internal,SumateraMEDANCDE,DALAM KOTA,,,,2,NON REGULAR,10:18:00,386880,142817,55
260203C071,HCI,3-Feb-2026,CDELC,BK8806MH,Medan,Sumatera Utara,Solar,9.56,Customer,21,9.31,10,12,95000,672468,Sumatera,MEDAN,CDE,Internal,SumateraMEDANCDE,DALAM KOTA,,,,2,REGULAR,7:31:00,386880,190588,63
260203D023,AHI,3-Feb-2026,CDELC,BK8192MQ,Medan,Sumatera Utara,Solar,6.62,Store,60,10.0,10,2,60000,465325,Sumatera,MEDAN,CDE,Internal,SumateraMEDANCDE,DALAM KOTA,,,,2,REGULAR,9:26:00,193440,211885,45
260203D026,HCI,3-Feb-2026,CDELC,BK8191MQ,Medan,Sumatera Utara,Solar,5.88,Store,41,8.79,10,4,75000,480325,Sumatera,MEDAN,CDE,Internal,SumateraMEDANCDE,DALAM KOTA,,,,2,REGULAR,4:49:00,193440,211885,38
260203D027,HCI,3-Feb-2026,CDELC,BK8803MH,Medan,Sumatera Utara,Solar,3.68,Store,37,9.73,10,1,25000,217014,Sumatera,MEDAN,CDE,Internal,SumateraMEDANCDE,DALAM KOTA,,,,2,REGULAR,2:42:00,96720,95294,29
260203C093,HCI,3-Feb-2026,CDELC,BK8031LM,Medan,Sumatera Utara,Solar,5.88,Customer,1,8.0,10,1,40000,308987,Sumatera,MEDAN,CDE,Internal,SumateraMEDANCDE,DALAM KOTA,,,,2,REGULAR,2:58:00,193440,75547,51
260203D034,KLS,3-Feb-2026,CDELC,BK8073MQ,Medan,Sumatera Utara,Solar,3.68,Store,18,8.0,10,1,25000,255297,Sumatera,MEDAN,CDE,Internal,SumateraMEDANCDE,DALAM KOTA,,,,2,REGULAR,2:33:00,124354,105943,31
260203C091,KLS,3-Feb-2026,CDELC,BK8141LM,Medan,Sumatera Utara,Solar,3.82,Customer,1,10.0,10,1,26000,225901,Sumatera,MEDAN,CDE,Internal,SumateraMEDANCDE,DALAM KOTA,,,,2,REGULAR,3:18:00,124354,75547,24
260203H012,HCI,3-Feb-2026,FUSO,BK8815MG,Pematangsiantar,Sumatera Utara,Solar,52.94,HUB,34,23.07,34,2,685500,1260532,Sumatera,PEMATANGSIANTAR,FUSO,Internal,SumateraPEMATANGSIANTARFUSO,LUAR KOTA,,,,2,REGULAR,5:17:00,221074,353958,234
260203C092,KLS,3-Feb-2026,CDELC,BK8146LM,Medan,Sumatera Utara,Solar,16.18,Customer,3,7.2,10,4,133500,671877,Sumatera,MEDAN,CDE,Internal,SumateraMEDANCDE,DALAM KOTA,,,,2,REGULAR,7:30:00,386880,151497,127
260203D031,FBI,3-Feb-2026,PICKUP,A8330VX,Medan,Sumatera Utara,Pertalite,4,Store,6,1.9,3,4,45000,350241,Sumatera,MEDAN,MINI VAN BOX,Internal,SumateraMEDANMINI VAN BOX,DALAM KOTA,,,,2,REGULAR,3:22:00,221074,84167,33
260203D029,FBI,3-Feb-2026,PICKUP,BK8136LM,Medan,Sumatera Utara,Pertalite,6,Store,3,2.82,3,3,74500,383769,Sumatera,MEDAN,MINI VAN BOX,Internal,SumateraMEDANMINI VAN BOX,DALAM KOTA,,,,2,REGULAR,3:42:00,221074,88195,62
260203L029,AHI,3-Feb-2026,CDELC,BK8074MQ,Pematangsiantar,Sumatera Utara,Solar,33.82,Store,73,9.08,10,1,446000,878959,Sumatera,PEMATANGSIANTAR,CDE,Internal,SumateraPEMATANGSIANTARCDE,LUAR KOTA,1300000,-421041,-32.39%,2,REGULAR,2:46:00,221074,211885,247
260203X001,MLY,3-Feb-2026,PICKUP,BK8696MS,Medan,Sumatera Utara,Pertalite,3,Other Delivery,4,2.28,3,1,40000,311341,Sumatera,MEDAN,PICKUP,Internal,SumateraMEDANPICKUP,DALAM KOTA,,,,2,NON REGULAR,1:54:00,221074,50267,32
260204C203,HCI,4-Feb-2026,CDELC,BK8647MS,Medan,Sumatera Utara,Solar,10,Customer,9,7.56,10,8,88000,573807,Sumatera,MEDAN,CDE,Internal,SumateraMEDANCDE,DALAM KOTA,,,,2,REGULAR,13:49:00,193440,292367,70
260204C205,HCI,4-Feb-2026,CDELC,BK8009MI,Medan,Sumatera Utara,Solar,11.76,Customer,13,4.78,10,12,80000,618377,Sumatera,MEDAN,CDE,Internal,SumateraMEDANCDE,DALAM KOTA,,,,2,REGULAR,7:52:00,386880,151497,78
260204C207,HCI,4-Feb-2026,CDELC,BK8172LM,Medan,Sumatera Utara,Solar,10.29,Customer,13,4.27,10,10,74000,483417,Sumatera,MEDAN,CDE,Internal,SumateraMEDANCDE,DALAM KOTA,,,,2,REGULAR,6:24:00,257920,151497,73
260204C208,HCI,4-Feb-2026,CDELC,BK8804MH,Medan,Sumatera Utara,Solar,21.32,Customer,14,5.75,10,13,190000,767468,Sumatera,MEDAN,CDE,Internal,SumateraMEDANCDE,DALAM KOTA,,,,2,REGULAR,8:15:00,386880,190588,144
260204C202,HCI,4-Feb-2026,CDELC,BK8299MH,Medan,Sumatera Utara,Solar,9.56,Customer,14,6.03,10,11,85000,623377,Sumatera,MEDAN,CDE,Internal,SumateraMEDANCDE,DALAM KOTA,,,,2,REGULAR,7:19:00,386880,151497,65
260204C211,HCI,4-Feb-2026,CDELC,BK8803MH,Medan,Sumatera Utara,Solar,13.53,Customer,9,5.43,10,7,116000,693468,Sumatera,MEDAN,CDE,Internal,SumateraMEDANCDE,DALAM KOTA,,,,2,REGULAR,9:29:00,386880,190588,99
260204C212,HCI,4-Feb-2026,CDELC,BK8646MS,Medan,Sumatera Utara,Solar,6.62,Customer,8,3.65,10,5,50000,535807,Sumatera,MEDAN,CDE,Internal,SumateraMEDANCDE,DALAM KOTA,,,,2,REGULAR,3:18:00,193440,292367,39
260204C213,HCI,4-Feb-2026,CDELC,BK8309MS,Medan,Sumatera Utara,Solar,12.79,Customer,10,8.25,10,10,106000,585073,Sumatera,MEDAN,CDE,Internal,SumateraMEDANCDE,DALAM KOTA,,,,2,REGULAR,6:35:00,193440,285633,86
260204C216,HCI,4-Feb-2026,CDELC,BK8141LM,Medan,Sumatera Utara,Solar,7.79,Customer,7,2.22,10,4,56000,400534,Sumatera,MEDAN,CDE,Internal,SumateraMEDANCDE,DALAM KOTA,,,,2,REGULAR,8:23:00,193440,151094,49
260204C219,HCI,4-Feb-2026,CDELC,BK8871MS,Deli Serdang,Sumatera Utara,Solar,26.47,Customer,10,6.09,10,6,265000,651880,Sumatera,DELI SERDANG,CDE,Internal,SumateraDELI SERDANGCDE,DALAM KOTA,,,,2,REGULAR,10:13:00,386880,,192
260204C221,HCI,4-Feb-2026,PICKUP,BK8633MS,Medan,Sumatera Utara,Pertalite,9.9,Customer,4,3.0,3,5,99000,573441,Sumatera,MEDAN,PICKUP,Internal,SumateraMEDANPICKUP,DALAM KOTA,,,,2,REGULAR,10:14:00,386880,87561,102
260204C223,HCI,4-Feb-2026,PICKUP,BK8696MS,Medan,Sumatera Utara,Pertalite,4.5,Customer,3,1.75,3,3,45000,368671,Sumatera,MEDAN,PICKUP,Internal,SumateraMEDANPICKUP,DALAM KOTA,,,,2,REGULAR,10:31:00,290160,33511,42
260204C302,HCI,4-Feb-2026,CDELC,BK8031LM,Medan,Sumatera Utara,Solar,8.09,Customer,4,4.52,10,2,101000,638974,Sumatera,MEDAN,CDE,Internal,SumateraMEDANCDE,DALAM KOTA,,,,2,REGULAR,11:23:00,386880,151094,79
260204C307,HCI,4-Feb-2026,PICKUP,BK8696MS,Medan,Sumatera Utara,Pertalite,4.41,Customer,1,2.2,3,1,36000,287131,Sumatera,MEDAN,PICKUP,Internal,SumateraMEDANPICKUP,DALAM KOTA,,,,2,REGULAR,0:12:00,217620,33511,29
260204D077,HCI,4-Feb-2026,CDELC,BK8135LM,Medan,Sumatera Utara,Solar,2.94,Store,53,8.62,10,2,20000,364937,Sumatera,MEDAN,CDE,Internal,SumateraMEDANCDE,DALAM KOTA,,,,2,REGULAR,7:11:00,193440,151497,42
260204D081,HCI,4-Feb-2026,CDELC,BK8022LM,Medan,Sumatera Utara,Solar,5.88,Store,52,9.03,10,2,49500,394034,Sumatera,MEDAN,CDE,Internal,SumateraMEDANCDE,DALAM KOTA,,,,2,REGULAR,22:55:00,193440,151094,46
260204D082,HCI,4-Feb-2026,PICKUP,BK8696MS,Medan,Sumatera Utara,Pertalite,3.1,Store,18,3.0,3,1,41000,171231,Sumatera,MEDAN,PICKUP,Internal,SumateraMEDANPICKUP,DALAM KOTA,,,,2,REGULAR,1:44:00,96720,33511,30
260204D091,HCI,4-Feb-2026,CDELC,BK8099LM,Medan,Sumatera Utara,Solar,4.41,Store,39,8.61,10,1,30000,399540,Sumatera,MEDAN,CDE,Internal,SumateraMEDANCDE,DALAM KOTA,,,,2,REGULAR,1:54:00,193440,176100,32
260204D092,HCI,4-Feb-2026,CDELC,BK8192MQ,Medan,Sumatera Utara,Solar,6.91,Store,37,8.37,10,5,77000,482325,Sumatera,MEDAN,CDE,Internal,SumateraMEDANCDE,DALAM KOTA,,,,2,REGULAR,8:29:00,193440,211885,50
260204C201,HCI,4-Feb-2026,CDELC,BK8047MQ,Medan,Sumatera Utara,Solar,6.62,Customer,22,5.24,10,10,50000,326365,Sumatera,MEDAN,CDE,Internal,SumateraMEDANCDE,DALAM KOTA,,,,2,REGULAR,5:16:00,64480,211885,56
260204C200,HCI,4-Feb-2026,CDELC,BK8806MH,Medan,Sumatera Utara,Solar,5.88,Customer,20,8.33,10,13,100000,484028,Sumatera,MEDAN,CDE,Internal,SumateraMEDANCDE,DALAM KOTA,,,,2,REGULAR,7:45:00,193440,190588,60
260204C198,HCI,4-Feb-2026,CDELC,BK8805MH,Deli Serdang,Sumatera Utara,Solar,12.5,Customer,26,7.56,10,20,102000,486028,Sumatera,DELI SERDANG,CDE,Internal,SumateraDELI SERDANGCDE,DALAM KOTA,,,,2,REGULAR,8:22:00,193440,190588,82
260204C209,HCI,4-Feb-2026,CDELC,BK8073MQ,Medan,Sumatera Utara,Solar,8.09,Customer,20,3.14,10,10,60000,658765,Sumatera,MEDAN,CDE,Internal,SumateraMEDANCDE,DALAM KOTA,,,,2,REGULAR,9:18:00,386880,211885,73
260204D119,AHI,4-Feb-2026,CDELC,BK8191MQ,Medan,Sumatera Utara,Solar,4.41,Store,2,10.0,10,1,45000,474505,Sumatera,MEDAN,CDE,Internal,SumateraMEDANCDE,DALAM KOTA,,,,2,REGULAR,5:41:00,217620,211885,36
260204H046,HCI,4-Feb-2026,CDELC,BK8807MH,Pematangsiantar,Sumatera Utara,Solar,25.88,HUB,20,8.22,10,1,392000,800208,Sumatera,PEMATANGSIANTAR,CDE,Internal,SumateraPEMATANGSIANTARCDE,LUAR KOTA,1300000,-499792,-38.45%,2,REGULAR,5:21:00,217620,190588,233
260204D112,FBI,4-Feb-2026,PICKUP,A8330VX,Medan,Sumatera Utara,Pertalite,9,Store,8,3.0,3,6,104000,405787,Sumatera,MEDAN,MINI VAN BOX,Internal,SumateraMEDANMINI VAN BOX,DALAM KOTA,,,,2,REGULAR,6:46:00,217620,84167,94
260204D113,FBI,4-Feb-2026,PICKUP,BK8136LM,Binjai,Sumatera Utara,Pertalite,7.4,Store,7,3.0,3,4,80000,385815,Sumatera,BINJAI,MINI VAN BOX,Internal,SumateraBINJAIMINI VAN BOX,DALAM KOTA,,,,2,REGULAR,5:12:00,217620,88195,87
260204L114,AHI,4-Feb-2026,CDELC,BK8074MQ,Pematangsiantar,Sumatera Utara,Solar,32.5,Store,41,9.75,10,3,437000,866505,Sumatera,PEMATANGSIANTAR,CDE,Internal,SumateraPEMATANGSIANTARCDE,LUAR KOTA,1300000,-433495,-33.35%,2,REGULAR,2:00:00,217620,211885,240
260204D115,AHI,4-Feb-2026,CDELC,BK8023LM,Medan,Sumatera Utara,Solar,5.88,Store,2,9.1,10,1,59500,426292,Sumatera,MEDAN,CDE,Internal,SumateraMEDANCDE,DALAM KOTA,,,,2,REGULAR,4:58:00,217620,149172,49
260204D118,AHI,4-Feb-2026,CDELC,BK8146LM,Medan,Sumatera Utara,Solar,5.15,Store,65,9.33,10,1,45000,285157,Sumatera,MEDAN,CDE,Internal,SumateraMEDANCDE,DALAM KOTA,,,,2,REGULAR,2:22:00,88660,151497,36
260205D157,FBI,5-Feb-2026,PICKUP,BK8136LM,Medan,Sumatera Utara,Pertalite,8.8,Store,8,3.0,3,4,103500,412769,Sumatera,MEDAN,MINI VAN BOX,Internal,SumateraMEDANMINI VAN BOX,DALAM KOTA,,,,2,REGULAR,5:21:00,221074,88195,77
260205C192,HCI,5-Feb-2026,CDELC,BK8022LM,Medan,Sumatera Utara,Solar,4.41,Customer,1,6.35,10,1,45000,389534,Sumatera,MEDAN,CDE,Internal,SumateraMEDANCDE,DALAM KOTA,,,,2,REGULAR,7:40:00,193440,151094,31
260205D102,HCI,5-Feb-2026,CDELC,BK8073MQ,Medan,Sumatera Utara,Solar,8.09,Store,42,9.4,10,2,62000,370605,Sumatera,MEDAN,CDE,Internal,SumateraMEDANCDE,DALAM KOTA,,,,2,REGULAR,3:04:00,96720,211885,59
260205C180,HCI,5-Feb-2026,CDELC,BK8803MH,Medan,Sumatera Utara,Solar,15,Customer,13,4.71,10,9,127500,511528,Sumatera,MEDAN,CDE,Internal,SumateraMEDANCDE,DALAM KOTA,,,,2,REGULAR,11:01:00,193440,190588,105
260205C174,HCI,5-Feb-2026,CDELC,BK8135LM,Medan,Sumatera Utara,Solar,12.5,Customer,14,6.51,10,12,90000,628377,Sumatera,MEDAN,CDE,Internal,SumateraMEDANCDE,DALAM KOTA,,,,2,REGULAR,12:29:00,386880,151497,86
260205C178,HCI,5-Feb-2026,CDELC,BK8804MH,Medan,Sumatera Utara,Solar,13.24,Customer,12,7.67,10,11,136000,713468,Sumatera,MEDAN,CDE,Internal,SumateraMEDANCDE,DALAM KOTA,,,,2,REGULAR,9:52:00,386880,190588,122
260205C191,HCI,5-Feb-2026,PICKUP,BK8633MS,Medan,Sumatera Utara,Pertalite,6.8,Customer,4,3.0,3,2,72500,309721,Sumatera,MEDAN,PICKUP,Internal,SumateraMEDANPICKUP,DALAM KOTA,,,,2,REGULAR,1:35:00,193440,43781,72
260205C169,HCI,5-Feb-2026,CDELC,BK8806MH,Medan,Sumatera Utara,Solar,7.35,Customer,12,4.9,10,6,55000,342308,Sumatera,MEDAN,CDE,Internal,SumateraMEDANCDE,DALAM KOTA,,,,2,REGULAR,3:17:00,96720,190588,49
260205C195,HCI,5-Feb-2026,CDELC,BK8047MQ,Medan,Sumatera Utara,Solar,4.41,Customer,3,6.64,10,2,30000,426103,Sumatera,MEDAN,CDE,Internal,SumateraMEDANCDE,DALAM KOTA,,,,2,REGULAR,7:40:00,290160,105943,31
260205D106,HCI,5-Feb-2026,CDELC,BK8192MQ,Medan,Sumatera Utara,Solar,6.62,Store,52,9.63,10,3,60000,465325,Sumatera,MEDAN,CDE,Internal,SumateraMEDANCDE,DALAM KOTA,,,,2,REGULAR,7:47:00,193440,211885,40
260205C185,HCI,5-Feb-2026,CDELC,BK8031LM,Medan,Sumatera Utara,Solar,13.24,Customer,7,3.93,10,5,98500,636474,Sumatera,MEDAN,CDE,Internal,SumateraMEDANCDE,DALAM KOTA,,,,2,REGULAR,9:18:00,386880,151094,92
260205C187,HCI,5-Feb-2026,CDELC,BK8099LM,Deli Serdang,Sumatera Utara,Solar,1.03,Customer,2,7.12,10,2,7000,288490,Sumatera,DELI SERDANG,CDE,Internal,SumateraDELI SERDANGCDE,DALAM KOTA,,,,2,REGULAR,1:17:00,193440,88050,7
260205C202,HCI,5-Feb-2026,CDELC,BK8299MH,Medan,Sumatera Utara,Solar,9.56,Customer,2,5.65,10,2,80000,424937,Sumatera,MEDAN,CDE,Internal,SumateraMEDANCDE,DALAM KOTA,,,,2,REGULAR,3:34:00,193440,151497,63
260205C193,HCI,5-Feb-2026,CDELC,BK8146LM,Medan,Sumatera Utara,Solar,6.32,Customer,3,10.0,10,2,43000,408909,Sumatera,MEDAN,CDE,Internal,SumateraMEDANCDE,DALAM KOTA,,,,2,REGULAR,9:27:00,290160,75749,41
260205C165,HCI,5-Feb-2026,CDELC,BK8807MH,Deli Serdang,Sumatera Utara,Solar,14.71,Customer,19,5.46,10,14,129500,706968,Sumatera,DELI SERDANG,CDE,Internal,SumateraDELI SERDANGCDE,DALAM KOTA,,,,2,REGULAR,7:56:00,386880,190588,99
260205C184,HCI,5-Feb-2026,CDELC,BK8172LM,Medan,Sumatera Utara,Solar,6.62,Customer,18,2.71,10,8,48000,392937,Sumatera,MEDAN,CDE,Internal,SumateraMEDANCDE,DALAM KOTA,,,,2,REGULAR,4:42:00,193440,151497,46
260205C183,HCI,5-Feb-2026,CDELC,BK8141LM,Medan,Sumatera Utara,Solar,5.88,Customer,8,1.54,10,7,56000,421707,Sumatera,MEDAN,CDE,Internal,SumateraMEDANCDE,DALAM KOTA,,,,2,REGULAR,8:46:00,290160,75547,38
260205C171,HCI,5-Feb-2026,CDELC,BK8871MS,Medan,Sumatera Utara,Solar,6.62,Customer,19,8.67,10,9,50000,243440,Sumatera,MEDAN,CDE,Internal,SumateraMEDANCDE,DALAM KOTA,,,,2,REGULAR,9:09:00,193440,,56
260205D100,HCI,5-Feb-2026,CDELC,BK8146LM,Medan,Sumatera Utara,Solar,4.41,Store,27,9.94,10,1,50000,222469,Sumatera,MEDAN,CDE,Internal,SumateraMEDANCDE,DALAM KOTA,,,,2,REGULAR,2:15:00,96720,75749,34
260205L078,AHI,5-Feb-2026,CDELC,BK8647MS,RANTAU PARAPAT,Sumatera Utara,Solar,60,Store,25,4.46,11,2,709000,1388247,Sumatera,RANTAU PARAPAT,CDE LONG CHASSIS,Internal,SumateraRANTAU PARAPATCDE LONG CHASSIS,LUAR KOTA,,,,2,REGULAR,20:28:00,386880,292367,544
260205D104,HCI,5-Feb-2026,CDELC,BK8805MH,Medan,Sumatera Utara,Solar,4.41,Store,10,10.0,10,1,30000,318734,Sumatera,MEDAN,CDE,Internal,SumateraMEDANCDE,DALAM KOTA,,,,2,REGULAR,2:51:00,193440,95294,31
260205C175,HCI,5-Feb-2026,CDELC,BK8099LM,Binjai,Sumatera Utara,Solar,22.06,Customer,12,7.55,10,10,194500,669430,Sumatera,BINJAI,CDE,Internal,SumateraBINJAICDE,DALAM KOTA,,,,2,REGULAR,11:19:00,386880,88050,139
260205X054,HCI,5-Feb-2026,PICKUP,BK8696MS,Medan,Sumatera Utara,Pertalite,5.5,Other Delivery,1,3.0,3,1,70000,391608,Sumatera,MEDAN,PICKUP,Internal,SumateraMEDANPICKUP,DALAM KOTA,,,,2,REGULAR,9:33:00,221074,100533,49
260205D159,HCI,5-Feb-2026,CDELC,BK8141LM,Medan,Sumatera Utara,Solar,5.15,Store,1,8.8,10,1,50000,346621,Sumatera,MEDAN,CDE,Internal,SumateraMEDANCDE,DALAM KOTA,,,,2,REGULAR,4:51:00,221074,75547,33
260205C190,HCI,5-Feb-2026,PICKUP,BK8633MS,Medan,Sumatera Utara,Pertalite,8.8,Customer,4,3.0,3,4,103000,340221,Sumatera,MEDAN,PICKUP,Internal,SumateraMEDANPICKUP,DALAM KOTA,,,,2,REGULAR,7:40:00,193440,43781,74
260205C181,HCI,5-Feb-2026,CDELC,BK8805MH,Medan,Sumatera Utara,Solar,7.35,Customer,8,2.23,10,6,50000,435454,Sumatera,MEDAN,CDE,Internal,SumateraMEDANCDE,DALAM KOTA,,,,2,REGULAR,8:21:00,290160,95294,45
260205D158,FBI,5-Feb-2026,PICKUP,A8330VX,Medan,Sumatera Utara,Pertalite,6,Store,8,3.0,3,5,65000,273521,Sumatera,MEDAN,MINI VAN BOX,Internal,SumateraMEDANMINI VAN BOX,DALAM KOTA,,,,2,REGULAR,10:33:00,124354,84167,61
260205C188,HCI,5-Feb-2026,CDELC,BK8309MS,Medan,Sumatera Utara,Solar,6.91,Customer,5,10.0,10,2,75000,747513,Sumatera,MEDAN,CDE,Internal,SumateraMEDANCDE,DALAM KOTA,,,,2,REGULAR,8:32:00,386880,285633,42
260205C182,HCI,5-Feb-2026,CDELC,BK8646MS,Medan,Sumatera Utara,Solar,4.41,Customer,11,8.84,10,7,50000,535807,Sumatera,MEDAN,CDE,Internal,SumateraMEDANCDE,DALAM KOTA,,,,2,REGULAR,3:47:00,193440,292367,37
260204D116,KLS,5-Feb-2026,CDELC,BK8023LM,Medan,Sumatera Utara,Solar,5.15,Store,5,8.55,10,2,45000,318526,Sumatera,MEDAN,CDE,Internal,SumateraMEDANCDE,DALAM KOTA,,,,2,REGULAR,2:40:00,124354,149172,36
260205C172,HCI,5-Feb-2026,CDELC,BK8009MI,Medan,Sumatera Utara,Solar,13.24,Customer,19,6.99,10,15,94000,632377,Sumatera,MEDAN,CDE,Internal,SumateraMEDANCDE,DALAM KOTA,,,,2,REGULAR,11:08:00,386880,151497,84
260205H057,HCI,5-Feb-2026,CDELC,BK8047MQ,Pematangsiantar,Sumatera Utara,Solar,36.76,HUB,20,8.86,10,1,466000,793017,Sumatera,PEMATANGSIANTAR,CDE,Internal,SumateraPEMATANGSIANTARCDE,LUAR KOTA,1300000,-506983,-39.00%,2,REGULAR,4:04:00,221074,105943,236
260205C168,HCI,5-Feb-2026,CDELC,BK8191MQ,Medan,Sumatera Utara,Solar,8.09,Customer,27,5.57,10,9,98000,696765,Sumatera,MEDAN,CDE,Internal,SumateraMEDANCDE,DALAM KOTA,,,,2,REGULAR,8:17:00,386880,211885,53
260205D155,HCI,5-Feb-2026,CDELC,BK8074MQ,Medan,Sumatera Utara,Solar,4.41,Store,29,9.48,10,4,45000,381239,Sumatera,MEDAN,CDE,Internal,SumateraMEDANCDE,DALAM KOTA,,,,2,REGULAR,6:03:00,124354,211885,35
260206C186,HCI,6-Feb-2026,CDELC,BK8804MH,Medan,Sumatera Utara,Solar,16.18,Customer,12,5.14,10,11,140000,525454,Sumatera,MEDAN,CDE,Internal,SumateraMEDANCDE,DALAM KOTA,,,,2,NON REGULAR,6:08:00,290160,95294,138
260206D090,HCI,6-Feb-2026,CDELC,BK8135LM,Medan,Sumatera Utara,Solar,4.41,Store,26,8.52,10,2,30000,278217,Sumatera,MEDAN,CDE,Internal,SumateraMEDANCDE,DALAM KOTA,,,,2,REGULAR,3:37:00,96720,151497,32
260206D114,AHI,6-Feb-2026,CDELC,BK8075MQ,Deli Serdang,Sumatera Utara,Solar,5.88,Store,53,10.0,10,1,47000,346383,Sumatera,DELI SERDANG,CDE,Internal,SumateraDELI SERDANGCDE,DALAM KOTA,,,,2,REGULAR,2:52:00,193440,105943,41
260206H056,HCI,6-Feb-2026,CDELC,BK8646MS,Pematangsiantar,Sumatera Utara,Solar,36.76,HUB,14,6.51,11,2,476000,961807,Sumatera,PEMATANGSIANTAR,CDE LONG CHASSIS,Internal,SumateraPEMATANGSIANTARCDE LONG CHASSIS,LUAR KOTA,1400000,-438193,-31.30%,2,REGULAR,11:26:00,193440,292367,255
260206D079,AHI,6-Feb-2026,CDELC,BK8146LM,Medan,Sumatera Utara,Solar,4.41,Store,49,9.47,10,1,30000,278217,Sumatera,MEDAN,CDE,Internal,SumateraMEDANCDE,DALAM KOTA,,,,2,REGULAR,2:53:00,96720,151497,20
260206C289,HCI,6-Feb-2026,PICKUP,BK8633MS,Medan,Sumatera Utara,Pertalite,10,Customer,5,3.0,3,4,118500,355721,Sumatera,MEDAN,PICKUP,Internal,SumateraMEDANPICKUP,DALAM KOTA,,,,2,NON REGULAR,7:26:00,193440,43781,102
260206D115,AHI,6-Feb-2026,CDELC,BK8074MQ,Medan,Sumatera Utara,Solar,5.15,Store,26,9.71,10,1,35000,334383,Sumatera,MEDAN,CDE,Internal,SumateraMEDANCDE,DALAM KOTA,,,,2,REGULAR,0:26:00,193440,105943,35
260206C183,HCI,6-Feb-2026,CDELC,BK8191MQ,Medan,Sumatera Utara,Solar,9.56,Customer,6,4.05,10,7,70000,668765,Sumatera,MEDAN,CDE,Internal,SumateraMEDANCDE,DALAM KOTA,,,,2,REGULAR,6:43:00,386880,211885,61
260206D148,FBI,6-Feb-2026,PICKUP,A8330VX,Medan,Sumatera Utara,Pertalite,5.4,Store,9,3.0,3,5,64000,226983,Sumatera,MEDAN,MINI VAN BOX,Internal,SumateraMEDANMINI VAN BOX,DALAM KOTA,,,,2,REGULAR,6:01:00,120900,42083,50
260206C187,HCI,6-Feb-2026,CDELC,BK8009MI,Medan,Sumatera Utara,Solar,16.18,Customer,14,8.17,10,12,146000,684377,Sumatera,MEDAN,CDE,Internal,SumateraMEDANCDE,DALAM KOTA,,,,2,REGULAR,7:24:00,386880,151497,118
260206D084,AHI,6-Feb-2026,CDELC,BK8804MH,Medan,Sumatera Utara,Solar,4.41,Store,58,9.63,10,1,40000,232014,Sumatera,MEDAN,CDE,Internal,SumateraMEDANCDE,DALAM KOTA,,,,2,REGULAR,2:27:00,96720,95294,34
260206C191,HCI,6-Feb-2026,CDELC,BK8803MH,Medan,Sumatera Utara,Solar,10.29,Customer,9,1.88,10,6,73000,553748,Sumatera,MEDAN,CDE,Internal,SumateraMEDANCDE,DALAM KOTA,,,,2,REGULAR,5:44:00,290160,190588,68
260206C199,HCI,6-Feb-2026,PICKUP,BK8633MS,Medan,Sumatera Utara,Pertalite,4.3,Customer,4,3.0,3,3,43000,280221,Sumatera,MEDAN,PICKUP,Internal,SumateraMEDANPICKUP,DALAM KOTA,,,,2,REGULAR,3:55:00,193440,43781,46
260206D082,HCI,6-Feb-2026,CDELC,BK8031LM,Medan,Sumatera Utara,Solar,6.32,Store,49,9.02,10,4,64000,311814,Sumatera,MEDAN,CDE,Internal,SumateraMEDANCDE,DALAM KOTA,,,,2,REGULAR,5:50:00,96720,151094,49
260206C195,HCI,6-Feb-2026,CDELC,BK8299MH,Medan,Sumatera Utara,Solar,8.82,Customer,6,5.51,10,4,60000,522629,Sumatera,MEDAN,CDE,Internal,SumateraMEDANCDE,DALAM KOTA,,,,2,NON REGULAR,3:42:00,386880,75749,60
260206D151,AHI,6-Feb-2026,CDELC,BK8047MQ,Medan,Sumatera Utara,Solar,4.41,Store,246,9.08,10,1,45000,474505,Sumatera,MEDAN,CDE,Internal,SumateraMEDANCDE,DALAM KOTA,,,,2,REGULAR,2:19:00,217620,211885,32
260206D155,AHI,6-Feb-2026,CDELC,BK8141LM,Medan,Sumatera Utara,Solar,5.15,Store,200,8.81,10,1,35000,231447,Sumatera,MEDAN,CDE,Internal,SumateraMEDANCDE,DALAM KOTA,,,,2,REGULAR,1:35:00,120900,75547,36
260206C185,HCI,6-Feb-2026,CDELC,BK8073MQ,Medan,Sumatera Utara,Solar,8.09,Customer,7,9.36,10,5,60000,456103,Sumatera,MEDAN,CDE,Internal,SumateraMEDANCDE,DALAM KOTA,,,,2,NON REGULAR,4:56:00,290160,105943,66
260206C294,HCI,6-Feb-2026,CDELC,BK8075MQ,Medan,Sumatera Utara,Solar,9.56,Customer,3,10.0,10,3,69500,368883,Sumatera,MEDAN,CDE,Internal,SumateraMEDANCDE,DALAM KOTA,,,,2,REGULAR,11:39:00,193440,105943,93
260206C206,HCI,6-Feb-2026,CDELC,BK8022LM,Medan,Sumatera Utara,Solar,13.97,Customer,7,3.17,10,6,115000,480707,Sumatera,MEDAN,CDE,Internal,SumateraMEDANCDE,DALAM KOTA,,,,2,NON REGULAR,4:48:00,290160,75547,88
260206C190,HCI,6-Feb-2026,CDELC,BK8647MS,Medan,Sumatera Utara,Solar,13.24,Customer,7,4.47,10,6,109000,594807,Sumatera,MEDAN,CDE,Internal,SumateraMEDANCDE,DALAM KOTA,,,,2,NON REGULAR,5:58:00,193440,292367,85
260206C300,HCI,6-Feb-2026,CDELC,BK8172LM,Medan,Sumatera Utara,Solar,11.76,Customer,1,8.0,10,1,86000,379369,Sumatera,MEDAN,CDE,Internal,SumateraMEDANCDE,DALAM KOTA,,,,2,REGULAR,0:04:00,217620,75749,49
260206D150,AHI,6-Feb-2026,CDELC,BK8073MQ,Medan,Sumatera Utara,Solar,5.88,Store,27,9.6,10,1,40000,242663,Sumatera,MEDAN,CDE,Internal,SumateraMEDANCDE,DALAM KOTA,,,,2,REGULAR,0:54:00,96720,105943,38
260206D147,FBI,6-Feb-2026,PICKUP,BK8136LM,Binjai,Sumatera Utara,Pertalite,13.6,Store,5,3.0,3,3,184500,490315,Sumatera,BINJAI,MINI VAN BOX,Internal,SumateraBINJAIMINI VAN BOX,DALAM KOTA,,,,2,REGULAR,10:42:00,217620,88195,121
260206C203,HCI,6-Feb-2026,CDELC,BK8299MH,Medan,Sumatera Utara,Solar,3.68,Customer,3,2.95,10,3,25000,294189,Sumatera,MEDAN,CDE,Internal,SumateraMEDANCDE,DALAM KOTA,,,,2,REGULAR,2:13:00,193440,75749,35
260206C182,HCI,6-Feb-2026,CDELC,BK8806MH,Medan,Sumatera Utara,Solar,10.29,Customer,19,5.67,10,11,113000,497028,Sumatera,MEDAN,CDE,Internal,SumateraMEDANCDE,DALAM KOTA,,,,2,REGULAR,6:55:00,193440,190588,61
260206C181,HCI,6-Feb-2026,CDELC,BK8807MH,Deli Serdang,Sumatera Utara,Solar,14.71,Customer,25,10.0,10,16,114500,498528,Sumatera,DELI SERDANG,CDE,Internal,SumateraDELI SERDANGCDE,DALAM KOTA,,,,2,REGULAR,9:09:00,193440,190588,102
260206L083,AHI,6-Feb-2026,CDELC,BK8309MS,Pematangsiantar,Sumatera Utara,Solar,29.41,Store,186,10.0,10,2,416000,919253,Sumatera,PEMATANGSIANTAR,CDE,Internal,SumateraPEMATANGSIANTARCDE,LUAR KOTA,1300000,-380747,-29.29%,2,REGULAR,12:16:00,217620,285633,243
260206D083,HCI,6-Feb-2026,PICKUP,BK8696MS,Medan,Sumatera Utara,Pertalite,3.8,Store,3,3.0,3,1,48000,341973,Sumatera,MEDAN,PICKUP,Internal,SumateraMEDANPICKUP,DALAM KOTA,,,,2,REGULAR,3:59:00,193440,100533,38
260206D153,AHI,6-Feb-2026,CDELC,BK8022LM,Medan,Sumatera Utara,Solar,4.41,Store,1,8.8,10,1,40000,236447,Sumatera,MEDAN,CDE,Internal,SumateraMEDANCDE,DALAM KOTA,,,,2,REGULAR,0:43:00,120900,75547,31
260206D093,HCI,6-Feb-2026,CDELC,BK8099LM,Medan,Sumatera Utara,Solar,4.41,Store,38,8.81,10,1,55000,424540,Sumatera,MEDAN,CDE,Internal,SumateraMEDANCDE,DALAM KOTA,,,,2,REGULAR,7:40:00,193440,176100,34
260206X069,HCI,6-Feb-2026,PICKUP,A8330VX,Medan,Sumatera Utara,Pertalite,2.5,Other Delivery,1,3.0,3,1,35000,197983,Sumatera,MEDAN,MINI VAN BOX,Internal,SumateraMEDANMINI VAN BOX,DALAM KOTA,,,,2,REGULAR,0:02:00,120900,42083,32
260206D078,HCI,6-Feb-2026,CDELC,BK8192MQ,Medan,Sumatera Utara,Solar,7.65,Store,32,8.98,10,1,56000,461325,Sumatera,MEDAN,CDE,Internal,SumateraMEDANCDE,DALAM KOTA,,,,2,REGULAR,11:03:00,193440,211885,46
260206C192,HCI,6-Feb-2026,CDELC,BK8141LM,Medan,Sumatera Utara,Solar,12.06,Customer,12,6.61,10,9,90500,552927,Sumatera,MEDAN,CDE,Internal,SumateraMEDANCDE,DALAM KOTA,,,,2,NON REGULAR,4:45:00,386880,75547,68
260206C184,HCI,6-Feb-2026,CDELC,BK8805MH,Medan,Sumatera Utara,Solar,8.09,Customer,18,6.19,10,13,65000,642468,Sumatera,MEDAN,CDE,Internal,SumateraMEDANCDE,DALAM KOTA,,,,2,REGULAR,7:49:00,386880,190588,36
260206C194,HCI,6-Feb-2026,CDELC,BK8871MS,Deli Serdang,Sumatera Utara,Solar,10.29,Customer,8,8.28,10,5,94000,94000,Sumatera,DELI SERDANG,CDE,Internal,SumateraDELI SERDANGCDE,DALAM KOTA,,,,2,REGULAR,2:56:00,0,,63
260206C239,HCI,6-Feb-2026,CDELC,BK8074MQ,Binjai,Sumatera Utara,Solar,14.71,Customer,3,7.38,10,2,167000,272943,Sumatera,BINJAI,CDE,Internal,SumateraBINJAICDE,DALAM KOTA,,,,2,REGULAR,3:06:00,0,105943,111
260206D118,HCI,6-Feb-2026,CDELC,BK8172LM,Medan,Sumatera Utara,Solar,5.15,Store,34,10.0,10,1,50000,222469,Sumatera,MEDAN,CDE,Internal,SumateraMEDANCDE,DALAM KOTA,,,,2,REGULAR,2:46:00,96720,75749,34
260207C186,HCI,7-Feb-2026,CDELC,BK8009MI,Medan,Sumatera Utara,Solar,15,Customer,10,2.53,10,11,149500,591157,Sumatera,MEDAN,CDE,Internal,SumateraMEDANCDE,DALAM KOTA,,,,2,REGULAR,8:33:00,290160,151497,102
260207C170,HCI,7-Feb-2026,CDELC,BK8871MS,Deli Serdang,Sumatera Utara,Solar,13.24,Customer,22,8.7,10,12,109500,496380,Sumatera,DELI SERDANG,CDE,Internal,SumateraDELI SERDANGCDE,DALAM KOTA,,,,2,REGULAR,9:03:00,386880,,94
260207D070,HCI,7-Feb-2026,CDELC,BK8099LM,Medan,Sumatera Utara,Solar,8.09,Store,18,8.53,10,2,95000,464540,Sumatera,MEDAN,CDE,Internal,SumateraMEDANCDE,DALAM KOTA,,,,2,REGULAR,7:45:00,193440,176100,37
260207C175,HCI,7-Feb-2026,CDELC,BK8031LM,Medan,Sumatera Utara,Solar,11.76,Customer,12,3.04,10,5,83000,427534,Sumatera,MEDAN,CDE,Internal,SumateraMEDANCDE,DALAM KOTA,,,,2,REGULAR,4:35:00,193440,151094,71
260207D116,FBI,7-Feb-2026,PICKUP,A8330VX,Medan,Sumatera Utara,Pertalite,5.3,Store,9,2.76,3,6,78000,387847,Sumatera,MEDAN,MINI VAN BOX,Internal,SumateraMEDANMINI VAN BOX,DALAM KOTA,,,,2,REGULAR,9:00:00,225680,84167,45
260207H057,HCI,7-Feb-2026,CDELC,BK8047MQ,Pematangsiantar,Sumatera Utara,Solar,41.62,HUB,7,2.56,10,2,515500,953065,Sumatera,PEMATANGSIANTAR,CDE,Internal,SumateraPEMATANGSIANTARCDE,LUAR KOTA,1300000,-346935,-26.69%,2,REGULAR,7:50:00,225680,211885,265
260207C193,HCI,7-Feb-2026,CDELC,BK8075MQ,Medan,Sumatera Utara,Solar,6.76,Customer,3,2.04,10,3,49500,454825,Sumatera,MEDAN,CDE,Internal,SumateraMEDANCDE,DALAM KOTA,,,,2,REGULAR,2:53:00,193440,211885,56
260207D104,FBI,7-Feb-2026,PICKUP,BK8136LM,Medan,Sumatera Utara,Pertalite,5.4,Store,4,2.63,3,3,73000,290155,Sumatera,MEDAN,MINI VAN BOX,Internal,SumateraMEDANMINI VAN BOX,DALAM KOTA,,,,2,REGULAR,4:06:00,128960,88195,65
260207D122,HCI,7-Feb-2026,CDELC,BK8074MQ,Medan,Sumatera Utara,Solar,4.41,Store,53,10.0,10,1,30000,467565,Sumatera,MEDAN,CDE,Internal,SumateraMEDANCDE,DALAM KOTA,,,,2,REGULAR,3:31:00,225680,211885,29
260207C188,HCI,7-Feb-2026,CDELC,BK8804MH,Medan,Sumatera Utara,Solar,7.35,Customer,9,2.46,10,8,53000,437028,Sumatera,MEDAN,CDE,Internal,SumateraMEDANCDE,DALAM KOTA,,,,2,REGULAR,3:33:00,193440,190588,51
260207C187,HCI,7-Feb-2026,CDELC,BK8646MS,Medan,Sumatera Utara,Solar,14.85,Customer,10,4.23,10,9,111000,790247,Sumatera,MEDAN,CDE,Internal,SumateraMEDANCDE,DALAM KOTA,,,,2,REGULAR,8:47:00,386880,292367,91
260207C182,HCI,7-Feb-2026,CDELC,BK8172LM,Medan,Sumatera Utara,Solar,11.32,Customer,17,8.24,10,9,100000,638377,Sumatera,MEDAN,CDE,Internal,SumateraMEDANCDE,DALAM KOTA,,,,2,REGULAR,5:59:00,386880,151497,84
260207C230,HCI,7-Feb-2026,PICKUP,BK8696MS,Medan,Sumatera Utara,Pertalite,9.56,Customer,4,3.0,3,5,70000,363973,Sumatera,MEDAN,PICKUP,Internal,SumateraMEDANPICKUP,DALAM KOTA,,,,2,REGULAR,9:59:00,193440,100533,59
260207C185,HCI,7-Feb-2026,CDELC,BK8022LM,Medan,Sumatera Utara,Solar,15.44,Customer,11,3.29,10,9,123000,660974,Sumatera,MEDAN,CDE,Internal,SumateraMEDANCDE,DALAM KOTA,,,,2,REGULAR,6:59:00,386880,151094,115
260207C173,HCI,7-Feb-2026,CDELC,BK8146LM,Medan,Sumatera Utara,Solar,8.82,Customer,17,5.36,10,10,75000,516657,Sumatera,MEDAN,CDE,Internal,SumateraMEDANCDE,DALAM KOTA,,,,2,REGULAR,4:34:00,290160,151497,60
260207D067,HCI,7-Feb-2026,CDELC,BK8192MQ,Medan,Sumatera Utara,Solar,13.53,Store,17,10.0,10,4,106000,511325,Sumatera,MEDAN,CDE,Internal,SumateraMEDANCDE,DALAM KOTA,,,,2,REGULAR,7:32:00,193440,211885,81
260207X047,HCI,7-Feb-2026,CDELC,BK8299MH,Medan,Sumatera Utara,Solar,5.15,Other Delivery,2,9.1,10,2,75000,452177,Sumatera,MEDAN,CDE,Internal,SumateraMEDANCDE,DALAM KOTA,,,,2,REGULAR,8:10:00,225680,151497,37
260207C189,HCI,7-Feb-2026,CDELC,BK8803MH,Medan,Sumatera Utara,Solar,8.09,Customer,8,9.2,10,6,66500,450528,Sumatera,MEDAN,CDE,Internal,SumateraMEDANCDE,DALAM KOTA,,,,2,REGULAR,5:18:00,193440,190588,56
260207C190,HCI,7-Feb-2026,CDELC,BK8805MH,Medan,Sumatera Utara,Solar,8.82,Customer,8,8.26,10,6,70000,550748,Sumatera,MEDAN,CDE,Internal,SumateraMEDANCDE,DALAM KOTA,,,,2,REGULAR,3:22:00,290160,190588,50
260207C181,HCI,7-Feb-2026,CDELC,BK8309MS,Medan,Sumatera Utara,Solar,10.29,Customer,11,8.24,10,9,96000,768513,Sumatera,MEDAN,CDE,Internal,SumateraMEDANCDE,DALAM KOTA,,,,2,REGULAR,7:38:00,386880,285633,79
260207D123,HCI,7-Feb-2026,CDELC,BK8135LM,Medan,Sumatera Utara,Solar,5.15,Store,1,8.5,10,1,35000,412177,Sumatera,MEDAN,CDE,Internal,SumateraMEDANCDE,DALAM KOTA,,,,2,REGULAR,4:44:00,225680,151497,27
260207C171,HCI,7-Feb-2026,CDELC,BK8806MH,Medan,Sumatera Utara,Solar,10.29,Customer,11,3.25,10,7,100000,484028,Sumatera,MEDAN,CDE,Internal,SumateraMEDANCDE,DALAM KOTA,,,,2,REGULAR,3:52:00,193440,190588,58
260207C195,HCI,7-Feb-2026,PICKUP,BK8633MS,Medan,Sumatera Utara,Pertalite,6.62,Customer,2,2.06,3,3,54000,335001,Sumatera,MEDAN,PICKUP,Internal,SumateraMEDANPICKUP,DALAM KOTA,,,,2,REGULAR,3:32:00,193440,87561,53
260207C192,HCI,7-Feb-2026,CDELC,BK8073MQ,Serdang Bedagai,Sumatera Utara,Solar,8.82,Customer,13,4.16,10.0,9,79000,677765,Sumatera,SERDANG BEDAGAI,CDE,Internal,SumateraSERDANG BEDAGAICDE,DALAM KOTA,,,,2,REGULAR,3:35:32,386880,211885,69
260207C183,HCI,7-Feb-2026,CDELC,BK8191MQ,Medan,Sumatera Utara,Solar,20.59,Customer,11,7.83,10,11,193000,791765,Sumatera,MEDAN,CDE,Internal,SumateraMEDANCDE,DALAM KOTA,,,,2,REGULAR,7:15:00,386880,211885,163
260207C191,HCI,7-Feb-2026,CDELC,BK8807MH,Medan,Sumatera Utara,Solar,8.09,Customer,10,1.99,10,9,69500,646968,Sumatera,MEDAN,CDE,Internal,SumateraMEDANCDE,DALAM KOTA,,,,2,REGULAR,5:02:00,386880,190588,51
260208C143,HCI,8-Feb-2026,CDELC,BK8804MH,Medan,Sumatera Utara,Solar,8.82,Customer,10,5.37,10,7,75000,652468,Sumatera,MEDAN,CDE,Internal,SumateraMEDANCDE,DALAM KOTA,,,,2,REGULAR,6:47:00,386880,190588,76
260208X054,HCI,8-Feb-2026,CDELC,BK8647MS,Medan,Sumatera Utara,Solar,3.68,Other Delivery,1,0.28,11,1,25000,267903,Sumatera,MEDAN,CDE LONG CHASSIS,Internal,SumateraMEDANCDE LONG CHASSIS,DALAM KOTA,,,,2,REGULAR,8:32:00,96720,146183,23
260208C161,HCI,8-Feb-2026,PICKUP,BK8633MS,Medan,Sumatera Utara,Pertalite,14.5,Customer,9,3.0,3,7,184500,465501,Sumatera,MEDAN,PICKUP,Internal,SumateraMEDANPICKUP,DALAM KOTA,,,,2,REGULAR,9:22:00,193440,87561,169
260208X052,HCI,8-Feb-2026,CDELC,BK8073MQ,Medan,Sumatera Utara,Solar,5.88,Other Delivery,1,8.0,10,1,44000,352605,Sumatera,MEDAN,CDE,Internal,SumateraMEDANCDE,DALAM KOTA,,,,2,REGULAR,0:11:00,96720,211885,43
260208C137,HCI,8-Feb-2026,CDELC,BK8299MH,Medan,Sumatera Utara,Solar,10.29,Customer,22,4.68,10,12,115000,653377,Sumatera,MEDAN,CDE,Internal,SumateraMEDANCDE,DALAM KOTA,,,,2,REGULAR,8:36:00,386880,151497,68
260208H046,HCI,8-Feb-2026,CDELC,BK8807MH,Pematangsiantar,Sumatera Utara,Solar,32.35,HUB,19,10.0,10,3,442500,923248,Sumatera,PEMATANGSIANTAR,CDE,Internal,SumateraPEMATANGSIANTARCDE,LUAR KOTA,1300000,-376752,-28.98%,2,REGULAR,8:35:00,290160,190588,258
260208C148,HCI,8-Feb-2026,CDELC,BK8009MI,Medan,Sumatera Utara,Solar,7.06,Customer,7,4.95,10,5,48000,392937,Sumatera,MEDAN,CDE,Internal,SumateraMEDANCDE,DALAM KOTA,,,,2,REGULAR,3:35:00,193440,151497,34
260208C149,HCI,8-Feb-2026,CDELC,BK8031LM,Medan,Sumatera Utara,Solar,9.56,Customer,11,3.26,10,9,78000,519254,Sumatera,MEDAN,CDE,Internal,SumateraMEDANCDE,DALAM KOTA,,,,2,REGULAR,0:06:00,290160,151094,81
260208C141,HCI,8-Feb-2026,CDELC,BK8141LM,Medan,Sumatera Utara,Solar,10.29,Customer,11,6.09,10,8,70000,607974,Sumatera,MEDAN,CDE,Internal,SumateraMEDANCDE,DALAM KOTA,,,,2,REGULAR,8:03:00,386880,151094,66
260208C136,HCI,8-Feb-2026,CDELC,BK8075MQ,Deli Serdang,Sumatera Utara,Solar,13.24,Customer,14,6.63,10,11,99500,504825,Sumatera,DELI SERDANG,CDE,Internal,SumateraDELI SERDANGCDE,DALAM KOTA,,,,2,REGULAR,7:24:00,193440,211885,102
260208C144,HCI,8-Feb-2026,CDELC,BK8806MH,Medan,Sumatera Utara,Solar,10.59,Customer,11,9.74,10,9,97000,674468,Sumatera,MEDAN,CDE,Internal,SumateraMEDANCDE,DALAM KOTA,,,,2,REGULAR,7:44:00,386880,190588,91
260208X050,HCI,8-Feb-2026,CDELC,BK8192MQ,Medan,Sumatera Utara,Solar,8.38,Other Delivery,3,10.0,10,3,82000,584045,Sumatera,MEDAN,CDE,Internal,SumateraMEDANCDE,DALAM KOTA,,,,2,REGULAR,6:58:00,290160,211885,51
260208C140,HCI,8-Feb-2026,CDELC,BK8647MS,Medan,Sumatera Utara,Solar,7.5,Customer,13,2.91,10,8,56000,395623,Sumatera,MEDAN,CDE,Internal,SumateraMEDANCDE,DALAM KOTA,,,,2,REGULAR,5:08:00,193440,146183,47
260208C146,HCI,8-Feb-2026,CDELC,BK8135LM,Medan,Sumatera Utara,Solar,8.38,Customer,12,5.29,10,10,77000,421937,Sumatera,MEDAN,CDE,Internal,SumateraMEDANCDE,DALAM KOTA,,,,2,REGULAR,12:33:00,193440,151497,68
260208C154,HCI,8-Feb-2026,PICKUP,BK8696MS,Medan,Sumatera Utara,Pertalite,5,Customer,3,2.39,3,4,55000,348973,Sumatera,MEDAN,PICKUP,Internal,SumateraMEDANPICKUP,DALAM KOTA,,,,2,REGULAR,0:59:00,193440,100533,42
260208C138,HCI,8-Feb-2026,CDELC,BK8803MH,Medan,Sumatera Utara,Solar,7.35,Customer,15,8.22,10,6,50000,434028,Sumatera,MEDAN,CDE,Internal,SumateraMEDANCDE,DALAM KOTA,,,,2,REGULAR,4:36:00,193440,190588,59
260208D067,AHI,8-Feb-2026,PICKUP,A8330VX,Medan,Sumatera Utara,Pertalite,2.7,Store,1,3.0,3,1,27000,165803,Sumatera,MEDAN,MINI VAN BOX,Internal,SumateraMEDANMINI VAN BOX,DALAM KOTA,,,,2,REGULAR,0:25:00,96720,42083,29
260209C225,HCI,9-Feb-2026,CDELC,BK8009MI,Medan,Sumatera Utara,Solar,8.09,Customer,17,3.69,10,9,90000,628377,Sumatera,MEDAN,CDE,Internal,SumateraMEDANCDE,DALAM KOTA,,,,2,REGULAR,5:28:00,386880,151497,48
260209C242,HCI,9-Feb-2026,CDELC,BK8806MH,Medan,Sumatera Utara,Solar,12.5,Customer,10,6.6,10,10,108500,685968,Sumatera,MEDAN,CDE,Internal,SumateraMEDANCDE,DALAM KOTA,,,,2,REGULAR,8:16:00,386880,190588,82
260209C239,HCI,9-Feb-2026,CDELC,BK8099LM,Medan,Sumatera Utara,Solar,6.91,Customer,12,10.0,10,9,47000,231770,Sumatera,MEDAN,CDE,Internal,SumateraMEDANCDE,DALAM KOTA,,,,2,NON REGULAR,6:30:00,96720,88050,66
260209C246,HCI,9-Feb-2026,CDELC,BK8647MS,Medan,Sumatera Utara,Solar,9.12,Customer,8,4.48,10,8,89500,478587,Sumatera,MEDAN,CDE,Internal,SumateraMEDANCDE,DALAM KOTA,,,,2,REGULAR,7:53:00,96720,292367,61
260209C235,HCI,9-Feb-2026,CDELC,BK8871MS,Medan,Sumatera Utara,Solar,13.24,Customer,12,5.49,10,10,95000,481880,Sumatera,MEDAN,CDE,Internal,SumateraMEDANCDE,DALAM KOTA,,,,2,NON REGULAR,5:27:00,386880,,92
260209C228,HCI,9-Feb-2026,CDELC,BK8023LM,Medan,Sumatera Utara,Solar,17.21,Customer,13,8.25,10,11,138000,674052,Sumatera,MEDAN,CDE,Internal,SumateraMEDANCDE,DALAM KOTA,,,,2,REGULAR,8:10:00,386880,149172,127
260209D005,HCI,9-Feb-2026,CDELC,BK8191MQ,Medan,Sumatera Utara,Solar,4.41,Store,171,10.0,10,1,30000,232663,Sumatera,MEDAN,CDE,Internal,SumateraMEDANCDE,DALAM KOTA,,,,2,REGULAR,1:05:00,96720,105943,35
260209C247,HCI,9-Feb-2026,#N/A,BK8633MS,Medan,Sumatera Utara,#N/A,3.7,Customer,1,4.34,,1,47000,284221,Sumatera,MEDAN,,Internal,SumateraMEDAN,DALAM KOTA,,,,2,REGULAR,3:59:00,193440,43781,36
260209C222,HCI,9-Feb-2026,CDELC,BK8309MS,Medan,Sumatera Utara,Solar,7.35,Customer,16,9.58,10,12,75000,747513,Sumatera,MEDAN,CDE,Internal,SumateraMEDANCDE,DALAM KOTA,,,,2,REGULAR,9:52:00,386880,285633,86
260209H061,HCI,9-Feb-2026,CDELC,BK8192MQ,Pematangsiantar,Sumatera Utara,Solar,33.09,HUB,5,4.28,10,1,441000,846325,Sumatera,PEMATANGSIANTAR,CDE,Internal,SumateraPEMATANGSIANTARCDE,LUAR KOTA,1300000,-453675,-34.90%,2,REGULAR,8:10:00,193440,211885,241
260209D009,AHI,9-Feb-2026,CDELC,BK8099LM,Medan,Sumatera Utara,Solar,4.41,Store,115,10.0,10,1,40000,321490,Sumatera,MEDAN,CDE,Internal,SumateraMEDANCDE,DALAM KOTA,,,,2,REGULAR,4:39:00,193440,88050,33
260209C243,HCI,9-Feb-2026,CDELC,BK8803MH,Medan,Sumatera Utara,Solar,4.41,Customer,9,8.63,10,6,35000,515748,Sumatera,MEDAN,CDE,Internal,SumateraMEDANCDE,DALAM KOTA,,,,2,REGULAR,4:20:00,290160,190588,32
260209C221,HCI,9-Feb-2026,CDELC,BK8646MS,Medan,Sumatera Utara,Solar,14.41,Customer,28,9.15,10,18,125000,804247,Sumatera,MEDAN,CDE,Internal,SumateraMEDANCDE,DALAM KOTA,,,,2,REGULAR,6:54:00,386880,292367,89
260209C230,HCI,9-Feb-2026,CDELC,BK8807MH,Medan,Sumatera Utara,Solar,10.29,Customer,15,6.49,10,11,89500,473528,Sumatera,MEDAN,CDE,Internal,SumateraMEDANCDE,DALAM KOTA,,,,2,REGULAR,8:05:00,193440,190588,90
260209D057,HCI,9-Feb-2026,CDELC,BK8172LM,Medan,Sumatera Utara,Solar,5.88,Store,42,9.86,10,3,65000,313217,Sumatera,MEDAN,CDE,Internal,SumateraMEDANCDE,DALAM KOTA,,,,2,REGULAR,2:20:00,96720,151497,45
260209C241,HCI,9-Feb-2026,CDELC,BK8047MQ,Medan,Sumatera Utara,Solar,14.71,Customer,10,3.78,10,8,120000,516103,Sumatera,MEDAN,CDE,Internal,SumateraMEDANCDE,DALAM KOTA,,,,2,NON REGULAR,4:09:00,290160,105943,103
260209C250,HCI,9-Feb-2026,CDELC,BK8805MH,Medan,Sumatera Utara,Solar,7.35,Customer,8,4.95,10,6,67500,259514,Sumatera,MEDAN,CDE,Internal,SumateraMEDANCDE,DALAM KOTA,,,,2,NON REGULAR,6:54:00,96720,95294,50
260209C226,HCI,9-Feb-2026,CDELC,BK8073MQ,Medan,Sumatera Utara,Solar,11.76,Customer,20,6.24,10,12,80000,678765,Sumatera,MEDAN,CDE,Internal,SumateraMEDANCDE,DALAM KOTA,,,,2,REGULAR,9:01:00,386880,211885,53
260209C238,HCI,9-Feb-2026,CDELC,BK8299MH,Medan,Sumatera Utara,Solar,8.09,Customer,12,4.12,10,11,59000,403937,Sumatera,MEDAN,CDE,Internal,SumateraMEDANCDE,DALAM KOTA,,,,2,REGULAR,4:54:00,193440,151497,61
260209D060,HCI,9-Feb-2026,CDELC,BK8805MH,Medan,Sumatera Utara,Solar,5.15,Store,59,8.98,10,2,50000,242014,Sumatera,MEDAN,CDE,Internal,SumateraMEDANCDE,DALAM KOTA,,,,2,REGULAR,3:16:00,96720,95294,31
260209D137,HCI,9-Feb-2026,CDELC,BK8871MS,Medan,Sumatera Utara,Solar,3.97,Store,19,9.63,10,1,27000,220440,Sumatera,MEDAN,CDE,Internal,SumateraMEDANCDE,DALAM KOTA,,,,2,REGULAR,1:00:00,193440,,35
260209D058,HCI,9-Feb-2026,CDELC,BK8074MQ,Medan,Sumatera Utara,Solar,5.88,Store,68,7.48,10,3,54000,459325,Sumatera,MEDAN,CDE,Internal,SumateraMEDANCDE,DALAM KOTA,,,,2,REGULAR,8:04:00,193440,211885,41
260209C251,HCI,9-Feb-2026,PICKUP,BK8696MS,Medan,Sumatera Utara,Pertalite,5.8,Customer,3,3.0,3,3,73000,413427,Sumatera,MEDAN,PICKUP,Internal,SumateraMEDANPICKUP,DALAM KOTA,,,,2,NON REGULAR,6:11:00,290160,50267,62
260209D007,AHI,9-Feb-2026,CDELC,BK8047MQ,Medan,Sumatera Utara,Solar,5.88,Store,84,8.54,10,1,40000,339383,Sumatera,MEDAN,CDE,Internal,SumateraMEDANCDE,DALAM KOTA,,,,2,REGULAR,2:27:00,193440,105943,37
260209D148,FBI,9-Feb-2026,PICKUP,BK8136LM,Medan,Sumatera Utara,Pertalite,6,Store,13,2.84,3,5,74000,420115,Sumatera,MEDAN,MINI VAN BOX,Internal,SumateraMEDANMINI VAN BOX,DALAM KOTA,,,,2,REGULAR,8:36:00,257920,88195,55
260209C233,HCI,9-Feb-2026,CDELC,BK8075MQ,Binjai,Sumatera Utara,Solar,22.79,Customer,14,9.07,10,11,203000,801765,Sumatera,BINJAI,CDE,Internal,SumateraBINJAICDE,DALAM KOTA,,,,2,REGULAR,8:12:00,386880,211885,155
260209C240,HCI,9-Feb-2026,CDELC,BK8804MH,Medan,Sumatera Utara,Solar,12.35,Customer,20,7.78,10,15,135000,712468,Sumatera,MEDAN,CDE,Internal,SumateraMEDANCDE,DALAM KOTA,,,,2,REGULAR,8:16:00,386880,190588,94
260209C237,HCI,9-Feb-2026,CDELC,BK8191MQ,Medan,Sumatera Utara,Solar,4.41,Customer,5,8.92,10,3,35000,334383,Sumatera,MEDAN,CDE,Internal,SumateraMEDANCDE,DALAM KOTA,,,,2,NON REGULAR,1:18:00,193440,105943,34
260209C248,HCI,9-Feb-2026,PICKUP,BK8633MS,Medan,Sumatera Utara,Pertalite,9.1,Customer,5,3.0,3,4,100000,337221,Sumatera,MEDAN,PICKUP,Internal,SumateraMEDANPICKUP,DALAM KOTA,,,,2,NON REGULAR,6:48:00,193440,43781,86
260209H057,HCI,9-Feb-2026,CDELC,BK8022LM,Pematangsiantar,Sumatera Utara,Solar,29.41,HUB,18,6.9,10,1,416000,749467,Sumatera,PEMATANGSIANTAR,CDE,Internal,SumateraPEMATANGSIANTARCDE,LUAR KOTA,1300000,-550533,-42.35%,2,REGULAR,4:29:00,257920,75547,232
260209C227,HCI,9-Feb-2026,CDELC,BK8031LM,Medan,Sumatera Utara,Solar,10.29,Customer,14,4.82,10,10,75000,612974,Sumatera,MEDAN,CDE,Internal,SumateraMEDANCDE,DALAM KOTA,,,,2,REGULAR,8:59:00,386880,151094,63
260209C350,HCI,9-Feb-2026,CDELC,BK8022LM,Medan,Sumatera Utara,Solar,8.09,Customer,6,9.06,10,5,58000,520427,Sumatera,MEDAN,CDE,Internal,SumateraMEDANCDE,DALAM KOTA,,,,2,REGULAR,11:45:00,386880,75547,64
260209D011,HCI,9-Feb-2026,PICKUP,BK8696MS,Medan,Sumatera Utara,Pertalite,3.4,Store,4,2.46,3,1,49000,195987,Sumatera,MEDAN,PICKUP,Internal,SumateraMEDANPICKUP,DALAM KOTA,,,,2,REGULAR,1:00:00,96720,50267,34
260209C244,HCI,9-Feb-2026,CDELC,BK8135LM,Deli Serdang,Sumatera Utara,Solar,12.5,Customer,9,4.38,10,6,90000,628377,Sumatera,DELI SERDANG,CDE,Internal,SumateraDELI SERDANGCDE,DALAM KOTA,,,,2,REGULAR,8:48:00,386880,151497,90
260209D149,FBI,9-Feb-2026,PICKUP,A8330VX,Binjai,Sumatera Utara,Pertalite,10.2,Store,10,2.46,3,4,123500,465587,Sumatera,BINJAI,MINI VAN BOX,Internal,SumateraBINJAIMINI VAN BOX,DALAM KOTA,,,,2,REGULAR,10:33:00,257920,84167,107
260209C234,HCI,9-Feb-2026,CDELC,BK8141LM,Medan,Sumatera Utara,Solar,14.41,Customer,14,7.62,10,12,98000,635974,Sumatera,MEDAN,CDE,Internal,SumateraMEDANCDE,DALAM KOTA,,,,2,REGULAR,9:00:00,386880,151094,100
260210C218,HCI,10-Feb-2026,CDELC,BK8806MH,Medan,Sumatera Utara,Solar,16.18,Customer,15,10.0,10,15,140500,717968,Sumatera,MEDAN,CDE,Internal,SumateraMEDANCDE,DALAM KOTA,,,,2,REGULAR,8:27:00,386880,190588,122
260210H080,HCI,10-Feb-2026,CDELC,BK8804MH,Pematangsiantar,Sumatera Utara,Solar,30.44,HUB,6,3.31,10,1,423000,711734,Sumatera,PEMATANGSIANTAR,CDE,Internal,SumateraPEMATANGSIANTARCDE,LUAR KOTA,1300000,-588266,-45.25%,2,REGULAR,4:52:00,193440,95294,236
260210C221,HCI,10-Feb-2026,CDELC,BK8009MI,Medan,Sumatera Utara,Solar,16.91,Customer,12,7.55,10,11,140000,505909,Sumatera,MEDAN,CDE,Internal,SumateraMEDANCDE,DALAM KOTA,,,,2,NON REGULAR,3:50:00,290160,75749,109
260210D094,AHI,10-Feb-2026,CDELC,BK8172LM,Medan,Sumatera Utara,Solar,5.88,Store,2,8.5,10,1,54500,226969,Sumatera,MEDAN,CDE,Internal,SumateraMEDANCDE,DALAM KOTA,,,,2,REGULAR,1:44:00,96720,75749,40
260210C229,HCI,10-Feb-2026,CDELC,BK8309MS,Medan,Sumatera Utara,Solar,22.06,Customer,25,9.67,10,21,150000,822513,Sumatera,MEDAN,CDE,Internal,SumateraMEDANCDE,DALAM KOTA,,,,2,REGULAR,13:22:00,386880,285633,149
260210D099,AHI,10-Feb-2026,CDELC,BK8074MQ,Medan,Sumatera Utara,Solar,8.82,Store,53,8.37,10,2,85000,490325,Sumatera,MEDAN,CDE,Internal,SumateraMEDANCDE,DALAM KOTA,,,,2,REGULAR,10:30:00,193440,211885,52
260210D002,HCI,10-Feb-2026,CDELC,BK8135LM,Medan,Sumatera Utara,Solar,4.41,Store,32,10.0,10,1,34000,206469,Sumatera,MEDAN,CDE,Internal,SumateraMEDANCDE,DALAM KOTA,,,,2,REGULAR,3:28:00,96720,75749,37
260210C241,HCI,10-Feb-2026,#N/A,BK8075MQ,Medan,Sumatera Utara,#N/A,5.15,Customer,5,9.36,10,3,38000,337383,Sumatera,MEDAN,,Internal,SumateraMEDAN,DALAM KOTA,,,,2,REGULAR,3:21:00,193440,105943,41
260210C227,HCI,10-Feb-2026,CDELC,BK8023LM,Medan,Sumatera Utara,Solar,8.82,Customer,11,5.5,10,11,84000,620052,Sumatera,MEDAN,CDE,Internal,SumateraMEDANCDE,DALAM KOTA,,,,2,NON REGULAR,5:04:00,386880,149172,115
260210D108,AHI,10-Feb-2026,CDELC,BK8299MH,Medan,Sumatera Utara,Solar,4.41,Store,34,2.61,11,2,45000,314189,Sumatera,MEDAN,CDE LONG CHASSIS,Internal,SumateraMEDANCDE LONG CHASSIS,DALAM KOTA,,,,2,REGULAR,2:45:00,193440,75749,31
260210D098,KLS,10-Feb-2026,CDELC,BK8009MI,Medan,Sumatera Utara,Solar,5.88,Store,5,8.42,10,1,40000,212469,Sumatera,MEDAN,CDE,Internal,SumateraMEDANCDE,DALAM KOTA,,,,2,REGULAR,2:55:00,96720,75749,37
260210D092,FBI,10-Feb-2026,PICKUP,BK8136LM,Medan,Sumatera Utara,Pertalite,6.6,Store,3,8.53,3,4,80000,426115,Sumatera,MEDAN,MINI VAN BOX,Internal,SumateraMEDANMINI VAN BOX,DALAM KOTA,,,,2,REGULAR,4:11:00,257920,88195,66
260210C223,HCI,10-Feb-2026,CDELC,BK8047MQ,Medan,Sumatera Utara,Solar,13.97,Customer,16,10.0,10,14,95000,500325,Sumatera,MEDAN,CDE,Internal,SumateraMEDANCDE,DALAM KOTA,,,,2,REGULAR,7:55:00,193440,211885,104
260210C210,HCI,10-Feb-2026,CDELC,BK8646MS,Medan,Sumatera Utara,Solar,13.97,Customer,21,8.37,10,14,104500,783747,Sumatera,MEDAN,CDE,Internal,SumateraMEDANCDE,DALAM KOTA,,,,2,REGULAR,7:31:00,386880,292367,79
260210C220,HCI,10-Feb-2026,CDELC,BK8022LM,Binjai,Sumatera Utara,Solar,17.35,Customer,5,3.18,10,5,183500,452487,Sumatera,BINJAI,CDE,Internal,SumateraBINJAICDE,DALAM KOTA,,,,2,NON REGULAR,3:49:00,193440,75547,140
260210C230,HCI,10-Feb-2026,CDELC,BK8172LM,Tebing Tinggi,Sumatera Utara,Solar,25.74,Customer,7,7.37,10,7,264000,629909,Sumatera,TEBING TINGGI,CDE,Internal,SumateraTEBING TINGGICDE,DALAM KOTA,,,,2,NON REGULAR,5:28:00,290160,75749,208
260210C236,HCI,10-Feb-2026,PICKUP,BK8696MS,Medan,Sumatera Utara,Pertalite,6.7,Customer,4,3.0,3,5,87000,574413,Sumatera,MEDAN,PICKUP,Internal,SumateraMEDANPICKUP,DALAM KOTA,,,,2,REGULAR,7:04:00,386880,100533,68
260210C217,HCI,10-Feb-2026,CDELC,BK8135LM,Medan,Sumatera Utara,Solar,9.56,Customer,5,6.64,10,5,77000,249469,Sumatera,MEDAN,CDE,Internal,SumateraMEDANCDE,DALAM KOTA,,,,2,NON REGULAR,2:21:00,96720,75749,60
260210C254,HCI,10-Feb-2026,CDELC,BK8099LM,Asahan,Sumatera Utara,Solar,41.62,Customer,5,6.77,10,2,540500,1103480,Sumatera,ASAHAN,CDE,Internal,SumateraASAHANCDE,LUAR KOTA,,,,2,REGULAR,5:37:00,386880,176100,316
260210C228,HCI,10-Feb-2026,CDELC,BK8075MQ,Medan,Sumatera Utara,Solar,14.71,Customer,9,3.4,10,8,103500,402883,Sumatera,MEDAN,CDE,Internal,SumateraMEDANCDE,DALAM KOTA,,,,2,REGULAR,4:54:00,193440,105943,101
260210D102,HCI,10-Feb-2026,CDELC,BK8192MQ,Medan,Sumatera Utara,Solar,12.94,Store,13,10.0,10,4,103000,508325,Sumatera,MEDAN,CDE,Internal,SumateraMEDANCDE,DALAM KOTA,,,,2,REGULAR,3:56:00,193440,211885,78
260210D001,HCI,10-Feb-2026,CDELC,BK8647MS,Medan,Sumatera Utara,Solar,3.82,Store,95,9.06,10,1,26000,268903,Sumatera,MEDAN,CDE,Internal,SumateraMEDANCDE,DALAM KOTA,,,,2,REGULAR,4:59:00,96720,146183,23
260210C246,HCI,10-Feb-2026,PICKUP,BK8633MS,Medan,Sumatera Utara,Pertalite,15.1,Customer,6,3.0,3,7,198000,672441,Sumatera,MEDAN,PICKUP,Internal,SumateraMEDANPICKUP,DALAM KOTA,,,,2,REGULAR,11:47:00,386880,87561,154
260210D093,FBI,10-Feb-2026,PICKUP,A8330VX,Medan,Sumatera Utara,Pertalite,3.5,Store,8,2.46,3,4,40000,382087,Sumatera,MEDAN,MINI VAN BOX,Internal,SumateraMEDANMINI VAN BOX,DALAM KOTA,,,,2,REGULAR,3:19:00,257920,84167,31
260210C242,HCI,10-Feb-2026,CDELC,BK8647MS,Binjai,Sumatera Utara,Solar,19.41,Customer,1,5.6,10,2,196000,729063,Sumatera,BINJAI,CDE,Internal,SumateraBINJAICDE,DALAM KOTA,,,,2,NON REGULAR,2:10:00,386880,146183,118
260210C212,HCI,10-Feb-2026,CDELC,BK8073MQ,Medan,Sumatera Utara,Solar,8.82,Customer,21,5.18,10,12,110000,515325,Sumatera,MEDAN,CDE,Internal,SumateraMEDANCDE,DALAM KOTA,,,,2,REGULAR,9:29:00,193440,211885,72
260210C222,HCI,10-Feb-2026,CDELC,BK8031LM,Medan,Sumatera Utara,Solar,13.24,Customer,21,8.31,10,13,119000,656974,Sumatera,MEDAN,CDE,Internal,SumateraMEDANCDE,DALAM KOTA,,,,2,REGULAR,3:27:00,386880,151094,100
260210C211,HCI,10-Feb-2026,CDELC,BK8807MH,Medan,Sumatera Utara,Solar,11.76,Customer,18,7.72,10,12,125000,702468,Sumatera,MEDAN,CDE,Internal,SumateraMEDANCDE,DALAM KOTA,,,,2,REGULAR,2:04:00,386880,190588,67
260210C219,HCI,10-Feb-2026,CDELC,BK8141LM,Medan,Sumatera Utara,Solar,16.32,Customer,10,4.28,10,11,111000,648974,Sumatera,MEDAN,CDE,Internal,SumateraMEDANCDE,DALAM KOTA,,,,2,NON REGULAR,6:37:00,386880,151094,95
260210C226,HCI,10-Feb-2026,CDELC,BK8805MH,Medan,Sumatera Utara,Solar,13.97,Customer,10,4.94,10,8,95000,383734,Sumatera,MEDAN,CDE,Internal,SumateraMEDANCDE,DALAM KOTA,,,,2,NON REGULAR,2:54:00,193440,95294,105
260210H079,HCI,10-Feb-2026,CDELC,BK8805MH,Pematangsiantar,Sumatera Utara,Solar,30.88,HUB,19,7.88,10,1,426000,618014,Sumatera,PEMATANGSIANTAR,CDE,Internal,SumateraPEMATANGSIANTARCDE,LUAR KOTA,1300000,-681986,-52.46%,2,REGULAR,4:48:00,96720,95294,229
260210D096,HCI,10-Feb-2026,CDELC,BK8803MH,Medan,Sumatera Utara,Solar,5.15,Store,12,8.84,10,1,50000,498508,Sumatera,MEDAN,CDE,Internal,SumateraMEDANCDE,DALAM KOTA,,,,2,REGULAR,4:39:00,257920,190588,35
260210C243,HCI,10-Feb-2026,CDELC,BK8022LM,Medan,Sumatera Utara,Solar,5.88,Customer,7,8.08,10,6,47500,316487,Sumatera,MEDAN,CDE,Internal,SumateraMEDANCDE,DALAM KOTA,,,,2,REGULAR,5:00:00,193440,75547,40
260210C225,HCI,10-Feb-2026,CDELC,BK8871MS,Medan,Sumatera Utara,Solar,3.68,Customer,7,9.26,10,8,25000,411880,Sumatera,MEDAN,CDE,Internal,SumateraMEDANCDE,DALAM KOTA,,,,2,REGULAR,5:36:00,386880,,81
260210C216,HCI,10-Feb-2026,CDELC,BK8299MH,Medan,Sumatera Utara,Solar,11.76,Customer,13,2.82,10,9,94000,459909,Sumatera,MEDAN,CDE,Internal,SumateraMEDANCDE,DALAM KOTA,,,,2,NON REGULAR,2:23:00,290160,75749,88
260210C214,HCI,10-Feb-2026,CDELC,BK8804MH,Medan,Sumatera Utara,Solar,7.06,Customer,21,10.0,10,7,62000,447454,Sumatera,MEDAN,CDE,Internal,SumateraMEDANCDE,DALAM KOTA,,,,2,NON REGULAR,5:49:00,290160,95294,56
260210C215,HCI,10-Feb-2026,CDELC,BK8191MQ,Medan,Sumatera Utara,Solar,5.15,Customer,23,7.22,10,15,45000,643765,Sumatera,MEDAN,CDE,Internal,SumateraMEDANCDE,DALAM KOTA,,,,2,REGULAR,3:59:00,386880,211885,48
260211C204,HCI,11-Feb-2026,CDELC,BK8804MH,Medan,Sumatera Utara,Solar,11.76,Customer,18,5.34,10,16,90000,667468,Sumatera,MEDAN,CDE,Internal,SumateraMEDANCDE,DALAM KOTA,,,,2,REGULAR,9:32:00,386880,190588,102
260211C205,HCI,11-Feb-2026,CDELC,BK8141LM,Medan,Sumatera Utara,Solar,14.71,Customer,9,5.23,10,6,110500,476207,Sumatera,MEDAN,CDE,Internal,SumateraMEDANCDE,DALAM KOTA,,,,2,NON REGULAR,4:11:00,290160,75547,96
260211C206,HCI,11-Feb-2026,CDELC,BK8309MS,Medan,Sumatera Utara,Solar,11.76,Customer,13,4.44,10,9,96000,478353,Sumatera,MEDAN,CDE,Internal,SumateraMEDANCDE,DALAM KOTA,,,,2,REGULAR,4:18:00,96720,285633,81
260211C207,HCI,11-Feb-2026,CDELC,BK8647MS,Medan,Sumatera Utara,Solar,13.97,Customer,8,5.34,10,7,120000,556343,Sumatera,MEDAN,CDE,Internal,SumateraMEDANCDE,DALAM KOTA,,,,2,NON REGULAR,4:25:00,290160,146183,86
260211C208,HCI,11-Feb-2026,CDELC,BK8172LM,Binjai,Sumatera Utara,Solar,19.12,Customer,7,4.81,10,8,199000,737377,Sumatera,BINJAI,CDE,Internal,SumateraBINJAICDE,DALAM KOTA,,,,2,REGULAR,6:38:00,386880,151497,164
260211C209,HCI,11-Feb-2026,CDELC,BK8135LM,Medan,Sumatera Utara,Solar,10.29,Customer,13,4.15,10,8,85000,623377,Sumatera,MEDAN,CDE,Internal,SumateraMEDANCDE,DALAM KOTA,,,,2,REGULAR,7:02:00,386880,151497,80
260211C210,HCI,11-Feb-2026,CDELC,BK8023LM,Medan,Sumatera Utara,Solar,10.29,Customer,12,2.89,10,11,90000,432612,Sumatera,MEDAN,CDE,Internal,SumateraMEDANCDE,DALAM KOTA,,,,2,REGULAR,6:15:00,193440,149172,74
260211C211,HCI,11-Feb-2026,CDELC,BK8803MH,Medan,Sumatera Utara,Solar,8.09,Customer,9,4.14,10,10,55000,537174,Sumatera,MEDAN,CDE,Internal,SumateraMEDANCDE,DALAM KOTA,,,,2,NON REGULAR,5:47:00,386880,95294,39
260211C213,HCI,11-Feb-2026,CDELC,BK8646MS,Medan,Sumatera Utara,Solar,16.18,Customer,12,7.37,10,11,132000,811247,Sumatera,MEDAN,CDE,Internal,SumateraMEDANCDE,DALAM KOTA,,,,2,REGULAR,5:20:00,386880,292367,92
260211C216,HCI,11-Feb-2026,CDELC,BK8031LM,Medan,Sumatera Utara,Solar,7.35,Customer,7,6.81,10,7,65000,430707,Sumatera,MEDAN,CDE,Internal,SumateraMEDANCDE,DALAM KOTA,,,,2,NON REGULAR,6:34:00,290160,75547,59
260211C203,HCI,11-Feb-2026,CDELC,BK8099LM,Medan,Sumatera Utara,Solar,6.62,Customer,14,4.02,10,8,65000,249770,Sumatera,MEDAN,CDE,Internal,SumateraMEDANCDE,DALAM KOTA,,,,2,NON REGULAR,3:33:00,96720,88050,42
260211C218,HCI,11-Feb-2026,CDELC,BK8871MS,Toba,Sumatera Utara,Solar,52.21,Customer,10,4.97,10,1,571000,764440,Sumatera,TOBA,CDE,Internal,SumateraTOBACDE,LUAR KOTA,,,,2,REGULAR,7:02:00,193440,,417
260211C219,HCI,11-Feb-2026,PICKUP,BK8633MS,Medan,Sumatera Utara,Pertalite,14.4,Customer,8,3.0,3,9,181500,655941,Sumatera,MEDAN,PICKUP,Internal,SumateraMEDANPICKUP,DALAM KOTA,,,,2,REGULAR,12:29:00,386880,87561,142
260211C225,HCI,11-Feb-2026,CDELC,BK8647MS,Medan,Sumatera Utara,Solar,2.94,Customer,1,10.0,10,1,20000,456343,Sumatera,MEDAN,CDE,Internal,SumateraMEDANCDE,DALAM KOTA,,,,2,REGULAR,2:21:00,290160,146183,20
260211C202,HCI,11-Feb-2026,CDELC,BK8191MQ,Medan,Sumatera Utara,Solar,11.03,Customer,21,10.0,10,11,123000,625045,Sumatera,MEDAN,CDE,Internal,SumateraMEDANCDE,DALAM KOTA,,,,2,REGULAR,5:50:00,290160,211885,65
260211C274,HCI,11-Feb-2026,CDELC,BK8073MQ,Medan,Sumatera Utara,Solar,3.68,Customer,2,10.0,10,1,30000,426103,Sumatera,MEDAN,CDE,Internal,SumateraMEDANCDE,DALAM KOTA,,,,2,REGULAR,11:22:00,290160,105943,25
260211C275,HCI,11-Feb-2026,#N/A,A8330VX,Medan,Sumatera Utara,#N/A,4,Customer,2,12.0,,1,45000,280523,Sumatera,MEDAN,VAN BOX,Internal,SumateraMEDANVAN BOX,DALAM KOTA,,,,2,REGULAR,4:13:00,193440,42083,39
260211C201,HCI,11-Feb-2026,CDELC,BK8805MH,Medan,Sumatera Utara,Solar,11.03,Customer,13,9.62,10,10,112500,593248,Sumatera,MEDAN,CDE,Internal,SumateraMEDANCDE,DALAM KOTA,,,,2,REGULAR,5:38:00,290160,190588,48
260211C199,HCI,11-Feb-2026,CDELC,BK8807MH,Medan,Sumatera Utara,Solar,13.24,Customer,23,10.0,10,14,99500,676968,Sumatera,MEDAN,CDE,Internal,SumateraMEDANCDE,DALAM KOTA,,,,2,REGULAR,10:34:00,386880,190588,85
260211C217,HCI,11-Feb-2026,CDELC,BK8009MI,Medan,Sumatera Utara,Solar,7.35,Customer,8,4.65,10,9,50000,491657,Sumatera,MEDAN,CDE,Internal,SumateraMEDANCDE,DALAM KOTA,,,,2,REGULAR,5:38:00,290160,151497,83
260211C261,HCI,11-Feb-2026,CDELC,BK8806MH,Medan,Sumatera Utara,Solar,3.68,Customer,7,10.0,10,3,40000,462716,Sumatera,MEDAN,CDE,Internal,SumateraMEDANCDE,DALAM KOTA,,,,2,REGULAR,7:11:00,232128,190588,28
260211D118,HCI,11-Feb-2026,CDELC,BK8099LM,Medan,Sumatera Utara,Solar,5.88,Store,43,10.0,10,1,47000,231770,Sumatera,MEDAN,CDE,Internal,SumateraMEDANCDE,DALAM KOTA,,,,2,REGULAR,0:34:00,96720,88050,39
260211D119,HCI,11-Feb-2026,CDELC,BK8073MQ,Medan,Sumatera Utara,Solar,4.41,Store,36,9.96,10,1,30000,232663,Sumatera,MEDAN,CDE,Internal,SumateraMEDANCDE,DALAM KOTA,,,,2,REGULAR,3:48:00,96720,105943,33
260211D121,HCI,11-Feb-2026,#N/A,BK8141LM,Medan,Sumatera Utara,#N/A,3.91,Store,38,10.0,10,1,53000,225267,Sumatera,MEDAN,,Internal,SumateraMEDAN,DALAM KOTA,,,,2,REGULAR,0:04:00,96720,75547,38
260211D122,HCI,11-Feb-2026,CDELC,BK8299MH,Medan,Sumatera Utara,Solar,4.41,Store,33,10.0,10,1,45000,389937,Sumatera,MEDAN,CDE,Internal,SumateraMEDANCDE,DALAM KOTA,,,,2,REGULAR,3:53:00,193440,151497,36
260211D123,HCI,11-Feb-2026,CDELC,BK8803MH,Medan,Sumatera Utara,Solar,5.15,Store,51,10.0,10,1,50000,242014,Sumatera,MEDAN,CDE,Internal,SumateraMEDANCDE,DALAM KOTA,,,,2,REGULAR,2:14:00,96720,95294,31
260211D124,HCI,11-Feb-2026,CDELC,BK8112LM,Medan,Sumatera Utara,Solar,4.85,Store,5,8.53,10,1,48000,295814,Sumatera,MEDAN,CDE,Internal,SumateraMEDANCDE,DALAM KOTA,,,,2,REGULAR,4:22:00,96720,151094,36
260211D128,AHI,11-Feb-2026,CDELC,BK8075MQ,Medan,Sumatera Utara,Solar,6.62,Store,38,9.8,10,1,48500,453825,Sumatera,MEDAN,CDE,Internal,SumateraMEDANCDE,DALAM KOTA,,,,2,REGULAR,11:05:00,193440,211885,40
260211D129,AHI,11-Feb-2026,PICKUP,BK8696MS,Medan,Sumatera Utara,Pertalite,3.4,Store,22,2.54,3,1,39000,236253,Sumatera,MEDAN,PICKUP,Internal,SumateraMEDANPICKUP,DALAM KOTA,,,,2,REGULAR,2:22:00,96720,100533,30
260211D133,HCI,11-Feb-2026,CDELC,BK8022LM,Medan,Sumatera Utara,Solar,5.15,Store,2,8.11,10,2,35000,342675,Sumatera,MEDAN,CDE,Internal,SumateraMEDANCDE,DALAM KOTA,,,,2,REGULAR,3:04:00,232128,75547,36
260211D137,HCI,11-Feb-2026,CDELC,BK8074MQ,Medan,Sumatera Utara,Solar,3.68,Store,2,8.06,10,2,40000,484013,Sumatera,MEDAN,CDE,Internal,SumateraMEDANCDE,DALAM KOTA,,,,2,REGULAR,6:28:00,232128,211885,24
260211H047,HCI,11-Feb-2026,CDELC,BK8047MQ,Pematangsiantar,Sumatera Utara,Solar,36.76,HUB,24,6.99,10,3,473500,878825,Sumatera,PEMATANGSIANTAR,CDE,Internal,SumateraPEMATANGSIANTARCDE,LUAR KOTA,1300000,-421175,-32.40%,2,REGULAR,8:29:00,193440,211885,271
260211D035,AHI,11-Feb-2026,CDELC,BK8192MQ,Medan,Sumatera Utara,Solar,5.59,Store,62,9.56,10,1,45000,450325,Sumatera,MEDAN,CDE,Internal,SumateraMEDANCDE,DALAM KOTA,,,,2,REGULAR,4:29:00,193440,211885,35
260211D117,FBI,11-Feb-2026,PICKUP,A8330VX,Medan,Sumatera Utara,Pertalite,5.2,Store,7,2.7,3,5,62000,336211,Sumatera,MEDAN,MINI VAN BOX,Internal,SumateraMEDANMINI VAN BOX,DALAM KOTA,,,,2,REGULAR,5:03:00,232128,42083,49
260211D116,FBI,11-Feb-2026,PICKUP,BK8136LM,Medan,Sumatera Utara,Pertalite,8.1,Store,7,2.38,3,4,144000,367603,Sumatera,MEDAN,MINI VAN BOX,Internal,SumateraMEDANMINI VAN BOX,DALAM KOTA,,,,2,REGULAR,2:51:00,135408,88195,101
260211D131,KLS,11-Feb-2026,CDELC,BK8031LM,Medan,Sumatera Utara,Solar,4.41,Store,8,8.51,10,1,30000,202267,Sumatera,MEDAN,CDE,Internal,SumateraMEDANCDE,DALAM KOTA,,,,2,REGULAR,1:17:00,96720,75547,25
260212C177,HCI,12-Feb-2026,CDELC,BK8135LM,Medan,Sumatera Utara,Solar,6.62,Customer,23,8.76,10,13,60000,404937,Sumatera,MEDAN,CDE,Internal,SumateraMEDANCDE,DALAM KOTA,,,,2,REGULAR,8:00:00,193440,151497,58
260212C178,HCI,12-Feb-2026,CDELC,BK8023LM,Medan,Sumatera Utara,Solar,16.18,Customer,11,6.6,10,9,120500,656552,Sumatera,MEDAN,CDE,Internal,SumateraMEDANCDE,DALAM KOTA,,,,2,REGULAR,3:23:00,386880,149172,93
260212C180,HCI,12-Feb-2026,CDELC,BK8647MS,Medan,Sumatera Utara,Solar,14.71,Customer,13,7.77,10,12,125000,804247,Sumatera,MEDAN,CDE,Internal,SumateraMEDANCDE,DALAM KOTA,,,,2,REGULAR,8:55:00,386880,292367,99
260212C183,HCI,12-Feb-2026,CDELC,BK8075MQ,Binjai,Sumatera Utara,Solar,14.71,Customer,17,10.0,10,11,110000,708765,Sumatera,BINJAI,CDE,Internal,SumateraBINJAICDE,DALAM KOTA,,,,2,REGULAR,6:13:00,386880,211885,113
260212C184,HCI,12-Feb-2026,CDELC,BK8299MH,Medan,Sumatera Utara,Solar,11.03,Customer,4,9.99,10,3,82000,254469,Sumatera,MEDAN,CDE,Internal,SumateraMEDANCDE,DALAM KOTA,,,,2,NON REGULAR,5:09:00,96720,75749,67
260212C185,HCI,12-Feb-2026,CDELC,BK8805MH,Medan,Sumatera Utara,Solar,11.76,Customer,8,4.56,10,8,95000,287014,Sumatera,MEDAN,CDE,Internal,SumateraMEDANCDE,DALAM KOTA,,,,2,NON REGULAR,5:09:00,96720,95294,74
260212C188,HCI,12-Feb-2026,#N/A,BK8804MH,Medan,Sumatera Utara,#N/A,9.85,Customer,7,8.65,,7,67000,355734,Sumatera,MEDAN,,Internal,SumateraMEDAN,DALAM KOTA,,,,2,REGULAR,6:10:00,193440,95294,72
260212C189,HCI,12-Feb-2026,CDELC,BK8803MH,Medan,Sumatera Utara,Solar,8.53,Customer,8,3.12,10,8,58000,442028,Sumatera,MEDAN,CDE,Internal,SumateraMEDANCDE,DALAM KOTA,,,,2,REGULAR,9:27:00,193440,190588,64
260212C190,HCI,12-Feb-2026,CDELC,BK8009MI,Medan,Sumatera Utara,Solar,11.03,Customer,13,6.63,10,8,83000,621377,Sumatera,MEDAN,CDE,Internal,SumateraMEDANCDE,DALAM KOTA,,,,2,REGULAR,8:35:00,386880,151497,73
260212C191,HCI,12-Feb-2026,CDELC,BK8309MS,Medan,Sumatera Utara,Solar,8.38,Customer,7,6.74,10,8,81000,560073,Sumatera,MEDAN,CDE,Internal,SumateraMEDANCDE,DALAM KOTA,,,,2,REGULAR,8:51:00,193440,285633,52
260212C192,HCI,12-Feb-2026,CDELC,BK8871MS,Deli Serdang,Sumatera Utara,Solar,9.56,Customer,8,4.26,10,5,65000,355160,Sumatera,DELI SERDANG,CDE,Internal,SumateraDELI SERDANGCDE,DALAM KOTA,,,,2,REGULAR,8:46:00,290160,,72
260212C195,HCI,12-Feb-2026,CDELC,BK8804MH,Medan,Sumatera Utara,Solar,7.5,Customer,2,7.69,10,2,55500,344234,Sumatera,MEDAN,CDE,Internal,SumateraMEDANCDE,DALAM KOTA,,,,2,NON REGULAR,3:11:00,193440,95294,46
260212C196,HCI,12-Feb-2026,PICKUP,BK8633MS,Medan,Sumatera Utara,Pertalite,5,Customer,3,3.0,3,3,63500,300721,Sumatera,MEDAN,PICKUP,Internal,SumateraMEDANPICKUP,DALAM KOTA,,,,2,REGULAR,4:14:00,193440,43781,54
260212C176,HCI,12-Feb-2026,CDELC,BK8807MH,Medan,Sumatera Utara,Solar,5.88,Customer,18,7.48,10,9,40000,424028,Sumatera,MEDAN,CDE,Internal,SumateraMEDANCDE,DALAM KOTA,,,,2,REGULAR,3:45:00,193440,190588,45
260212C174,HCI,12-Feb-2026,CDELC,BK8073MQ,Medan,Sumatera Utara,Solar,9.56,Customer,16,4.12,10,9,80000,678765,Sumatera,MEDAN,CDE,Internal,SumateraMEDANCDE,DALAM KOTA,,,,2,REGULAR,5:09:00,386880,211885,51
260212C173,HCI,12-Feb-2026,CDELC,BK8806MH,Medan,Sumatera Utara,Solar,8.09,Customer,19,7.29,10,13,95000,672468,Sumatera,MEDAN,CDE,Internal,SumateraMEDANCDE,DALAM KOTA,,,,2,REGULAR,7:50:00,386880,190588,58
260212C172,HCI,12-Feb-2026,CDELC,BK8191MQ,Medan,Sumatera Utara,Solar,16.18,Customer,21,10.0,10,13,137000,735765,Sumatera,MEDAN,CDE,Internal,SumateraMEDANCDE,DALAM KOTA,,,,2,REGULAR,9:37:00,386880,211885,113
260212C200,HCI,12-Feb-2026,PICKUP,BK8696MS,Medan,Sumatera Utara,Pertalite,5.5,Customer,2,2.56,3,2,55000,252253,Sumatera,MEDAN,PICKUP,Internal,SumateraMEDANPICKUP,DALAM KOTA,,,,2,REGULAR,12:28:00,96720,100533,50
260212C241,HCI,12-Feb-2026,PICKUP,BK8633MS,Medan,Sumatera Utara,Pertalite,4.5,Customer,4,3.0,3,3,50000,287221,Sumatera,MEDAN,PICKUP,Internal,SumateraMEDANPICKUP,DALAM KOTA,,,,2,NON REGULAR,8:11:00,193440,43781,37
260212D011,AHI,12-Feb-2026,CDELC,BK8299MH,Medan,Sumatera Utara,Solar,5.15,Store,28,9.2,10,1,35000,207469,Sumatera,MEDAN,CDE,Internal,SumateraMEDANCDE,DALAM KOTA,,,,2,REGULAR,3:29:00,96720,75749,34
260212D129,AHI,12-Feb-2026,CDELC,BK8141LM,Medan,Sumatera Utara,Solar,8.38,Store,56,10.0,10,2,75000,419534,Sumatera,MEDAN,CDE,Internal,SumateraMEDANCDE,DALAM KOTA,,,,2,REGULAR,3:04:00,193440,151094,42
260212D130,AHI,12-Feb-2026,CDELC,BK8805MH,Medan,Sumatera Utara,Solar,6.18,Store,66,9.98,10,1,57000,345734,Sumatera,MEDAN,CDE,Internal,SumateraMEDANCDE,DALAM KOTA,,,,2,REGULAR,0:22:00,193440,95294,36
260212D131,AHI,12-Feb-2026,CDELC,BK8022LM,Medan,Sumatera Utara,Solar,5.15,Store,68,9.89,10,2,35000,379534,Sumatera,MEDAN,CDE,Internal,SumateraMEDANCDE,DALAM KOTA,,,,2,REGULAR,1:18:00,193440,151094,35
260212D128,AHI,12-Feb-2026,CDELC,BK8031LM,Medan,Sumatera Utara,Solar,9.56,Store,58,10.0,10,4,88500,433034,Sumatera,MEDAN,CDE,Internal,SumateraMEDANCDE,DALAM KOTA,,,,2,REGULAR,8:29:00,193440,151094,56
260212D138,FBI,12-Feb-2026,PICKUP,BK8136LM,Medan,Sumatera Utara,Pertalite,3.8,Store,6,2.99,3,4,43000,276275,Sumatera,MEDAN,MINI VAN BOX,Internal,SumateraMEDANMINI VAN BOX,DALAM KOTA,,,,2,REGULAR,3:53:00,145080,88195,37
260212H061,HCI,12-Feb-2026,CDELC,BK8047MQ,Pematangsiantar,Sumatera Utara,Solar,28.09,HUB,7,8.15,10,1,404000,760965,Sumatera,PEMATANGSIANTAR,CDE,Internal,SumateraPEMATANGSIANTARCDE,LUAR KOTA,1300000,-539035,-41.46%,2,REGULAR,5:45:00,145080,211885,233
260212D139,FBI,12-Feb-2026,PICKUP,A8330VX,Medan,Sumatera Utara,Pertalite,7.4,Store,5,2.53,3,4,96500,374107,Sumatera,MEDAN,MINI VAN BOX,Internal,SumateraMEDANMINI VAN BOX,DALAM KOTA,,,,2,REGULAR,8:05:00,193440,84167,76
260212D132,AHI,12-Feb-2026,CDELC,BK8172LM,Medan,Sumatera Utara,Solar,5.15,Store,73,9.21,10,1,50000,394937,Sumatera,MEDAN,CDE,Internal,SumateraMEDANCDE,DALAM KOTA,,,,2,REGULAR,1:09:00,193440,151497,37
260212L045,AHI,12-Feb-2026,CDELC,BK8074MQ,Pematangsiantar,Sumatera Utara,Solar,35.29,Store,103,8.86,10,2,456000,764605,Sumatera,PEMATANGSIANTAR,CDE,Internal,SumateraPEMATANGSIANTARCDE,LUAR KOTA,1300000,-535395,-41.18%,2,REGULAR,4:37:00,96720,211885,242
260212L070,AHI,12-Feb-2026,CDELC,BK8646MS,Pematangsiantar,Sumatera Utara,Solar,37.06,Store,1,0.04,11,1,471000,1005167,Sumatera,PEMATANGSIANTAR,CDE LONG CHASSIS,Internal,SumateraPEMATANGSIANTARCDE LONG CHASSIS,LUAR KOTA,1400000,-394833,-28.20%,2,REGULAR,8:03:00,241800,292367,246
260212D141,KLS,12-Feb-2026,CDELC,BK8099LM,Medan,Sumatera Utara,Solar,6.18,Store,8,8.65,10,3,46000,463900,Sumatera,MEDAN,CDE,Internal,SumateraMEDANCDE,DALAM KOTA,,,,2,REGULAR,22:48:00,241800,176100,58
260212D142,AHI,12-Feb-2026,CDELC,BK8192MQ,Medan,Sumatera Utara,Solar,6.47,Store,95,10.0,10,3,57000,462325,Sumatera,MEDAN,CDE,Internal,SumateraMEDANCDE,DALAM KOTA,,,,2,REGULAR,9:36:00,193440,211885,39
260213D113,KLS,13-Feb-2026,CDELC,BK8146LM,Medan,Sumatera Utara,Solar,3.68,Store,6,8.84,10,2,25000,197469,Sumatera,MEDAN,CDE,Internal,SumateraMEDANCDE,DALAM KOTA,,,,2,REGULAR,0:35:00,96720,75749,34
260213C185,HCI,13-Feb-2026,CDELC,BK8803MH,Deli Serdang,Sumatera Utara,Solar,10.29,Customer,7,7.68,10,6,70000,454028,Sumatera,DELI SERDANG,CDE,Internal,SumateraDELI SERDANGCDE,DALAM KOTA,,,,2,REGULAR,5:25:00,193440,190588,74
260213D123,HCI,13-Feb-2026,CDELC,BK8135LM,Medan,Sumatera Utara,Solar,4.41,Store,36,9.14,10,1,50000,222469,Sumatera,MEDAN,CDE,Internal,SumateraMEDANCDE,DALAM KOTA,,,,2,REGULAR,4:34:00,96720,75749,35
260213C176,HCI,13-Feb-2026,CDELC,BK8804MH,Medan,Sumatera Utara,Solar,7.65,Customer,10,8.92,10,8,72500,649968,Sumatera,MEDAN,CDE,Internal,SumateraMEDANCDE,DALAM KOTA,,,,2,REGULAR,7:59:00,386880,190588,84
260213C177,HCI,13-Feb-2026,CDELC,BK8646MS,Binjai,Sumatera Utara,Solar,14.71,Customer,10,7.94,10,10,137000,573343,Sumatera,BINJAI,CDE,Internal,SumateraBINJAICDE,DALAM KOTA,,,,2,NON REGULAR,11:28:00,290160,146183,105
260213D132,AHI,13-Feb-2026,CDELC,BK8022LM,Medan,Sumatera Utara,Solar,4.41,Store,1,8.56,10,1,30000,202267,Sumatera,MEDAN,CDE,Internal,SumateraMEDANCDE,DALAM KOTA,,,,2,REGULAR,5:49:00,96720,75547,32
260213C173,HCI,13-Feb-2026,CDELC,BK8309MS,Medan,Sumatera Utara,Solar,8.38,Customer,14,7.43,10,10,75000,554073,Sumatera,MEDAN,CDE,Internal,SumateraMEDANCDE,DALAM KOTA,,,,2,REGULAR,7:11:00,193440,285633,53
260213C179,HCI,13-Feb-2026,CDELC,BK8146LM,Medan,Sumatera Utara,Solar,8.53,Customer,8,5.31,10,6,73000,438909,Sumatera,MEDAN,CDE,Internal,SumateraMEDANCDE,DALAM KOTA,,,,2,NON REGULAR,6:53:00,290160,75749,53
260213C172,HCI,13-Feb-2026,CDELC,BK8647MS,Medan,Sumatera Utara,Solar,5.88,Customer,12,8.05,10,7,70000,409623,Sumatera,MEDAN,CDE,Internal,SumateraMEDANCDE,DALAM KOTA,,,,2,REGULAR,3:19:00,193440,146183,37
260213D118,AHI,13-Feb-2026,PICKUP,BK8696MS,Medan,Sumatera Utara,Pertalite,3.5,Store,6,2.75,3,1,45000,191987,Sumatera,MEDAN,PICKUP,Internal,SumateraMEDANPICKUP,DALAM KOTA,,,,2,REGULAR,2:41:00,96720,50267,31
260213D140,HCI,13-Feb-2026,PICKUP,BK8696MS,Medan,Sumatera Utara,Pertalite,3.8,Store,1,3.0,3,1,48000,291707,Sumatera,MEDAN,PICKUP,Internal,SumateraMEDANPICKUP,DALAM KOTA,,,,2,REGULAR,3:40:00,193440,50267,33
260213C184,HCI,13-Feb-2026,CDELC,BK8023LM,Medan,Sumatera Utara,Solar,13.24,Customer,7,10.0,10,5,90000,454746,Sumatera,MEDAN,CDE,Internal,SumateraMEDANCDE,DALAM KOTA,,,,2,REGULAR,8:13:00,290160,74586,96
260213H060,HCI,13-Feb-2026,CDELC,BK8074MQ,Pematangsiantar,Sumatera Utara,Solar,36.32,HUB,3,8.34,10,1,463000,868325,Sumatera,PEMATANGSIANTAR,CDE,Internal,SumateraPEMATANGSIANTARCDE,LUAR KOTA,1300000,-431675,-33.21%,2,REGULAR,8:05:00,193440,211885,234
260213D120,HCI,13-Feb-2026,CDELC,BK8299MH,Medan,Sumatera Utara,Solar,3.68,Store,37,9.62,10,1,25000,294189,Sumatera,MEDAN,CDE,Internal,SumateraMEDANCDE,DALAM KOTA,,,,2,REGULAR,3:31:00,193440,75749,24
260213D097,AHI,13-Feb-2026,CDELC,BK8646MS,Medan,Sumatera Utara,Solar,5.88,Store,94,10.0,10,1,40000,282903,Sumatera,MEDAN,CDE,Internal,SumateraMEDANCDE,DALAM KOTA,,,,2,REGULAR,2:29:00,96720,146183,36
260213C178,HCI,13-Feb-2026,CDELC,BK8099LM,Medan,Sumatera Utara,Solar,12.5,Customer,10,3.0,10,6,106500,484710,Sumatera,MEDAN,CDE,Internal,SumateraMEDANCDE,DALAM KOTA,,,,2,NON REGULAR,6:59:00,290160,88050,85
260213C186,HCI,13-Feb-2026,PICKUP,BK8633MS,Medan,Sumatera Utara,Pertalite,7.5,Customer,6,3.0,3,6,94000,331221,Sumatera,MEDAN,PICKUP,Internal,SumateraMEDANPICKUP,DALAM KOTA,,,,2,REGULAR,6:45:00,193440,43781,75
260213C180,HCI,13-Feb-2026,CDELC,BK8022LM,Medan,Sumatera Utara,Solar,16.91176471,Customer,12,10.0,10,10,151000,419987,Sumatera,MEDAN,CDE,Internal,SumateraMEDANCDE,DALAM KOTA,,,,2,NON REGULAR,8:36:00,193440,75547,141
260213C181,HCI,13-Feb-2026,CDELC,BK8299MH,Medan,Sumatera Utara,Solar,6.62,Customer,11,5.08,10,11,57500,423409,Sumatera,MEDAN,CDE,Internal,SumateraMEDANCDE,DALAM KOTA,,,,2,NON REGULAR,10:28:00,290160,75749,47
260213D119,HCI,13-Feb-2026,CDELC,BK8031LM,Deli Serdang,Sumatera Utara,Solar,6.62,Store,18,9.07,10,1,51500,396034,Sumatera,DELI SERDANG,CDE,Internal,SumateraDELI SERDANGCDE,DALAM KOTA,,,,2,REGULAR,8:16:00,193440,151094,41
260213C174,HCI,13-Feb-2026,CDELC,BK8805MH,Medan,Sumatera Utara,Solar,7.35,Customer,17,7.31,10,12,50000,627468,Sumatera,MEDAN,CDE,Internal,SumateraMEDANCDE,DALAM KOTA,,,,2,REGULAR,7:48:00,386880,190588,53
260213D131,AHI,13-Feb-2026,CDELC,BK8099LM,Medan,Sumatera Utara,Solar,4.41,Store,170,10.0,10,1,30000,375970,Sumatera,MEDAN,CDE,Internal,SumateraMEDANCDE,DALAM KOTA,,,,2,REGULAR,2:01:00,257920,88050,32
260213D116,AHI,13-Feb-2026,CDELC,BK8141LM,Medan,Sumatera Utara,Solar,3.68,Store,43,8.77,10,3,40000,384534,Sumatera,MEDAN,CDE,Internal,SumateraMEDANCDE,DALAM KOTA,,,,2,REGULAR,2:35:00,193440,151094,31
260213C296,HCI,13-Feb-2026,CDELC,BK8136LM,Medan,Sumatera Utara,,1.8,Customer,2,0.23,10,2,18000,448978,Sumatera,MEDAN,CDE,Internal,SumateraMEDANCDE,DALAM KOTA,,,,2,REGULAR,1:13:00,386880,44098,20
260213C171,HCI,13-Feb-2026,CDELC,BK8191MQ,Medan,Sumatera Utara,Solar,7.35,Customer,17,5.22,10,8,105000,703765,Sumatera,MEDAN,CDE,Internal,SumateraMEDANCDE,DALAM KOTA,,,,2,REGULAR,9:04:00,386880,211885,53
260213D135,AHI,13-Feb-2026,CDELC,BK8009MI,Medan,Sumatera Utara,Solar,4.41,Store,2,9.09,10,1,30000,299189,Sumatera,MEDAN,CDE,Internal,SumateraMEDANCDE,DALAM KOTA,,,,2,REGULAR,2:05:00,193440,75749,37
260213D121,HCI,13-Feb-2026,CDELC,BK8192MQ,Medan,Sumatera Utara,Solar,11.76,Store,27,10.0,10,5,120000,525325,Sumatera,MEDAN,CDE,Internal,SumateraMEDANCDE,DALAM KOTA,,,,2,REGULAR,8:56:00,193440,211885,70
260213C249,HCI,13-Feb-2026,CDELC,BK8807MH,Medan,Sumatera Utara,Solar,12.65,Customer,3,5.5,10,4,100500,677968,Sumatera,MEDAN,CDE,Internal,SumateraMEDANCDE,DALAM KOTA,,,,2,REGULAR,12:45:00,386880,190588,82
260213H061,HCI,13-Feb-2026,CDELC,BK8075MQ,Pematangsiantar,Sumatera Utara,Solar,37.5,HUB,5,8.2,10,1,471000,779605,Sumatera,PEMATANGSIANTAR,CDE,Internal,SumateraPEMATANGSIANTARCDE,LUAR KOTA,1300000,-520395,-40.03%,2,REGULAR,3:13:00,96720,211885,255
260213C295,HCI,13-Feb-2026,PICKUP,BK8633MS,Medan,Sumatera Utara,Pertalite,5.7,Customer,1,0.28,3,1,57000,358701,Sumatera,MEDAN,PICKUP,Internal,SumateraMEDANPICKUP,DALAM KOTA,,,,2,REGULAR,3:40:00,257920,43781,51
260213D134,AHI,13-Feb-2026,CDELC,BK8023LM,Medan,Sumatera Utara,Solar,3.68,Store,119,9.06,10,1,25000,260786,Sumatera,MEDAN,CDE,Internal,SumateraMEDANCDE,DALAM KOTA,,,,2,REGULAR,2:43:00,161200,74586,22
260213D114,FBI,13-Feb-2026,PICKUP,BK8136LM,Medan,Sumatera Utara,Pertalite,5.5,Store,5,2.57,3,5,69000,209818,Sumatera,MEDAN,MINI VAN BOX,Internal,SumateraMEDANMINI VAN BOX,DALAM KOTA,,,,2,REGULAR,5:28:00,96720,44098,48
260213D095,AHI,13-Feb-2026,CDELC,BK8047MQ,Medan,Sumatera Utara,Solar,7.35,Store,93,10.0,10,1,59500,368105,Sumatera,MEDAN,CDE,Internal,SumateraMEDANCDE,DALAM KOTA,,,,2,REGULAR,5:51:00,96720,211885,44
260213C182,HCI,13-Feb-2026,CDELC,BK8647MS,Medan,Sumatera Utara,Solar,8.82,Customer,8,2.95,10,7,68000,504343,Sumatera,MEDAN,CDE,Internal,SumateraMEDANCDE,DALAM KOTA,,,,2,NON REGULAR,6:13:00,290160,146183,56
260213C170,HCI,13-Feb-2026,CDELC,BK8871MS,Medan,Sumatera Utara,Solar,16.91,Customer,17,8.55,10,13,150000,343440,Sumatera,MEDAN,CDE,Internal,SumateraMEDANCDE,DALAM KOTA,,,,2,REGULAR,8:05:00,193440,,134
260213C219,HCI,13-Feb-2026,CDELC,BK8135LM,Medan,Sumatera Utara,Solar,2.5,Customer,1,3.63,10,1,17000,286189,Sumatera,MEDAN,CDE,Internal,SumateraMEDANCDE,DALAM KOTA,,,,2,NON REGULAR,1:58:00,193440,75749,14
260213D115,FBI,13-Feb-2026,PICKUP,A8330VX,Medan,Sumatera Utara,Pertalite,9,Store,7,2.78,3,4,148500,426107,Sumatera,MEDAN,MINI VAN BOX,Internal,SumateraMEDANMINI VAN BOX,DALAM KOTA,,,,2,REGULAR,3:42:00,193440,84167,102
260213D096,AHI,13-Feb-2026,CDELC,BK8806MH,Medan,Sumatera Utara,Solar,4.41,Store,80,9.93,10,1,30000,414028,Sumatera,MEDAN,CDE,Internal,SumateraMEDANCDE,DALAM KOTA,,,,2,REGULAR,4:39:00,193440,190588,30
260213H058,HCI,13-Feb-2026,CDELC,BK8073MQ,Pematangsiantar,Sumatera Utara,Solar,29.41,HUB,18,7.97,10,1,416000,821325,Sumatera,PEMATANGSIANTAR,CDE,Internal,SumateraPEMATANGSIANTARCDE,LUAR KOTA,1300000,-478675,-36.82%,2,REGULAR,6:37:00,193440,211885,229
260213C175,HCI,13-Feb-2026,CDELC,BK8009MI,Medan,Sumatera Utara,Solar,13.24,Customer,9,4.09,10,10,98000,463909,Sumatera,MEDAN,CDE,Internal,SumateraMEDANCDE,DALAM KOTA,,,,2,NON REGULAR,7:08:00,290160,75749,87
260214C154,HCI,14-Feb-2026,CDELC,BK8803MH,Medan,Sumatera Utara,Solar,8.82,Customer,18,9.28,10,9,105000,489028,Sumatera,MEDAN,CDE,Internal,SumateraMEDANCDE,DALAM KOTA,,,,2,REGULAR,7:19:00,193440,190588,60
260214C159,HCI,14-Feb-2026,CDELC,BK8073MQ,Medan,Sumatera Utara,Solar,14.71,Customer,9,7.14,10,8,109000,707765,Sumatera,MEDAN,CDE,Internal,SumateraMEDANCDE,DALAM KOTA,,,,2,REGULAR,8:38:00,386880,211885,95
260214C160,HCI,14-Feb-2026,CDELC,BK8191MQ,Medan,Sumatera Utara,Solar,16.18,Customer,12,10.0,10,11,142500,741265,Sumatera,MEDAN,CDE,Internal,SumateraMEDANCDE,DALAM KOTA,,,,2,REGULAR,9:25:00,386880,211885,126
260214C161,HCI,14-Feb-2026,CDELC,BK8807MH,Binjai,Sumatera Utara,Solar,19.12,Customer,13,7.91,10,11,168000,745468,Sumatera,BINJAI,CDE,Internal,SumateraBINJAICDE,DALAM KOTA,,,,2,REGULAR,9:19:00,386880,190588,145
260214C163,HCI,14-Feb-2026,CDELC,BK8309MS,Medan,Sumatera Utara,Solar,11.03,Customer,2,10.0,10,1,96500,575573,Sumatera,MEDAN,CDE,Internal,SumateraMEDANCDE,DALAM KOTA,,,,2,REGULAR,2:37:00,193440,285633,70
260214C164,HCI,14-Feb-2026,CDELC,BK8299MH,Medan,Sumatera Utara,Solar,19.12,Customer,21,10.0,10,17,150000,688377,Sumatera,MEDAN,CDE,Internal,SumateraMEDANCDE,DALAM KOTA,,,,2,REGULAR,10:37:00,386880,151497,124
260214C165,HCI,14-Feb-2026,CDELC,BK8022LM,Medan,Sumatera Utara,Solar,17.65,Customer,10,4.48,10,5,139500,677474,Sumatera,MEDAN,CDE,Internal,SumateraMEDANCDE,DALAM KOTA,,,,2,REGULAR,8:26:00,386880,151094,109
260214C166,HCI,14-Feb-2026,CDELC,BK8172LM,Medan,Sumatera Utara,Solar,5.88,Customer,3,7.84,10,4,40000,288217,Sumatera,MEDAN,CDE,Internal,SumateraMEDANCDE,DALAM KOTA,,,,2,REGULAR,3:56:00,96720,151497,39
260214C167,HCI,14-Feb-2026,CDELC,BK8047MQ,Deli Serdang,Sumatera Utara,Solar,13.24,Customer,9,7.91,10,6,94000,402605,Sumatera,DELI SERDANG,CDE,Internal,SumateraDELI SERDANGCDE,DALAM KOTA,,,,2,REGULAR,4:35:00,96720,211885,81
260214C168,HCI,14-Feb-2026,CDELC,BK8871MS,Medan,Sumatera Utara,Solar,12.79,Customer,16,9.34,10,13,100000,390160,Sumatera,MEDAN,CDE,Internal,SumateraMEDANCDE,DALAM KOTA,,,,2,REGULAR,6:29:00,290160,,66
260214C169,HCI,14-Feb-2026,CDELC,BK8099LM,Medan,Sumatera Utara,Solar,11.76,Customer,10,5.91,10,11,96500,659480,Sumatera,MEDAN,CDE,Internal,SumateraMEDANCDE,DALAM KOTA,,,,2,REGULAR,6:33:00,386880,176100,85
260214C170,HCI,14-Feb-2026,PICKUP,BK8633MS,Medan,Sumatera Utara,Pertalite,8,Customer,3,1.88,3,3,100500,381501,Sumatera,MEDAN,PICKUP,Internal,SumateraMEDANPICKUP,DALAM KOTA,,,,2,REGULAR,7:02:00,193440,87561,85
260214C150,HCI,14-Feb-2026,CDELC,BK8804MH,Medan,Sumatera Utara,Solar,11.03,Customer,18,7.07,10,2,84500,468528,Sumatera,MEDAN,CDE,Internal,SumateraMEDANCDE,DALAM KOTA,,,,2,REGULAR,8:27:00,193440,190588,82
260214C158,HCI,14-Feb-2026,CDELC,BK8806MH,Medan,Sumatera Utara,Solar,9.56,Customer,22,6.03,10,12,75000,652468,Sumatera,MEDAN,CDE,Internal,SumateraMEDANCDE,DALAM KOTA,,,,2,REGULAR,6:23:00,386880,190588,57
260214D056,HCI,14-Feb-2026,CDELC,BK8075MQ,Medan,Sumatera Utara,Solar,4.56,Store,11,9.16,10,2,34500,439825,Sumatera,MEDAN,CDE,Internal,SumateraMEDANCDE,DALAM KOTA,,,,2,REGULAR,8:11:00,193440,211885,49
260214D057,HCI,14-Feb-2026,CDELC,BK8074MQ,Medan,Sumatera Utara,Solar,4.85,Store,10,8.43,10,1,33000,235663,Sumatera,MEDAN,CDE,Internal,SumateraMEDANCDE,DALAM KOTA,,,,2,REGULAR,2:50:00,96720,105943,30
260214D058,HCI,14-Feb-2026,CDELC,BK8135LM,Medan,Sumatera Utara,Solar,5.15,Store,21,10.0,10,1,50000,394937,Sumatera,MEDAN,CDE,Internal,SumateraMEDANCDE,DALAM KOTA,,,,2,REGULAR,3:02:00,193440,151497,34
260214D060,HCI,14-Feb-2026,CDELC,BK8192MQ,Medan,Sumatera Utara,Solar,6.62,Store,21,9.44,10,1,65000,470325,Sumatera,MEDAN,CDE,Internal,SumateraMEDANCDE,DALAM KOTA,,,,2,REGULAR,8:30:00,193440,211885,41
260214D107,HCI,14-Feb-2026,CDELC,BK8146LM,Medan,Sumatera Utara,Solar,5.88,Store,17,8.72,10,1,50000,394937,Sumatera,MEDAN,CDE,Internal,SumateraMEDANCDE,DALAM KOTA,,,,2,REGULAR,2:11:00,193440,151497,44
260214C157,HCI,14-Feb-2026,CDELC,BK8805MH,Medan,Sumatera Utara,Solar,6.62,Customer,9,3.92,10,6,45000,622468,Sumatera,MEDAN,CDE,Internal,SumateraMEDANCDE,DALAM KOTA,,,,2,REGULAR,5:20:00,386880,190588,52
260214C156,HCI,14-Feb-2026,CDELC,BK8141LM,Medan,Sumatera Utara,Solar,8.82,Customer,18,4.44,10,8,90000,434534,Sumatera,MEDAN,CDE,Internal,SumateraMEDANCDE,DALAM KOTA,,,,2,REGULAR,5:04:00,193440,151094,53
260214D110,HCI,14-Feb-2026,CDELC,BK8646MS,Medan,Sumatera Utara,Solar,5.59,Store,19,9.06,11,1,63000,548807,Sumatera,MEDAN,CDE LONG CHASSIS,Internal,SumateraMEDANCDE LONG CHASSIS,DALAM KOTA,,,,2,REGULAR,4:13:00,193440,292367,36
260214D111,HCI,14-Feb-2026,CDELC,BK8031LM,Medan,Sumatera Utara,Solar,4.12,Store,4,8.93,10,1,43000,290814,Sumatera,MEDAN,CDE,Internal,SumateraMEDANCDE,DALAM KOTA,,,,2,REGULAR,2:13:00,96720,151094,30
260214C174,HCI,14-Feb-2026,PICKUP,BK8696MS,Medan,Sumatera Utara,Pertalite,7.5,Customer,4,2.98,3,3,78500,515647,Sumatera,MEDAN,PICKUP,Internal,SumateraMEDANPICKUP,DALAM KOTA,,,,2,REGULAR,4:30:00,386880,50267,53
260214D108,FBI,14-Feb-2026,PICKUP,BK8136LM,Medan,Sumatera Utara,Pertalite,8.5,Store,13,2.04,3,5,90000,371635,Sumatera,MEDAN,MINI VAN BOX,Internal,SumateraMEDANMINI VAN BOX,DALAM KOTA,,,,2,REGULAR,23:30:00,193440,88195,70
260214H063,HCI,14-Feb-2026,CDELC,BK8009MI,Pematangsiantar,Sumatera Utara,Solar,37.5,HUB,21,10.0,10,2,477500,822437,Sumatera,PEMATANGSIANTAR,CDE,Internal,SumateraPEMATANGSIANTARCDE,LUAR KOTA,1300000,-477563,-36.74%,2,REGULAR,8:15:00,193440,151497,265
260214H064,HCI,14-Feb-2026,CDELC,BK8647MS,Pematangsiantar,Sumatera Utara,Solar,34.56,HUB,5,8.33,10,1,451000,840087,Sumatera,PEMATANGSIANTAR,CDE,Internal,SumateraPEMATANGSIANTARCDE,LUAR KOTA,1300000,-459913,-35.38%,2,REGULAR,5:23:00,96720,292367,230
260214D109,FBI,14-Feb-2026,PICKUP,A8330VX,Medan,Sumatera Utara,Pertalite,6.2,Store,8,1.38,3,3,79000,356607,Sumatera,MEDAN,MINI VAN BOX,Internal,SumateraMEDANMINI VAN BOX,DALAM KOTA,,,,2,REGULAR,4:10:00,193440,84167,65
260214C270,HCI,14-Feb-2026,CDELC,BK8074MQ,Medan,Sumatera Utara,Solar,3.68,Customer,1,8.0,10,1,33000,429103,Sumatera,MEDAN,CDE,Internal,SumateraMEDANCDE,DALAM KOTA,,,,2,REGULAR,1:54:00,290160,105943,26
260214D116,KLS,14-Feb-2026,PICKUP,BK8696MS,Medan,Sumatera Utara,Pertalite,2.6,Store,1,3.0,3,1,26000,366427,Sumatera,MEDAN,PICKUP,Internal,SumateraMEDANPICKUP,DALAM KOTA,,,,2,REGULAR,1:21:00,290160,50267,30
260215C125,HCI,15-Feb-2026,CDELC,BK8804MH,Medan,Sumatera Utara,Solar,10,Customer,10,2.85,10,7,93500,670968,Sumatera,MEDAN,CDE,Internal,SumateraMEDANCDE,DALAM KOTA,,,,2,REGULAR,6:43:00,386880,190588,66
260215C240,HCI,15-Feb-2026,CDELC,BK8031LM,Medan,Sumatera Utara,Solar,2.21,Customer,1,0.64,10,1,15000,283987,Sumatera,MEDAN,CDE,Internal,SumateraMEDANCDE,DALAM KOTA,,,,2,NON REGULAR,9:28:00,193440,75547,21
260215C122,HCI,15-Feb-2026,CDELC,BK8805MH,Medan,Sumatera Utara,Solar,8.09,Customer,25,8.55,10,14,88000,665468,Sumatera,MEDAN,CDE,Internal,SumateraMEDANCDE,DALAM KOTA,,,,2,REGULAR,6:29:00,386880,190588,62
260215X040,HCI,15-Feb-2026,CDELC,BK8871MS,Medan,Sumatera Utara,Solar,8.53,Other Delivery,2,4.4,11,2,73000,363160,Sumatera,MEDAN,CDE LONG CHASSIS,Internal,SumateraMEDANCDE LONG CHASSIS,DALAM KOTA,,,,2,REGULAR,6:02:00,290160,,53
260215C126,HCI,15-Feb-2026,CDELC,BK8141LM,Medan,Sumatera Utara,Solar,11.76,Customer,11,3.48,10,6,89000,433534,Sumatera,MEDAN,CDE,Internal,SumateraMEDANCDE,DALAM KOTA,,,,2,REGULAR,3:58:00,193440,151094,89
260215C136,HCI,15-Feb-2026,CDELC,BK8073MQ,Deli Serdang,Sumatera Utara,Solar,14.71,Customer,13,7.27,10,5,100000,505325,Sumatera,DELI SERDANG,CDE,Internal,SumateraDELI SERDANGCDE,DALAM KOTA,,,,2,REGULAR,5:00:00,193440,211885,95
260215C120,HCI,15-Feb-2026,CDELC,BK8146LM,Medan,Sumatera Utara,Solar,13.68,Customer,23,8.38,10,12,100000,638377,Sumatera,MEDAN,CDE,Internal,SumateraMEDANCDE,DALAM KOTA,,,,2,REGULAR,7:25:00,386880,151497,97
260215C124,HCI,15-Feb-2026,CDELC,BK8135LM,Medan,Sumatera Utara,Solar,5.44,Customer,13,4.63,10,6,42000,386937,Sumatera,MEDAN,CDE,Internal,SumateraMEDANCDE,DALAM KOTA,,,,2,REGULAR,3:03:00,193440,151497,43
260215C144,HCI,15-Feb-2026,PICKUP,BK8696MS,Medan,Sumatera Utara,Pertalite,5,Customer,4,3.0,3,3,60000,353973,Sumatera,MEDAN,PICKUP,Internal,SumateraMEDANPICKUP,DALAM KOTA,,,,2,REGULAR,3:51:00,193440,100533,45
260215C134,HCI,15-Feb-2026,CDELC,BK8806MH,Medan,Sumatera Utara,Solar,14.71,Customer,14,10.0,10,9,110000,687468,Sumatera,MEDAN,CDE,Internal,SumateraMEDANCDE,DALAM KOTA,,,,2,REGULAR,8:21:00,386880,190588,97
260215C135,HCI,15-Feb-2026,CDELC,BK8031LM,Medan,Sumatera Utara,Solar,5.44,Customer,6,1.86,10,7,40000,308987,Sumatera,MEDAN,CDE,Internal,SumateraMEDANCDE,DALAM KOTA,,,,2,REGULAR,2:53:00,193440,75547,42
260215H043,HCI,15-Feb-2026,CDELC,BK8647MS,Pematangsiantar,Sumatera Utara,Solar,32.79,HUB,21,8.57,10,1,451000,936807,Sumatera,PEMATANGSIANTAR,CDE,Internal,SumateraPEMATANGSIANTARCDE,LUAR KOTA,1300000,-363193,-27.94%,2,REGULAR,4:08:00,193440,292367,259
260215X045,HCI,15-Feb-2026,CDELC,BK8047MQ,Medan,Sumatera Utara,Solar,5.44,Other Delivery,1,2.2,10,1,57000,559045,Sumatera,MEDAN,CDE,Internal,SumateraMEDANCDE,DALAM KOTA,,,,2,REGULAR,0:06:00,290160,211885,34
260215C131,HCI,15-Feb-2026,CDELC,BK8646MS,Medan,Sumatera Utara,Solar,16.18,Customer,13,10.0,10,8,110000,595807,Sumatera,MEDAN,CDE,Internal,SumateraMEDANCDE,DALAM KOTA,,,,2,REGULAR,5:40:00,193440,292367,99
260215C133,HCI,15-Feb-2026,CDELC,BK8009MI,Binjai,Sumatera Utara,Solar,19.12,Customer,7,1.64,10,7,189500,727877,Sumatera,BINJAI,CDE,Internal,SumateraBINJAICDE,DALAM KOTA,,,,2,REGULAR,7:52:00,386880,151497,140
260215C128,HCI,15-Feb-2026,CDELC,BK8075MQ,Medan,Sumatera Utara,Solar,14.71,Customer,11,8.51,10,9,108000,706765,Sumatera,MEDAN,CDE,Internal,SumateraMEDANCDE,DALAM KOTA,,,,2,REGULAR,8:28:00,386880,211885,99
260215C146,HCI,15-Feb-2026,PICKUP,BK8633MS,Medan,Sumatera Utara,Pertalite,11.4,Customer,5,3.0,3,4,128000,602441,Sumatera,MEDAN,PICKUP,Internal,SumateraMEDANPICKUP,DALAM KOTA,,,,2,REGULAR,8:04:00,386880,87561,111
260216C170,HCI,16-Feb-2026,CDELC,BK8031LM,Medan,Sumatera Utara,Solar,13.38,Customer,8,5.26,10,8,99000,636974,Sumatera,MEDAN,CDE,Internal,SumateraMEDANCDE,DALAM KOTA,,,,2,REGULAR,7:59:00,386880,151094,100
260216C220,HCI,16-Feb-2026,PICKUP,BK8696MS,Medan,Sumatera Utara,Pertalite,10,Customer,4,1.88,3,3,110000,597413,Sumatera,MEDAN,PICKUP,Internal,SumateraMEDANPICKUP,DALAM KOTA,,,,2,REGULAR,8:53:00,386880,100533,109
260216C178,HCI,16-Feb-2026,CDELC,BK8075MQ,Deli Serdang,Sumatera Utara,Solar,18.38,Customer,14,10.0,10,11,140000,738765,Sumatera,DELI SERDANG,CDE,Internal,SumateraDELI SERDANGCDE,DALAM KOTA,,,,2,REGULAR,9:20:00,386880,211885,112
260216C166,HCI,16-Feb-2026,CDELC,BK8647MS,Medan,Sumatera Utara,Solar,16.91,Customer,8,4.33,10,8,130000,566343,Sumatera,MEDAN,CDE,Internal,SumateraMEDANCDE,DALAM KOTA,,,,2,NON REGULAR,4:18:00,290160,146183,102
260216C167,HCI,16-Feb-2026,CDELC,BK8807MH,Binjai,Sumatera Utara,Solar,14.71,Customer,4,6.42,10,3,163500,548954,Sumatera,BINJAI,CDE,Internal,SumateraBINJAICDE,DALAM KOTA,,,,2,REGULAR,5:35:00,290160,95294,121
260216C173,HCI,16-Feb-2026,CDELC,BK8146LM,Medan,Sumatera Utara,Solar,14.26,Customer,16,4.15,10,11,100000,638377,Sumatera,MEDAN,CDE,Internal,SumateraMEDANCDE,DALAM KOTA,,,,2,REGULAR,8:27:00,386880,151497,96
260216D008,HCI,16-Feb-2026,CDELC,BK8172LM,Medan,Sumatera Utara,Solar,5.88,Store,31,8.54,10,1,40000,309189,Sumatera,MEDAN,CDE,Internal,SumateraMEDANCDE,DALAM KOTA,,,,2,REGULAR,2:50:00,193440,75749,36
260216C228,HCI,16-Feb-2026,CDELC,BK8135LM,Deli Serdang,Sumatera Utara,Solar,9.56,Customer,6,7.86,10,6,78500,616877,Sumatera,DELI SERDANG,CDE,Internal,SumateraDELI SERDANGCDE,DALAM KOTA,,,,2,REGULAR,7:35:00,386880,151497,80
260216C159,HCI,16-Feb-2026,CDELC,BK8806MH,Deli Serdang,Sumatera Utara,Solar,11.03,Customer,25,8.25,10,15,82000,659468,Sumatera,DELI SERDANG,CDE,Internal,SumateraDELI SERDANGCDE,DALAM KOTA,,,,2,REGULAR,7:42:00,386880,190588,74
260216C164,HCI,16-Feb-2026,CDELC,BK8804MH,Medan,Sumatera Utara,Solar,6.47,Customer,11,8.09,10,8,44000,428028,Sumatera,MEDAN,CDE,Internal,SumateraMEDANCDE,DALAM KOTA,,,,2,REGULAR,3:10:00,193440,190588,51
260216C168,HCI,16-Feb-2026,CDELC,BK8022LM,Medan,Sumatera Utara,Solar,8.68,Customer,8,3.12,10,5,74500,440207,Sumatera,MEDAN,CDE,Internal,SumateraMEDANCDE,DALAM KOTA,,,,2,NON REGULAR,3:47:00,290160,75547,65
260216D007,AHI,16-Feb-2026,CDELC,BK8309MS,Medan,Sumatera Utara,Solar,5.88,Store,49,10.0,10,2,58500,537573,Sumatera,MEDAN,CDE,Internal,SumateraMEDANCDE,DALAM KOTA,,,,2,REGULAR,5:26:00,193440,285633,42
260216D124,HCI,16-Feb-2026,CDELC,BK8191MQ,Medan,Sumatera Utara,Solar,3.68,Store,47,9.69,10,1,25000,365845,Sumatera,MEDAN,CDE,Internal,SumateraMEDANCDE,DALAM KOTA,,,,2,REGULAR,3:17:00,128960,211885,28
260216C161,HCI,16-Feb-2026,CDELC,BK8047MQ,Medan,Sumatera Utara,Solar,6.62,Customer,13,5.92,10,10,45000,450325,Sumatera,MEDAN,CDE,Internal,SumateraMEDANCDE,DALAM KOTA,,,,2,REGULAR,5:19:00,193440,211885,42
260216D122,HCI,16-Feb-2026,CDELC,BK8099LM,Medan,Sumatera Utara,Solar,4.41,Store,17,8.92,10,1,50000,267010,Sumatera,MEDAN,CDE,Internal,SumateraMEDANCDE,DALAM KOTA,,,,2,REGULAR,2:20:00,128960,88050,30
260216C171,HCI,16-Feb-2026,CDELC,BK8099LM,Medan,Sumatera Utara,Solar,7.35,Customer,9,3.83,10,10,50000,428210,Sumatera,MEDAN,CDE,Internal,SumateraMEDANCDE,DALAM KOTA,,,,2,REGULAR,2:09:00,290160,88050,48
260216C225,HCI,16-Feb-2026,CDELC,BK8646MS,Medan,Sumatera Utara,Solar,6.62,Customer,2,9.71,10,1,45000,530807,Sumatera,MEDAN,CDE,Internal,SumateraMEDANCDE,DALAM KOTA,,,,2,REGULAR,8:17:00,193440,292367,42
260216H067,HCI,16-Feb-2026,CDELC,BK8803MH,Pematangsiantar,Sumatera Utara,Solar,41.91,HUB,23,10.0,10,3,501000,885028,Sumatera,PEMATANGSIANTAR,CDE,Internal,SumateraPEMATANGSIANTARCDE,LUAR KOTA,1300000,-414972,-31.92%,2,REGULAR,12:18:00,193440,190588,291
260216D010,AHI,16-Feb-2026,CDELC,BK8192MQ,Medan,Sumatera Utara,Solar,4.41,Store,17,10.0,10,1,45000,344383,Sumatera,MEDAN,CDE,Internal,SumateraMEDANCDE,DALAM KOTA,,,,2,REGULAR,5:25:00,193440,105943,29
260216C344,HCI,16-Feb-2026,CDELC,BK8192MQ,Medan,Sumatera Utara,Solar,11.03,Customer,3,8.1,10,3,75000,567823,Sumatera,MEDAN,CDE,Internal,SumateraMEDANCDE,DALAM KOTA,,,,2,REGULAR,12:25:00,386880,105943,64
260216D153,FBI,16-Feb-2026,PICKUP,A8330VX,Medan,Sumatera Utara,Pertalite,3.8,Store,25,1.18,3,5,43000,256127,Sumatera,MEDAN,MINI VAN BOX,Internal,SumateraMEDANMINI VAN BOX,DALAM KOTA,,,,2,REGULAR,3:45:00,128960,84167,46
260216D005,HCI,16-Feb-2026,CDELC,BK8299MH,Medan,Sumatera Utara,Solar,6.18,Store,98,8.7,10,3,56000,400937,Sumatera,MEDAN,CDE,Internal,SumateraMEDANCDE,DALAM KOTA,,,,2,REGULAR,7:05:00,193440,151497,37
260216D145,AHI,16-Feb-2026,CDELC,BK8807MH,Medan,Sumatera Utara,Solar,5.15,Store,64,8.74,10,1,35000,259254,Sumatera,MEDAN,CDE,Internal,SumateraMEDANCDE,DALAM KOTA,,,,2,REGULAR,1:35:00,128960,95294,37
260216C163,HCI,16-Feb-2026,CDELC,BK8141LM,Medan,Sumatera Utara,Solar,6.62,Customer,10,9.28,10,7,45000,292814,Sumatera,MEDAN,CDE,Internal,SumateraMEDANCDE,DALAM KOTA,,,,2,REGULAR,1:24:00,96720,151094,46
260216C169,HCI,16-Feb-2026,CDELC,BK8172LM,Medan,Sumatera Utara,Solar,21.32,Customer,19,9.54,10,14,185500,454689,Sumatera,MEDAN,CDE,Internal,SumateraMEDANCDE,DALAM KOTA,,,,2,NON REGULAR,10:32:00,193440,75749,147
260216C179,HCI,16-Feb-2026,PICKUP,BK8633MS,Medan,Sumatera Utara,Pertalite,5,Customer,1,3.0,3,1,65000,302221,Sumatera,MEDAN,PICKUP,Internal,SumateraMEDANPICKUP,DALAM KOTA,,,,2,REGULAR,6:08:00,193440,43781,50
260216C165,HCI,16-Feb-2026,CDELC,BK8073MQ,Medan,Sumatera Utara,Solar,11.32,Customer,5,1.92,10,4,77000,482325,Sumatera,MEDAN,CDE,Internal,SumateraMEDANCDE,DALAM KOTA,,,,2,REGULAR,7:58:00,193440,211885,81
260216C172,HCI,16-Feb-2026,CDELC,BK8009MI,Medan,Sumatera Utara,Solar,7.35,Customer,12,8.27,10,11,95000,633377,Sumatera,MEDAN,CDE,Internal,SumateraMEDANCDE,DALAM KOTA,,,,2,REGULAR,7:43:00,386880,151497,51
260216C224,HCI,16-Feb-2026,CDELC,BK8647MS,Medan,Sumatera Utara,Solar,5.15,Customer,3,7.12,10,2,35000,374623,Sumatera,MEDAN,CDE,Internal,SumateraMEDANCDE,DALAM KOTA,,,,2,REGULAR,2:40:00,193440,146183,35
260216C341,HCI,16-Feb-2026,PICKUP,BK8633MS,Medan,Sumatera Utara,Pertalite,5,Customer,4,2.43,3,4,56000,293221,Sumatera,MEDAN,PICKUP,Internal,SumateraMEDANPICKUP,DALAM KOTA,,,,2,NON REGULAR,2:13:00,193440,43781,54
260216C160,HCI,16-Feb-2026,CDELC,BK8805MH,Medan,Sumatera Utara,Solar,9.71,Customer,28,4.44,10,11,111000,688468,Sumatera,MEDAN,CDE,Internal,SumateraMEDANCDE,DALAM KOTA,,,,2,REGULAR,8:28:00,386880,190588,50
260216D004,HCI,16-Feb-2026,CDELC,BK8074MQ,Medan,Sumatera Utara,Solar,5.88,Store,47,8.49,10,1,55000,460325,Sumatera,MEDAN,CDE,Internal,SumateraMEDANCDE,DALAM KOTA,,,,2,REGULAR,2:05:00,193440,211885,35
260216D150,FBI,16-Feb-2026,PICKUP,BK8136LM,Medan,Sumatera Utara,Pertalite,9.05,Store,21,1.98,3,4,128500,442375,Sumatera,MEDAN,MINI VAN BOX,Internal,SumateraMEDANMINI VAN BOX,DALAM KOTA,,,,2,REGULAR,4:13:00,225680,88195,91
260216D134,AHI,16-Feb-2026,CDELC,BK8022LM,Medan,Sumatera Utara,Solar,4.41,Store,25,9.67,10,1,30000,234507,Sumatera,MEDAN,CDE,Internal,SumateraMEDANCDE,DALAM KOTA,,,,2,REGULAR,3:59:00,128960,75547,32
260216C162,HCI,16-Feb-2026,CDELC,BK8871MS,Medan,Sumatera Utara,Solar,17.35,Customer,22,4.11,10,8,123000,509880,Sumatera,MEDAN,CDE,Internal,SumateraMEDANCDE,DALAM KOTA,,,,2,REGULAR,9:09:00,386880,,92
260217C220,HCI,17-Feb-2026,CDELC,BK8075MQ,Medan,Sumatera Utara,Solar,9.56,Customer,5,2.97,10,4,72000,670765,Sumatera,MEDAN,CDE,Internal,SumateraMEDANCDE,DALAM KOTA,,,,2,REGULAR,6:16:00,386880,211885,66
260217L093,AHI,17-Feb-2026,CDELC,BK8646MS,Pematangsiantar,Sumatera Utara,Solar,36.03,Store,2,9.1,11,2,471000,1005167,Sumatera,PEMATANGSIANTAR,CDE LONG CHASSIS,Internal,SumateraPEMATANGSIANTARCDE LONG CHASSIS,LUAR KOTA,1400000,-394833,-28.20%,2,REGULAR,8:57:00,241800,292367,248
260217L081,HCI,17-Feb-2026,CDELC,BK8022LM,Medan,Sumatera Utara,Solar,4.85,Store,41,7.04,10,2,40000,384534,Sumatera,MEDAN,CDE,Internal,SumateraMEDANCDE,DALAM KOTA,,,,2,REGULAR,8:23:00,193440,151094,40
260217C196,HCI,17-Feb-2026,CDELC,BK8031LM,Medan,Sumatera Utara,Solar,12.5,Customer,7,4.48,10,7,100500,466207,Sumatera,MEDAN,CDE,Internal,SumateraMEDANCDE,DALAM KOTA,,,,2,REGULAR,4:47:00,290160,75547,94
260217C185,HCI,17-Feb-2026,CDELC,BK8805MH,Medan,Sumatera Utara,Solar,10,Customer,15,5.31,10,8,78000,655468,Sumatera,MEDAN,CDE,Internal,SumateraMEDANCDE,DALAM KOTA,,,,2,REGULAR,8:17:00,386880,190588,63
260217D118,FBI,17-Feb-2026,PICKUP,BK8136LM,Medan,Sumatera Utara,Pertalite,6.2,Store,10,1.9,3,3,76000,361898,Sumatera,MEDAN,MINI VAN BOX,Internal,SumateraMEDANMINI VAN BOX,DALAM KOTA,,,,2,REGULAR,4:08:00,241800,44098,66
260217C192,HCI,17-Feb-2026,CDELC,BK8047MQ,Medan,Sumatera Utara,Solar,9.56,Customer,8,4.19,10,5,80000,572823,Sumatera,MEDAN,CDE,Internal,SumateraMEDANCDE,DALAM KOTA,,,,2,REGULAR,3:46:00,386880,105943,61
260217D122,AHI,17-Feb-2026,CDELC,BK8191MQ,Medan,Sumatera Utara,Solar,2.94,Store,50,10.0,10,1,20000,222663,Sumatera,MEDAN,CDE,Internal,SumateraMEDANCDE,DALAM KOTA,,,,2,REGULAR,1:15:00,96720,105943,27
260217C199,HCI,17-Feb-2026,CDELC,BK8191MQ,Medan,Sumatera Utara,Solar,5.88,Customer,6,5.94,10,5,40000,436103,Sumatera,MEDAN,CDE,Internal,SumateraMEDANCDE,DALAM KOTA,,,,2,REGULAR,2:22:00,290160,105943,39
260217C197,HCI,17-Feb-2026,CDELC,BK8073MQ,Medan,Sumatera Utara,Solar,12.94,Customer,6,2.34,10,7,100000,698765,Sumatera,MEDAN,CDE,Internal,SumateraMEDANCDE,DALAM KOTA,,,,2,REGULAR,7:18:00,386880,211885,111
260217C203,HCI,17-Feb-2026,PICKUP,BK8696MS,Medan,Sumatera Utara,Pertalite,11.05,Customer,6,3.0,3,4,140000,433973,Sumatera,MEDAN,PICKUP,Internal,SumateraMEDANPICKUP,DALAM KOTA,,,,2,REGULAR,7:52:00,193440,100533,121
260217C184,HCI,17-Feb-2026,CDELC,BK8309MS,Medan,Sumatera Utara,Solar,8.24,Customer,27,4.46,10,7,100000,772513,Sumatera,MEDAN,CDE,Internal,SumateraMEDANCDE,DALAM KOTA,,,,2,REGULAR,7:11:00,386880,285633,60
260217D119,FBI,17-Feb-2026,PICKUP,A8330VX,Medan,Sumatera Utara,Pertalite,3.4,Store,10,1.96,3,4,39000,268247,Sumatera,MEDAN,MINI VAN BOX,Internal,SumateraMEDANMINI VAN BOX,DALAM KOTA,,,,2,REGULAR,5:41:00,145080,84167,33
260217C187,HCI,17-Feb-2026,CDELC,BK8009MI,Medan,Sumatera Utara,Solar,11.03,Customer,11,7.76,10,9,75000,613377,Sumatera,MEDAN,CDE,Internal,SumateraMEDANCDE,DALAM KOTA,,,,2,REGULAR,7:26:00,386880,151497,74
260217C201,HCI,17-Feb-2026,CDELC,BK8146LM,Deli Serdang,Sumatera Utara,Solar,9.71,Customer,7,6.83,10,5,66000,604377,Sumatera,DELI SERDANG,CDE,Internal,SumateraDELI SERDANGCDE,DALAM KOTA,,,,2,REGULAR,7:13:00,386880,151497,61
260217D112,HCI,17-Feb-2026,CDELC,BK8807MH,Medan,Sumatera Utara,Solar,4.41,Store,48,8.96,10,1,30000,222014,Sumatera,MEDAN,CDE,Internal,SumateraMEDANCDE,DALAM KOTA,,,,2,REGULAR,2:33:00,96720,95294,30
260217H064,HCI,17-Feb-2026,CDELC,BK8871MS,Pematangsiantar,Sumatera Utara,Solar,27.94,HUB,24,10.0,10,1,406000,502720,Sumatera,PEMATANGSIANTAR,CDE,Internal,SumateraPEMATANGSIANTARCDE,LUAR KOTA,1300000,-797280,-61.33%,2,REGULAR,10:24:00,96720,,230
260217C218,HCI,17-Feb-2026,PICKUP,BK8633MS,Deli Serdang,Sumatera Utara,Pertalite,7.3,Customer,2,2.74,3,2,73000,450721,Sumatera,DELI SERDANG,PICKUP,Internal,SumateraDELI SERDANGPICKUP,DALAM KOTA,,,,2,REGULAR,4:11:00,290160,87561,67
260217D115,HCI,17-Feb-2026,CDELC,BK8141LM,Medan,Sumatera Utara,Solar,4.41,Store,36,9.24,10,1,55000,399534,Sumatera,MEDAN,CDE,Internal,SumateraMEDANCDE,DALAM KOTA,,,,2,REGULAR,5:36:00,193440,151094,31
260217C191,HCI,17-Feb-2026,CDELC,BK8807MH,Medan,Sumatera Utara,Solar,9.56,Customer,8,5.69,10,6,65000,257014,Sumatera,MEDAN,CDE,Internal,SumateraMEDANCDE,DALAM KOTA,,,,2,REGULAR,5:04:00,96720,95294,66
260217C186,HCI,17-Feb-2026,CDELC,BK8804MH,Medan,Sumatera Utara,Solar,8.09,Customer,15,7.27,10,7,75000,652468,Sumatera,MEDAN,CDE,Internal,SumateraMEDANCDE,DALAM KOTA,,,,2,REGULAR,8:07:00,386880,190588,58
260217L092,AHI,17-Feb-2026,CDELC,BK8074MQ,Pematangsiantar,Sumatera Utara,Solar,39.71,Store,59,9.61,10,3,501000,848743,Sumatera,PEMATANGSIANTAR,CDE,Internal,SumateraPEMATANGSIANTARCDE,LUAR KOTA,1300000,-451258,-34.71%,2,REGULAR,19:40:00,241800,105943,271
260217C195,HCI,17-Feb-2026,CDELC,BK8135LM,Binjai,Sumatera Utara,Solar,17.65,Customer,7,4.09,10,7,178500,544409,Sumatera,BINJAI,CDE,Internal,SumateraBINJAICDE,DALAM KOTA,,,,2,REGULAR,5:38:00,290160,75749,144
260217C202,HCI,17-Feb-2026,CDELC,BK8647MS,Deli Serdang,Sumatera Utara,Solar,11.76,Customer,3,0.96,10,4,87500,766747,Sumatera,DELI SERDANG,CDE,Internal,SumateraDELI SERDANGCDE,DALAM KOTA,,,,2,REGULAR,7:16:00,386880,292367,89
260217D111,HCI,17-Feb-2026,CDELC,BK8031LM,Medan,Sumatera Utara,Solar,3.68,Store,47,9.24,10,1,25000,197267,Sumatera,MEDAN,CDE,Internal,SumateraMEDANCDE,DALAM KOTA,,,,2,REGULAR,2:29:00,96720,75547,26
260217C178,HCI,17-Feb-2026,CDELC,BK8806MH,Deli Serdang,Sumatera Utara,Solar,8.82,Customer,21,5.24,10,7,67000,451028,Sumatera,DELI SERDANG,CDE,Internal,SumateraDELI SERDANGCDE,DALAM KOTA,,,,2,REGULAR,8:07:00,193440,190588,59
260217C193,HCI,17-Feb-2026,CDELC,BK8803MH,Medan,Sumatera Utara,Solar,11.4,Customer,19,8.65,10,13,97500,674968,Sumatera,MEDAN,CDE,Internal,SumateraMEDANCDE,DALAM KOTA,,,,2,REGULAR,9:05:00,386880,190588,81
260217C275,HCI,17-Feb-2026,PICKUP,BK8136LM,Medan,Sumatera Utara,Pertalite,5.15,Customer,1,0.64,3,1,35000,272538,Sumatera,MEDAN,MINI VAN BOX,Internal,SumateraMEDANMINI VAN BOX,DALAM KOTA,,,,2,REGULAR,0:22:00,193440,44098,40
260217D121,HCI,17-Feb-2026,CDELC,BK8192MQ,Medan,Sumatera Utara,Solar,5.88,Store,45,8.61,10,3,60000,465325,Sumatera,MEDAN,CDE,Internal,SumateraMEDANCDE,DALAM KOTA,,,,2,REGULAR,5:36:00,193440,211885,40
260217C190,HCI,17-Feb-2026,CDELC,BK8299MH,Medan,Sumatera Utara,Solar,11.18,Customer,13,5.53,10,9,80000,618377,Sumatera,MEDAN,CDE,Internal,SumateraMEDANCDE,DALAM KOTA,,,,2,REGULAR,7:56:00,386880,151497,77
260217C200,HCI,17-Feb-2026,CDELC,BK8099LM,Medan,Sumatera Utara,Solar,10.29,Customer,12,8.19,10,9,73000,635980,Sumatera,MEDAN,CDE,Internal,SumateraMEDANCDE,DALAM KOTA,,,,2,REGULAR,6:47:00,386880,176100,68
260217D001,HCI,17-Feb-2026,CDELC,BK8047MQ,Medan,Sumatera Utara,Solar,3.82,Store,73,9.99,10,1,26000,325383,Sumatera,MEDAN,CDE,Internal,SumateraMEDANCDE,DALAM KOTA,,,,2,REGULAR,2:18:00,193440,105943,23
260217D002,HCI,17-Feb-2026,CDELC,BK8135LM,Medan,Sumatera Utara,Solar,3.24,Store,20,9.51,10,1,22000,291189,Sumatera,MEDAN,CDE,Internal,SumateraMEDANCDE,DALAM KOTA,,,,2,REGULAR,2:49:00,193440,75749,23
260217C198,HCI,17-Feb-2026,CDELC,BK8172LM,Medan,Sumatera Utara,Solar,7.35,Customer,10,5.63,10,8,50000,588377,Sumatera,MEDAN,CDE,Internal,SumateraMEDANCDE,DALAM KOTA,,,,2,REGULAR,4:17:00,386880,151497,52
260218C228,HCI,18-Feb-2026,CDELC,BK8172LM,Medan,Sumatera Utara,Solar,10.29,Customer,7,4.99,10,6,78000,347189,Sumatera,MEDAN,CDE,Internal,SumateraMEDANCDE,DALAM KOTA,,,,2,NON REGULAR,5:36:00,193440,75749,65
260218D073,HCI,18-Feb-2026,CDELC,BK8192MQ,Medan,Sumatera Utara,Solar,4.41,Store,106,9.41,10,1,55000,354383,Sumatera,MEDAN,CDE,Internal,SumateraMEDANCDE,DALAM KOTA,,,,2,REGULAR,3:11:00,193440,105943,32
260218D060,AHI,18-Feb-2026,CDELC,BK8871MS,Medan,Sumatera Utara,Solar,4.41,Store,50,9.04,10,1,40000,233440,Sumatera,MEDAN,CDE,Internal,SumateraMEDANCDE,DALAM KOTA,,,,2,REGULAR,3:14:00,193440,,30
260218C222,HCI,18-Feb-2026,CDELC,BK8141LM,Medan,Sumatera Utara,Solar,14.26,Customer,9,4.92,10,9,110000,378987,Sumatera,MEDAN,CDE,Internal,SumateraMEDANCDE,DALAM KOTA,,,,2,NON REGULAR,4:07:00,193440,75547,105
260218C230,HCI,18-Feb-2026,CDELC,BK8647MS,Medan,Sumatera Utara,Solar,11.76,Customer,3,5.49,10,1,90500,333403,Sumatera,MEDAN,CDE,Internal,SumateraMEDANCDE,DALAM KOTA,,,,2,NON REGULAR,2:47:00,96720,146183,83
260218D104,FBI,18-Feb-2026,PICKUP,A8330VX,Medan,Sumatera Utara,Pertalite,4.9,Store,10,1.89,3,5,59000,278575,Sumatera,MEDAN,MINI VAN BOX,Internal,SumateraMEDANMINI VAN BOX,DALAM KOTA,,,,2,REGULAR,6:07:00,135408,84167,49
260218C220,HCI,18-Feb-2026,CDELC,BK8073MQ,Binjai,Sumatera Utara,Solar,12.21,Customer,9,3.81,10,6,130500,333163,Sumatera,BINJAI,CDE,Internal,SumateraBINJAICDE,DALAM KOTA,,,,2,NON REGULAR,2:37:00,96720,105943,99
260218C211,HCI,18-Feb-2026,CDELC,BK8805MH,Deli Serdang,Sumatera Utara,Solar,11.76,Customer,25,8.39,10,17,92000,476028,Sumatera,DELI SERDANG,CDE,Internal,SumateraDELI SERDANGCDE,DALAM KOTA,,,,2,REGULAR,10:35:00,193440,190588,88
260218D110,AHI,18-Feb-2026,CDELC,BK8099LM,Medan,Sumatera Utara,Solar,5,Store,67,10.0,10,1,44000,267458,Sumatera,MEDAN,CDE,Internal,SumateraMEDANCDE,DALAM KOTA,,,,2,REGULAR,0:05:00,135408,88050,30
260218D070,HCI,18-Feb-2026,CDELC,BK8647MS,Medan,Sumatera Utara,Solar,4.12,Store,75,8.59,10,3,28000,367623,Sumatera,MEDAN,CDE,Internal,SumateraMEDANCDE,DALAM KOTA,,,,2,REGULAR,3:43:00,193440,146183,35
260218D068,HCI,18-Feb-2026,CDELC,BK8009MI,Medan,Sumatera Utara,Solar,7.35,Store,93,8.8,10,1,58500,306717,Sumatera,MEDAN,CDE,Internal,SumateraMEDANCDE,DALAM KOTA,,,,2,REGULAR,6:26:00,96720,151497,45
260216D136,KLS,18-Feb-2026,CDELC,BK8135LM,Medan,Sumatera Utara,Solar,3.68,Store,4,9.01,10,2,50000,336905,Sumatera,MEDAN,CDE,Internal,SumateraMEDANCDE,DALAM KOTA,,,,2,REGULAR,6:04:00,135408,151497,32
260218C217,HCI,18-Feb-2026,CDELC,BK8871MS,Medan,Sumatera Utara,Solar,11.76,Customer,23,5.02,10,12,80000,370160,Sumatera,MEDAN,CDE,Internal,SumateraMEDANCDE,DALAM KOTA,,,,2,NON REGULAR,4:57:00,290160,,84
260218C214,HCI,18-Feb-2026,CDELC,BK8803MH,Medan,Sumatera Utara,Solar,9.56,Customer,21,8.91,10,12,70000,454028,Sumatera,MEDAN,CDE,Internal,SumateraMEDANCDE,DALAM KOTA,,,,2,REGULAR,7:52:00,193440,190588,61
260218C224,HCI,18-Feb-2026,CDELC,BK8099LM,Medan,Sumatera Utara,Solar,11.76,Customer,23,5.79,10,11,93000,374490,Sumatera,MEDAN,CDE,Internal,SumateraMEDANCDE,DALAM KOTA,,,,2,NON REGULAR,4:43:00,193440,88050,68
260218C221,HCI,18-Feb-2026,CDELC,BK8047MQ,Medan,Sumatera Utara,Solar,12.94,Customer,11,3.43,10,6,122000,421383,Sumatera,MEDAN,CDE,Internal,SumateraMEDANCDE,DALAM KOTA,,,,2,NON REGULAR,5:49:00,193440,105943,86
260218C227,HCI,18-Feb-2026,CDELC,BK8146LM,Medan,Sumatera Utara,Solar,10.29,Customer,9,8.84,10,9,81500,253969,Sumatera,MEDAN,CDE,Internal,SumateraMEDANCDE,DALAM KOTA,,,,2,NON REGULAR,4:25:00,96720,75749,69
260218D080,HCI,18-Feb-2026,CDELC,BK8309MS,Medan,Sumatera Utara,Solar,5.15,Store,36,8.87,10,2,50000,289537,Sumatera,MEDAN,CDE,Internal,SumateraMEDANCDE,DALAM KOTA,,,,2,REGULAR,5:05:00,96720,142817,31
260218D001,HCI,18-Feb-2026,CDELC,BK8112LM,Medan,Sumatera Utara,Solar,6.32,Store,49,9.13,10,2,50000,394534,Sumatera,MEDAN,CDE,Internal,SumateraMEDANCDE,DALAM KOTA,,,,2,REGULAR,4:30:00,193440,151094,40
260218D111,AHI,18-Feb-2026,CDELC,BK8146LM,Medan,Sumatera Utara,Solar,4.71,Store,72,9.2,10,1,50000,357877,Sumatera,MEDAN,CDE,Internal,SumateraMEDANCDE,DALAM KOTA,,,,2,REGULAR,2:05:00,232128,75749,35
260218C212,HCI,18-Feb-2026,CDELC,BK8075MQ,Medan,Sumatera Utara,Solar,8.82,Customer,22,8.14,10,13,105000,607045,Sumatera,MEDAN,CDE,Internal,SumateraMEDANCDE,DALAM KOTA,,,,2,REGULAR,7:53:00,290160,211885,56
260218D109,AHI,18-Feb-2026,CDELC,BK8141LM,Medan,Sumatera Utara,Solar,5.15,Store,14,10.0,10,1,45000,255955,Sumatera,MEDAN,CDE,Internal,SumateraMEDANCDE,DALAM KOTA,,,,2,REGULAR,1:11:00,135408,75547,31
260218C263,HCI,18-Feb-2026,PICKUP,BK8633MS,Medan,Sumatera Utara,Pertalite,10,Customer,3,3.0,3,3,124000,598441,Sumatera,MEDAN,PICKUP,Internal,SumateraMEDANPICKUP,DALAM KOTA,,,,2,REGULAR,8:55:00,386880,87561,114
260218C223,HCI,18-Feb-2026,CDELC,BK8807MH,Deli Serdang,Sumatera Utara,Solar,10.29,Customer,14,9.89,10,10,85500,662968,Sumatera,DELI SERDANG,CDE,Internal,SumateraDELI SERDANGCDE,DALAM KOTA,,,,2,REGULAR,7:31:00,386880,190588,77
260218C215,HCI,18-Feb-2026,CDELC,BK8804MH,Medan,Sumatera Utara,Solar,7.06,Customer,8,8.66,10,7,48000,432028,Sumatera,MEDAN,CDE,Internal,SumateraMEDANCDE,DALAM KOTA,,,,2,REGULAR,5:49:00,193440,190588,51
260218C231,HCI,18-Feb-2026,CDELC,BK8191MQ,Medan,Sumatera Utara,Solar,13.24,Customer,2,4.54,10,1,141500,440883,Sumatera,MEDAN,CDE,Internal,SumateraMEDANCDE,DALAM KOTA,,,,2,NON REGULAR,7:57:00,193440,105943,86
260218D061,HCI,18-Feb-2026,CDELC,BK8806MH,Medan,Sumatera Utara,Solar,6.62,Store,60,8.21,10,1,45000,429028,Sumatera,MEDAN,CDE,Internal,SumateraMEDANCDE,DALAM KOTA,,,,2,REGULAR,11:04:00,193440,190588,36
260218C218,HCI,18-Feb-2026,CDELC,BK8031LM,Medan,Sumatera Utara,Solar,14.71,Customer,9,3.0,10,8,125000,662974,Sumatera,MEDAN,CDE,Internal,SumateraMEDANCDE,DALAM KOTA,,,,2,REGULAR,8:21:00,386880,151094,107
260218C225,HCI,18-Feb-2026,CDELC,BK8309MS,Medan,Sumatera Utara,Solar,13.97,Customer,13,6.28,10,11,95000,624697,Sumatera,MEDAN,CDE,Internal,SumateraMEDANCDE,DALAM KOTA,,,,2,NON REGULAR,7:37:00,386880,142817,75
260218D106,FBI,18-Feb-2026,PICKUP,BK8136LM,Binjai,Sumatera Utara,Pertalite,8.5,Store,10,1.75,3,3,145000,523355,Sumatera,BINJAI,MINI VAN BOX,Internal,SumateraBINJAIMINI VAN BOX,DALAM KOTA,,,,2,REGULAR,4:51:00,290160,88195,100
260218D065,AHI,18-Feb-2026,CDELC,BK8073MQ,Medan,Sumatera Utara,Solar,4.26,Store,84,9.13,10,1,50000,252663,Sumatera,MEDAN,CDE,Internal,SumateraMEDANCDE,DALAM KOTA,,,,2,REGULAR,3:33:00,96720,105943,37
260218C219,HCI,18-Feb-2026,CDELC,BK8022LM,Medan,Sumatera Utara,Solar,9.56,Customer,8,8.74,10,9,80000,542427,Sumatera,MEDAN,CDE,Internal,SumateraMEDANCDE,DALAM KOTA,,,,2,NON REGULAR,7:59:00,386880,75547,63
260218H049,HCI,18-Feb-2026,CDELC,BK8047MQ,Pematangsiantar,Sumatera Utara,Solar,27.21,HUB,30,10.0,10,1,401000,700383,Sumatera,PEMATANGSIANTAR,CDE,Internal,SumateraPEMATANGSIANTARCDE,LUAR KOTA,1300000,-599618,-46.12%,2,REGULAR,12:36:00,193440,105943,230
260218C229,HCI,18-Feb-2026,CDELC,BK8299MH,Karo,Sumatera Utara,Solar,23.68,Customer,6,9.58,10,5,165000,703377,Sumatera,KARO,CDE,Internal,SumateraKAROCDE,DALAM KOTA,,,,2,REGULAR,11:59:00,386880,151497,186
260218C233,HCI,18-Feb-2026,CDELC,BK8192MQ,Medan,Sumatera Utara,Solar,3.68,Customer,2,7.17,10,2,32500,428603,Sumatera,MEDAN,CDE,Internal,SumateraMEDANCDE,DALAM KOTA,,,,2,NON REGULAR,2:00:00,290160,105943,30
260218C213,HCI,18-Feb-2026,CDELC,BK8191MQ,Medan,Sumatera Utara,Solar,9.56,Customer,21,3.52,10,9,70000,369383,Sumatera,MEDAN,CDE,Internal,SumateraMEDANCDE,DALAM KOTA,,,,2,REGULAR,4:55:00,193440,105943,58
260218C266,HCI,18-Feb-2026,CDELC,BK8646MS,Medan,Sumatera Utara,Solar,13.97,Customer,19,5.97,10,13,108000,787247,Sumatera,MEDAN,CDE,Internal,SumateraMEDANCDE,DALAM KOTA,,,,2,REGULAR,8:35:00,386880,292367,91
260218C261,HCI,18-Feb-2026,CDELC,BK8022LM,Medan,Sumatera Utara,Solar,7.94,Customer,2,8.35,10,1,85000,353987,Sumatera,MEDAN,CDE,Internal,SumateraMEDANCDE,DALAM KOTA,,,,2,REGULAR,1:59:00,193440,75547,66
260218C216,HCI,18-Feb-2026,CDELC,BK8172LM,Medan,Sumatera Utara,Solar,7.35,Customer,9,8.27,10,7,50000,319189,Sumatera,MEDAN,CDE,Internal,SumateraMEDANCDE,DALAM KOTA,,,,2,REGULAR,3:08:00,193440,75749,47
260218C244,HCI,18-Feb-2026,PICKUP,BK8696MS,Medan,Sumatera Utara,Pertalite,16,Customer,5,3.0,3,5,175000,662413,Sumatera,MEDAN,PICKUP,Internal,SumateraMEDANPICKUP,DALAM KOTA,,,,2,REGULAR,10:57:00,386880,100533,177
260218H051,HCI,18-Feb-2026,CDELC,BK8074MQ,Pematangsiantar,Sumatera Utara,Solar,39.71,HUB,5,9.56,10,4,521000,926325,Sumatera,PEMATANGSIANTAR,CDE,Internal,SumateraPEMATANGSIANTARCDE,LUAR KOTA,1300000,-373675,-28.74%,2,REGULAR,10:21:00,193440,211885,268
260219H077,HCI,19-Feb-2026,CDELC,BK8022LM,Pematangsiantar,Sumatera Utara,Solar,25.44,HUB,12,8.7,10,1,389000,561267,Sumatera,PEMATANGSIANTAR,CDE,Internal,SumateraPEMATANGSIANTARCDE,LUAR KOTA,1300000,-738733,-56.83%,2,REGULAR,5:57:00,96720,75547,237
260219D001,AHI,19-Feb-2026,CDELC,BK8803MH,Medan,Sumatera Utara,Solar,4.41,Store,76,10.0,10,1,30000,318734,Sumatera,MEDAN,CDE,Internal,SumateraMEDANCDE,DALAM KOTA,,,,2,REGULAR,4:34:00,193440,95294,42
260219X041,HCI,19-Feb-2026,PICKUP,BK8696MS,Medan,Sumatera Utara,Pertalite,3.2,Other Delivery,16,3.0,3,1,42000,313341,Sumatera,MEDAN,PICKUP,Internal,SumateraMEDANPICKUP,DALAM KOTA,,,,2,REGULAR,2:17:00,221074,50267,37
260219D125,FBI,19-Feb-2026,PICKUP,A8330VX,Medan,Sumatera Utara,Pertalite,4,Store,25,1.65,3,4,45000,350241,Sumatera,MEDAN,MINI VAN BOX,Internal,SumateraMEDANMINI VAN BOX,DALAM KOTA,,,,2,REGULAR,3:19:00,221074,84167,37
260219C241,HCI,19-Feb-2026,CDELC,BK8192MQ,Medan,Sumatera Utara,Solar,7.35,Customer,1,4.53,10,2,54500,547323,Sumatera,MEDAN,CDE,Internal,SumateraMEDANCDE,DALAM KOTA,,,,2,NON REGULAR,1:05:00,386880,105943,58
260219C204,HCI,19-Feb-2026,CDELC,BK8647MS,Medan,Sumatera Utara,Solar,7.35,Customer,20,3.58,10,11,70000,749247,Sumatera,MEDAN,CDE,Internal,SumateraMEDANCDE,DALAM KOTA,,,,2,REGULAR,9:07:00,386880,292367,47
260219C203,HCI,19-Feb-2026,CDELC,BK8806MH,Medan,Sumatera Utara,Solar,7.35,Customer,29,6.09,10,11,50000,530748,Sumatera,MEDAN,CDE,Internal,SumateraMEDANCDE,DALAM KOTA,,,,2,REGULAR,6:40:00,290160,190588,54
260219D130,KLS,19-Feb-2026,CDELC,BK8141LM,Medan,Sumatera Utara,Solar,12.65,Store,12,8.1,10,2,106500,451034,Sumatera,MEDAN,CDE,Internal,SumateraMEDANCDE,DALAM KOTA,,,,2,REGULAR,14:19:00,193440,151094,94
260219C217,HCI,19-Feb-2026,CDELC,BK8146LM,Deli Serdang,Sumatera Utara,Solar,22.35,Customer,12,5.77,10,8,200000,469189,Sumatera,DELI SERDANG,CDE,Internal,SumateraDELI SERDANGCDE,DALAM KOTA,,,,2,NON REGULAR,3:59:00,193440,75749,157
260219C210,HCI,19-Feb-2026,CDELC,BK8112LM,Medan,Sumatera Utara,Solar,13.24,Customer,18,9.63,10,14,105000,642974,Sumatera,MEDAN,CDE,Internal,SumateraMEDANCDE,DALAM KOTA,,,,2,REGULAR,7:12:00,386880,151094,99
260219D126,AHI,19-Feb-2026,CDELC,BK8804MH,Medan,Sumatera Utara,Solar,5.15,Store,33,9.1,10,1,38000,257648,Sumatera,MEDAN,CDE,Internal,SumateraMEDANCDE,DALAM KOTA,,,,2,REGULAR,10:17:00,124354,95294,35
260219C213,HCI,19-Feb-2026,CDELC,BK8022LM,Medan,Sumatera Utara,Solar,5.44,Customer,7,5.04,10,7,37000,402707,Sumatera,MEDAN,CDE,Internal,SumateraMEDANCDE,DALAM KOTA,,,,2,NON REGULAR,5:08:00,290160,75547,44
260219C220,HCI,19-Feb-2026,CDELC,BK8047MQ,Medan,Sumatera Utara,Solar,4.12,Customer,4,6.56,10,4,33000,332383,Sumatera,MEDAN,CDE,Internal,SumateraMEDANCDE,DALAM KOTA,,,,2,REGULAR,3:24:00,193440,105943,35
260219H079,HCI,19-Feb-2026,CDELC,BK8073MQ,Pematangsiantar,Sumatera Utara,Solar,25,HUB,17,8.58,10,1,386000,694605,Sumatera,PEMATANGSIANTAR,CDE,Internal,SumateraPEMATANGSIANTARCDE,LUAR KOTA,1300000,-605395,-46.57%,2,REGULAR,7:14:00,96720,211885,225
260219D087,HCI,19-Feb-2026,CDELC,BK8099LM,Medan,Sumatera Utara,Solar,4.41,Store,41,10.0,10,2,55000,239770,Sumatera,MEDAN,CDE,Internal,SumateraMEDANCDE,DALAM KOTA,,,,2,REGULAR,3:02:00,96720,88050,30
260219D127,AHI,19-Feb-2026,CDELC,BK8192MQ,Medan,Sumatera Utara,Solar,4.41,Store,11,8.97,10,1,30000,329383,Sumatera,MEDAN,CDE,Internal,SumateraMEDANCDE,DALAM KOTA,,,,2,REGULAR,1:43:00,193440,105943,30
260219C207,HCI,19-Feb-2026,CDELC,BK8172LM,Medan,Sumatera Utara,Solar,8.82,Customer,13,6.83,10,12,65000,409937,Sumatera,MEDAN,CDE,Internal,SumateraMEDANCDE,DALAM KOTA,,,,2,REGULAR,6:12:00,193440,151497,73
260219C214,HCI,19-Feb-2026,CDELC,A8471ZX,Medan,Sumatera Utara,Solar,5.15,Customer,6,6.92,10,5,47500,490127,Sumatera,MEDAN,CDE,Internal,SumateraMEDANCDE,DALAM KOTA,,,,2,NON REGULAR,1:13:00,290160,152467,36
260219L086,AHI,19-Feb-2026,CDELC,BK8309MS,Pematangsiantar,Sumatera Utara,Solar,35,Store,82,9.17,10,1,454000,960708,Sumatera,PEMATANGSIANTAR,CDE,Internal,SumateraPEMATANGSIANTARCDE,LUAR KOTA,1300000,-339292,-26.10%,2,REGULAR,15:06:00,221074,285633,250
260219C219,HCI,19-Feb-2026,CDELC,BK8299MH,Medan,Sumatera Utara,Solar,5.88,Customer,13,9.57,10,10,45000,507629,Sumatera,MEDAN,CDE,Internal,SumateraMEDANCDE,DALAM KOTA,,,,2,NON REGULAR,5:09:00,386880,75749,45
260219C205,HCI,19-Feb-2026,CDELC,BK8075MQ,Medan,Sumatera Utara,Solar,5.88,Customer,9,3.65,10,10,40000,339383,Sumatera,MEDAN,CDE,Internal,SumateraMEDANCDE,DALAM KOTA,,,,2,NON REGULAR,4:31:00,193440,105943,41
260219C252,HCI,19-Feb-2026,PICKUP,BK8696MS,Medan,Sumatera Utara,Pertalite,4.8,Customer,2,2.4,3,2,56000,299707,Sumatera,MEDAN,PICKUP,Internal,SumateraMEDANPICKUP,DALAM KOTA,,,,2,REGULAR,1:49:00,193440,50267,50
260219D091,HCI,19-Feb-2026,CDELC,BK8871MS,Medan,Sumatera Utara,Solar,6.62,Store,44,9.68,10,2,73500,266940,Sumatera,MEDAN,CDE,Internal,SumateraMEDANCDE,DALAM KOTA,,,,2,REGULAR,9:58:00,193440,,48
260219C201,HCI,19-Feb-2026,CDELC,BK8075MQ,Medan,Sumatera Utara,Solar,9.56,Customer,13,3.0,10,9,68500,367883,Sumatera,MEDAN,CDE,Internal,SumateraMEDANCDE,DALAM KOTA,,,,2,REGULAR,3:30:00,193440,105943,58
260219D123,FBI,19-Feb-2026,PICKUP,BK8136LM,Medan,Sumatera Utara,Pertalite,5.2,Store,12,1.92,3,3,66500,375769,Sumatera,MEDAN,MINI VAN BOX,Internal,SumateraMEDANMINI VAN BOX,DALAM KOTA,,,,2,REGULAR,3:45:00,221074,88195,61
260219C212,HCI,19-Feb-2026,CDELC,BK8047MQ,Medan,Sumatera Utara,Solar,11.76,Customer,11,6.18,10,9,99000,398383,Sumatera,MEDAN,CDE,Internal,SumateraMEDANCDE,DALAM KOTA,,,,2,NON REGULAR,5:52:00,193440,105943,83
260219C225,HCI,19-Feb-2026,PICKUP,BK8633MS,Medan,Sumatera Utara,Pertalite,12.4,Customer,6,3.0,3,7,138000,612441,Sumatera,MEDAN,PICKUP,Internal,SumateraMEDANPICKUP,DALAM KOTA,,,,2,REGULAR,12:22:00,386880,87561,116
260219C216,HCI,19-Feb-2026,CDELC,BK8807MH,Medan,Sumatera Utara,Solar,9.85,Customer,13,5.62,10,10,67000,452454,Sumatera,MEDAN,CDE,Internal,SumateraMEDANCDE,DALAM KOTA,,,,2,NON REGULAR,2:58:00,290160,95294,61
260219C209,HCI,19-Feb-2026,CDELC,BK8135LM,Medan,Sumatera Utara,Solar,10.29,Customer,11,4.08,10,10,85000,450909,Sumatera,MEDAN,CDE,Internal,SumateraMEDANCDE,DALAM KOTA,,,,2,NON REGULAR,0:49:00,290160,75749,71
260219D128,AHI,19-Feb-2026,CDELC,BK8135LM,Medan,Sumatera Utara,Solar,5,Store,13,10.0,10,1,49000,249103,Sumatera,MEDAN,CDE,Internal,SumateraMEDANCDE,DALAM KOTA,,,,2,REGULAR,0:48:00,124354,75749,31
260219D093,HCI,19-Feb-2026,CDELC,BK8031LM,Medan,Sumatera Utara,Solar,3.68,Store,28,8.47,10,1,25000,197267,Sumatera,MEDAN,CDE,Internal,SumateraMEDANCDE,DALAM KOTA,,,,2,REGULAR,0:57:00,96720,75547,30
260219D002,HCI,19-Feb-2026,CDELC,BK8299MH,Medan,Sumatera Utara,Solar,4.41,Store,74,9.05,10,1,45000,217469,Sumatera,MEDAN,CDE,Internal,SumateraMEDANCDE,DALAM KOTA,,,,2,REGULAR,3:09:00,96720,75749,33
260219D088,HCI,19-Feb-2026,CDELC,BK8146LM,Medan,Sumatera Utara,Solar,5.88,Store,42,8.6,10,1,45000,314189,Sumatera,MEDAN,CDE,Internal,SumateraMEDANCDE,DALAM KOTA,,,,2,REGULAR,3:09:00,193440,75749,48
260219C202,HCI,19-Feb-2026,CDELC,BK8191MQ,Medan,Sumatera Utara,Solar,8.09,Customer,26,5.09,10,12,100000,505325,Sumatera,MEDAN,CDE,Internal,SumateraMEDANCDE,DALAM KOTA,,,,2,REGULAR,6:23:00,193440,211885,71
260219C206,HCI,19-Feb-2026,CDELC,BK8031LM,Medan,Sumatera Utara,Solar,16.91,Customer,12,8.58,10,11,130500,496207,Sumatera,MEDAN,CDE,Internal,SumateraMEDANCDE,DALAM KOTA,,,,2,NON REGULAR,0:50:00,290160,75547,101
260219C250,HCI,19-Feb-2026,CDELC,BK8804MH,Medan,Sumatera Utara,Solar,8.82,Customer,2,1.71,10,2,96000,481454,Sumatera,MEDAN,CDE,Internal,SumateraMEDANCDE,DALAM KOTA,,,,2,NON REGULAR,1:30:00,290160,95294,75
260219C208,HCI,19-Feb-2026,CDELC,BK8646MS,Langkat,Sumatera Utara,Solar,35.29,Customer,7,5.54,10,6,466000,1145247,Sumatera,LANGKAT,CDE,Internal,SumateraLANGKATCDE,DALAM KOTA,,,,2,REGULAR,11:09:00,386880,292367,268
260219C215,HCI,19-Feb-2026,CDELC,BK8099LM,Medan,Sumatera Utara,Solar,7.35,Customer,4,6.73,10,4,67500,252270,Sumatera,MEDAN,CDE,Internal,SumateraMEDANCDE,DALAM KOTA,,,,2,NON REGULAR,3:29:00,96720,88050,50
260219C218,HCI,19-Feb-2026,CDELC,BK8803MH,Medan,Sumatera Utara,Solar,13.24,Customer,5,5.26,10,5,90000,572174,Sumatera,MEDAN,CDE,Internal,SumateraMEDANCDE,DALAM KOTA,,,,2,NON REGULAR,7:24:00,386880,95294,89
260219D095,HCI,19-Feb-2026,CDELC,BK8807MH,Medan,Sumatera Utara,Solar,3.68,Store,48,9.61,10,3,47500,239514,Sumatera,MEDAN,CDE,Internal,SumateraMEDANCDE,DALAM KOTA,,,,2,REGULAR,4:17:00,96720,95294,39
260219C211,HCI,19-Feb-2026,CDELC,BK8805MH,Medan,Sumatera Utara,Solar,20.59,Customer,23,8.67,10,19,156000,541454,Sumatera,MEDAN,CDE,Internal,SumateraMEDANCDE,DALAM KOTA,,,,2,NON REGULAR,3:10:00,290160,95294,140
260219L098,AHI,19-Feb-2026,CDELC,BK8074MQ,Pematangsiantar,Sumatera Utara,Solar,32.35,Store,14,8.0,10,1,436000,868959,Sumatera,PEMATANGSIANTAR,CDE,Internal,SumateraPEMATANGSIANTARCDE,LUAR KOTA,1300000,-431041,-33.16%,2,REGULAR,8:08:00,221074,211885,241
260219D086,AHI,19-Feb-2026,CDELC,BK8805MH,Medan,Sumatera Utara,Solar,3.68,Store,33,10.0,10,1,25000,217014,Sumatera,MEDAN,CDE,Internal,SumateraMEDANCDE,DALAM KOTA,,,,2,REGULAR,2:38:00,96720,95294,31
260220D132,AHI,20-Feb-2026,CDELC,BK8073MQ,Medan,Sumatera Utara,Solar,5.44,Store,32,10.0,10,1,44000,357200,Sumatera,MEDAN,CDE,Internal,SumateraMEDANCDE,DALAM KOTA,,,,2,REGULAR,3:29:00,207257,105943,44
260220D133,AHI,20-Feb-2026,CDELC,A8471ZX,Medan,Sumatera Utara,Solar,5.88,Store,116,8.97,10,1,49500,409224,Sumatera,MEDAN,CDE,Internal,SumateraMEDANCDE,DALAM KOTA,,,,2,REGULAR,8:53:00,207257,152467,42
260220D137,AHI,20-Feb-2026,CDELC,BK8099LM,Medan,Sumatera Utara,Solar,4.41,Store,37,10.0,10,1,50000,345307,Sumatera,MEDAN,CDE,Internal,SumateraMEDANCDE,DALAM KOTA,,,,2,REGULAR,4:00:00,207257,88050,36
260220L025,AHI,20-Feb-2026,CDELC,BK8192MQ,Pematangsiantar,Sumatera Utara,Solar,33.82,Store,50,10.0,10,3,460000,879142,Sumatera,PEMATANGSIANTAR,CDE,Internal,SumateraPEMATANGSIANTARCDE,LUAR KOTA,1300000,-420858,-32.37%,2,REGULAR,10:01:00,207257,211885,257
260220D134,AHI,20-Feb-2026,CDELC,BK8804MH,Medan,Sumatera Utara,Solar,6.32,Store,41,8.88,10,1,50000,447845,Sumatera,MEDAN,CDE,Internal,SumateraMEDANCDE,DALAM KOTA,,,,2,REGULAR,6:58:00,207257,190588,59
260220D136,AHI,20-Feb-2026,PICKUP,BK8696MS,Medan,Sumatera Utara,Pertalite,2.5,Store,1,3.0,3,1,30000,160231,Sumatera,MEDAN,PICKUP,Internal,SumateraMEDANPICKUP,DALAM KOTA,,,,2,REGULAR,2:00:00,96720,33511,30
260220D148,AHI,20-Feb-2026,PICKUP,BK8696MS,Medan,Sumatera Utara,Pertalite,2.5,Store,1,2.2,3,1,35000,179048,Sumatera,MEDAN,PICKUP,Internal,SumateraMEDANPICKUP,DALAM KOTA,,,,2,REGULAR,1:48:00,110537,33511,31
260220D131,FBI,20-Feb-2026,PICKUP,BK8136LM,Binjai,Sumatera Utara,Pertalite,8.3,Store,7,1.87,3,4,89000,384452,Sumatera,BINJAI,MINI VAN BOX,Internal,SumateraBINJAIMINI VAN BOX,DALAM KOTA,,,,2,REGULAR,7:29:00,207257,88195,94
260220D130,FBI,20-Feb-2026,PICKUP,A8330VX,Medan,Sumatera Utara,Pertalite,6.8,Store,5,1.66,3,4,77000,368424,Sumatera,MEDAN,MINI VAN BOX,Internal,SumateraMEDANMINI VAN BOX,DALAM KOTA,,,,2,REGULAR,3:11:00,207257,84167,65
260220C168,HCI,20-Feb-2026,CDELC,BK8807MH,Medan,Sumatera Utara,Solar,9.56,Customer,28,7.78,10,17,77000,461028,Sumatera,MEDAN,CDE,Internal,SumateraMEDANCDE,DALAM KOTA,,,,2,REGULAR,6:43:00,193440,190588,68
260220C169,HCI,20-Feb-2026,CDELC,BK8806MH,Medan,Sumatera Utara,Solar,8.09,Customer,22,6.41,10,18,115000,692468,Sumatera,MEDAN,CDE,Internal,SumateraMEDANCDE,DALAM KOTA,,,,2,REGULAR,9:35:00,386880,190588,58
260220C170,HCI,20-Feb-2026,CDELC,BK8646MS,Medan,Sumatera Utara,Solar,7.06,Customer,20,3.12,10,9,48000,533807,Sumatera,MEDAN,CDE,Internal,SumateraMEDANCDE,DALAM KOTA,,,,2,REGULAR,5:46:00,193440,292367,48
260220C171,HCI,20-Feb-2026,CDELC,BK8299MH,Medan,Sumatera Utara,Solar,6.62,Customer,14,10.0,10,11,50000,588377,Sumatera,MEDAN,CDE,Internal,SumateraMEDANCDE,DALAM KOTA,,,,2,REGULAR,6:14:00,386880,151497,59
260220C172,HCI,20-Feb-2026,CDELC,BK8073MQ,Medan,Sumatera Utara,Solar,14.71,Customer,4,10.0,10,4,164000,366663,Sumatera,MEDAN,CDE,Internal,SumateraMEDANCDE,DALAM KOTA,,,,2,NON REGULAR,5:50:00,96720,105943,128
260220C174,HCI,20-Feb-2026,CDELC,BK8647MS,Medan,Sumatera Utara,Solar,13.24,Customer,16,7.68,10,14,90000,769247,Sumatera,MEDAN,CDE,Internal,SumateraMEDANCDE,DALAM KOTA,,,,2,NON REGULAR,8:00:00,386880,292367,88
260220C175,HCI,20-Feb-2026,CDELC,BK8135LM,Medan,Sumatera Utara,Solar,5.88,Customer,6,2.43,10,5,40000,212469,Sumatera,MEDAN,CDE,Internal,SumateraMEDANCDE,DALAM KOTA,,,,2,NON REGULAR,0:42:00,96720,75749,45
260220C176,HCI,20-Feb-2026,CDELC,BK8803MH,Binjai,Sumatera Utara,Solar,19.12,Customer,7,4.1,10,7,198500,680674,Sumatera,BINJAI,CDE,Internal,SumateraBINJAICDE,DALAM KOTA,,,,2,NON REGULAR,6:50:00,386880,95294,149
260220C177,HCI,20-Feb-2026,CDELC,BK8309MS,Medan,Sumatera Utara,Solar,11.91,Customer,14,7.91,10,13,91000,523977,Sumatera,MEDAN,CDE,Internal,SumateraMEDANCDE,DALAM KOTA,,,,2,REGULAR,9:04:00,290160,142817,87
260220C178,HCI,20-Feb-2026,CDELC,BK8871MS,Medan,Sumatera Utara,Solar,16.91,Customer,19,7.55,10,14,170500,557380,Sumatera,MEDAN,CDE,Internal,SumateraMEDANCDE,DALAM KOTA,,,,2,REGULAR,7:42:00,386880,,137
260220C179,HCI,20-Feb-2026,CDELC,BK8074MQ,Medan,Sumatera Utara,Solar,8.09,Customer,1,3.96,10,1,59500,358883,Sumatera,MEDAN,CDE,Internal,SumateraMEDANCDE,DALAM KOTA,,,,2,NON REGULAR,3:40:00,193440,105943,58
260220C180,HCI,20-Feb-2026,CDELC,BK8805MH,Deli Serdang,Sumatera Utara,Solar,7.35,Customer,9,6.34,10,6,66500,355234,Sumatera,DELI SERDANG,CDE,Internal,SumateraDELI SERDANGCDE,DALAM KOTA,,,,2,REGULAR,2:43:00,193440,95294,48
260220C181,HCI,20-Feb-2026,CDELC,BK8191MQ,Medan,Sumatera Utara,Solar,9.56,Customer,18,8.33,10,15,70000,466103,Sumatera,MEDAN,CDE,Internal,SumateraMEDANCDE,DALAM KOTA,,,,2,NON REGULAR,8:16:00,290160,105943,66
260220C183,HCI,20-Feb-2026,CDELC,BK8099LM,Medan,Sumatera Utara,Solar,5.15,Customer,1,0.07,10,2,38000,222770,Sumatera,MEDAN,CDE,Internal,SumateraMEDANCDE,DALAM KOTA,,,,2,NON REGULAR,3:24:00,96720,88050,31
260220C184,HCI,20-Feb-2026,CDELC,BK8803MH,Medan,Sumatera Utara,Solar,10.29,Customer,4,5.28,10,4,80500,272514,Sumatera,MEDAN,CDE,Internal,SumateraMEDANCDE,DALAM KOTA,,,,2,REGULAR,3:04:00,96720,95294,71
260220C185,HCI,20-Feb-2026,CDELC,BK8805MH,Medan,Sumatera Utara,Solar,8.82,Customer,7,6.42,10,5,63000,351734,Sumatera,MEDAN,CDE,Internal,SumateraMEDANCDE,DALAM KOTA,,,,2,REGULAR,1:42:00,193440,95294,75
260220H062,HCI,20-Feb-2026,CDELC,BK8022LM,Pematangsiantar,Sumatera Utara,Solar,29.41,HUB,12,8.99,10,1,416000,760534,Sumatera,PEMATANGSIANTAR,CDE,Internal,SumateraPEMATANGSIANTARCDE,LUAR KOTA,1300000,-539466,-41.50%,2,REGULAR,7:42:00,193440,151094,234
260220D060,HCI,20-Feb-2026,CDELC,BK8074MQ,Medan,Sumatera Utara,Solar,5.29,Store,74,10.0,10,1,36000,238663,Sumatera,MEDAN,CDE,Internal,SumateraMEDANCDE,DALAM KOTA,,,,2,REGULAR,7:26:00,96720,105943,38
260220D061,HCI,20-Feb-2026,CDELC,BK8075MQ,Medan,Sumatera Utara,Solar,7.35,Store,49,8.11,10,3,78000,483325,Sumatera,MEDAN,CDE,Internal,SumateraMEDANCDE,DALAM KOTA,,,,2,REGULAR,2:26:00,193440,211885,51
260220H063,HCI,20-Feb-2026,CDELC,BK8009MI,Pematangsiantar,Sumatera Utara,Solar,37.35,HUB,27,8.26,10,1,470000,814937,Sumatera,PEMATANGSIANTAR,CDE,Internal,SumateraPEMATANGSIANTARCDE,LUAR KOTA,1300000,-485063,-37.31%,2,REGULAR,6:32:00,193440,151497,232
260220D062,AHI,20-Feb-2026,PICKUP,BK8633MS,Medan,Sumatera Utara,Pertalite,3.3,Store,4,3.0,3,2,53000,290221,Sumatera,MEDAN,PICKUP,Internal,SumateraMEDANPICKUP,DALAM KOTA,,,,2,REGULAR,5:16:00,193440,43781,42
260220D064,AHI,20-Feb-2026,CDELC,BK8309MS,Medan,Sumatera Utara,Solar,5.66,Store,71,10.0,10,1,48000,287537,Sumatera,MEDAN,CDE,Internal,SumateraMEDANCDE,DALAM KOTA,,,,2,REGULAR,2:46:00,96720,142817,45
260220C205,HCI,20-Feb-2026,PICKUP,BK8633MS,Medan,Sumatera Utara,Pertalite,8.9,Customer,4,3.0,3,4,153000,486941,Sumatera,MEDAN,PICKUP,Internal,SumateraMEDANPICKUP,DALAM KOTA,,,,2,REGULAR,4:49:00,290160,43781,113
260220D067,HCI,20-Feb-2026,CDELC,BK8031LM,Medan,Sumatera Utara,Solar,3.97,Store,60,9.26,10,1,34000,206267,Sumatera,MEDAN,CDE,Internal,SumateraMEDANCDE,DALAM KOTA,,,,2,REGULAR,4:10:00,96720,75547,39
260220D068,HCI,20-Feb-2026,CDELC,BK8191MQ,Medan,Sumatera Utara,Solar,3.68,Store,23,10.0,10,1,25000,227663,Sumatera,MEDAN,CDE,Internal,SumateraMEDANCDE,DALAM KOTA,,,,2,REGULAR,0:00:00,96720,105943,25
260220D072,HCI,20-Feb-2026,CDELC,BK8135LM,Medan,Sumatera Utara,Solar,3.68,Store,27,8.21,10,2,30000,202469,Sumatera,MEDAN,CDE,Internal,SumateraMEDANCDE,DALAM KOTA,,,,2,REGULAR,5:59:00,96720,75749,40
260220D143,HCI,20-Feb-2026,CDELC,BK8047MQ,Medan,Sumatera Utara,Solar,8.24,Store,2,10.0,10,2,75000,291480,Sumatera,MEDAN,CDE,Internal,SumateraMEDANCDE,DALAM KOTA,,,,2,REGULAR,3:37:00,110537,105943,67
260220X056,HCI,20-Feb-2026,CDELC,BK8112LM,Medan,Sumatera Utara,Solar,6.32,Other Delivery,2,9.1,10,2,48000,406351,Sumatera,MEDAN,CDE,Internal,SumateraMEDANCDE,DALAM KOTA,,,,2,REGULAR,2:36:00,207257,151094,38
260220X057,HCI,20-Feb-2026,CDELC,BK8047MQ,Medan,Sumatera Utara,Solar,5.15,Other Delivery,1,8.5,10,1,50000,266480,Sumatera,MEDAN,CDE,Internal,SumateraMEDANCDE,DALAM KOTA,,,,2,REGULAR,2:02:00,110537,105943,32
260220C299,HCI,20-Feb-2026,CDELC,BK8031LM,Medan,Sumatera Utara,Solar,9.56,Customer,7,4.25,10,7,70000,532427,Sumatera,MEDAN,CDE,Internal,SumateraMEDANCDE,DALAM KOTA,,,,2,REGULAR,9:29:00,386880,75547,71
260220D153,HCI,20-Feb-2026,PICKUP,BK8696MS,Medan,Sumatera Utara,Pertalite,3,Store,1,3.0,3,1,35000,275768,Sumatera,MEDAN,PICKUP,Internal,SumateraMEDANPICKUP,DALAM KOTA,,,,2,REGULAR,2:06:00,207257,33511,30
260220C258,KLS,20-Feb-2026,CDELC,BK8141LM,Medan,Sumatera Utara,Solar,8.53,Customer,5,6.3,10,7,68000,605974,Sumatera,MEDAN,CDE,Internal,SumateraMEDANCDE,DALAM KOTA,,,,2,REGULAR,11:39:00,386880,151094,74
260220D139,KLS,20-Feb-2026,CDELC,BK8146LM,Medan,Sumatera Utara,Solar,2.65,Store,1,10.0,10,1,18000,376754,Sumatera,MEDAN,CDE,Internal,SumateraMEDANCDE,DALAM KOTA,,,,2,REGULAR,2:53:00,207257,151497,31
260220D135,TGI,20-Feb-2026,CDELC,BK8172LM,Medan,Sumatera Utara,Solar,5.88,Store,5,8.15,10,1,49500,408254,Sumatera,MEDAN,CDE,Internal,SumateraMEDANCDE,DALAM KOTA,,,,2,REGULAR,8:34:00,207257,151497,47
260221C159,HCI,21-Feb-2026,CDELC,BK8009MI,Medan,Sumatera Utara,Solar,10.29,Customer,11,8.31,10,10,74000,418937,Sumatera,MEDAN,CDE,Internal,SumateraMEDANCDE,DALAM KOTA,,,,2,REGULAR,6:08:00,193440,151497,67
260221C160,HCI,21-Feb-2026,CDELC,BK8141LM,Medan,Sumatera Utara,Solar,13.97,Customer,11,7.35,10,11,95000,632974,Sumatera,MEDAN,CDE,Internal,SumateraMEDANCDE,DALAM KOTA,,,,2,REGULAR,7:20:00,386880,151094,97
260221C161,HCI,21-Feb-2026,CDELC,BK8807MH,Medan,Sumatera Utara,Solar,10.29,Customer,11,4.38,10,8,70000,357308,Sumatera,MEDAN,CDE,Internal,SumateraMEDANCDE,DALAM KOTA,,,,2,REGULAR,5:23:00,96720,190588,73
260221C164,HCI,21-Feb-2026,CDELC,BK8135LM,Medan,Sumatera Utara,Solar,18.38,Customer,8,5.19,10,9,155000,596657,Sumatera,MEDAN,CDE,Internal,SumateraMEDANCDE,DALAM KOTA,,,,2,REGULAR,1:13:00,290160,151497,141
260221C166,HCI,21-Feb-2026,CDELC,BK8022LM,Medan,Sumatera Utara,Solar,8.82,Customer,11,3.92,10,10,75000,419534,Sumatera,MEDAN,CDE,Internal,SumateraMEDANCDE,DALAM KOTA,,,,2,REGULAR,11:11:00,193440,151094,53
260221C167,HCI,21-Feb-2026,CDELC,BK8073MQ,Medan,Sumatera Utara,Solar,15.59,Customer,14,9.79,10,11,153500,365385,Sumatera,MEDAN,CDE,Internal,SumateraMEDANCDE,DALAM KOTA,,,,2,REGULAR,6:22:00,0,211885,121
260221C158,HCI,21-Feb-2026,CDELC,BK8646MS,Medan,Sumatera Utara,Solar,13.24,Customer,22,6.93,10,9,90000,769247,Sumatera,MEDAN,CDE,Internal,SumateraMEDANCDE,DALAM KOTA,,,,2,REGULAR,6:05:00,386880,292367,64
260221C157,HCI,21-Feb-2026,CDELC,BK8805MH,Medan,Sumatera Utara,Solar,6.62,Customer,23,9.23,10,10,50000,434028,Sumatera,MEDAN,CDE,Internal,SumateraMEDANCDE,DALAM KOTA,,,,2,REGULAR,5:58:00,193440,190588,44
260221C172,HCI,21-Feb-2026,CDELC,BK8172LM,Medan,Sumatera Utara,Solar,5.15,Customer,8,5.11,10,8,35000,304189,Sumatera,MEDAN,CDE,Internal,SumateraMEDANCDE,DALAM KOTA,,,,2,REGULAR,3:34:00,193440,75749,34
260221C156,HCI,21-Feb-2026,CDELC,BK8047MQ,Medan,Sumatera Utara,Solar,9.12,Customer,19,6.75,10,12,130000,535325,Sumatera,MEDAN,CDE,Internal,SumateraMEDANCDE,DALAM KOTA,,,,2,REGULAR,7:46:00,193440,211885,63
260221C175,HCI,21-Feb-2026,CDELC,BK8099LM,Medan,Sumatera Utara,Solar,8.82,Customer,9,9.79,10,4,65000,346490,Sumatera,MEDAN,CDE,Internal,SumateraMEDANCDE,DALAM KOTA,,,,2,REGULAR,6:21:00,193440,88050,64
260221C176,HCI,21-Feb-2026,CDELC,BK8191MQ,Deli Serdang,Sumatera Utara,Solar,11.76,Customer,10,8.92,10,4,113500,412883,Sumatera,DELI SERDANG,CDE,Internal,SumateraDELI SERDANGCDE,DALAM KOTA,,,,2,REGULAR,4:56:00,193440,105943,99
260221C178,HCI,21-Feb-2026,CDELC,BK8146LM,Medan,Sumatera Utara,Solar,5.15,Customer,4,7.23,10,1,35000,497629,Sumatera,MEDAN,CDE,Internal,SumateraMEDANCDE,DALAM KOTA,,,,2,REGULAR,4:10:00,386880,75749,36
260221C179,HCI,21-Feb-2026,CDELC,BK8172LM,Medan,Sumatera Utara,Solar,7.35,Customer,1,7.76,10,1,50000,319189,Sumatera,MEDAN,CDE,Internal,SumateraMEDANCDE,DALAM KOTA,,,,2,REGULAR,4:20:00,193440,75749,50
260221C180,HCI,21-Feb-2026,PICKUP,BK8633MS,Medan,Sumatera Utara,Pertalite,7.7,Customer,5,3.0,3,5,94000,375001,Sumatera,MEDAN,PICKUP,Internal,SumateraMEDANPICKUP,DALAM KOTA,,,,2,REGULAR,6:01:00,193440,87561,73
260221C183,HCI,21-Feb-2026,CDELC,BK8099LM,Medan,Sumatera Utara,Solar,6.62,Customer,4,0.16,10,2,50000,234770,Sumatera,MEDAN,CDE,Internal,SumateraMEDANCDE,DALAM KOTA,,,,2,REGULAR,1:18:00,96720,88050,46
260221C184,HCI,21-Feb-2026,CDELC,BK8299MH,Medan,Sumatera Utara,Solar,9.56,Customer,3,5.35,10,4,65000,409937,Sumatera,MEDAN,CDE,Internal,SumateraMEDANCDE,DALAM KOTA,,,,2,REGULAR,1:59:00,193440,151497,55
260221C185,HCI,21-Feb-2026,CDELC,BK8871MS,Medan,Sumatera Utara,Solar,8.68,Customer,11,9.49,10,8,70000,263440,Sumatera,MEDAN,CDE,Internal,SumateraMEDANCDE,DALAM KOTA,,,,2,REGULAR,5:55:00,193440,,55
260221C247,HCI,21-Feb-2026,PICKUP,BK8696MS,Medan,Sumatera Utara,Pertalite,6.5,Customer,3,2.81,3,3,108000,351707,Sumatera,MEDAN,PICKUP,Internal,SumateraMEDANPICKUP,DALAM KOTA,,,,2,REGULAR,4:56:00,193440,50267,69
260221D095,HCI,21-Feb-2026,CDELC,BK8112LM,Medan,Sumatera Utara,Solar,8.97,Store,57,8.88,10,3,65000,409534,Sumatera,MEDAN,CDE,Internal,SumateraMEDANCDE,DALAM KOTA,,,,2,REGULAR,6:56:00,193440,151094,55
260221D096,HCI,21-Feb-2026,CDELC,BK8804MH,Medan,Sumatera Utara,Solar,4.41,Store,27,10.0,10,1,39500,423528,Sumatera,MEDAN,CDE,Internal,SumateraMEDANCDE,DALAM KOTA,,,,2,REGULAR,3:10:00,193440,190588,42
260221D097,HCI,21-Feb-2026,CDELC,BK8191MQ,Medan,Sumatera Utara,Solar,3.68,Store,36,10.0,10,1,25000,227663,Sumatera,MEDAN,CDE,Internal,SumateraMEDANCDE,DALAM KOTA,,,,2,REGULAR,3:22:00,96720,105943,25
260221D099,HCI,21-Feb-2026,CDELC,BK8192MQ,Medan,Sumatera Utara,Solar,7.35,Store,33,8.59,10,4,85000,490325,Sumatera,MEDAN,CDE,Internal,SumateraMEDANCDE,DALAM KOTA,,,,2,REGULAR,7:11:00,193440,211885,50
260221D103,HCI,21-Feb-2026,CDELC,BK8074MQ,Medan,Sumatera Utara,Solar,3.68,Store,30,8.7,10,1,50000,455325,Sumatera,MEDAN,CDE,Internal,SumateraMEDANCDE,DALAM KOTA,,,,2,REGULAR,11:53:00,193440,211885,28
260221D113,HCI,21-Feb-2026,PICKUP,BK8696MS,Medan,Sumatera Utara,Pertalite,2.9,Store,3,2.51,3,1,39000,282707,Sumatera,MEDAN,PICKUP,Internal,SumateraMEDANPICKUP,DALAM KOTA,,,,2,REGULAR,2:33:00,193440,50267,31
260221C148,HCI,21-Feb-2026,CDELC,BK8647MS,Medan,Sumatera Utara,Solar,16.18,Customer,16,7.73,10,9,133500,619307,Sumatera,MEDAN,CDE,Internal,SumateraMEDANCDE,DALAM KOTA,,,,2,REGULAR,6:24:00,193440,292367,111
260221C170,HCI,21-Feb-2026,CDELC,BK8031LM,Medan,Sumatera Utara,Solar,8.24,Customer,11,6.76,10,9,62000,406534,Sumatera,MEDAN,CDE,Internal,SumateraMEDANCDE,DALAM KOTA,,,,2,REGULAR,3:59:00,193440,151094,78
260221C171,HCI,21-Feb-2026,CDELC,BK8309MS,Medan,Sumatera Utara,Solar,15,Customer,10,7.57,10,7,144500,817013,Sumatera,MEDAN,CDE,Internal,SumateraMEDANCDE,DALAM KOTA,,,,2,REGULAR,10:27:00,386880,285633,112
260221D134,HCI,21-Feb-2026,CDELC,A8471ZX,Medan,Sumatera Utara,Solar,5.88,Store,4,8.16,10,1,47000,441267,Sumatera,MEDAN,CDE,Internal,SumateraMEDANCDE,DALAM KOTA,,,,2,REGULAR,8:27:00,241800,152467,39
260221H058,HCI,21-Feb-2026,CDELC,BK8806MH,Pematangsiantar,Sumatera Utara,Solar,36.47,HUB,20,6.18,10,2,447000,831028,Sumatera,PEMATANGSIANTAR,CDE,Internal,SumateraPEMATANGSIANTARCDE,LUAR KOTA,1300000,-468972,-36.07%,2,REGULAR,6:45:00,193440,190588,255
260221C174,HCI,21-Feb-2026,CDELC,BK8803MH,Medan,Sumatera Utara,Solar,9.41,Customer,12,5.04,10,7,82000,562748,Sumatera,MEDAN,CDE,Internal,SumateraMEDANCDE,DALAM KOTA,,,,2,REGULAR,5:26:00,290160,190588,65
260221D124,FBI,21-Feb-2026,PICKUP,BK8136LM,Medan,Sumatera Utara,Pertalite,6,Store,8,2.73,3,5,74000,403995,Sumatera,MEDAN,MINI VAN BOX,Internal,SumateraMEDANMINI VAN BOX,DALAM KOTA,,,,2,REGULAR,7:48:00,241800,88195,50
260221D123,FBI,21-Feb-2026,PICKUP,A8330VX,Medan,Sumatera Utara,Pertalite,7.4,Store,12,2.82,3,3,90000,415967,Sumatera,MEDAN,MINI VAN BOX,Internal,SumateraMEDANMINI VAN BOX,DALAM KOTA,,,,2,REGULAR,7:19:00,241800,84167,80
260221D121,KLS,21-Feb-2026,CDELC,BK8146LM,Medan,Sumatera Utara,Solar,4.41,Store,7,7.95,10,1,30000,250829,Sumatera,MEDAN,CDE,Internal,SumateraMEDANCDE,DALAM KOTA,,,,2,REGULAR,3:01:00,145080,75749,30
260222C124,HCI,22-Feb-2026,CDELC,BK8646MS,Medan,Sumatera Utara,Solar,16.18,Customer,7,11.0,11,7,120500,799747,Sumatera,MEDAN,CDE LONG CHASSIS,Internal,SumateraMEDANCDE LONG CHASSIS,DALAM KOTA,,,,2,REGULAR,7:14:00,386880,292367,148
260222C128,HCI,22-Feb-2026,CDELC,BK8647MS,Medan,Sumatera Utara,Solar,11.03,Customer,16,6.04,10,12,75000,560807,Sumatera,MEDAN,CDE,Internal,SumateraMEDANCDE,DALAM KOTA,,,,2,REGULAR,8:41:00,193440,292367,70
260222C121,HCI,22-Feb-2026,CDELC,BK8807MH,Medan,Sumatera Utara,Solar,9.56,Customer,11,6.94,10,10,65000,449028,Sumatera,MEDAN,CDE,Internal,SumateraMEDANCDE,DALAM KOTA,,,,2,REGULAR,6:00:00,193440,190588,82
260222C137,HCI,22-Feb-2026,PICKUP,BK8633MS,Deli Serdang,Sumatera Utara,Pertalite,8.97,Customer,3,3.0,3,2,87000,368001,Sumatera,DELI SERDANG,PICKUP,Internal,SumateraDELI SERDANGPICKUP,DALAM KOTA,,,,2,REGULAR,3:52:00,193440,87561,87
260222H072,HCI,22-Feb-2026,FUSO,BK8815MG,Pekanbaru,Riau,Solar,266,HUB,33,29.57,34,6,2309000,3049838,Sumatera,PEKANBARU,FUSO,Internal,SumateraPEKANBARUFUSO,LUAR KOTA,6300000,-3250162,-51.59%,2,REGULAR,3:22:00,386880,353958,1320
260222C117,HCI,22-Feb-2026,CDELC,BK8871MS,Medan,Sumatera Utara,Solar,9.41,Customer,9,5.94,10,10,68000,454880,Sumatera,MEDAN,CDE,Internal,SumateraMEDANCDE,DALAM KOTA,,,,2,REGULAR,2:10:00,386880,,57
260222C119,HCI,22-Feb-2026,CDELC,BK8009MI,Medan,Sumatera Utara,Solar,12.5,Customer,6,5.59,10,7,85000,429937,Sumatera,MEDAN,CDE,Internal,SumateraMEDANCDE,DALAM KOTA,,,,2,REGULAR,5:11:00,193440,151497,75
260222C122,HCI,22-Feb-2026,CDELC,BK8141LM,Binjai,Sumatera Utara,Solar,24.26,Customer,10,7.53,10,6,232000,769974,Sumatera,BINJAI,CDE,Internal,SumateraBINJAICDE,DALAM KOTA,,,,2,REGULAR,8:51:00,386880,151094,174
260222C132,HCI,22-Feb-2026,CDELC,BK8073MQ,Pematangsiantar,Sumatera Utara,Solar,31.47,Customer,4,3.19,10,2,439000,844325,Sumatera,PEMATANGSIANTAR,CDE,Internal,SumateraPEMATANGSIANTARCDE,LUAR KOTA,1300000,-455675,-35.05%,2,REGULAR,8:49:00,193440,211885,275
260222X046,HCI,22-Feb-2026,CDELC,BK8191MQ,Medan,Sumatera Utara,Solar,8.82,Other Delivery,3,9.1,10,3,80000,678765,Sumatera,MEDAN,CDE,Internal,SumateraMEDANCDE,DALAM KOTA,,,,2,REGULAR,6:52:00,386880,211885,55
260222C115,HCI,22-Feb-2026,CDELC,BK8804MH,Medan,Sumatera Utara,Solar,7.35,Customer,18,5.22,10,7,50000,434028,Sumatera,MEDAN,CDE,Internal,SumateraMEDANCDE,DALAM KOTA,,,,2,REGULAR,3:38:00,193440,190588,48
260222C127,HCI,22-Feb-2026,CDELC,BK8806MH,Medan,Sumatera Utara,Solar,10.29,Customer,4,6.76,10,4,70000,454028,Sumatera,MEDAN,CDE,Internal,SumateraMEDANCDE,DALAM KOTA,,,,2,REGULAR,4:10:00,193440,190588,93
260222C113,HCI,22-Feb-2026,CDELC,BK8075MQ,Deli Serdang,Sumatera Utara,Solar,14.71,Customer,14,6.45,10,11,103500,702265,Sumatera,DELI SERDANG,CDE,Internal,SumateraDELI SERDANGCDE,DALAM KOTA,,,,2,REGULAR,2:55:00,386880,211885,100
260222C136,HCI,22-Feb-2026,PICKUP,BK8696MS,Medan,Sumatera Utara,Pertalite,4.5,Customer,2,1.08,3,3,45000,338973,Sumatera,MEDAN,PICKUP,Internal,SumateraMEDANPICKUP,DALAM KOTA,,,,2,REGULAR,3:28:00,193440,100533,53
260222C123,HCI,22-Feb-2026,CDELC,BK8299MH,Medan,Sumatera Utara,Solar,10.29,Customer,8,5.52,10,7,70000,608377,Sumatera,MEDAN,CDE,Internal,SumateraMEDANCDE,DALAM KOTA,,,,2,REGULAR,8:35:00,386880,151497,88
260222C116,HCI,22-Feb-2026,CDELC,BK8805MH,Medan,Sumatera Utara,Solar,10.29,Customer,8,4.46,10,9,75000,652468,Sumatera,MEDAN,CDE,Internal,SumateraMEDANCDE,DALAM KOTA,,,,2,REGULAR,2:39:00,386880,190588,72
260222H060,HCI,22-Feb-2026,CDELC,BK8192MQ,Pematangsiantar,Sumatera Utara,Solar,30.88,HUB,11,8.15,10,8,426000,831325,Sumatera,PEMATANGSIANTAR,CDE,Internal,SumateraPEMATANGSIANTARCDE,LUAR KOTA,1300000,-468675,-36.05%,2,REGULAR,2:05:00,193440,211885,227
260222C114,HCI,22-Feb-2026,CDELC,BK8031LM,Medan,Sumatera Utara,Solar,8.09,Customer,13,2.78,10,8,90000,627974,Sumatera,MEDAN,CDE,Internal,SumateraMEDANCDE,DALAM KOTA,,,,2,REGULAR,7:50:00,386880,151094,46
260223C223,HCI,23-Feb-2026,CDELC,BK8804MH,Medan,Sumatera Utara,Solar,8.82,Customer,13,8.09,10,11,70000,647468,Sumatera,MEDAN,CDE,Internal,SumateraMEDANCDE,DALAM KOTA,,,,2,REGULAR,5:13:00,386880,190588,61
260223C235,HCI,23-Feb-2026,CDELC,BK8146LM,Medan,Sumatera Utara,Solar,5.88,Customer,8,4.76,10,7,40000,405909,Sumatera,MEDAN,CDE,Internal,SumateraMEDANCDE,DALAM KOTA,,,,2,NON REGULAR,1:30:00,290160,75749,38
260223C227,HCI,23-Feb-2026,CDELC,BK8299MH,Medan,Sumatera Utara,Solar,12.5,Customer,15,8.67,10,10,131000,572657,Sumatera,MEDAN,CDE,Internal,SumateraMEDANCDE,DALAM KOTA,,,,2,REGULAR,7:15:00,290160,151497,94
260223C312,KLS,23-Feb-2026,CDELC,BK8031LM,Medan,Sumatera Utara,Solar,10.29,Customer,4,7.7,10,4,90500,628474,Sumatera,MEDAN,CDE,Internal,SumateraMEDANCDE,DALAM KOTA,,,,2,REGULAR,0:09:00,386880,151094,76
260223D003,HCI,23-Feb-2026,CDELC,BK8803MH,Medan,Sumatera Utara,Solar,5.59,Store,92,10.0,10,1,38000,230014,Sumatera,MEDAN,CDE,Internal,SumateraMEDANCDE,DALAM KOTA,,,,2,REGULAR,3:14:00,96720,95294,36
260223C221,HCI,23-Feb-2026,CDELC,BK8075MQ,Medan,Sumatera Utara,Solar,10,Customer,18,10.0,10,10,92500,401105,Sumatera,MEDAN,CDE,Internal,SumateraMEDANCDE,DALAM KOTA,,,,2,REGULAR,12:04:00,96720,211885,62
260223C230,HCI,23-Feb-2026,CDELC,BK8047MQ,Medan,Sumatera Utara,Solar,7.35,Customer,19,8.44,10,14,50000,349383,Sumatera,MEDAN,CDE,Internal,SumateraMEDANCDE,DALAM KOTA,,,,2,REGULAR,3:06:00,193440,105943,55
260223C220,HCI,23-Feb-2026,CDELC,BK8647MS,Medan,Sumatera Utara,Solar,8.09,Customer,17,4.71,10,12,105000,784247,Sumatera,MEDAN,CDE,Internal,SumateraMEDANCDE,DALAM KOTA,,,,2,REGULAR,8:21:00,386880,292367,50
260223D061,HCI,23-Feb-2026,FUSO,BK8815MG,Medan,Sumatera Utara,Solar,6.62,Store,29,32.24,34,1,220000,767398,Sumatera,MEDAN,FUSO,Internal,SumateraMEDANFUSO,DALAM KOTA,,,,2,REGULAR,2:26:00,193440,353958,25
260223C234,HCI,23-Feb-2026,CDELC,BK8073MQ,Medan,Sumatera Utara,Solar,7.79,Customer,14,10.0,10,12,53000,449103,Sumatera,MEDAN,CDE,Internal,SumateraMEDANCDE,DALAM KOTA,,,,2,NON REGULAR,4:57:00,290160,105943,55
260223D009,HCI,23-Feb-2026,CDELC,BK8099LM,Medan,Sumatera Utara,Solar,5.88,Store,68,8.66,10,2,43500,324990,Sumatera,MEDAN,CDE,Internal,SumateraMEDANCDE,DALAM KOTA,,,,2,REGULAR,3:03:00,193440,88050,40
260223D132,FBI,23-Feb-2026,PICKUP,BK8136LM,Medan,Sumatera Utara,Pertalite,4.2,Store,11,2.34,3,5,52000,236915,Sumatera,MEDAN,MINI VAN BOX,Internal,SumateraMEDANMINI VAN BOX,DALAM KOTA,,,,2,REGULAR,3:29:00,96720,88195,45
260223H063,HCI,23-Feb-2026,CDELC,BK8646MS,Pematangsiantar,Sumatera Utara,Solar,27.94,HUB,3,8.87,10,3,406000,795087,Sumatera,PEMATANGSIANTAR,CDE,Internal,SumateraPEMATANGSIANTARCDE,LUAR KOTA,1300000,-504913,-38.84%,2,REGULAR,4:41:00,96720,292367,218
260223C240,HCI,23-Feb-2026,CDELC,BK8172LM,Deli Serdang,Sumatera Utara,Solar,9.12,Customer,6,3.3,10,6,62000,427909,Sumatera,DELI SERDANG,CDE,Internal,SumateraDELI SERDANGCDE,DALAM KOTA,,,,2,NON REGULAR,3:27:00,290160,75749,55
260223D130,AHI,23-Feb-2026,CDELC,BK8022LM,Medan,Sumatera Utara,Solar,7.35,Store,117,8.64,10,2,60000,452894,Sumatera,MEDAN,CDE,Internal,SumateraMEDANCDE,DALAM KOTA,,,,2,REGULAR,25:57:00,241800,151094,48
260223C237,HCI,23-Feb-2026,CDELC,BK8309MS,Medan,Sumatera Utara,Solar,9.56,Customer,13,8.69,10,9,84000,516977,Sumatera,MEDAN,CDE,Internal,SumateraMEDANCDE,DALAM KOTA,,,,2,NON REGULAR,6:08:00,290160,142817,61
260223C228,HCI,23-Feb-2026,CDELC,BK8135LM,Binjai,Sumatera Utara,Solar,19.12,Customer,10,6.53,10,9,181500,547409,Sumatera,BINJAI,CDE,Internal,SumateraBINJAICDE,DALAM KOTA,,,,2,NON REGULAR,8:26:00,290160,75749,155
260223C239,HCI,23-Feb-2026,CDELC,BK8191MQ,Medan,Sumatera Utara,Solar,8.24,Customer,7,7.47,10,7,66000,462103,Sumatera,MEDAN,CDE,Internal,SumateraMEDANCDE,DALAM KOTA,,,,2,NON REGULAR,3:50:00,290160,105943,50
260223D133,FBI,23-Feb-2026,PICKUP,A8330VX,Binjai,Sumatera Utara,Pertalite,6.8,Store,12,2.81,3,4,71000,354883,Sumatera,BINJAI,MINI VAN BOX,Internal,SumateraBINJAIMINI VAN BOX,DALAM KOTA,,,,2,REGULAR,4:35:00,241800,42083,80
260223C219,HCI,23-Feb-2026,CDELC,BK8871MS,Medan,Sumatera Utara,Solar,9.12,Customer,15,8.17,10,13,80000,466880,Sumatera,MEDAN,CDE,Internal,SumateraMEDANCDE,DALAM KOTA,,,,2,REGULAR,7:15:00,386880,,61
260223C243,HCI,23-Feb-2026,PICKUP,BK8696MS,Medan,Sumatera Utara,Pertalite,11.9,Customer,7,3.0,3,7,129000,616413,Sumatera,MEDAN,PICKUP,Internal,SumateraMEDANPICKUP,DALAM KOTA,,,,2,REGULAR,6:20:00,386880,100533,105
260223D004,HCI,23-Feb-2026,CDELC,BK8172LM,Medan,Sumatera Utara,Solar,4.41,Store,53,10.0,10,3,45000,217469,Sumatera,MEDAN,CDE,Internal,SumateraMEDANCDE,DALAM KOTA,,,,2,REGULAR,3:49:00,96720,75749,30
260223D005,HCI,23-Feb-2026,CDELC,BK8309MS,Medan,Sumatera Utara,Solar,5.15,Store,1,8.51,10,1,38000,374257,Sumatera,MEDAN,CDE,Internal,SumateraMEDANCDE,DALAM KOTA,,,,2,REGULAR,0:54:00,193440,142817,33
260223C231,HCI,23-Feb-2026,CDELC,BK8807MH,Medan,Sumatera Utara,Solar,13.97,Customer,14,5.95,10,11,110000,687468,Sumatera,MEDAN,CDE,Internal,SumateraMEDANCDE,DALAM KOTA,,,,2,REGULAR,6:26:00,386880,190588,86
260223D125,AHI,23-Feb-2026,CDELC,BK8047MQ,Medan,Sumatera Utara,Solar,5.88,Store,174,7.99,10,1,50000,301023,Sumatera,MEDAN,CDE,Internal,SumateraMEDANCDE,DALAM KOTA,,,,2,REGULAR,3:43:00,145080,105943,36
260221D020,HCI,23-Feb-2026,PICKUP,BK8633MS,Medan,Sumatera Utara,Pertalite,7.3,Store,7,3.0,3,2,112500,543161,Sumatera,MEDAN,PICKUP,Internal,SumateraMEDANPICKUP,DALAM KOTA,,,,2,REGULAR,3:25:00,386880,43781,78
260223D008,HCI,23-Feb-2026,CDELC,BK8146LM,Medan,Sumatera Utara,Solar,5.15,Store,74,10.0,10,1,45000,314189,Sumatera,MEDAN,CDE,Internal,SumateraMEDANCDE,DALAM KOTA,,,,2,REGULAR,2:41:00,193440,75749,41
260223C224,HCI,23-Feb-2026,CDELC,BK8803MH,Medan,Sumatera Utara,Solar,13.82,Customer,9,8.41,10,9,108000,396734,Sumatera,MEDAN,CDE,Internal,SumateraMEDANCDE,DALAM KOTA,,,,2,NON REGULAR,6:35:00,193440,95294,156
260223D006,HCI,23-Feb-2026,CDELC,BK8135LM,Medan,Sumatera Utara,Solar,4.41,Store,80,9.48,10,1,40000,212469,Sumatera,MEDAN,CDE,Internal,SumateraMEDANCDE,DALAM KOTA,,,,2,REGULAR,0:02:00,96720,75749,30
260223C233,HCI,23-Feb-2026,CDELC,BK8099LM,Medan,Sumatera Utara,Solar,12.5,Customer,11,5.75,10,9,85000,463210,Sumatera,MEDAN,CDE,Internal,SumateraMEDANCDE,DALAM KOTA,,,,2,NON REGULAR,7:34:00,290160,88050,85
260223C225,HCI,23-Feb-2026,CDELC,BK8009MI,Medan,Sumatera Utara,Solar,10.29,Customer,14,6.72,10,12,88000,626377,Sumatera,MEDAN,CDE,Internal,SumateraMEDANCDE,DALAM KOTA,,,,2,REGULAR,7:18:00,386880,151497,69
260223H059,HCI,23-Feb-2026,CDELC,BK8192MQ,Pematangsiantar,Sumatera Utara,Solar,24.26,HUB,39,8.85,10,10,381000,786325,Sumatera,PEMATANGSIANTAR,CDE,Internal,SumateraPEMATANGSIANTARCDE,LUAR KOTA,1300000,-513675,-39.51%,2,REGULAR,3:00:00,193440,211885,227
260223C222,HCI,23-Feb-2026,CDELC,BK8073MQ,Medan,Sumatera Utara,Solar,4.71,Customer,15,2.82,10,8,32000,331383,Sumatera,MEDAN,CDE,Internal,SumateraMEDANCDE,DALAM KOTA,,,,2,REGULAR,3:21:00,193440,105943,42
260223C229,HCI,23-Feb-2026,CDELC,BK8806MH,Medan,Sumatera Utara,Solar,8.82,Customer,8,8.94,10,7,60000,445454,Sumatera,MEDAN,CDE,Internal,SumateraMEDANCDE,DALAM KOTA,,,,2,NON REGULAR,5:11:00,290160,95294,61
260223C313,HCI,23-Feb-2026,CDELC,A8330VX,Medan,Sumatera Utara,,3.7,Customer,1,0.61,11,1,37000,272523,Sumatera,MEDAN,CDE LONG CHASSIS,Internal,SumateraMEDANCDE LONG CHASSIS,DALAM KOTA,,,,2,REGULAR,2:06:00,193440,42083,37
260223C241,HCI,23-Feb-2026,CDELC,BK8805MH,Tebing Tinggi,Sumatera Utara,Solar,20.29,Customer,7,9.21,10,7,265000,842468,Sumatera,TEBING TINGGI,CDE,Internal,SumateraTEBING TINGGICDE,DALAM KOTA,,,,2,REGULAR,7:21:00,386880,190588,177
260223C238,HCI,23-Feb-2026,CDELC,BK8141LM,Medan,Sumatera Utara,Solar,10.29,Customer,16,10.0,10,12,89500,627474,Sumatera,MEDAN,CDE,Internal,SumateraMEDANCDE,DALAM KOTA,,,,2,REGULAR,8:14:00,386880,151094,70
260223D058,HCI,23-Feb-2026,CDELC,BK8074MQ,Medan,Sumatera Utara,Solar,5.59,Store,87,8.88,10,1,38000,346605,Sumatera,MEDAN,CDE,Internal,SumateraMEDANCDE,DALAM KOTA,,,,2,REGULAR,3:10:00,96720,211885,34
260223D064,HCI,23-Feb-2026,CDELC,BK8806MH,Medan,Sumatera Utara,Solar,4.41,Store,17,10.0,10,1,55000,247014,Sumatera,MEDAN,CDE,Internal,SumateraMEDANCDE,DALAM KOTA,,,,2,REGULAR,3:45:00,96720,95294,31
260223D131,AHI,23-Feb-2026,CDELC,BK8191MQ,Medan,Sumatera Utara,Solar,5.15,Store,2,10.0,10,1,50000,397743,Sumatera,MEDAN,CDE,Internal,SumateraMEDANCDE,DALAM KOTA,,,,2,REGULAR,6:00:00,241800,105943,46
260223D059,HCI,23-Feb-2026,PICKUP,BK8633MS,Medan,Sumatera Utara,Pertalite,4.1,Store,2,3.0,3,1,51000,288221,Sumatera,MEDAN,PICKUP,Internal,SumateraMEDANPICKUP,DALAM KOTA,,,,2,REGULAR,3:07:00,193440,43781,37
260224D103,AHI,24-Feb-2026,CDELC,BK8191MQ,Medan,Sumatera Utara,Solar,4.41,Store,49,9.5,10,1,30000,329383,Sumatera,MEDAN,CDE,Internal,SumateraMEDANCDE,DALAM KOTA,,,,2,REGULAR,-0:22:00,193440,105943,33
260224D108,HCI,24-Feb-2026,CDELC,BK8805MH,Medan,Sumatera Utara,Solar,5.15,Store,31,10.0,10,3,45000,429028,Sumatera,MEDAN,CDE,Internal,SumateraMEDANCDE,DALAM KOTA,,,,2,REGULAR,9:06:00,193440,190588,35
260224D130,AHI,24-Feb-2026,PICKUP,BK8633MS,Medan,Sumatera Utara,Pertalite,3,Store,1,3.0,3,1,40000,325581,Sumatera,MEDAN,PICKUP,Internal,SumateraMEDANPICKUP,DALAM KOTA,,,,2,REGULAR,1:03:00,241800,43781,32
260224C199,HCI,24-Feb-2026,CDELC,BK8806MH,Medan,Sumatera Utara,Solar,5.88,Customer,17,6.11,10,7,50000,532174,Sumatera,MEDAN,CDE,Internal,SumateraMEDANCDE,DALAM KOTA,,,,2,REGULAR,2:26:00,386880,95294,37
260224C207,HCI,24-Feb-2026,CDELC,BK8191MQ,Medan,Sumatera Utara,Solar,10.29,Customer,8,4.16,10,9,70000,466103,Sumatera,MEDAN,CDE,Internal,SumateraMEDANCDE,DALAM KOTA,,,,2,NON REGULAR,2:09:00,290160,105943,67
260224C221,HCI,24-Feb-2026,PICKUP,BK8633MS,Medan,Sumatera Utara,Pertalite,4.5,Customer,1,1.28,3,1,55000,388941,Sumatera,MEDAN,PICKUP,Internal,SumateraMEDANPICKUP,DALAM KOTA,,,,2,NON REGULAR,1:44:00,290160,43781,43
260224C222,HCI,24-Feb-2026,PICKUP,BK8696MS,Medan,Sumatera Utara,Pertalite,12.7,Customer,6,3.0,3,6,146500,633913,Sumatera,MEDAN,PICKUP,Internal,SumateraMEDANPICKUP,DALAM KOTA,,,,2,REGULAR,9:56:00,386880,100533,122
260224C217,HCI,24-Feb-2026,CDELC,BK8309MS,Medan,Sumatera Utara,Solar,14.71,Customer,10,7.62,10,10,100000,772513,Sumatera,MEDAN,CDE,Internal,SumateraMEDANCDE,DALAM KOTA,,,,2,REGULAR,6:54:00,386880,285633,95
260224C198,HCI,24-Feb-2026,CDELC,BK8804MH,Medan,Sumatera Utara,Solar,11.03,Customer,25,5.47,10,13,125000,509028,Sumatera,MEDAN,CDE,Internal,SumateraMEDANCDE,DALAM KOTA,,,,2,REGULAR,8:55:00,193440,190588,64
260224C206,HCI,24-Feb-2026,CDELC,BK8073MQ,Binjai,Sumatera Utara,Solar,13.97,Customer,13,10.0,10,9,135000,733765,Sumatera,BINJAI,CDE,Internal,SumateraBINJAICDE,DALAM KOTA,,,,2,REGULAR,7:46:00,386880,211885,118
260224D109,FBI,24-Feb-2026,PICKUP,BK8112LM,Medan,Sumatera Utara,Pertalite,10.74,Store,13,2.4,3,4,83000,427534,Sumatera,MEDAN,MINI VAN BOX,Internal,SumateraMEDANMINI VAN BOX,DALAM KOTA,,,,2,REGULAR,3:49:00,193440,151094,87
260224D101,AHI,24-Feb-2026,FUSO,BK8815MG,Medan,Sumatera Utara,Solar,6.62,Store,29,28.73,34,1,220000,670678,Sumatera,MEDAN,FUSO,Internal,SumateraMEDANFUSO,DALAM KOTA,,,,2,REGULAR,1:21:00,96720,353958,25
260224C204,HCI,24-Feb-2026,CDELC,BK8146LM,Medan,Sumatera Utara,Solar,11.76,Customer,12,7.28,10,9,95000,633377,Sumatera,MEDAN,CDE,Internal,SumateraMEDANCDE,DALAM KOTA,,,,2,REGULAR,8:00:00,386880,151497,82
260224C215,HCI,24-Feb-2026,CDELC,BK8646MS,Medan,Sumatera Utara,Solar,10.74,Customer,8,4.43,10,7,81000,517343,Sumatera,MEDAN,CDE,Internal,SumateraMEDANCDE,DALAM KOTA,,,,2,NON REGULAR,1:41:00,290160,146183,59
260224C277,HCI,24-Feb-2026,CDELC,BK8141LM,Medan,Sumatera Utara,Solar,14.71,Customer,2,4.4,10,5,111000,648974,Sumatera,MEDAN,CDE,Internal,SumateraMEDANCDE,DALAM KOTA,,,,2,REGULAR,10:01:00,386880,151094,122
260224D119,HCI,24-Feb-2026,CDELC,BK8075MQ,Medan,Sumatera Utara,Solar,5.15,Store,3,9.0,10,1,35000,237663,Sumatera,MEDAN,CDE,Internal,SumateraMEDANCDE,DALAM KOTA,,,,2,REGULAR,2:21:00,96720,105943,32
260224D104,AHI,24-Feb-2026,#N/A,BK8031LM,Medan,Sumatera Utara,#N/A,5.88,Store,49,8.23,10,1,55000,323987,Sumatera,MEDAN,,Internal,SumateraMEDAN,DALAM KOTA,,,,2,REGULAR,1:51:00,193440,75547,40
260224C201,HCI,24-Feb-2026,CDELC,BK8135LM,Medan,Sumatera Utara,Solar,8.09,Customer,21,6.99,10,12,65000,603377,Sumatera,MEDAN,CDE,Internal,SumateraMEDANCDE,DALAM KOTA,,,,2,REGULAR,8:35:00,386880,151497,63
260217D134,HCI,24-Feb-2026,CDELC,BK8009MI,Medan,Sumatera Utara,Solar,5.15,Store,9,9.07,10,2,50000,346577,Sumatera,MEDAN,CDE,Internal,SumateraMEDANCDE,DALAM KOTA,,,,2,REGULAR,13:06:00,145080,151497,30
260224C203,HCI,24-Feb-2026,CDELC,BK8022LM,Medan,Sumatera Utara,Solar,11.03,Customer,11,5.12,10,8,94000,459707,Sumatera,MEDAN,CDE,Internal,SumateraMEDANCDE,DALAM KOTA,,,,2,NON REGULAR,2:05:00,290160,75547,76
260224C205,HCI,24-Feb-2026,CDELC,BK8299MH,Medan,Sumatera Utara,Solar,9.56,Customer,6,2.53,10,7,80500,349689,Sumatera,MEDAN,CDE,Internal,SumateraMEDANCDE,DALAM KOTA,,,,2,NON REGULAR,3:18:00,193440,75749,65
260224C219,HCI,24-Feb-2026,CDELC,BK8047MQ,Deli Serdang,Sumatera Utara,Solar,11.91,Customer,13,10.0,10,9,81000,679765,Sumatera,DELI SERDANG,CDE,Internal,SumateraDELI SERDANGCDE,DALAM KOTA,,,,2,REGULAR,7:15:00,386880,211885,67
260224C216,HCI,24-Feb-2026,CDELC,BK8807MH,Medan,Sumatera Utara,Solar,12.5,Customer,18,10.0,10,15,122500,699968,Sumatera,MEDAN,CDE,Internal,SumateraMEDANCDE,DALAM KOTA,,,,2,REGULAR,8:03:00,386880,190588,81
260224D111,HCI,24-Feb-2026,CDELC,BK8871MS,Medan,Sumatera Utara,Solar,7.35,Store,23,10.0,10,2,57000,250440,Sumatera,MEDAN,CDE,Internal,SumateraMEDANCDE,DALAM KOTA,,,,2,REGULAR,2:47:00,193440,,56
260224C200,HCI,24-Feb-2026,CDELC,BK8647MS,Medan,Sumatera Utara,Solar,5.15,Customer,18,6.97,10,9,45000,724247,Sumatera,MEDAN,CDE,Internal,SumateraMEDANCDE,DALAM KOTA,,,,2,REGULAR,1:13:00,386880,292367,35
260224C202,HCI,24-Feb-2026,CDELC,BK8031LM,Medan,Sumatera Utara,Solar,10.29,Customer,7,10.0,10,7,78000,250267,Sumatera,MEDAN,CDE,Internal,SumateraMEDANCDE,DALAM KOTA,,,,2,NON REGULAR,1:58:00,96720,75547,94
260224C212,HCI,24-Feb-2026,CDELC,BK8075MQ,Medan,Sumatera Utara,Solar,10.29,Customer,16,10.0,10,10,80000,379383,Sumatera,MEDAN,CDE,Internal,SumateraMEDANCDE,DALAM KOTA,,,,2,NON REGULAR,5:46:00,193440,105943,71
260224H075,HCI,24-Feb-2026,CDELC,BK8074MQ,Pematangsiantar,Sumatera Utara,Solar,35.29,HUB,6,10.0,10,1,456000,764605,Sumatera,PEMATANGSIANTAR,CDE,Internal,SumateraPEMATANGSIANTARCDE,LUAR KOTA,1300000,-535395,-41.18%,2,REGULAR,4:54:00,96720,211885,234
260224H076,HCI,24-Feb-2026,CDELC,BK8803MH,Pematangsiantar,Sumatera Utara,Solar,27.21,HUB,17,8.0,10,2,401000,785028,Sumatera,PEMATANGSIANTAR,CDE,Internal,SumateraPEMATANGSIANTARCDE,LUAR KOTA,1300000,-514972,-39.61%,2,REGULAR,6:30:00,193440,190588,230
260224X057,HCI,24-Feb-2026,CDELC,BK8806MH,Medan,Sumatera Utara,Solar,3.68,Other Delivery,2,7.2,10,2,30000,270374,Sumatera,MEDAN,CDE,Internal,SumateraMEDANCDE,DALAM KOTA,,,,2,REGULAR,0:12:00,145080,95294,36
260224H071,HCI,24-Feb-2026,CDELC,BK8192MQ,Pematangsiantar,Sumatera Utara,Solar,33.82,HUB,18,10.0,10,1,446000,851325,Sumatera,PEMATANGSIANTAR,CDE,Internal,SumateraPEMATANGSIANTARCDE,LUAR KOTA,1300000,-448675,-34.51%,2,REGULAR,3:11:00,193440,211885,231
260224C197,HCI,24-Feb-2026,CDELC,BK8172LM,Medan,Sumatera Utara,Solar,12.21,Customer,19,3.72,10,10,100000,638377,Sumatera,MEDAN,CDE,Internal,SumateraMEDANCDE,DALAM KOTA,,,,2,REGULAR,8:49:00,386880,151497,78
260224C209,HCI,24-Feb-2026,CDELC,BK8871MS,Medan,Sumatera Utara,Solar,14.71,Customer,12,6.13,10,8,100000,486880,Sumatera,MEDAN,CDE,Internal,SumateraMEDANCDE,DALAM KOTA,,,,2,NON REGULAR,6:12:00,386880,,99
260224C220,HCI,24-Feb-2026,CDELC,BK8022LM,Medan,Sumatera Utara,Solar,7.35,Customer,5,5.15,10,2,50000,318987,Sumatera,MEDAN,CDE,Internal,SumateraMEDANCDE,DALAM KOTA,,,,2,REGULAR,2:41:00,193440,75547,52
260224D105,AHI,24-Feb-2026,CDELC,BK8646MS,Medan,Sumatera Utara,Solar,3.24,Store,97,8.56,10,1,22000,264903,Sumatera,MEDAN,CDE,Internal,SumateraMEDANCDE,DALAM KOTA,,,,2,REGULAR,2:19:00,96720,146183,22
260224C213,HCI,24-Feb-2026,CDELC,BK8299MH,Medan,Sumatera Utara,Solar,6.62,Customer,5,6.77,10,5,50000,319189,Sumatera,MEDAN,CDE,Internal,SumateraMEDANCDE,DALAM KOTA,,,,2,REGULAR,3:24:00,193440,75749,50
260224C210,HCI,24-Feb-2026,CDELC,BK8099LM,Medan,Sumatera Utara,Solar,12.5,Customer,12,9.86,10,11,95000,657980,Sumatera,MEDAN,CDE,Internal,SumateraMEDANCDE,DALAM KOTA,,,,2,NON REGULAR,2:13:00,386880,176100,88
260224D110,FBI,24-Feb-2026,PICKUP,A8330VX,Medan,Sumatera Utara,Pertalite,3,Store,10,2.44,3,4,35000,264247,Sumatera,MEDAN,MINI VAN BOX,Internal,SumateraMEDANMINI VAN BOX,DALAM KOTA,,,,2,REGULAR,15:46:00,145080,84167,32
260225C173,HCI,25-Feb-2026,CDELC,BK8309MS,Medan,Sumatera Utara,Solar,7.35,Customer,18,6.46,10,9,55000,487977,Sumatera,MEDAN,CDE,Internal,SumateraMEDANCDE,DALAM KOTA,,,,2,REGULAR,4:32:00,290160,142817,48
260225C172,HCI,25-Feb-2026,CDELC,BK8135LM,Medan,Sumatera Utara,Solar,7.35,Customer,17,3.96,10,9,105000,643377,Sumatera,MEDAN,CDE,Internal,SumateraMEDANCDE,DALAM KOTA,,,,2,REGULAR,8:10:00,386880,151497,50
260225C171,HCI,25-Feb-2026,CDELC,BK8647MS,Medan,Sumatera Utara,Solar,5.88,Customer,11,6.29,10,8,60000,739247,Sumatera,MEDAN,CDE,Internal,SumateraMEDANCDE,DALAM KOTA,,,,2,REGULAR,8:19:00,386880,292367,40
260225C179,HCI,25-Feb-2026,CDELC,BK8871MS,Binjai,Sumatera Utara,Solar,18.09,Customer,5,2.17,10,4,126000,512880,Sumatera,BINJAI,CDE,Internal,SumateraBINJAICDE,DALAM KOTA,,,,2,REGULAR,7:18:00,386880,,141
260225C180,HCI,25-Feb-2026,CDELC,BK8804MH,Medan,Sumatera Utara,Solar,11.76,Customer,10,8.3,10,7,120000,600748,Sumatera,MEDAN,CDE,Internal,SumateraMEDANCDE,DALAM KOTA,,,,2,REGULAR,1:50:00,290160,190588,82
260225C181,HCI,25-Feb-2026,CDELC,BK8172LM,Medan,Sumatera Utara,Solar,12.5,Customer,5,3.69,10,5,100000,638377,Sumatera,MEDAN,CDE,Internal,SumateraMEDANCDE,DALAM KOTA,,,,2,REGULAR,6:36:00,386880,151497,82
260225C182,HCI,25-Feb-2026,CDELC,BK8806MH,Medan,Sumatera Utara,Solar,6.62,Customer,17,10.0,10,10,45000,333734,Sumatera,MEDAN,CDE,Internal,SumateraMEDANCDE,DALAM KOTA,,,,2,NON REGULAR,2:37:00,193440,95294,44
260225C183,HCI,25-Feb-2026,CDELC,BK8075MQ,Medan,Sumatera Utara,Solar,13.24,Customer,12,7.07,10,10,90000,688765,Sumatera,MEDAN,CDE,Internal,SumateraMEDANCDE,DALAM KOTA,,,,2,REGULAR,7:16:00,386880,211885,89
260225C186,HCI,25-Feb-2026,CDELC,BK8073MQ,Medan,Sumatera Utara,Solar,4.41,Customer,5,3.67,10,4,39000,241663,Sumatera,MEDAN,CDE,Internal,SumateraMEDANCDE,DALAM KOTA,,,,2,NON REGULAR,3:54:00,96720,105943,40
260225C187,HCI,25-Feb-2026,CDELC,BK8047MQ,Medan,Sumatera Utara,Solar,6.62,Customer,5,8.26,10,4,45000,441103,Sumatera,MEDAN,CDE,Internal,SumateraMEDANCDE,DALAM KOTA,,,,2,NON REGULAR,3:58:00,290160,105943,51
260225C189,HCI,25-Feb-2026,CDELC,BK8805MH,Deli Serdang,Sumatera Utara,Solar,23.53,Customer,7,8.0,10,6,242000,819468,Sumatera,DELI SERDANG,CDE,Internal,SumateraDELI SERDANGCDE,DALAM KOTA,,,,2,REGULAR,9:42:00,386880,190588,156
260225C193,HCI,25-Feb-2026,CDELC,BK8806MH,Medan,Sumatera Utara,Solar,5.88,Customer,2,8.8,10,2,40000,328734,Sumatera,MEDAN,CDE,Internal,SumateraMEDANCDE,DALAM KOTA,,,,2,REGULAR,2:21:00,193440,95294,49
260225C170,HCI,25-Feb-2026,CDELC,BK8646MS,Medan,Sumatera Utara,Solar,13.24,Customer,19,7.03,10,12,101500,780747,Sumatera,MEDAN,CDE,Internal,SumateraMEDANCDE,DALAM KOTA,,,,2,REGULAR,7:24:00,386880,292367,83
260225C273,HCI,25-Feb-2026,PICKUP,BK8633MS,Medan,Sumatera Utara,Pertalite,9.9,Customer,6,3.0,3,5,111500,527567,Sumatera,MEDAN,PICKUP,Internal,SumateraMEDANPICKUP,DALAM KOTA,,,,2,REGULAR,6:30:00,386880,29187,110
260225C278,HCI,25-Feb-2026,CDELC,BK8099LM,Medan,Sumatera Utara,Solar,5.74,Customer,1,0.59,10,1,39000,320490,Sumatera,MEDAN,CDE,Internal,SumateraMEDANCDE,DALAM KOTA,,,,2,REGULAR,-0:58:00,193440,88050,37
260225D107,AHI,25-Feb-2026,CDELC,BK8073MQ,Medan,Sumatera Utara,Solar,3.68,Store,40,7.48,10,1,25000,324383,Sumatera,MEDAN,CDE,Internal,SumateraMEDANCDE,DALAM KOTA,,,,2,REGULAR,4:13:00,193440,105943,29
260225D109,AHI,25-Feb-2026,CDELC,BK8031LM,Medan,Sumatera Utara,Solar,6.62,Store,21,10.0,10,3,60000,404534,Sumatera,MEDAN,CDE,Internal,SumateraMEDANCDE,DALAM KOTA,,,,2,REGULAR,4:11:00,193440,151094,37
260225D110,AHI,25-Feb-2026,PICKUP,BK8633MS,Medan,Sumatera Utara,Pertalite,8,Store,7,3.0,3,6,115500,338127,Sumatera,MEDAN,PICKUP,Internal,SumateraMEDANPICKUP,DALAM KOTA,,,,2,REGULAR,5:59:00,193440,29187,104
260225D112,AHI,25-Feb-2026,CDELC,BK8807MH,Medan,Sumatera Utara,Solar,7.35,Store,64,10.0,10,1,57000,441028,Sumatera,MEDAN,CDE,Internal,SumateraMEDANCDE,DALAM KOTA,,,,2,REGULAR,8:59:00,193440,190588,47
260225D113,HCI,25-Feb-2026,CDELC,BK8047MQ,Medan,Sumatera Utara,Solar,6.62,Store,50,10.0,10,2,63500,362883,Sumatera,MEDAN,CDE,Internal,SumateraMEDANCDE,DALAM KOTA,,,,2,REGULAR,1:02:00,193440,105943,43
260225D114,HCI,25-Feb-2026,CDELC,BK8309MS,Medan,Sumatera Utara,Solar,3.82,Store,30,9.73,10,1,26000,265537,Sumatera,MEDAN,CDE,Internal,SumateraMEDANCDE,DALAM KOTA,,,,2,REGULAR,0:02:00,96720,142817,22
260225D116,HCI,25-Feb-2026,CDELC,BK8146LM,Medan,Sumatera Utara,Solar,4.41,Store,24,7.98,10,1,30000,278217,Sumatera,MEDAN,CDE,Internal,SumateraMEDANCDE,DALAM KOTA,,,,2,REGULAR,3:19:00,96720,151497,18
260225C174,HCI,25-Feb-2026,CDELC,BK8191MQ,Medan,Sumatera Utara,Solar,8.82,Customer,25,9.99,10,13,85000,683765,Sumatera,MEDAN,CDE,Internal,SumateraMEDANCDE,DALAM KOTA,,,,2,REGULAR,8:26:00,386880,211885,69
260225C176,HCI,25-Feb-2026,CDELC,BK8099LM,Medan,Sumatera Utara,Solar,17.65,Customer,17,7.28,10,15,145000,619930,Sumatera,MEDAN,CDE,Internal,SumateraMEDANCDE,DALAM KOTA,,,,2,REGULAR,6:24:00,386880,88050,120
260225C238,HCI,25-Feb-2026,CDELC,BK8141LM,Medan,Sumatera Utara,Solar,17.21,Customer,3,9.1,10,3,132500,670474,Sumatera,MEDAN,CDE,Internal,SumateraMEDANCDE,DALAM KOTA,,,,2,REGULAR,9:16:00,386880,151094,117
260225D127,HCI,25-Feb-2026,CDELC,BK8112LM,Medan,Sumatera Utara,Solar,7.65,Store,8,10.0,10,3,68000,364174,Sumatera,MEDAN,CDE,Internal,SumateraMEDANCDE,DALAM KOTA,,,,2,REGULAR,4:56:00,145080,151094,60
260225C006,HCI,25-Feb-2026,CDELC,BK8022LM,Medan,Sumatera Utara,Solar,8.97,Customer,8,9.83,10,9,75000,612974,Sumatera,MEDAN,CDE,Internal,SumateraMEDANCDE,DALAM KOTA,,,,2,REGULAR,6:26:00,386880,151094,89
260225H051,HCI,25-Feb-2026,CDELC,BK8192MQ,Pematangsiantar,Sumatera Utara,Solar,28.68,HUB,13,7.19,10,4,398500,803825,Sumatera,PEMATANGSIANTAR,CDE,Internal,SumateraPEMATANGSIANTARCDE,LUAR KOTA,1300000,-496175,-38.17%,2,REGULAR,12:25:00,193440,211885,258
260225D120,FBI,25-Feb-2026,PICKUP,A8330VX,Medan,Sumatera Utara,Pertalite,6.3,Store,14,2.39,3,7,90000,367607,Sumatera,MEDAN,MINI VAN BOX,Internal,SumateraMEDANMINI VAN BOX,DALAM KOTA,,,,2,REGULAR,6:45:00,193440,84167,71
260225L116,HCI,25-Feb-2026,#N/A,BK8633MS,Medan,Sumatera Utara,#N/A,4.2,Store,6,4.0,4,5,67000,289627,Sumatera,MEDAN,,Internal,SumateraMEDAN,DALAM KOTA,,,,2,REGULAR,4:34:00,193440,29187,38
260225D119,FBI,25-Feb-2026,PICKUP,BK8136LM,Medan,Sumatera Utara,Pertalite,10.7,Store,13,2.48,3,4,156000,485995,Sumatera,MEDAN,MINI VAN BOX,Internal,SumateraMEDANMINI VAN BOX,DALAM KOTA,,,,2,REGULAR,7:57:00,241800,88195,116
260225D129,AHI,25-Feb-2026,CDELC,BK8299MH,Medan,Sumatera Utara,Solar,5.15,Store,71,10.0,10,2,35000,428297,Sumatera,MEDAN,CDE,Internal,SumateraMEDANCDE,DALAM KOTA,,,,2,REGULAR,1:48:00,241800,151497,35
260225L067,AHI,25-Feb-2026,CDELC,BK8074MQ,Pematangsiantar,Sumatera Utara,Solar,33.82,Store,65,8.48,10,3,449000,854325,Sumatera,PEMATANGSIANTAR,CDE,Internal,SumateraPEMATANGSIANTARCDE,LUAR KOTA,1300000,-445675,-34.28%,2,REGULAR,7:24:00,193440,211885,233
260225D121,KLS,25-Feb-2026,CDELC,BK8009MI,Medan,Sumatera Utara,Solar,5.15,Store,12,7.1,10,1,35000,331577,Sumatera,MEDAN,CDE,Internal,SumateraMEDANCDE,DALAM KOTA,,,,2,REGULAR,2:59:00,145080,151497,31
260226C174,HCI,26-Feb-2026,CDELC,BK8073MQ,Medan,Sumatera Utara,Solar,10.29,Customer,7,9.56,10,3,75000,577045,Sumatera,MEDAN,CDE,Internal,SumateraMEDANCDE,DALAM KOTA,,,,2,REGULAR,2:56:00,290160,211885,71
260226C176,HCI,26-Feb-2026,CDELC,BK8099LM,Medan,Sumatera Utara,Solar,14.71,Customer,8,6.06,10,8,122500,395320,Sumatera,MEDAN,CDE,Internal,SumateraMEDANCDE,DALAM KOTA,,,,2,REGULAR,4:57:13,96720,176100,96
260226C179,HCI,26-Feb-2026,CDELC,BK8807MH,Binjai,Sumatera Utara,Solar,16.91,Customer,12,5.58,10,10,162500,739968,Sumatera,BINJAI,CDE,Internal,SumateraBINJAICDE,DALAM KOTA,,,,2,REGULAR,4:54:39,386880,190588,143
260226C182,HCI,26-Feb-2026,CDELC,BK8647MS,Medan,Sumatera Utara,Solar,10.29,Customer,11,6.12,10,8,75000,754247,Sumatera,MEDAN,CDE,Internal,SumateraMEDANCDE,DALAM KOTA,,,,2,REGULAR,7:29:00,386880,292367,62
260226C183,HCI,26-Feb-2026,CDELC,BK8309MS,Medan,Sumatera Utara,Solar,14.41,Customer,18,10.0,10,11,103000,775513,Sumatera,MEDAN,CDE,Internal,SumateraMEDANCDE,DALAM KOTA,,,,2,REGULAR,8:43:43,386880,285633,88
260226C185,HCI,26-Feb-2026,CDELC,BK8135LM,Medan,Sumatera Utara,Solar,5.88,Customer,9,5.17,10,8,48000,296217,Sumatera,MEDAN,CDE,Internal,SumateraMEDANCDE,DALAM KOTA,,,,2,REGULAR,4:31:07,96720,151497,71
260226C186,HCI,26-Feb-2026,CDELC,BK8804MH,Medan,Sumatera Utara,Solar,22.06,Customer,8,3.12,10,5,259500,546808,Sumatera,MEDAN,CDE,Internal,SumateraMEDANCDE,DALAM KOTA,,,,2,REGULAR,6:01:00,96720,190588,176
260226C189,HCI,26-Feb-2026,PICKUP,BK8633MS,Medan,Sumatera Utara,Pertalite,9.3,Customer,5,2.75,3,5,144500,618941,Sumatera,MEDAN,PICKUP,Internal,SumateraMEDANPICKUP,DALAM KOTA,,,,2,REGULAR,6:50:45,386880,87561,92
260226C173,HCI,26-Feb-2026,CDELC,BK8805MH,Medan,Sumatera Utara,Solar,11.76,Customer,18,10.0,10,10,80000,657468,Sumatera,MEDAN,CDE,Internal,SumateraMEDANCDE,DALAM KOTA,,,,2,REGULAR,8:19:00,386880,190588,90
260226C172,HCI,26-Feb-2026,CDELC,BK8871MS,Medan,Sumatera Utara,Solar,15.44,Customer,20,9.44,10,14,130000,516880,Sumatera,MEDAN,CDE,Internal,SumateraMEDANCDE,DALAM KOTA,,,,2,REGULAR,7:30:00,386880,,101
260226C193,HCI,26-Feb-2026,PICKUP,BK8696MS,Medan,Sumatera Utara,Pertalite,8.1,Customer,3,3.0,3,4,87000,574413,Sumatera,MEDAN,PICKUP,Internal,SumateraMEDANPICKUP,DALAM KOTA,,,,2,REGULAR,6:27:00,386880,100533,86
260226D128,AHI,26-Feb-2026,CDELC,BK8299MH,Medan,Sumatera Utara,Solar,4.41,Store,34,10.0,10,1,30000,202469,Sumatera,MEDAN,CDE,Internal,SumateraMEDANCDE,DALAM KOTA,,,,2,REGULAR,2:42:00,96720,75749,36
260226D131,AHI,26-Feb-2026,CDELC,BK8192MQ,Medan,Sumatera Utara,Solar,6.62,Store,49,10.0,10,2,45000,450325,Sumatera,MEDAN,CDE,Internal,SumateraMEDANCDE,DALAM KOTA,,,,2,REGULAR,8:15:00,193440,211885,41
260226D133,AHI,26-Feb-2026,CDELC,BK8191MQ,Medan,Sumatera Utara,Solar,5.15,Store,51,8.76,10,2,60000,465325,Sumatera,MEDAN,CDE,Internal,SumateraMEDANCDE,DALAM KOTA,,,,2,REGULAR,2:04:00,193440,211885,35
260226D135,AHI,26-Feb-2026,CDELC,BK8022LM,Medan,Sumatera Utara,Solar,7.35,Store,40,10.0,10,2,65000,409534,Sumatera,MEDAN,CDE,Internal,SumateraMEDANCDE,DALAM KOTA,,,,2,REGULAR,6:05:00,193440,151094,49
260226C171,HCI,26-Feb-2026,CDELC,BK8172LM,Medan,Sumatera Utara,Solar,9.56,Customer,12,2.27,10,9,95000,439937,Sumatera,MEDAN,CDE,Internal,SumateraMEDANCDE,DALAM KOTA,,,,2,REGULAR,6:06:00,193440,151497,62
260226D137,AHI,26-Feb-2026,FUSO,BK8815MG,Medan,Sumatera Utara,Solar,16.91,Store,77,31.57,34,2,311500,681919,Sumatera,MEDAN,FUSO,Internal,SumateraMEDANFUSO,DALAM KOTA,,,,2,REGULAR,6:14:00,193440,176979,67
260226C170,HCI,26-Feb-2026,CDELC,BK8146LM,Medan,Sumatera Utara,Solar,10.59,Customer,11,9.6,10,8,79000,423937,Sumatera,MEDAN,CDE,Internal,SumateraMEDANCDE,DALAM KOTA,,,,2,REGULAR,5:44:00,193440,151497,65
260226D143,AHI,26-Feb-2026,CDELC,BK8009MI,Medan,Sumatera Utara,Solar,5.15,Store,53,10.0,10,1,35000,283217,Sumatera,MEDAN,CDE,Internal,SumateraMEDANCDE,DALAM KOTA,,,,2,REGULAR,1:04:00,96720,151497,37
260226D150,HCI,26-Feb-2026,CDELC,BK8112LM,Medan,Sumatera Utara,Solar,6.32,Store,33,9.42,10,1,52500,397034,Sumatera,MEDAN,CDE,Internal,SumateraMEDANCDE,DALAM KOTA,,,,2,REGULAR,8:43:00,193440,151094,54
260226D152,HCI,26-Feb-2026,CDELC,BK8075MQ,Medan,Sumatera Utara,Solar,3.68,Store,36,9.25,10,1,25000,430325,Sumatera,MEDAN,CDE,Internal,SumateraMEDANCDE,DALAM KOTA,,,,2,REGULAR,2:03:00,193440,211885,24
260226D153,HCI,26-Feb-2026,CDELC,BK8806MH,Medan,Sumatera Utara,Solar,7.35,Store,30,8.09,10,1,65000,255588,Sumatera,MEDAN,CDE,Internal,SumateraMEDANCDE,DALAM KOTA,,,,2,REGULAR,1:33:00,0,190588,49
260226D154,HCI,26-Feb-2026,CDELC,BK8047MQ,Medan,Sumatera Utara,Solar,2.65,Store,28,10.0,10,1,18000,423325,Sumatera,MEDAN,CDE,Internal,SumateraMEDANCDE,DALAM KOTA,,,,2,REGULAR,7:15:00,193440,211885,40
260226C253,HCI,26-Feb-2026,CDELC,BK8299MH,Medan,Sumatera Utara,Solar,7.35,Customer,3,7.39,10,3,69000,531629,Sumatera,MEDAN,CDE,Internal,SumateraMEDANCDE,DALAM KOTA,,,,2,REGULAR,4:57:00,386880,75749,48
260226D142,AHI,26-Feb-2026,CDELC,BK8074MQ,Medan,Sumatera Utara,Solar,4.41,Store,32,9.64,10,1,45000,353605,Sumatera,MEDAN,CDE,Internal,SumateraMEDANCDE,DALAM KOTA,,,,2,REGULAR,5:46:00,96720,211885,35
260226H065,HCI,26-Feb-2026,CDELC,BK8646MS,Pematangsiantar,Sumatera Utara,Solar,29.41,HUB,14,8.86,10,1,416000,901807,Sumatera,PEMATANGSIANTAR,CDE,Internal,SumateraPEMATANGSIANTARCDE,LUAR KOTA,1300000,-398193,-30.63%,2,REGULAR,17:27:00,193440,292367,222
260226C250,KLS,26-Feb-2026,CDELC,BK8141LM,Medan,Sumatera Utara,Solar,12.5,Customer,6,8.8,10,6,101500,639474,Sumatera,MEDAN,CDE,Internal,SumateraMEDANCDE,DALAM KOTA,,,,2,REGULAR,2:33:00,386880,151094,81
260226D157,FBI,26-Feb-2026,PICKUP,A8330VX,Medan,Sumatera Utara,Pertalite,6.7,Store,4,2.46,3,3,79000,453327,Sumatera,MEDAN,MINI VAN BOX,Internal,SumateraMEDANMINI VAN BOX,DALAM KOTA,,,,2,REGULAR,3:22:00,290160,84167,67
260226D156,FBI,26-Feb-2026,PICKUP,BK8136LM,Medan,Sumatera Utara,Pertalite,3,Store,5,2.51,3,3,35000,316635,Sumatera,MEDAN,MINI VAN BOX,Internal,SumateraMEDANMINI VAN BOX,DALAM KOTA,,,,2,REGULAR,3:11:00,193440,88195,33
260227C184,HCI,27-Feb-2026,CDELC,BK8075MQ,Medan,Sumatera Utara,Solar,18.38,Customer,17,10.0,10,11,169000,767765,Sumatera,MEDAN,CDE,Internal,SumateraMEDANCDE,DALAM KOTA,,,,2,REGULAR,8:21:00,386880,211885,117
260227H062,HCI,27-Feb-2026,CDELC,BK8022LM,Pematangsiantar,Sumatera Utara,Solar,27.06,HUB,9,10.0,10,1,400000,744534,Sumatera,PEMATANGSIANTAR,CDE,Internal,SumateraPEMATANGSIANTARCDE,LUAR KOTA,1300000,-555466,-42.73%,2,REGULAR,5:45:00,193440,151094,236
260227C192,HCI,27-Feb-2026,PICKUP,BK8633MS,Medan,Sumatera Utara,Pertalite,4.5,Customer,3,1.83,3,2,59500,340501,Sumatera,MEDAN,PICKUP,Internal,SumateraMEDANPICKUP,DALAM KOTA,,,,2,REGULAR,3:22:00,193440,87561,43
260227C177,HCI,27-Feb-2026,CDELC,BK8009MI,Medan,Sumatera Utara,Solar,5.88,Customer,21,7.54,10,9,60000,404937,Sumatera,MEDAN,CDE,Internal,SumateraMEDANCDE,DALAM KOTA,,,,2,REGULAR,2:20:00,193440,151497,38
260227C178,HCI,27-Feb-2026,CDELC,BK8805MH,Medan,Sumatera Utara,Solar,7.35,Customer,15,6.15,10,9,55000,535748,Sumatera,MEDAN,CDE,Internal,SumateraMEDANCDE,DALAM KOTA,,,,2,REGULAR,5:41:00,290160,190588,64
260227D136,FBI,27-Feb-2026,PICKUP,BK8136LM,Medan,Sumatera Utara,Pertalite,4.5,Store,7,3.0,3,5,50000,234915,Sumatera,MEDAN,MINI VAN BOX,Internal,SumateraMEDANMINI VAN BOX,DALAM KOTA,,,,2,REGULAR,3:32:00,96720,88195,46
260227D132,HCI,27-Feb-2026,CDELC,BK8309MS,Medan,Sumatera Utara,Solar,6.62,Store,21,10.0,10,2,71000,550073,Sumatera,MEDAN,CDE,Internal,SumateraMEDANCDE,DALAM KOTA,,,,2,REGULAR,4:42:00,193440,285633,52
260227C186,HCI,27-Feb-2026,#N/A,BK8299MH,Medan,Sumatera Utara,#N/A,6.62,Customer,6,8.59,10,5,45000,314189,Sumatera,MEDAN,,Internal,SumateraMEDAN,DALAM KOTA,,,,2,REGULAR,5:38:00,193440,75749,51
260227C200,HCI,27-Feb-2026,CDELC,BK8813MG,Medan,Sumatera Utara,Solar,3.53,Customer,2,9.2,10,2,30000,371434,Sumatera,MEDAN,CDE,Internal,SumateraMEDANCDE,DALAM KOTA,,,,2,REGULAR,1105937:15:00,193440,147994,28
260227D125,AHI,27-Feb-2026,CDELC,BK8192MQ,Medan,Sumatera Utara,Solar,7.79,Store,34,9.83,10,5,78000,483325,Sumatera,MEDAN,CDE,Internal,SumateraMEDANCDE,DALAM KOTA,,,,2,REGULAR,8:11:00,193440,211885,47
260227C174,HCI,27-Feb-2026,CDELC,BK8647MS,Medan,Sumatera Utara,Solar,12.21,Customer,15,6.31,10,11,102500,781747,Sumatera,MEDAN,CDE,Internal,SumateraMEDANCDE,DALAM KOTA,,,,2,REGULAR,7:58:00,386880,292367,74
260227H065,HCI,27-Feb-2026,CDELC,BK8074MQ,Pematangsiantar,Sumatera Utara,Solar,30.15,HUB,25,9.77,10,1,421000,923045,Sumatera,PEMATANGSIANTAR,CDE,Internal,SumateraPEMATANGSIANTARCDE,LUAR KOTA,1300000,-376955,-29.00%,2,REGULAR,8:06:00,290160,211885,234
260227D124,AHI,27-Feb-2026,CDELC,BK8646MS,Medan,Sumatera Utara,Solar,2.21,Store,56,10.0,10,2,15000,257903,Sumatera,MEDAN,CDE,Internal,SumateraMEDANCDE,DALAM KOTA,,,,2,REGULAR,2:58:00,96720,146183,22
260227C188,HCI,27-Feb-2026,CDELC,BK8135LM,Medan,Sumatera Utara,Solar,13.97,Customer,11,5.46,10,11,106500,644877,Sumatera,MEDAN,CDE,Internal,SumateraMEDANCDE,DALAM KOTA,,,,2,REGULAR,9:13:00,386880,151497,97
260227C183,HCI,27-Feb-2026,CDELC,BK8191MQ,Langkat,Sumatera Utara,Solar,24.26,Customer,8,10.0,10,5,268500,867265,Sumatera,LANGKAT,CDE,Internal,SumateraLANGKATCDE,DALAM KOTA,,,,2,REGULAR,6:04:00,386880,211885,209
260227C185,HCI,27-Feb-2026,CDELC,BK8807MH,Medan,Sumatera Utara,Solar,14.71,Customer,20,5.48,10,14,104000,584748,Sumatera,MEDAN,CDE,Internal,SumateraMEDANCDE,DALAM KOTA,,,,2,REGULAR,9:17:00,290160,190588,106
260227C202,HCI,27-Feb-2026,CDELC,BK8112LM,Medan,Sumatera Utara,Solar,13.97,Customer,12,6.86,10,10,115500,653474,Sumatera,MEDAN,CDE,Internal,SumateraMEDANCDE,DALAM KOTA,,,,2,REGULAR,6:10:00,386880,151094,86
260227C182,HCI,27-Feb-2026,CDELC,BK8146LM,Medan,Sumatera Utara,Solar,9.71,Customer,10,5.23,10,9,96000,537657,Sumatera,MEDAN,CDE,Internal,SumateraMEDANCDE,DALAM KOTA,,,,2,REGULAR,3:34:00,290160,151497,66
260227C176,HCI,27-Feb-2026,CDELC,BK8172LM,Medan,Sumatera Utara,Solar,8.09,Customer,24,7.03,10,10,95000,633377,Sumatera,MEDAN,CDE,Internal,SumateraMEDANCDE,DALAM KOTA,,,,2,REGULAR,7:27:00,386880,151497,52
260227C190,HCI,27-Feb-2026,CDELC,BK8073MQ,Deli Serdang,Sumatera Utara,Solar,7.65,Customer,8,9.48,10,6,61000,659765,Sumatera,DELI SERDANG,CDE,Internal,SumateraDELI SERDANGCDE,DALAM KOTA,,,,2,REGULAR,5:57:00,386880,211885,69
260227D126,AHI,27-Feb-2026,CDELC,BK8031LM,Medan,Sumatera Utara,Solar,6.62,Store,50,10.0,10,1,52000,396534,Sumatera,MEDAN,CDE,Internal,SumateraMEDANCDE,DALAM KOTA,,,,2,REGULAR,4:27:00,193440,151094,39
260227C203,HCI,27-Feb-2026,CDELC,BK8299MH,Medan,Sumatera Utara,Solar,7.35,Customer,7,7.11,10,3,65500,431409,Sumatera,MEDAN,CDE,Internal,SumateraMEDANCDE,DALAM KOTA,,,,2,NON REGULAR,2:30:00,290160,75749,51
260227C181,HCI,27-Feb-2026,CDELC,BK8806MH,Medan,Sumatera Utara,Solar,20.59,Customer,12,10.0,10,8,151000,535028,Sumatera,MEDAN,CDE,Internal,SumateraMEDANCDE,DALAM KOTA,,,,2,REGULAR,7:09:00,193440,190588,162
260227C187,HCI,27-Feb-2026,CDELC,BK8646MS,Medan,Sumatera Utara,Solar,7.35,Customer,14,7.35,10,9,59000,592063,Sumatera,MEDAN,CDE,Internal,SumateraMEDANCDE,DALAM KOTA,,,,2,NON REGULAR,5:37:00,386880,146183,47
260227C199,HCI,27-Feb-2026,PICKUP,BK8696MS,Medan,Sumatera Utara,Pertalite,11.6,Customer,5,3.0,3,4,180000,667413,Sumatera,MEDAN,PICKUP,Internal,SumateraMEDANPICKUP,DALAM KOTA,,,,2,REGULAR,9:04:00,386880,100533,135
260227D135,FBI,27-Feb-2026,PICKUP,A8330VX,Medan,Sumatera Utara,Pertalite,8,Store,9,2.61,3,4,120500,494827,Sumatera,MEDAN,MINI VAN BOX,Internal,SumateraMEDANMINI VAN BOX,DALAM KOTA,,,,2,REGULAR,7:03:00,290160,84167,106
260227C189,HCI,27-Feb-2026,CDELC,BK8871MS,Medan,Sumatera Utara,Solar,5.15,Customer,10,8.95,10,5,35000,228440,Sumatera,MEDAN,CDE,Internal,SumateraMEDANCDE,DALAM KOTA,,,,2,REGULAR,2:47:00,193440,,38
260227D141,AHI,27-Feb-2026,CDELC,BK8804MH,Deli Serdang,Sumatera Utara,Solar,6.62,Store,23,9.31,10,1,48500,432528,Sumatera,DELI SERDANG,CDE,Internal,SumateraDELI SERDANGCDE,DALAM KOTA,,,,2,REGULAR,12:47:00,193440,190588,53
260227C201,HCI,27-Feb-2026,CDELC,BK8141LM,Medan,Sumatera Utara,Solar,8.09,Customer,9,1.84,10,7,65000,409534,Sumatera,MEDAN,CDE,Internal,SumateraMEDANCDE,DALAM KOTA,,,,2,REGULAR,2:40:00,193440,151094,51
260227C179,HCI,27-Feb-2026,CDELC,BK8099LM,Medan,Sumatera Utara,Solar,7.35,Customer,19,8.07,10,9,60000,622980,Sumatera,MEDAN,CDE,Internal,SumateraMEDANCDE,DALAM KOTA,,,,2,REGULAR,6:59:00,386880,176100,46
260228C184,HCI,28-Feb-2026,CDELC,BK8031LM,Medan,Sumatera Utara,Solar,11.03,Customer,18,6.46,10,10,90000,627974,Sumatera,MEDAN,CDE,Internal,SumateraMEDANCDE,DALAM KOTA,,,,2,REGULAR,6:44:00,386880,151094,76
260228C185,HCI,28-Feb-2026,CDELC,BK8073MQ,Medan,Sumatera Utara,Solar,12.5,Customer,8,3.65,10,9,104000,702765,Sumatera,MEDAN,CDE,Internal,SumateraMEDANCDE,DALAM KOTA,,,,2,REGULAR,7:38:00,386880,211885,108
260228C186,HCI,28-Feb-2026,CDELC,BK8647MS,Medan,Sumatera Utara,Solar,13.97,Customer,13,9.59,10,11,95000,774247,Sumatera,MEDAN,CDE,Internal,SumateraMEDANCDE,DALAM KOTA,,,,2,REGULAR,7:37:00,386880,292367,85
260228C187,HCI,28-Feb-2026,CDELC,BK8806MH,Medan,Sumatera Utara,Solar,6.62,Customer,3,4.65,10,3,60000,444028,Sumatera,MEDAN,CDE,Internal,SumateraMEDANCDE,DALAM KOTA,,,,2,REGULAR,4:52:00,193440,190588,42
260228C188,HCI,28-Feb-2026,CDELC,BK8146LM,Medan,Sumatera Utara,Solar,12.5,Customer,9,3.99,10,5,90000,434937,Sumatera,MEDAN,CDE,Internal,SumateraMEDANCDE,DALAM KOTA,,,,2,REGULAR,6:16:00,193440,151497,73
260228C190,HCI,28-Feb-2026,CDELC,BK8646MS,Medan,Sumatera Utara,Solar,11.76,Customer,11,8.08,10,8,80000,759247,Sumatera,MEDAN,CDE,Internal,SumateraMEDANCDE,DALAM KOTA,,,,2,REGULAR,7:11:00,386880,292367,75
260228C193,HCI,28-Feb-2026,CDELC,BK8299MH,Medan,Sumatera Utara,Solar,19.85,Customer,26,7.43,10,15,145000,683377,Sumatera,MEDAN,CDE,Internal,SumateraMEDANCDE,DALAM KOTA,,,,2,REGULAR,9:57:00,386880,151497,119
260228C194,HCI,28-Feb-2026,CDELC,BK8135LM,Medan,Sumatera Utara,Solar,13.97,Customer,10,3.95,10,10,129000,667377,Sumatera,MEDAN,CDE,Internal,SumateraMEDANCDE,DALAM KOTA,,,,2,REGULAR,7:03:00,386880,151497,98
260228C195,HCI,28-Feb-2026,CDELC,BK8804MH,Medan,Sumatera Utara,Solar,13.24,Customer,17,9.55,10,13,99000,676468,Sumatera,MEDAN,CDE,Internal,SumateraMEDANCDE,DALAM KOTA,,,,2,REGULAR,8:21:00,386880,190588,98
260228C196,HCI,28-Feb-2026,PICKUP,BK8696MS,Medan,Sumatera Utara,Pertalite,10,Customer,4,1.47,3,5,137000,624413,Sumatera,MEDAN,PICKUP,Internal,SumateraMEDANPICKUP,DALAM KOTA,,,,2,REGULAR,5:50:00,386880,100533,96
260228C198,HCI,28-Feb-2026,PICKUP,BK8633MS,Medan,Sumatera Utara,Pertalite,3.6,Customer,2,2.25,3,2,51000,525441,Sumatera,MEDAN,PICKUP,Internal,SumateraMEDANPICKUP,DALAM KOTA,,,,2,REGULAR,3:25:00,386880,87561,36
260228C183,HCI,28-Feb-2026,CDELC,BK8871MS,Medan,Sumatera Utara,Solar,9.26,Customer,15,5.52,10,6,63000,353160,Sumatera,MEDAN,CDE,Internal,SumateraMEDANCDE,DALAM KOTA,,,,2,REGULAR,5:04:00,290160,,56
260228C181,HCI,28-Feb-2026,CDELC,BK8141LM,Medan,Sumatera Utara,Solar,8.82,Customer,16,3.92,10,9,70000,607974,Sumatera,MEDAN,CDE,Internal,SumateraMEDANCDE,DALAM KOTA,,,,2,REGULAR,6:50:00,386880,151094,53
260228D097,HCI,28-Feb-2026,CDELC,BK8192MQ,Medan,Sumatera Utara,Solar,6.18,Store,14,8.89,10,2,47000,452325,Sumatera,MEDAN,CDE,Internal,SumateraMEDANCDE,DALAM KOTA,,,,2,REGULAR,7:20:00,193440,211885,39
260228D104,HCI,28-Feb-2026,CDELC,BK8191MQ,Medan,Sumatera Utara,Solar,5.15,Store,33,9.42,10,2,66000,471325,Sumatera,MEDAN,CDE,Internal,SumateraMEDANCDE,DALAM KOTA,,,,2,REGULAR,8:38:00,193440,211885,41
260228C280,HCI,28-Feb-2026,CDELC,BK8805MH,Medan,Sumatera Utara,Solar,10.29,Customer,2,3.02,10,3,90000,570748,Sumatera,MEDAN,CDE,Internal,SumateraMEDANCDE,DALAM KOTA,,,,2,REGULAR,4:06:00,290160,190588,70
260228D117,HCI,28-Feb-2026,CDELC,BK8075MQ,Medan,Sumatera Utara,Solar,7.35,Store,19,8.56,10,1,65000,567045,Sumatera,MEDAN,CDE,Internal,SumateraMEDANCDE,DALAM KOTA,,,,2,REGULAR,7:43:00,290160,211885,28
260228C179,HCI,28-Feb-2026,CDELC,BK8009MI,Medan,Sumatera Utara,Solar,8.24,Customer,14,4.39,10,10,83000,621377,Sumatera,MEDAN,CDE,Internal,SumateraMEDANCDE,DALAM KOTA,,,,2,REGULAR,8:52:00,386880,151497,53
260228C178,HCI,28-Feb-2026,CDELC,BK8172LM,Medan,Sumatera Utara,Solar,14.12,Customer,22,6.3,10,15,109500,647877,Sumatera,MEDAN,CDE,Internal,SumateraMEDANCDE,DALAM KOTA,,,,2,REGULAR,5:53:00,386880,151497,90
260228H060,HCI,28-Feb-2026,CDELC,BK8807MH,Pematangsiantar,Sumatera Utara,Solar,32.35,HUB,17,8.02,10,2,436000,723308,Sumatera,PEMATANGSIANTAR,CDE,Internal,SumateraPEMATANGSIANTARCDE,LUAR KOTA,1300000,-576692,-44.36%,2,REGULAR,5:36:00,96720,190588,236
260228H062,HCI,28-Feb-2026,CDELC,BK8074MQ,Pematangsiantar,Sumatera Utara,Solar,30.15,HUB,3,8.1,10,2,421000,826325,Sumatera,PEMATANGSIANTAR,CDE,Internal,SumateraPEMATANGSIANTARCDE,LUAR KOTA,1300000,-473675,-36.44%,2,REGULAR,5:05:00,193440,211885,226
260228X052,HCI,28-Feb-2026,CDELC,BK8309MS,Medan,Sumatera Utara,Solar,2.21,Other Delivery,21,8.5,10,1,15000,494073,Sumatera,MEDAN,CDE,Internal,SumateraMEDANCDE,DALAM KOTA,,,,2,REGULAR,4:26:00,193440,285633,12
260228D112,FBI,28-Feb-2026,PICKUP,BK8136LM,Medan,Sumatera Utara,Pertalite,7.45,Store,8,1.95,3,4,86500,464855,Sumatera,MEDAN,MINI VAN BOX,Internal,SumateraMEDANMINI VAN BOX,DALAM KOTA,,,,2,REGULAR,3:45:00,290160,88195,68
260228D111,FBI,28-Feb-2026,PICKUP,A8330VX,Medan,Sumatera Utara,Pertalite,3.5,Store,4,2.4,3,3,40000,220887,Sumatera,MEDAN,MINI VAN BOX,Internal,SumateraMEDANMINI VAN BOX,DALAM KOTA,,,,2,REGULAR,2:23:00,96720,84167,30
260301D044,HCI,1-Mar-2026,CDELC,BK8022LM,Medan,Sumatera Utara,Solar,4.41,Store,25,8.58,10,1,60000,404534,Sumatera,MEDAN,CDE,Internal,SumateraMEDANCDE,DALAM KOTA,,,,3,REGULAR,7:41:00,193440,151094,34
260301H049,HCI,1-Mar-2026,CDELC,BK8074MQ,Pematangsiantar,Sumatera Utara,Solar,32.35,HUB,19,5.87,10,2,442500,847825,Sumatera,PEMATANGSIANTAR,CDE,Internal,SumateraPEMATANGSIANTARCDE,LUAR KOTA,1300000,-452175,-34.78%,3,REGULAR,5:17:00,193440,211885,267
260301C130,HCI,1-Mar-2026,CDELC,BK8146LM,Medan,Sumatera Utara,Solar,8.09,Customer,10,4.34,10,7,60000,501657,Sumatera,MEDAN,CDE,Internal,SumateraMEDANCDE,DALAM KOTA,,,,3,REGULAR,7:17:00,290160,151497,57
260301X038,HCI,1-Mar-2026,CDELC,BK8803MH,Medan,Sumatera Utara,Solar,4.71,Other Delivery,22,8.0,10,1,32000,416028,Sumatera,MEDAN,CDE,Internal,SumateraMEDANCDE,DALAM KOTA,,,,3,REGULAR,0:04:00,193440,190588,27
260301C124,HCI,1-Mar-2026,CDELC,BK8099LM,Medan,Sumatera Utara,Solar,10,Customer,23,8.5,10,11,80500,643480,Sumatera,MEDAN,CDE,Internal,SumateraMEDANCDE,DALAM KOTA,,,,3,REGULAR,8:11:00,386880,176100,63
260301C189,HCI,1-Mar-2026,CDELC,BK8806MH,Medan,Sumatera Utara,Solar,6.62,Customer,1,3.22,10,1,55000,439028,Sumatera,MEDAN,CDE,Internal,SumateraMEDANCDE,DALAM KOTA,,,,3,REGULAR,7:00:00,193440,190588,41
260301C136,HCI,1-Mar-2026,CDELC,BK8191MQ,Medan,Sumatera Utara,Solar,11.76,Customer,7,4.21,10,7,85000,683765,Sumatera,MEDAN,CDE,Internal,SumateraMEDANCDE,DALAM KOTA,,,,3,REGULAR,7:56:00,386880,211885,49
260301C135,HCI,1-Mar-2026,CDELC,BK8075MQ,Medan,Sumatera Utara,Solar,11.03,Customer,11,8.97,10,6,75000,673765,Sumatera,MEDAN,CDE,Internal,SumateraMEDANCDE,DALAM KOTA,,,,3,REGULAR,4:06:00,386880,211885,78
260301C131,HCI,1-Mar-2026,CDELC,BK8135LM,Medan,Sumatera Utara,Solar,10.74,Customer,7,2.58,10,6,81000,425937,Sumatera,MEDAN,CDE,Internal,SumateraMEDANCDE,DALAM KOTA,,,,3,REGULAR,5:29:00,193440,151497,98
260301C126,HCI,1-Mar-2026,CDELC,BK8309MS,Medan,Sumatera Utara,Solar,10.29,Customer,17,5.83,10,10,99500,675293,Sumatera,MEDAN,CDE,Internal,SumateraMEDANCDE,DALAM KOTA,,,,3,REGULAR,7:31:00,290160,285633,71
260301C145,HCI,1-Mar-2026,PICKUP,BK8633MS,Medan,Sumatera Utara,Pertalite,11.7,Customer,5,3.0,3,5,149500,623941,Sumatera,MEDAN,PICKUP,Internal,SumateraMEDANPICKUP,DALAM KOTA,,,,3,REGULAR,9:23:00,386880,87561,135
260301C137,HCI,1-Mar-2026,CDELC,BK8804MH,Medan,Sumatera Utara,Solar,10.29,Customer,12,7.53,10,8,74500,555248,Sumatera,MEDAN,CDE,Internal,SumateraMEDANCDE,DALAM KOTA,,,,3,REGULAR,7:48:00,290160,190588,76
260301C132,HCI,1-Mar-2026,CDELC,BK8172LM,Medan,Sumatera Utara,Solar,18.38,Customer,13,6.26,10,10,145000,683377,Sumatera,MEDAN,CDE,Internal,SumateraMEDANCDE,DALAM KOTA,,,,3,REGULAR,11:05:00,386880,151497,127
260301H058,HCI,1-Mar-2026,CDELC,BK8192MQ,Pematangsiantar,Sumatera Utara,Solar,29.41,HUB,3,3.87,10,1,420000,825325,Sumatera,PEMATANGSIANTAR,CDE,Internal,SumateraPEMATANGSIANTARCDE,LUAR KOTA,1300000,-474675,-36.51%,3,REGULAR,2:26:00,193440,211885,251
260301C202,AHI,1-Mar-2026,CDELC,BK8009MI,Medan,Sumatera Utara,Solar,5.15,Customer,1,8.0,10,1,35000,476657,Sumatera,MEDAN,CDE,Internal,SumateraMEDANCDE,DALAM KOTA,,,,3,REGULAR,2:58:00,290160,151497,32
260301C133,HCI,1-Mar-2026,PICKUP,A8330VX,Binjai,Sumatera Utara,Pertalite,7,Customer,6,2.26,3,4,95000,372607,Sumatera,BINJAI,MINI VAN BOX,Internal,SumateraBINJAIMINI VAN BOX,DALAM KOTA,,,,3,REGULAR,5:09:00,193440,84167,81
260301H065,HCI,1-Mar-2026,FUSO,BK8815MG,Pekanbaru,Riau,Solar,268,HUB,1,0.28,34,1,2381000,3508718,Sumatera,PEKANBARU,FUSO,Internal,SumateraPEKANBARUFUSO,LUAR KOTA,6300000,-2791282,-44.31%,3,REGULAR,8:59:00,773760,353958,1312
260301C128,HCI,1-Mar-2026,CDELC,BK8807MH,Medan,Sumatera Utara,Solar,10,Customer,15,3.31,10,11,68000,645468,Sumatera,MEDAN,CDE,Internal,SumateraMEDANCDE,DALAM KOTA,,,,3,REGULAR,7:53:00,386880,190588,61
260302C229,HCI,2-Mar-2026,CDELC,BK8807MH,Medan,Sumatera Utara,Solar,22.06,Customer,12,4.95,10,12,230500,807968,Sumatera,MEDAN,CDE,Internal,SumateraMEDANCDE,DALAM KOTA,,,,3,REGULAR,7:25:00,386880,190588,156
260302C222,HCI,2-Mar-2026,CDELC,BK8806MH,Medan,Sumatera Utara,Solar,8.38,Customer,24,6.07,10,11,97000,481028,Sumatera,MEDAN,CDE,Internal,SumateraMEDANCDE,DALAM KOTA,,,,3,REGULAR,23:08:00,193440,190588,50
260302C343,HCI,2-Mar-2026,CDELC,BK8871MS,Medan,Sumatera Utara,Solar,2.94,Customer,1,0.28,11,1,29500,222940,Sumatera,MEDAN,CDE LONG CHASSIS,Internal,SumateraMEDANCDE LONG CHASSIS,DALAM KOTA,,,,3,NON REGULAR,2:22:00,193440,,30
260302D007,HCI,2-Mar-2026,CDELC,BK8073MQ,Medan,Sumatera Utara,Solar,4.41,Store,53,8.44,10,2,45000,247663,Sumatera,MEDAN,CDE,Internal,SumateraMEDANCDE,DALAM KOTA,,,,3,REGULAR,1:46:00,96720,105943,30
260302D077,HCI,2-Mar-2026,CDELC,BK8299MH,Medan,Sumatera Utara,Solar,2.94,Store,22,10.0,10,1,20000,364937,Sumatera,MEDAN,CDE,Internal,SumateraMEDANCDE,DALAM KOTA,,,,3,REGULAR,3:15:00,193440,151497,25
260302C234,HCI,2-Mar-2026,CDELC,BK8803MH,Medan,Sumatera Utara,Solar,8.82,Customer,6,8.8,10,4,69000,357734,Sumatera,MEDAN,CDE,Internal,SumateraMEDANCDE,DALAM KOTA,,,,3,REGULAR,4:24:00,193440,95294,77
260302C226,HCI,2-Mar-2026,CDELC,BK8022LM,Medan,Sumatera Utara,Solar,8.09,Customer,6,9.05,10,7,65000,506254,Sumatera,MEDAN,CDE,Internal,SumateraMEDANCDE,DALAM KOTA,,,,3,REGULAR,3:24:00,290160,151094,70
260302H063,HCI,2-Mar-2026,CDELC,BK8192MQ,Pematangsiantar,Sumatera Utara,Solar,34.56,HUB,33,9.17,10,1,451000,759605,Sumatera,PEMATANGSIANTAR,CDE,Internal,SumateraPEMATANGSIANTARCDE,LUAR KOTA,1300000,-540395,-41.57%,3,REGULAR,3:20:00,96720,211885,227
260302C228,HCI,2-Mar-2026,CDELC,BK8112LM,Medan,Sumatera Utara,Solar,7.35,Customer,7,3.05,10,7,50000,394534,Sumatera,MEDAN,CDE,Internal,SumateraMEDANCDE,DALAM KOTA,,,,3,REGULAR,4:14:00,193440,151094,53
260302C238,HCI,2-Mar-2026,CDELC,BK8099LM,Medan,Sumatera Utara,Solar,11.32,Customer,13,8.79,10,13,80000,554930,Sumatera,MEDAN,CDE,Internal,SumateraMEDANCDE,DALAM KOTA,,,,3,REGULAR,16:53:00,386880,88050,72
260302C337,HCI,2-Mar-2026,CDELC,BK8009MI,Medan,Sumatera Utara,Solar,5.88,Customer,4,1.99,10,4,54000,323189,Sumatera,MEDAN,CDE,Internal,SumateraMEDANCDE,DALAM KOTA,,,,3,NON REGULAR,3:54:00,193440,75749,75
260302C227,HCI,2-Mar-2026,CDELC,BK8191MQ,Medan,Sumatera Utara,Solar,10.29,Customer,11,7.8,10,10,80000,678765,Sumatera,MEDAN,CDE,Internal,SumateraMEDANCDE,DALAM KOTA,,,,3,REGULAR,23:24:00,386880,211885,74
260302C266,HCI,2-Mar-2026,PICKUP,BK8633MS,Medan,Sumatera Utara,Pertalite,4.1,Customer,2,3.0,3,2,41000,278221,Sumatera,MEDAN,PICKUP,Internal,SumateraMEDANPICKUP,DALAM KOTA,,,,3,REGULAR,3:30:00,193440,43781,43
260302C223,HCI,2-Mar-2026,CDELC,BK8871MS,Medan,Sumatera Utara,Solar,7.65,Customer,16,6.63,10,9,52000,245440,Sumatera,MEDAN,CDE,Internal,SumateraMEDANCDE,DALAM KOTA,,,,3,REGULAR,5:18:00,193440,,48
260302D112,HCI,2-Mar-2026,CDELC,BK8647MS,Medan,Sumatera Utara,Solar,5.59,Store,5,9.39,11,1,48000,329591,Sumatera,MEDAN,CDE LONG CHASSIS,Internal,SumateraMEDANCDE LONG CHASSIS,DALAM KOTA,,,,3,REGULAR,3:07:00,135408,146183,34
260302D117,FBI,2-Mar-2026,PICKUP,A8330VX,Medan,Sumatera Utara,Pertalite,8.5,Store,9,1.5,3,5,99000,415295,Sumatera,MEDAN,MINI VAN BOX,Internal,SumateraMEDANMINI VAN BOX,DALAM KOTA,,,,3,REGULAR,13:59:00,232128,84167,84
260302C240,HCI,2-Mar-2026,CDELC,BK8031LM,Medan,Sumatera Utara,Solar,8.82,Customer,13,8.08,10,12,78000,443707,Sumatera,MEDAN,CDE,Internal,SumateraMEDANCDE,DALAM KOTA,,,,3,REGULAR,5:28:00,290160,75547,56
260302D116,AHI,2-Mar-2026,CDELC,BK8009MI,Medan,Sumatera Utara,Solar,5.88,Store,67,8.81,10,3,58500,230969,Sumatera,MEDAN,CDE,Internal,SumateraMEDANCDE,DALAM KOTA,,,,3,REGULAR,0:12:00,96720,75749,41
260302C224,HCI,2-Mar-2026,CDELC,BK8146LM,Medan,Sumatera Utara,Solar,8.82,Customer,17,5.78,10,8,70000,608377,Sumatera,MEDAN,CDE,Internal,SumateraMEDANCDE,DALAM KOTA,,,,3,REGULAR,9:28:00,386880,151497,51
260302L074,AHI,2-Mar-2026,CDELC,BK8074MQ,Pematangsiantar,Sumatera Utara,Solar,35.29,Store,57,9.26,10,3,456000,900013,Sumatera,PEMATANGSIANTAR,CDE,Internal,SumateraPEMATANGSIANTARCDE,LUAR KOTA,1300000,-399987,-30.77%,3,REGULAR,5:45:00,232128,211885,233
260302D008,AHI,2-Mar-2026,CDELC,BK8805MH,Medan,Sumatera Utara,Solar,5.88,Store,46,9.07,10,2,50000,338734,Sumatera,MEDAN,CDE,Internal,SumateraMEDANCDE,DALAM KOTA,,,,3,REGULAR,2:50:00,193440,95294,39
260302D003,AHI,2-Mar-2026,CDELC,BK8141LM,Medan,Sumatera Utara,Solar,4.41,Store,46,8.89,10,1,30000,277814,Sumatera,MEDAN,CDE,Internal,SumateraMEDANCDE,DALAM KOTA,,,,3,REGULAR,-7:52:00,96720,151094,29
260302D108,HCI,2-Mar-2026,CDELC,BK8803MH,Medan,Sumatera Utara,Solar,5.15,Store,14,8.46,10,1,35000,362422,Sumatera,MEDAN,CDE,Internal,SumateraMEDANCDE,DALAM KOTA,,,,3,REGULAR,2:55:00,232128,95294,35
260302C242,HCI,2-Mar-2026,CDELC,BK8073MQ,Medan,Sumatera Utara,Solar,9.12,Customer,13,9.23,10,13,69500,465603,Sumatera,MEDAN,CDE,Internal,SumateraMEDANCDE,DALAM KOTA,,,,3,REGULAR,5:30:00,290160,105943,63
260302C262,HCI,2-Mar-2026,CDELC,BK8804MH,Medan,Sumatera Utara,Solar,4.71,Customer,1,9.2,10,1,47000,335734,Sumatera,MEDAN,CDE,Internal,SumateraMEDANCDE,DALAM KOTA,,,,3,REGULAR,1:51:00,193440,95294,40
260302C235,HCI,2-Mar-2026,CDELC,BK8135LM,Medan,Sumatera Utara,Solar,8.09,Customer,11,6.48,10,9,55000,593377,Sumatera,MEDAN,CDE,Internal,SumateraMEDANCDE,DALAM KOTA,,,,3,REGULAR,21:42:00,386880,151497,50
260302C233,HCI,2-Mar-2026,CDELC,BK8804MH,Medan,Sumatera Utara,Solar,11.76,Customer,15,5.12,10,11,116500,405234,Sumatera,MEDAN,CDE,Internal,SumateraMEDANCDE,DALAM KOTA,,,,3,REGULAR,6:55:00,193440,95294,100
260302C244,HCI,2-Mar-2026,CDELC,BK8075MQ,Medan,Sumatera Utara,Solar,8.82,Customer,3,7.62,10,4,70500,466603,Sumatera,MEDAN,CDE,Internal,SumateraMEDANCDE,DALAM KOTA,,,,3,REGULAR,1:30:00,290160,105943,60
260302C251,HCI,2-Mar-2026,CDELC,BK8075MQ,Medan,Sumatera Utara,Solar,5.15,Customer,1,10.0,10,1,35000,334383,Sumatera,MEDAN,CDE,Internal,SumateraMEDANCDE,DALAM KOTA,,,,3,REGULAR,3:57:00,193440,105943,32
260302D118,FBI,2-Mar-2026,PICKUP,BK8136LM,Medan,Sumatera Utara,Pertalite,9.3,Store,5,1.42,3,3,146500,466823,Sumatera,MEDAN,MINI VAN BOX,Internal,SumateraMEDANMINI VAN BOX,DALAM KOTA,,,,3,REGULAR,5:19:00,232128,88195,103
260302C256,HCI,2-Mar-2026,PICKUP,BK8696MS,Medan,Sumatera Utara,Pertalite,6.9,Customer,4,3.0,3,4,104000,397973,Sumatera,MEDAN,PICKUP,Internal,SumateraMEDANPICKUP,DALAM KOTA,,,,3,REGULAR,7:00:00,193440,100533,59
260302C232,HCI,2-Mar-2026,CDELC,BK8172LM,Medan,Sumatera Utara,Solar,10.29,Customer,16,10.0,10,14,85000,623377,Sumatera,MEDAN,CDE,Internal,SumateraMEDANCDE,DALAM KOTA,,,,3,REGULAR,7:37:00,386880,151497,63
260302D078,HCI,2-Mar-2026,CDELC,BK8031LM,Medan,Sumatera Utara,Solar,5.15,Store,9,9.22,10,1,50000,222267,Sumatera,MEDAN,CDE,Internal,SumateraMEDANCDE,DALAM KOTA,,,,3,REGULAR,-0:09:00,96720,75547,31
260302C231,HCI,2-Mar-2026,CDELC,BK8805MH,Medan,Sumatera Utara,Solar,14.71,Customer,14,10.0,10,11,130500,612674,Sumatera,MEDAN,CDE,Internal,SumateraMEDANCDE,DALAM KOTA,,,,3,REGULAR,7:46:00,386880,95294,98
260302C236,HCI,2-Mar-2026,CDELC,BK8647MS,Medan,Sumatera Utara,Solar,7.35,Customer,7,4.23,10,6,64000,500343,Sumatera,MEDAN,CDE,Internal,SumateraMEDANCDE,DALAM KOTA,,,,3,REGULAR,5:38:00,290160,146183,54
260302C339,HCI,2-Mar-2026,PICKUP,BK8633MS,Medan,Sumatera Utara,Pertalite,6.8,Customer,2,1.75,3,2,77000,314221,Sumatera,MEDAN,PICKUP,Internal,SumateraMEDANPICKUP,DALAM KOTA,,,,3,NON REGULAR,3:44:00,193440,43781,80
260302D079,HCI,2-Mar-2026,CDELC,BK8047MQ,Medan,Sumatera Utara,Solar,7.35,Store,33,9.98,10,1,50000,349383,Sumatera,MEDAN,CDE,Internal,SumateraMEDANCDE,DALAM KOTA,,,,3,REGULAR,1:53:00,193440,105943,56
260302C318,HCI,2-Mar-2026,CDELC,BK8099LM,Medan,Sumatera Utara,Solar,4.85,Customer,1,0.28,10,1,33000,314490,Sumatera,MEDAN,CDE,Internal,SumateraMEDANCDE,DALAM KOTA,,,,3,REGULAR,3:20:00,193440,88050,32
260302D006,HCI,2-Mar-2026,CDELC,BK8646MS,Medan,Sumatera Utara,Solar,6.62,Store,43,10.0,10,2,85000,570807,Sumatera,MEDAN,CDE,Internal,SumateraMEDANCDE,DALAM KOTA,,,,3,REGULAR,8:16:00,193440,292367,42
260302C220,HCI,2-Mar-2026,CDELC,BK8309MS,Deli Serdang,Sumatera Utara,Solar,12.06,Customer,24,8.34,10,14,100500,773013,Sumatera,DELI SERDANG,CDE,Internal,SumateraDELI SERDANGCDE,DALAM KOTA,,,,3,REGULAR,6:56:00,386880,285633,80
260302C261,HCI,2-Mar-2026,CDELC,BK8047MQ,Medan,Sumatera Utara,Solar,11.03,Customer,6,7.14,10,3,90500,486603,Sumatera,MEDAN,CDE,Internal,SumateraMEDANCDE,DALAM KOTA,,,,3,REGULAR,3:33:00,290160,105943,62
260303D104,AHI,3-Mar-2026,CDELC,BK8813MG,Medan,Sumatera Utara,Solar,5.15,Store,42,8.21,10,2,50000,317437,Sumatera,MEDAN,CDE,Internal,SumateraMEDANCDE,DALAM KOTA,,,,3,REGULAR,6:01:00,193440,73997,45
260303D001,AHI,3-Mar-2026,CDELC,BK8191MQ,Medan,Sumatera Utara,Solar,2.35,Store,47,10.0,10,1,16000,315383,Sumatera,MEDAN,CDE,Internal,SumateraMEDANCDE,DALAM KOTA,,,,3,REGULAR,3:26:00,193440,105943,23
260303C224,HCI,3-Mar-2026,CDELC,BK8031LM,Medan,Sumatera Utara,Solar,23.53,Customer,20,9.95,10,15,207000,744974,Sumatera,MEDAN,CDE,Internal,SumateraMEDANCDE,DALAM KOTA,,,,3,REGULAR,14:14:00,386880,151094,154
260303D083,AHI,3-Mar-2026,CDELC,BK8806MH,Medan,Sumatera Utara,Solar,6.62,Store,76,10.0,10,5,80000,464028,Sumatera,MEDAN,CDE,Internal,SumateraMEDANCDE,DALAM KOTA,,,,3,REGULAR,7:52:00,193440,190588,42
260303C229,HCI,3-Mar-2026,CDELC,BK8009MI,Medan,Sumatera Utara,Solar,6.18,Customer,13,6.68,10,10,42000,386937,Sumatera,MEDAN,CDE,Internal,SumateraMEDANCDE,DALAM KOTA,,,,3,REGULAR,5:58:00,193440,151497,43
260303C227,HCI,3-Mar-2026,CDELC,BK8309MS,Medan,Sumatera Utara,Solar,14.71,Customer,13,4.31,10,10,145000,577977,Sumatera,MEDAN,CDE,Internal,SumateraMEDANCDE,DALAM KOTA,,,,3,REGULAR,7:42:00,290160,142817,96
260303C216,HCI,3-Mar-2026,CDELC,BK8172LM,Deli Serdang,Sumatera Utara,Solar,10.29,Customer,17,5.85,10,12,81500,619877,Sumatera,DELI SERDANG,CDE,Internal,SumateraDELI SERDANGCDE,DALAM KOTA,,,,3,REGULAR,8:43:00,386880,151497,70
260303C226,HCI,3-Mar-2026,CDELC,BK8191MQ,Medan,Sumatera Utara,Solar,7.94,Customer,9,4.22,10,8,84500,287163,Sumatera,MEDAN,CDE,Internal,SumateraMEDANCDE,DALAM KOTA,,,,3,REGULAR,5:45:00,96720,105943,72
260303D100,FBI,3-Mar-2026,PICKUP,BK8136LM,Medan,Sumatera Utara,Pertalite,7.3,Store,9,1.68,3,3,85000,318275,Sumatera,MEDAN,MINI VAN BOX,Internal,SumateraMEDANMINI VAN BOX,DALAM KOTA,,,,3,REGULAR,4:11:00,145080,88195,68
260303C277,HCI,3-Mar-2026,PICKUP,BK8696MS,Deli Serdang,Sumatera Utara,Pertalite,9.2,Customer,2,3.0,3,2,115000,552147,Sumatera,DELI SERDANG,PICKUP,Internal,SumateraDELI SERDANGPICKUP,DALAM KOTA,,,,3,REGULAR,2:34:47,386880,50267,96
260303D084,HCI,3-Mar-2026,CDELC,BK8073MQ,Medan,Sumatera Utara,Solar,2.21,Store,9,8.93,10,1,15000,362743,Sumatera,MEDAN,CDE,Internal,SumateraMEDANCDE,DALAM KOTA,,,,3,REGULAR,7:56:00,241800,105943,32
260303C218,HCI,3-Mar-2026,CDELC,BK8804MH,Medan,Sumatera Utara,Solar,7.35,Customer,27,4.78,10,10,80000,657468,Sumatera,MEDAN,CDE,Internal,SumateraMEDANCDE,DALAM KOTA,,,,3,REGULAR,7:40:00,386880,190588,57
260303D103,HCI,3-Mar-2026,PICKUP,BK8696MS,Medan,Sumatera Utara,Pertalite,2.8,Store,5,3.0,3,1,38000,184987,Sumatera,MEDAN,PICKUP,Internal,SumateraMEDANPICKUP,DALAM KOTA,,,,3,REGULAR,2:52:00,96720,50267,30
260303C219,HCI,3-Mar-2026,CDELC,BK8871MS,Medan,Sumatera Utara,Solar,5.88,Customer,24,5.08,10,6,50000,340160,Sumatera,MEDAN,CDE,Internal,SumateraMEDANCDE,DALAM KOTA,,,,3,REGULAR,4:51:00,290160,,41
260303C255,HCI,3-Mar-2026,CDELC,BK8646MS,Langkat,Sumatera Utara,Solar,44.12,Customer,5,10.0,10,4,525500,1204747,Sumatera,LANGKAT,CDE,Internal,SumateraLANGKATCDE,DALAM KOTA,,,,3,REGULAR,10:14:00,386880,292367,304
260303C222,HCI,3-Mar-2026,CDELC,BK8075MQ,Medan,Sumatera Utara,Solar,13.24,Customer,19,8.66,10,11,95000,587823,Sumatera,MEDAN,CDE,Internal,SumateraMEDANCDE,DALAM KOTA,,,,3,REGULAR,8:08:00,386880,105943,100
260303X064,HCI,3-Mar-2026,CDELC,BK8075MQ,Medan,Sumatera Utara,Solar,6.03,Other Delivery,1,9.8,10,1,41000,388743,Sumatera,MEDAN,CDE,Internal,SumateraMEDANCDE,DALAM KOTA,,,,3,REGULAR,0:43:00,241800,105943,37
260303C220,HCI,3-Mar-2026,CDELC,BK8807MH,Medan,Sumatera Utara,Solar,13.24,Customer,35,9.65,10,20,139000,716468,Sumatera,MEDAN,CDE,Internal,SumateraMEDANCDE,DALAM KOTA,,,,3,REGULAR,11:13:00,386880,190588,116
260303C254,HCI,3-Mar-2026,CDELC,BK8647MS,Medan,Sumatera Utara,Solar,6.76,Customer,6,10.0,10,3,46000,531807,Sumatera,MEDAN,CDE,Internal,SumateraMEDANCDE,DALAM KOTA,,,,3,REGULAR,7:07:00,193440,292367,42
260303C228,HCI,3-Mar-2026,CDELC,BK8073MQ,Medan,Sumatera Utara,Solar,13.24,Customer,7,7.32,10,4,98000,397383,Sumatera,MEDAN,CDE,Internal,SumateraMEDANCDE,DALAM KOTA,,,,3,REGULAR,1:09:00,193440,105943,102
260303D102,FBI,3-Mar-2026,PICKUP,A8330VX,Medan,Sumatera Utara,Pertalite,2.6,Store,10,2.57,3,4,31000,356967,Sumatera,MEDAN,MINI VAN BOX,Internal,SumateraMEDANMINI VAN BOX,DALAM KOTA,,,,3,REGULAR,5:40:00,241800,84167,31
260303C248,HCI,3-Mar-2026,CDELC,BK8803MH,Medan,Sumatera Utara,Solar,10.29,Customer,12,9.39,10,4,76000,364734,Sumatera,MEDAN,CDE,Internal,SumateraMEDANCDE,DALAM KOTA,,,,3,NON REGULAR,4:47:00,193440,95294,78
260303C234,HCI,3-Mar-2026,CDELC,BK8099LM,Medan,Sumatera Utara,Solar,10.59,Customer,13,10.0,10,9,75000,412300,Sumatera,MEDAN,CDE,Internal,SumateraMEDANCDE,DALAM KOTA,,,,3,REGULAR,5:50:00,161200,176100,64
260303C232,HCI,3-Mar-2026,CDELC,BK8803MH,Medan,Sumatera Utara,Solar,7.94,Customer,11,8.89,10,8,75500,364234,Sumatera,MEDAN,CDE,Internal,SumateraMEDANCDE,DALAM KOTA,,,,3,REGULAR,3:57:00,193440,95294,52
260303C247,HCI,3-Mar-2026,CDELC,BK8047MQ,Medan,Sumatera Utara,Solar,4.12,Customer,6,10.0,10,3,28000,327383,Sumatera,MEDAN,CDE,Internal,SumateraMEDANCDE,DALAM KOTA,,,,3,NON REGULAR,4:39:00,193440,105943,27
260303H078,HCI,3-Mar-2026,CDELC,BK8192MQ,Pematangsiantar,Sumatera Utara,Solar,31.62,HUB,3,3.53,10,1,414000,722605,Sumatera,PEMATANGSIANTAR,CDE,Internal,SumateraPEMATANGSIANTARCDE,LUAR KOTA,1300000,-577395,-44.42%,3,REGULAR,4:51:00,96720,211885,236
260303C279,HCI,3-Mar-2026,FUSO,BK8815MG,Medan,Sumatera Utara,Solar,12.65,Customer,1,34.0,34,1,104500,845338,Sumatera,MEDAN,FUSO,Internal,SumateraMEDANFUSO,DALAM KOTA,,,,3,NON REGULAR,8:15:00,386880,353958,51
260303C221,HCI,3-Mar-2026,CDELC,BK8022LM,Medan,Sumatera Utara,Solar,4.41,Customer,5,3.16,10,5,30000,567974,Sumatera,MEDAN,CDE,Internal,SumateraMEDANCDE,DALAM KOTA,,,,3,REGULAR,2:28:00,386880,151094,35
260303D085,HCI,3-Mar-2026,CDELC,BK8074MQ,Medan,Sumatera Utara,Solar,6.91,Store,34,8.03,10,2,50000,455325,Sumatera,MEDAN,CDE,Internal,SumateraMEDANCDE,DALAM KOTA,,,,3,REGULAR,8:46:00,193440,211885,41
260303C223,FBI,3-Mar-2026,CDELC,BK8135LM,Medan,Sumatera Utara,Solar,11.32,Customer,13,4.71,10,8,97000,635377,Sumatera,MEDAN,CDE,Internal,SumateraMEDANCDE,DALAM KOTA,,,,3,REGULAR,8:09:00,386880,151497,93
260303D003,AHI,3-Mar-2026,CDELC,BK8309MS,Medan,Sumatera Utara,Solar,3.38,Store,40,10.0,10,2,23000,262537,Sumatera,MEDAN,CDE,Internal,SumateraMEDANCDE,DALAM KOTA,,,,3,REGULAR,1:33:00,96720,142817,22
260303H077,HCI,3-Mar-2026,CDELC,BK8047MQ,Pematangsiantar,Sumatera Utara,Solar,35.29,HUB,13,8.15,10,1,456000,755383,Sumatera,PEMATANGSIANTAR,CDE,Internal,SumateraPEMATANGSIANTARCDE,LUAR KOTA,1300000,-544618,-41.89%,3,REGULAR,10:34:00,193440,105943,238
260303C249,HCI,3-Mar-2026,CDELC,BK8146LM,Medan,Sumatera Utara,Solar,8.82,Customer,3,5.6,10,1,64500,301449,Sumatera,MEDAN,CDE,Internal,SumateraMEDANCDE,DALAM KOTA,,,,3,REGULAR,3:40:00,161200,75749,66
260303C235,HCI,3-Mar-2026,CDELC,BK8141LM,Deli Serdang,Sumatera Utara,Solar,30.15,Customer,14,10.0,10,11,325500,734514,Sumatera,DELI SERDANG,CDE,Internal,SumateraDELI SERDANGCDE,DALAM KOTA,,,,3,REGULAR,9:31:00,257920,151094,203
260303C256,HCI,3-Mar-2026,PICKUP,BK8633MS,Medan,Sumatera Utara,Pertalite,15.7,Customer,6,3.0,3,6,191500,665941,Sumatera,MEDAN,PICKUP,Internal,SumateraMEDANPICKUP,DALAM KOTA,,,,3,REGULAR,13:11:00,386880,87561,153
260303C231,HCI,3-Mar-2026,CDELC,BK8112LM,Medan,Sumatera Utara,Solar,5.15,Customer,10,8.22,10,7,35000,400707,Sumatera,MEDAN,CDE,Internal,SumateraMEDANCDE,DALAM KOTA,,,,3,REGULAR,1:36:00,290160,75547,33
260303C236,HCI,3-Mar-2026,CDELC,BK8146LM,Medan,Sumatera Utara,Solar,13.53,Customer,12,3.84,10,9,117500,580129,Sumatera,MEDAN,CDE,Internal,SumateraMEDANCDE,DALAM KOTA,,,,3,REGULAR,19:00:00,386880,75749,100
260303C230,HCI,3-Mar-2026,CDELC,BK8112LM,Medan,Sumatera Utara,Solar,6.62,Customer,8,4.4,10,8,60000,328987,Sumatera,MEDAN,CDE,Internal,SumateraMEDANCDE,DALAM KOTA,,,,3,REGULAR,11:31:00,193440,75547,48
260303C233,HCI,3-Mar-2026,CDELC,BK8805MH,Deli Serdang,Sumatera Utara,Solar,12.5,Customer,17,4.34,10,14,101000,678468,Sumatera,DELI SERDANG,CDE,Internal,SumateraDELI SERDANGCDE,DALAM KOTA,,,,3,REGULAR,7:03:01,386880,190588,57
260304C227,HCI,4-Mar-2026,PICKUP,BK8633MS,Medan,Sumatera Utara,Pertalite,16.18,Customer,6,3.0,3,6,110000,540661,Sumatera,MEDAN,PICKUP,Internal,SumateraMEDANPICKUP,DALAM KOTA,,,,3,REGULAR,7:56:00,386880,43781,109
260304H050,HCI,4-Mar-2026,CDELC,BK8074MQ,Pematangsiantar,Sumatera Utara,Solar,32.06,HUB,21,8.09,10,1,434000,742605,Sumatera,PEMATANGSIANTAR,CDE,Internal,SumateraPEMATANGSIANTARCDE,LUAR KOTA,1300000,-557395,-42.88%,3,REGULAR,4:18:00,96720,211885,230
260304D140,HCI,4-Mar-2026,PICKUP,A8330VX,Medan,Sumatera Utara,Pertalite,7.5,Store,1,1.47,3,1,87500,387503,Sumatera,MEDAN,MINI VAN BOX,Internal,SumateraMEDANMINI VAN BOX,DALAM KOTA,,,,3,REGULAR,6:44:00,257920,42083,81
260304D112,AHI,4-Mar-2026,CDELC,BK8099LM,Medan,Sumatera Utara,Solar,4.41,Store,47,9.87,10,3,60000,429540,Sumatera,MEDAN,CDE,Internal,SumateraMEDANCDE,DALAM KOTA,,,,3,REGULAR,8:52:00,193440,176100,34
260304D108,HCI,4-Mar-2026,CDELC,BK8871MS,Medan,Sumatera Utara,Solar,8.82,Store,50,8.39,10,2,67000,260440,Sumatera,MEDAN,CDE,Internal,SumateraMEDANCDE,DALAM KOTA,,,,3,REGULAR,9:48:00,193440,,48
260304C193,HCI,4-Mar-2026,CDELC,BK8022LM,Medan,Sumatera Utara,Solar,14.71,Customer,16,7.21,10,8,103500,351314,Sumatera,MEDAN,CDE,Internal,SumateraMEDANCDE,DALAM KOTA,,,,3,REGULAR,7:33:00,96720,151094,103
260304C203,HCI,4-Mar-2026,CDELC,BK8172LM,Medan,Sumatera Utara,Solar,11.03,Customer,7,2.89,10,5,105500,450437,Sumatera,MEDAN,CDE,Internal,SumateraMEDANCDE,DALAM KOTA,,,,3,REGULAR,3:35:00,193440,151497,75
260304C213,HCI,4-Mar-2026,CDELC,BK8031LM,Medan,Sumatera Utara,Solar,6.62,Customer,4,8.04,10,3,49000,393534,Sumatera,MEDAN,CDE,Internal,SumateraMEDANCDE,DALAM KOTA,,,,3,NON REGULAR,2:39:00,193440,151094,44
260304C209,HCI,4-Mar-2026,CDELC,BK8646MS,Medan,Sumatera Utara,Solar,14.71,Customer,20,7.68,10,12,100000,779247,Sumatera,MEDAN,CDE,Internal,SumateraMEDANCDE,DALAM KOTA,,,,3,REGULAR,8:11:00,386880,292367,90
260304C198,HCI,4-Mar-2026,CDELC,BK8805MH,Medan,Sumatera Utara,Solar,14.41,Customer,24,8.84,10,13,98000,675468,Sumatera,MEDAN,CDE,Internal,SumateraMEDANCDE,DALAM KOTA,,,,3,REGULAR,9:25:00,386880,190588,116
260304D110,HCI,4-Mar-2026,CDELC,BK8309MS,Medan,Sumatera Utara,Solar,7.65,Store,46,10.0,10,2,52000,531073,Sumatera,MEDAN,CDE,Internal,SumateraMEDANCDE,DALAM KOTA,,,,3,REGULAR,2:48:00,193440,285633,50
260304C206,HCI,4-Mar-2026,CDELC,BK8141LM,Medan,Sumatera Utara,Solar,8.82,Customer,10,4.39,10,9,60000,597974,Sumatera,MEDAN,CDE,Internal,SumateraMEDANCDE,DALAM KOTA,,,,3,REGULAR,6:46:00,386880,151094,99
260304C201,HCI,4-Mar-2026,CDELC,BK8813MG,Medan,Sumatera Utara,Solar,10.29,Customer,14,10.0,10,7,85000,232994,Sumatera,MEDAN,CDE,Internal,SumateraMEDANCDE,DALAM KOTA,,,,3,REGULAR,3:28:00,0,147994,71
260304C215,HCI,4-Mar-2026,CDELC,BK8047MQ,Medan,Sumatera Utara,Solar,12.06,Customer,3,4.16,10,1,97500,502825,Sumatera,MEDAN,CDE,Internal,SumateraMEDANCDE,DALAM KOTA,,,,3,REGULAR,1:09:00,193440,211885,73
260304C212,HCI,4-Mar-2026,CDELC,BK8647MS,Medan,Sumatera Utara,Solar,7.35,Customer,4,8.02,10,2,50000,535807,Sumatera,MEDAN,CDE,Internal,SumateraMEDANCDE,DALAM KOTA,,,,3,REGULAR,2:29:00,193440,292367,47
260304C204,HCI,4-Mar-2026,CDELC,BK8073MQ,Medan,Sumatera Utara,Solar,15.15,Customer,15,5.54,10,10,112000,710765,Sumatera,MEDAN,CDE,Internal,SumateraMEDANCDE,DALAM KOTA,,,,3,REGULAR,4:43:00,386880,211885,105
260304D109,HCI,4-Mar-2026,CDELC,BK8806MH,Medan,Sumatera Utara,Solar,3.68,Store,57,10.0,10,1,25000,312308,Sumatera,MEDAN,CDE,Internal,SumateraMEDANCDE,DALAM KOTA,,,,3,REGULAR,0:09:00,96720,190588,23
260304H053,HCI,4-Mar-2026,CDELC,BK8192MQ,Pematangsiantar,Sumatera Utara,Solar,33.82,HUB,12,8.22,10,6,478000,883325,Sumatera,PEMATANGSIANTAR,CDE,Internal,SumateraPEMATANGSIANTARCDE,LUAR KOTA,1300000,-416675,-32.05%,3,REGULAR,9:19:00,193440,211885,269
260304C202,HCI,4-Mar-2026,CDELC,BK8135LM,Binjai,Sumatera Utara,Solar,15.44,Customer,6,2.87,10,6,137000,675377,Sumatera,BINJAI,CDE,Internal,SumateraBINJAICDE,DALAM KOTA,,,,3,REGULAR,6:05:00,386880,151497,128
260304D113,FBI,4-Mar-2026,PICKUP,BK8136LM,Binjai,Sumatera Utara,Pertalite,8,Store,8,1.45,3,4,88000,325538,Sumatera,BINJAI,MINI VAN BOX,Internal,SumateraBINJAIMINI VAN BOX,DALAM KOTA,,,,3,REGULAR,5:11:00,193440,44098,85
260304C197,HCI,4-Mar-2026,CDELC,BK8191MQ,Medan,Sumatera Utara,Solar,8.82,Customer,14,3.24,10,4,65000,470325,Sumatera,MEDAN,CDE,Internal,SumateraMEDANCDE,DALAM KOTA,,,,3,REGULAR,2:41:00,193440,211885,51
260304C259,HCI,4-Mar-2026,PICKUP,BK8696MS,Deli Serdang,Sumatera Utara,Pertalite,13.9,Customer,5,3.0,3,5,242500,729913,Sumatera,DELI SERDANG,PICKUP,Internal,SumateraDELI SERDANGPICKUP,DALAM KOTA,,,,3,REGULAR,9:02:00,386880,100533,153
260304C239,HCI,4-Mar-2026,PICKUP,BK8633MS,Medan,Sumatera Utara,Pertalite,5.8,Customer,3,3.0,3,3,73500,310721,Sumatera,MEDAN,PICKUP,Internal,SumateraMEDANPICKUP,DALAM KOTA,,,,3,REGULAR,4:13:00,193440,43781,70
260304D138,HCI,4-Mar-2026,PICKUP,BK8136LM,Medan,Sumatera Utara,Pertalite,2.8,Store,1,3.0,3,1,38000,243298,Sumatera,MEDAN,MINI VAN BOX,Internal,SumateraMEDANMINI VAN BOX,DALAM KOTA,,,,3,REGULAR,2:30:00,161200,44098,31
260304C214,HCI,4-Mar-2026,CDELC,BK8803MH,Medan,Sumatera Utara,Solar,8.09,Customer,5,8.98,10,4,55000,632468,Sumatera,MEDAN,CDE,Internal,SumateraMEDANCDE,DALAM KOTA,,,,3,NON REGULAR,1:09:00,386880,190588,57
260304D115,FBI,4-Mar-2026,PICKUP,A8330VX,Medan,Sumatera Utara,Pertalite,5,Store,12,1.73,3,5,60000,263283,Sumatera,MEDAN,MINI VAN BOX,Internal,SumateraMEDANMINI VAN BOX,DALAM KOTA,,,,3,REGULAR,8:02:00,161200,42083,48
260304C196,HCI,4-Mar-2026,CDELC,BK8804MH,Medan,Sumatera Utara,Solar,5.88,Customer,21,6.84,10,11,65000,545748,Sumatera,MEDAN,CDE,Internal,SumateraMEDANCDE,DALAM KOTA,,,,3,REGULAR,6:34:00,290160,190588,49
260304D111,HCI,4-Mar-2026,CDELC,BK8807MH,Medan,Sumatera Utara,Solar,14.12,Store,19,10.0,10,4,115000,499028,Sumatera,MEDAN,CDE,Internal,SumateraMEDANCDE,DALAM KOTA,,,,3,REGULAR,6:22:00,193440,190588,50
260304C200,HCI,4-Mar-2026,CDELC,BK8075MQ,Medan,Sumatera Utara,Solar,19.12,Customer,15,10.0,10,9,134000,732765,Sumatera,MEDAN,CDE,Internal,SumateraMEDANCDE,DALAM KOTA,,,,3,REGULAR,8:19:00,386880,211885,136
260304C194,HCI,4-Mar-2026,CDELC,BK8009MI,Medan,Sumatera Utara,Solar,8.82,Customer,22,5.49,10,11,100000,638377,Sumatera,MEDAN,CDE,Internal,SumateraMEDANCDE,DALAM KOTA,,,,3,REGULAR,8:48:00,386880,151497,56
260305C182,HCI,5-Mar-2026,CDELC,BK8804MH,Medan,Sumatera Utara,Solar,15.59,Customer,15,10.0,10,9,110500,687968,Sumatera,MEDAN,CDE,Internal,SumateraMEDANCDE,DALAM KOTA,,,,3,REGULAR,10:12:00,386880,190588,101
260305C170,HCI,5-Mar-2026,CDELC,BK8309MS,Deli Serdang,Sumatera Utara,Solar,11.76,Customer,18,5.84,10,10,92000,764513,Sumatera,DELI SERDANG,CDE,Internal,SumateraDELI SERDANGCDE,DALAM KOTA,,,,3,REGULAR,9:36:18,386880,285633,75
260305C176,HCI,5-Mar-2026,CDELC,BK8172LM,Medan,Sumatera Utara,Solar,8.82,Customer,13,5.97,10,10,60000,598377,Sumatera,MEDAN,CDE,Internal,SumateraMEDANCDE,DALAM KOTA,,,,3,REGULAR,9:31:00,386880,151497,65
260305C179,HCI,5-Mar-2026,CDELC,BK8647MS,Binjai,Sumatera Utara,Solar,21.32,Customer,9,5.85,10,5,210500,646843,Sumatera,BINJAI,CDE,Internal,SumateraBINJAICDE,DALAM KOTA,,,,3,REGULAR,6:27:00,290160,146183,138
260304D142,AHI,5-Mar-2026,CDELC,BK8647MS,Medan,Sumatera Utara,Solar,5,Store,169,9.49,11,1,44000,405117,Sumatera,MEDAN,CDE LONG CHASSIS,Internal,SumateraMEDANCDE LONG CHASSIS,DALAM KOTA,,,,3,REGULAR,0:10:00,214933,146183,29
260305H066,HCI,5-Mar-2026,CDELC,BK8192MQ,Pematangsiantar,Sumatera Utara,Solar,38.97,HUB,20,9.49,10,2,481000,886325,Sumatera,PEMATANGSIANTAR,CDE,Internal,SumateraPEMATANGSIANTARCDE,LUAR KOTA,1300000,-413675,-31.82%,3,REGULAR,8:33:00,193440,211885,261
260305D004,AHI,5-Mar-2026,PICKUP,BK8696MS,Medan,Sumatera Utara,Pertalite,3,Store,2,2.3,3,1,40000,305200,Sumatera,MEDAN,PICKUP,Internal,SumateraMEDANPICKUP,DALAM KOTA,,,,3,REGULAR,2:20:00,214933,50267,32
260305C214,HCI,5-Mar-2026,PICKUP,BK8633MS,Medan,Sumatera Utara,Pertalite,5.6,Customer,4,1.58,3,3,61000,394941,Sumatera,MEDAN,PICKUP,Internal,SumateraMEDANPICKUP,DALAM KOTA,,,,3,REGULAR,5:51:00,290160,43781,59
260305C189,HCI,5-Mar-2026,CDELC,BK8806MH,Medan,Sumatera Utara,Solar,9.85,Customer,10,7.64,10,5,100500,582674,Sumatera,MEDAN,CDE,Internal,SumateraMEDANCDE,DALAM KOTA,,,,3,REGULAR,8:34:00,386880,95294,76
260305D126,AHI,5-Mar-2026,PICKUP,BK8136LM,Medan,Sumatera Utara,Pertalite,9,Store,9,2.8,3,5,101500,263811,Sumatera,MEDAN,MINI VAN BOX,Internal,SumateraMEDANMINI VAN BOX,DALAM KOTA,,,,3,REGULAR,5:21:00,118213,44098,87
260305C174,HCI,5-Mar-2026,CDELC,BK8805MH,Medan,Sumatera Utara,Solar,6.76,Customer,16,3.69,10,6,51000,435028,Sumatera,MEDAN,CDE,Internal,SumateraMEDANCDE,DALAM KOTA,,,,3,REGULAR,3:15:00,193440,190588,42
260305X071,AHI,5-Mar-2026,CDELC,BK8031LM,Medan,Sumatera Utara,Solar,2.94,Other Delivery,1,8.0,10,1,20000,310480,Sumatera,MEDAN,CDE,Internal,SumateraMEDANCDE,DALAM KOTA,,,,3,REGULAR,0:03:00,214933,75547,27
260305C177,HCI,5-Mar-2026,CDELC,BK8146LM,Medan,Sumatera Utara,Solar,13.97,Customer,19,7.87,10,10,95000,633377,Sumatera,MEDAN,CDE,Internal,SumateraMEDANCDE,DALAM KOTA,,,,3,REGULAR,12:53:00,386880,151497,87
260305D127,AHI,5-Mar-2026,PICKUP,A8330VX,Medan,Sumatera Utara,Pertalite,4.5,Store,10,2.8,3,5,50000,349100,Sumatera,MEDAN,MINI VAN BOX,Internal,SumateraMEDANMINI VAN BOX,DALAM KOTA,,,,3,REGULAR,4:00:00,214933,84167,43
260305C180,HCI,5-Mar-2026,CDELC,BK8871MS,Medan,Sumatera Utara,Solar,7.35,Customer,17,10.0,10,7,55000,441880,Sumatera,MEDAN,CDE,Internal,SumateraMEDANCDE,DALAM KOTA,,,,3,REGULAR,7:32:00,386880,,62
260305D128,AHI,5-Mar-2026,CDELC,BK8191MQ,Medan,Sumatera Utara,Solar,3.68,Store,82,9.05,10,1,35000,259156,Sumatera,MEDAN,CDE,Internal,SumateraMEDANCDE,DALAM KOTA,,,,3,REGULAR,1:36:00,118213,105943,31
260305H065,HCI,5-Mar-2026,CDELC,BK8075MQ,Pematangsiantar,Sumatera Utara,Solar,30.88,HUB,21,9.16,10,1,426000,831325,Sumatera,PEMATANGSIANTAR,CDE,Internal,SumateraPEMATANGSIANTARCDE,LUAR KOTA,1300000,-468675,-36.05%,3,REGULAR,10:07:00,193440,211885,231
260305C184,HCI,5-Mar-2026,CDELC,BK8191MQ,Medan,Sumatera Utara,Solar,10.29,Customer,12,10.0,10,8,70000,466103,Sumatera,MEDAN,CDE,Internal,SumateraMEDANCDE,DALAM KOTA,,,,3,REGULAR,9:51:00,290160,105943,61
260305C193,HCI,5-Mar-2026,CDELC,BK8022LM,Medan,Sumatera Utara,Solar,11.76,Customer,7,10.0,10,5,84500,622474,Sumatera,MEDAN,CDE,Internal,SumateraMEDANCDE,DALAM KOTA,,,,3,REGULAR,13:10:00,386880,151094,81
260305D130,AHI,5-Mar-2026,CDELC,BK8806MH,Medan,Sumatera Utara,Solar,5.88,Store,29,9.81,10,1,40000,232014,Sumatera,MEDAN,CDE,Internal,SumateraMEDANCDE,DALAM KOTA,,,,3,REGULAR,2:23:00,96720,95294,38
260305D092,AHI,5-Mar-2026,CDELC,BK8141LM,Medan,Sumatera Utara,Solar,5.88,Store,31,9.7,10,1,40000,384534,Sumatera,MEDAN,CDE,Internal,SumateraMEDANCDE,DALAM KOTA,,,,3,REGULAR,2:42:00,193440,151094,30
260305C178,HCI,5-Mar-2026,CDELC,BK8009MI,Medan,Sumatera Utara,Solar,14.71,Customer,10,7.58,10,5,100000,541657,Sumatera,MEDAN,CDE,Internal,SumateraMEDANCDE,DALAM KOTA,,,,3,REGULAR,10:42:00,290160,151497,68
260305D003,AHI,5-Mar-2026,PICKUP,BK8633MS,Medan,Sumatera Utara,Pertalite,3,Store,9,2.04,3,1,40000,201994,Sumatera,MEDAN,PICKUP,Internal,SumateraMEDANPICKUP,DALAM KOTA,,,,3,REGULAR,1:50:00,118213,43781,31
260305C234,HCI,5-Mar-2026,PICKUP,BK8696MS,Medan,Sumatera Utara,Pertalite,9.5,Customer,9,3.0,3,9,95000,532147,Sumatera,MEDAN,PICKUP,Internal,SumateraMEDANPICKUP,DALAM KOTA,,,,3,REGULAR,7:52:00,386880,50267,84
260305C187,HCI,5-Mar-2026,CDELC,BK8807MH,Medan,Sumatera Utara,Solar,7.35,Customer,13,4.45,10,9,66000,548174,Sumatera,MEDAN,CDE,Internal,SumateraMEDANCDE,DALAM KOTA,,,,3,REGULAR,5:22:00,386880,95294,51
260305C175,HCI,5-Mar-2026,CDELC,BK8047MQ,Medan,Sumatera Utara,Solar,10.29,Customer,30,9.4,10,14,78000,676765,Sumatera,MEDAN,CDE,Internal,SumateraMEDANCDE,DALAM KOTA,,,,3,REGULAR,8:29:00,386880,211885,66
260305D001,HCI,5-Mar-2026,CDELC,BK8813MG,Medan,Sumatera Utara,Solar,5.44,Store,37,9.01,10,1,37000,281714,Sumatera,MEDAN,CDE,Internal,SumateraMEDANCDE,DALAM KOTA,,,,3,REGULAR,3:31:00,96720,147994,36
260305D094,AHI,5-Mar-2026,CDELC,BK8135LM,Medan,Sumatera Utara,Solar,2.21,Store,35,8.55,10,2,15000,359937,Sumatera,MEDAN,CDE,Internal,SumateraMEDANCDE,DALAM KOTA,,,,3,REGULAR,3:32:00,193440,151497,29
260305C183,HCI,5-Mar-2026,CDELC,BK8646MS,Medan,Sumatera Utara,Solar,16.03,Customer,8,7.89,10,5,166500,652307,Sumatera,MEDAN,CDE,Internal,SumateraMEDANCDE,DALAM KOTA,,,,3,REGULAR,5:16:00,193440,292367,119
260305D002,AHI,5-Mar-2026,CDELC,BK8031LM,Medan,Sumatera Utara,Solar,4.41,Store,37,8.0,10,1,40000,212267,Sumatera,MEDAN,CDE,Internal,SumateraMEDANCDE,DALAM KOTA,,,,3,REGULAR,3:50:00,96720,75547,32
260305C181,HCI,5-Mar-2026,CDELC,BK8074MQ,Medan,Sumatera Utara,Solar,11.76,Customer,10,5.78,10,5,126000,522103,Sumatera,MEDAN,CDE,Internal,SumateraMEDANCDE,DALAM KOTA,,,,3,REGULAR,5:41:00,290160,105943,71
260305D129,AHI,5-Mar-2026,CDELC,BK8074MQ,Medan,Sumatera Utara,Solar,4.56,Store,74,8.26,10,2,46000,366876,Sumatera,MEDAN,CDE,Internal,SumateraMEDANCDE,DALAM KOTA,,,,3,REGULAR,3:37:00,214933,105943,32
260305D091,AHI,5-Mar-2026,CDELC,BK8099LM,Medan,Sumatera Utara,Solar,5.15,Store,25,10.0,10,3,60000,429540,Sumatera,MEDAN,CDE,Internal,SumateraMEDANCDE,DALAM KOTA,,,,3,REGULAR,8:47:00,193440,176100,57
260305D093,AHI,5-Mar-2026,CDELC,BK8073MQ,Medan,Sumatera Utara,Solar,3.68,Store,35,9.23,10,2,50000,455325,Sumatera,MEDAN,CDE,Internal,SumateraMEDANCDE,DALAM KOTA,,,,3,REGULAR,5:19:00,193440,211885,31
260305C173,HCI,5-Mar-2026,CDELC,BK8803MH,Medan,Sumatera Utara,Solar,11.03,Customer,27,7.14,10,12,119000,503028,Sumatera,MEDAN,CDE,Internal,SumateraMEDANCDE,DALAM KOTA,,,,3,REGULAR,10:29:00,193440,190588,65
260305D172,HCI,5-Mar-2026,CDELC,BK8136LM,Medan,Sumatera Utara,,3.1,Store,1,8.3,10,1,36000,198311,Sumatera,MEDAN,CDE,Internal,SumateraMEDANCDE,DALAM KOTA,,,,3,REGULAR,1106080:07:00,118213,44098,33
260305D136,HCI,5-Mar-2026,CDELC,BK8807MH,Medan,Sumatera Utara,Solar,3.82,Store,12,9.73,10,1,26000,314734,Sumatera,MEDAN,CDE,Internal,SumateraMEDANCDE,DALAM KOTA,,,,3,REGULAR,1:13:00,193440,95294,34
260306L107,AHI,6-Mar-2026,CDELC,BK8192MQ,Pematangsiantar,Sumatera Utara,Dexlite,30.62,Store,45,8.99,10,3,665000,1102565,Sumatera,PEMATANGSIANTAR,CDE,Internal,SumateraPEMATANGSIANTARCDE,LUAR KOTA,1300000,-197435,-15.19%,3,REGULAR,8:57:00,225680,211885,261
260306C199,HCI,6-Mar-2026,CDELC,BK8871MS,Medan,Sumatera Utara,Dexlite,8.28,Customer,4,4.56,10,3,120000,506880,Sumatera,MEDAN,CDE,Internal,SumateraMEDANCDE,DALAM KOTA,,,,3,REGULAR,5:28:00,386880,,55
260306D082,HCI,6-Mar-2026,CDELC,BK8646MS,Medan,Sumatera Utara,Solar,6.18,Store,58,8.31,10,2,50000,439087,Sumatera,MEDAN,CDE,Internal,SumateraMEDANCDE,DALAM KOTA,,,,3,REGULAR,4:16:00,96720,292367,47
260306D080,AHI,6-Mar-2026,CDELC,BK8807MH,Medan,Sumatera Utara,Solar,5.15,Store,36,10.0,10,2,35000,419028,Sumatera,MEDAN,CDE,Internal,SumateraMEDANCDE,DALAM KOTA,,,,3,REGULAR,4:59:00,193440,190588,32
260306C242,HCI,6-Mar-2026,PICKUP,BK8696MS,Medan,Sumatera Utara,Pertalite,6,Customer,1,1.21,3,1,60000,303707,Sumatera,MEDAN,PICKUP,Internal,SumateraMEDANPICKUP,DALAM KOTA,,,,3,REGULAR,3:58:00,193440,50267,65
260306C180,HCI,6-Mar-2026,CDELC,BK8805MH,Medan,Sumatera Utara,Solar,7.35,Customer,19,6.99,10,6,50000,627468,Sumatera,MEDAN,CDE,Internal,SumateraMEDANCDE,DALAM KOTA,,,,3,REGULAR,2:49:00,386880,190588,39
260306D094,HCI,6-Mar-2026,CDELC,BK8022LM,Medan,Sumatera Utara,Dexlite,5.86,Store,43,8.31,10,2,110000,454534,Sumatera,MEDAN,CDE,Internal,SumateraMEDANCDE,DALAM KOTA,,,,3,REGULAR,10:31:00,193440,151094,44
260306C187,HCI,6-Mar-2026,CDELC,BK8813MG,Binjai,Sumatera Utara,Solar,16.47,Customer,7,6.53,10,6,144000,604877,Sumatera,BINJAI,CDE,Internal,SumateraBINJAICDE,DALAM KOTA,,,,3,REGULAR,8:41:00,386880,73997,125
260306D090,HCI,6-Mar-2026,CDELC,BK8146LM,Medan,Sumatera Utara,Solar,4.12,Store,16,9.06,10,1,28000,297189,Sumatera,MEDAN,CDE,Internal,SumateraMEDANCDE,DALAM KOTA,,,,3,REGULAR,4:25:00,193440,75749,25
260306D142,AHI,6-Mar-2026,CDELC,BK8813MG,Medan,Sumatera Utara,Solar,4.41,Store,5,9.1,10,1,45000,344677,Sumatera,MEDAN,CDE,Internal,SumateraMEDANCDE,DALAM KOTA,,,,3,REGULAR,2:18:00,225680,73997,31
260306C193,HCI,6-Mar-2026,CDELC,BK8172LM,Medan,Sumatera Utara,Dexlite,6.9,Customer,6,3.99,10,4,115000,480909,Sumatera,MEDAN,CDE,Internal,SumateraMEDANCDE,DALAM KOTA,,,,3,REGULAR,4:16:00,290160,75749,46
260306C184,HCI,6-Mar-2026,CDELC,BK8075MQ,Medan,Sumatera Utara,Dexlite,15.86,Customer,15,6.35,10,10,230000,828765,Sumatera,MEDAN,CDE,Internal,SumateraMEDANCDE,DALAM KOTA,,,,3,REGULAR,10:06:00,386880,211885,98
260306D001,HCI,6-Mar-2026,CDELC,BK8135LM,Medan,Sumatera Utara,Solar,2.94,Store,47,10.0,10,1,20000,289189,Sumatera,MEDAN,CDE,Internal,SumateraMEDANCDE,DALAM KOTA,,,,3,REGULAR,3:33:00,193440,75749,24
260305D005,AHI,6-Mar-2026,PICKUP,BK8633MS,Medan,Sumatera Utara,Pertalite,3.4,Store,10,1.91,3,1,39000,197147,Sumatera,MEDAN,PICKUP,Internal,SumateraMEDANPICKUP,DALAM KOTA,,,,3,REGULAR,2:11:00,128960,29187,31
260306C177,HCI,6-Mar-2026,CDELC,BK8141LM,Deli Serdang,Sumatera Utara,Dexlite,20.69,Customer,27,8.92,10,12,320500,858474,Sumatera,DELI SERDANG,CDE,Internal,SumateraDELI SERDANGCDE,DALAM KOTA,,,,3,REGULAR,11:51:00,386880,151094,116
260306D135,FBI,6-Mar-2026,PICKUP,A8330VX,Medan,Sumatera Utara,Pertalite,7.5,Store,6,1.86,3,5,84000,393847,Sumatera,MEDAN,MINI VAN BOX,Internal,SumateraMEDANMINI VAN BOX,DALAM KOTA,,,,3,REGULAR,5:37:00,225680,84167,52
260306C198,HCI,6-Mar-2026,CDELC,BK8047MQ,Deli Serdang,Sumatera Utara,Dexlite,13.1,Customer,4,8.48,10,4,210000,509383,Sumatera,DELI SERDANG,CDE,Internal,SumateraDELI SERDANGCDE,DALAM KOTA,,,,3,REGULAR,3:39:00,193440,105943,82
260306H062,HCI,6-Mar-2026,CDELC,BK8047MQ,Pematangsiantar,Sumatera Utara,Dexlite,28.28,HUB,14,8.94,10,1,626000,828663,Sumatera,PEMATANGSIANTAR,CDE,Internal,SumateraPEMATANGSIANTARCDE,LUAR KOTA,1300000,-471338,-36.26%,3,REGULAR,5:56:00,96720,105943,230
260306C189,HCI,6-Mar-2026,CDELC,BK8031LM,Medan,Sumatera Utara,Solar,14.71,Customer,8,4.42,10,6,113000,478707,Sumatera,MEDAN,CDE,Internal,SumateraMEDANCDE,DALAM KOTA,,,,3,REGULAR,4:06:00,290160,75547,102
260306C241,HCI,6-Mar-2026,PICKUP,BK8633MS,Deli Serdang,Sumatera Utara,Pertalite,17.8,Customer,4,3.0,3,3,260500,579847,Sumatera,DELI SERDANG,PICKUP,Internal,SumateraDELI SERDANGPICKUP,DALAM KOTA,,,,3,REGULAR,8:47:00,290160,29187,201
260306D081,HCI,6-Mar-2026,CDELC,BK8031LM,Medan,Sumatera Utara,Solar,5.15,Store,14,8.49,10,2,50000,222267,Sumatera,MEDAN,CDE,Internal,SumateraMEDANCDE,DALAM KOTA,,,,3,REGULAR,3:50:00,96720,75547,30
260306C183,HCI,6-Mar-2026,CDELC,BK8172LM,Medan,Sumatera Utara,Dexlite,5.86,Customer,8,5.01,10,5,89000,358189,Sumatera,MEDAN,CDE,Internal,SumateraMEDANCDE,DALAM KOTA,,,,3,REGULAR,5:35:00,193440,75749,41
260306C181,HCI,6-Mar-2026,CDELC,BK8806MH,Medan,Sumatera Utara,Solar,11.03,Customer,25,9.5,10,12,85000,662468,Sumatera,MEDAN,CDE,Internal,SumateraMEDANCDE,DALAM KOTA,,,,3,REGULAR,7:11:00,386880,190588,74
260306H061,HCI,6-Mar-2026,CDELC,BK8074MQ,Pematangsiantar,Sumatera Utara,Dexlite,27.93,HUB,4,8.48,10,1,621000,1026325,Sumatera,PEMATANGSIANTAR,CDE,Internal,SumateraPEMATANGSIANTARCDE,LUAR KOTA,1300000,-273675,-21.05%,3,REGULAR,4:31:00,193440,211885,226
260306C186,HCI,6-Mar-2026,CDELC,BK8647MS,Medan,Sumatera Utara,Solar,13.97,Customer,20,10.0,10,15,114000,793247,Sumatera,MEDAN,CDE,Internal,SumateraMEDANCDE,DALAM KOTA,,,,3,REGULAR,10:06:00,386880,292367,75
260306L157,HCI,6-Mar-2026,PICKUP,BK8633MS,Medan,Sumatera Utara,Pertalite,3,Store,2,3.0,3,1,35000,257627,Sumatera,MEDAN,PICKUP,Internal,SumateraMEDANPICKUP,DALAM KOTA,,,,3,REGULAR,2:35:00,193440,29187,31
260306D093,HCI,6-Mar-2026,CDELC,BK8099LM,Medan,Sumatera Utara,Solar,6.03,Store,30,8.6,10,1,63000,432540,Sumatera,MEDAN,CDE,Internal,SumateraMEDANCDE,DALAM KOTA,,,,3,REGULAR,9:54:00,193440,176100,36
260306C194,HCI,6-Mar-2026,CDELC,BK8191MQ,Medan,Sumatera Utara,Dexlite,12.07,Customer,18,6.51,10,10,185000,783765,Sumatera,MEDAN,CDE,Internal,SumateraMEDANCDE,DALAM KOTA,,,,3,REGULAR,9:07:00,386880,211885,104
260306C201,HCI,6-Mar-2026,CDELC,BK8073MQ,Tebing Tinggi,Sumatera Utara,Solar,23.53,Customer,1,8.0,10,1,300000,705325,Sumatera,TEBING TINGGI,CDE,Internal,SumateraTEBING TINGGICDE,DALAM KOTA,,,,3,REGULAR,8:51:42,193440,211885,201
260306C196,HCI,6-Mar-2026,CDELC,BK8804MH,Deli Serdang,Sumatera Utara,Solar,14.41,Customer,11,6.33,10,8,123500,314088,Sumatera,DELI SERDANG,CDE,Internal,SumateraDELI SERDANGCDE,DALAM KOTA,,,,3,REGULAR,5:46:11,0,190588,107
260306C191,HCI,6-Mar-2026,CDELC,BK8146LM,Medan,Sumatera Utara,Dexlite,3.79,Customer,7,3.48,10,4,59000,521629,Sumatera,MEDAN,CDE,Internal,SumateraMEDANCDE,DALAM KOTA,,,,3,REGULAR,3:03:00,386880,75749,37
260306C185,HCI,6-Mar-2026,CDELC,BK8803MH,Medan,Sumatera Utara,Dexlite,8.97,Customer,11,10.0,10,6,130000,707468,Sumatera,MEDAN,CDE,Internal,SumateraMEDANCDE,DALAM KOTA,,,,3,REGULAR,9:44:00,386880,190588,89
260306C179,HCI,6-Mar-2026,CDELC,BK8871MS,Medan,Sumatera Utara,Dexlite,7.59,Customer,19,5.5,10,8,145000,531880,Sumatera,MEDAN,CDE,Internal,SumateraMEDANCDE,DALAM KOTA,,,,3,REGULAR,6:01:00,386880,,48
260306C200,HCI,6-Mar-2026,CDELC,BK8309MS,Tebing Tinggi,Sumatera Utara,Solar,27.65,Customer,6,10.0,10,1,314000,793073,Sumatera,TEBING TINGGI,CDE,Internal,SumateraTEBING TINGGICDE,DALAM KOTA,,,,3,REGULAR,8:30:59,193440,285633,184
260306C203,HCI,6-Mar-2026,PICKUP,BK8696MS,Medan,Sumatera Utara,Pertalite,7,Customer,5,3.0,3,3,80000,323707,Sumatera,MEDAN,PICKUP,Internal,SumateraMEDANPICKUP,DALAM KOTA,,,,3,REGULAR,5:59:00,193440,50267,59
260306C188,HCI,6-Mar-2026,CDELC,BK8135LM,Medan,Sumatera Utara,Dexlite,12.07,Customer,10,9.78,10,8,221000,586909,Sumatera,MEDAN,CDE,Internal,SumateraMEDANCDE,DALAM KOTA,,,,3,REGULAR,6:12:00,290160,75749,91
260306C182,HCI,6-Mar-2026,CDELC,,Medan,Sumatera Utara,Solar,13.24,Customer,17,6.22,10,8,99000,389160,Sumatera,MEDAN,CDE,Internal,SumateraMEDANCDE,DALAM KOTA,,,,3,REGULAR,6:07:00,290160,,64
260306D139,FBI,6-Mar-2026,PICKUP,BK8136LM,Binjai,Sumatera Utara,Pertalite,10.5,Store,6,1.86,3,5,147000,364155,Sumatera,BINJAI,MINI VAN BOX,Internal,SumateraBINJAIMINI VAN BOX,DALAM KOTA,,,,3,REGULAR,6:39:00,128960,88195,95
260306D141,AHI,6-Mar-2026,CDELC,BK8009MI,Medan,Sumatera Utara,Dexlite,5.66,Store,45,9.0,10,1,95000,472177,Sumatera,MEDAN,CDE,Internal,SumateraMEDANCDE,DALAM KOTA,,,,3,REGULAR,-0:21:00,225680,151497,86
260307D129,HCI,7-Mar-2026,#N/A,A8330VX,Medan,Sumatera Utara,#N/A,3.4,Store,10,0.74,,3,39000,274523,Sumatera,MEDAN,VAN BOX,Internal,SumateraMEDANVAN BOX,DALAM KOTA,,,,3,REGULAR,1106123:00:00,193440,42083,33
260307C166,HCI,7-Mar-2026,CDELC,BK8172LM,Medan,Sumatera Utara,Dexlite,5.31,Customer,19,6.22,10,7,82000,620377,Sumatera,MEDAN,CDE,Internal,SumateraMEDANCDE,DALAM KOTA,,,,3,REGULAR,8:17:00,386880,151497,53
260307C236,HCI,7-Mar-2026,PICKUP,BK8696MS,Medan,Sumatera Utara,Pertalite,6.5,Customer,4,3.0,3,4,68000,408427,Sumatera,MEDAN,PICKUP,Internal,SumateraMEDANPICKUP,DALAM KOTA,,,,3,REGULAR,7:13:00,290160,50267,72
260307C169,HCI,7-Mar-2026,CDELC,BK8804MH,Medan,Sumatera Utara,Solar,13.24,Customer,16,10.0,10,7,94000,671468,Sumatera,MEDAN,CDE,Internal,SumateraMEDANCDE,DALAM KOTA,,,,3,REGULAR,9:22:00,386880,190588,108
260307C303,AHI,7-Mar-2026,PICKUP,BK8633MS,Medan,Sumatera Utara,Pertalite,6,Customer,2,3.0,3,2,68000,305221,Sumatera,MEDAN,PICKUP,Internal,SumateraMEDANPICKUP,DALAM KOTA,,,,3,NON REGULAR,2:05:00,193440,43781,54
260307D123,AHI,7-Mar-2026,CDELC,BK8074MQ,Medan,Sumatera Utara,Solar,3.68,Store,131,8.94,10,1,25000,324383,Sumatera,MEDAN,CDE,Internal,SumateraMEDANCDE,DALAM KOTA,,,,3,REGULAR,1:27:00,193440,105943,23
260307C181,HCI,7-Mar-2026,CDELC,BK8022LM,Deli Serdang,Sumatera Utara,Dexlite,4.83,Customer,6,8.29,10,3,70000,338987,Sumatera,DELI SERDANG,CDE,Internal,SumateraDELI SERDANGCDE,DALAM KOTA,,,,3,REGULAR,2:24:00,193440,75547,40
260307C189,HCI,7-Mar-2026,PICKUP,BK8633MS,Deli Serdang,Sumatera Utara,Pertalite,6.4,Customer,4,3.0,3,4,68500,305721,Sumatera,DELI SERDANG,PICKUP,Internal,SumateraDELI SERDANGPICKUP,DALAM KOTA,,,,3,REGULAR,5:32:00,193440,43781,68
260307C164,HCI,7-Mar-2026,CDELC,BK8099LM,Medan,Sumatera Utara,Dexlite,14.14,Customer,20,5.59,10,11,260000,822980,Sumatera,MEDAN,CDE,Internal,SumateraMEDANCDE,DALAM KOTA,,,,3,REGULAR,12:45:00,386880,176100,64
260307H070,HCI,7-Mar-2026,CDELC,BK8192MQ,Pematangsiantar,Sumatera Utara,Solar,35.29,HUB,22,8.09,10,3,456000,764605,Sumatera,PEMATANGSIANTAR,CDE,Internal,SumateraPEMATANGSIANTARCDE,LUAR KOTA,1300000,-535395,-41.18%,3,REGULAR,10:13:00,96720,211885,256
260307C165,HCI,7-Mar-2026,CDELC,BK8806MH,Medan,Sumatera Utara,Dexlite,12.41,Customer,29,9.99,10,14,183000,760468,Sumatera,MEDAN,CDE,Internal,SumateraMEDANCDE,DALAM KOTA,,,,3,REGULAR,9:09:00,386880,190588,75
260307C172,HCI,7-Mar-2026,CDELC,BK8807MH,Medan,Sumatera Utara,Solar,22.79,Customer,11,9.69,10,7,214000,791468,Sumatera,MEDAN,CDE,Internal,SumateraMEDANCDE,DALAM KOTA,,,,3,REGULAR,8:26:00,386880,190588,138
260307C176,HCI,7-Mar-2026,CDELC,BK8047MQ,Medan,Sumatera Utara,Solar,7.35,Customer,11,7.21,10,7,50000,261885,Sumatera,MEDAN,CDE,Internal,SumateraMEDANCDE,DALAM KOTA,,,,3,REGULAR,4:34:00,0,211885,53
260307C180,HCI,7-Mar-2026,CDELC,BK8813MG,Medan,Sumatera Utara,Dexlite,6.9,Customer,9,5.59,10,6,103000,444434,Sumatera,MEDAN,CDE,Internal,SumateraMEDANCDE,DALAM KOTA,,,,3,REGULAR,3:06:00,193440,147994,60
260307C179,HCI,7-Mar-2026,CDELC,BK8871MS,Medan,Sumatera Utara,Solar,23.53,Customer,1,10.0,10,1,190500,383940,Sumatera,MEDAN,CDE,Internal,SumateraMEDANCDE,DALAM KOTA,,,,3,REGULAR,0:56:00,193440,,70
260307C173,HCI,7-Mar-2026,CDELC,BK8309MS,Medan,Sumatera Utara,Dexlite,8.97,Customer,18,7.67,10,9,150000,822513,Sumatera,MEDAN,CDE,Internal,SumateraMEDANCDE,DALAM KOTA,,,,3,REGULAR,7:40:00,386880,285633,51
260307X054,FBI,7-Mar-2026,PICKUP,A8330VX,Medan,Sumatera Utara,Pertalite,4,Other Delivery,1,3.0,3,1,40000,372243,Sumatera,MEDAN,MINI VAN BOX,Internal,SumateraMEDANMINI VAN BOX,DALAM KOTA,,,,3,REGULAR,0:21:00,290160,42083,36
260307C170,HCI,7-Mar-2026,CDELC,BK8191MQ,Medan,Sumatera Utara,Solar,9.56,Customer,9,9.68,10,6,65000,470325,Sumatera,MEDAN,CDE,Internal,SumateraMEDANCDE,DALAM KOTA,,,,3,REGULAR,5:20:00,193440,211885,76
260307H069,HCI,7-Mar-2026,CDELC,BK8646MS,Pematangsiantar,Sumatera Utara,Solar,36.76,HUB,7,8.31,10,2,466000,951807,Sumatera,PEMATANGSIANTAR,CDE,Internal,SumateraPEMATANGSIANTARCDE,LUAR KOTA,1300000,-348193,-26.78%,3,REGULAR,10:25:00,193440,292367,230
260307D122,HCI,7-Mar-2026,CDELC,BK8647MS,Medan,Sumatera Utara,Solar,6.62,Store,28,8.5,10,2,73500,559307,Sumatera,MEDAN,CDE,Internal,SumateraMEDANCDE,DALAM KOTA,,,,3,REGULAR,7:01:00,193440,292367,37
260307C167,HCI,7-Mar-2026,CDELC,BK8803MH,Medan,Sumatera Utara,Dexlite,16.9,Customer,19,7.45,10,9,278500,855968,Sumatera,MEDAN,CDE,Internal,SumateraMEDANCDE,DALAM KOTA,,,,3,REGULAR,10:13:00,386880,190588,103
260307C163,HCI,7-Mar-2026,CDELC,BK8009MI,Deli Serdang,Sumatera Utara,Solar,11.76,Customer,13,7.06,10,8,97000,248497,Sumatera,DELI SERDANG,CDE,Internal,SumateraDELI SERDANGCDE,DALAM KOTA,,,,3,REGULAR,3:53:32,0,151497,71
260307D128,HCI,7-Mar-2026,#N/A,BK8136LM,Medan,Sumatera Utara,#N/A,6.2,Store,7,2.55,3,3,75000,259915,Sumatera,MEDAN,VAN BOX,Internal,SumateraMEDANVAN BOX,DALAM KOTA,,,,3,REGULAR,1106123:34:00,96720,88195,60
260307C177,HCI,7-Mar-2026,CDELC,BK8075MQ,Medan,Sumatera Utara,Dexlite,6.97,Customer,9,5.11,10,8,101000,409605,Sumatera,MEDAN,CDE,Internal,SumateraMEDANCDE,DALAM KOTA,,,,3,REGULAR,4:35:00,96720,211885,42
260307C178,HCI,7-Mar-2026,CDELC,BK8146LM,Medan,Sumatera Utara,Dexlite,10.69,Customer,15,4.49,10,12,176000,714377,Sumatera,MEDAN,CDE,Internal,SumateraMEDANCDE,DALAM KOTA,,,,3,REGULAR,6:37:00,386880,151497,79
260307D121,HCI,7-Mar-2026,CDELC,BK8022LM,Medan,Sumatera Utara,Solar,4.41,Store,14,8.76,10,1,30000,202267,Sumatera,MEDAN,CDE,Internal,SumateraMEDANCDE,DALAM KOTA,,,,3,REGULAR,2:43:00,96720,75547,31
260307C168,HCI,7-Mar-2026,CDELC,BK8805MH,Medan,Sumatera Utara,Dexlite,13.1,Customer,9,7.24,10,6,190000,670748,Sumatera,MEDAN,CDE,Internal,SumateraMEDANCDE,DALAM KOTA,,,,3,REGULAR,7:01:00,290160,190588,67
260307C183,HCI,7-Mar-2026,CDELC,BK8031LM,Medan,Sumatera Utara,Dexlite,5.17,Customer,2,5.45,10,2,78000,615974,Sumatera,MEDAN,CDE,Internal,SumateraMEDANCDE,DALAM KOTA,,,,3,REGULAR,1:02:00,386880,151094,47
260307D001,HCI,7-Mar-2026,PICKUP,BK8696MS,Medan,Sumatera Utara,Pertalite,3.3,Store,20,2.57,3,1,43000,189987,Sumatera,MEDAN,PICKUP,Internal,SumateraMEDANPICKUP,DALAM KOTA,,,,3,REGULAR,2:53:00,96720,50267,31
260307C171,HCI,7-Mar-2026,CDELC,BK8135LM,Medan,Sumatera Utara,Solar,6.18,Customer,7,2.82,10,5,42000,483657,Sumatera,MEDAN,CDE,Internal,SumateraMEDANCDE,DALAM KOTA,,,,3,REGULAR,5:10:00,290160,151497,53
260307C184,HCI,7-Mar-2026,CDELC,BK8074MQ,Medan,Sumatera Utara,Solar,7.35,Customer,2,9.27,10,1,56000,548823,Sumatera,MEDAN,CDE,Internal,SumateraMEDANCDE,DALAM KOTA,,,,3,REGULAR,2:53:00,386880,105943,60
260307C174,HCI,7-Mar-2026,CDELC,BK8141LM,Medan,Sumatera Utara,Solar,30.88,Customer,11,5.6,10,9,247000,784974,Sumatera,MEDAN,CDE,Internal,SumateraMEDANCDE,DALAM KOTA,,,,3,REGULAR,9:30:00,386880,151094,201
260307D119,HCI,7-Mar-2026,CDELC,BK8073MQ,Medan,Sumatera Utara,Solar,5.15,Store,18,8.71,10,3,60000,368605,Sumatera,MEDAN,CDE,Internal,SumateraMEDANCDE,DALAM KOTA,,,,3,REGULAR,6:33:00,96720,211885,34
260308C127,HCI,8-Mar-2026,CDELC,BK8191MQ,Binjai,Sumatera Utara,Solar,11.76,Customer,4,7.84,10,4,113500,615545,Sumatera,BINJAI,CDE,Internal,SumateraBINJAICDE,DALAM KOTA,,,,3,REGULAR,5:48:00,290160,211885,111
260308C229,HCI,8-Mar-2026,PICKUP,BK8136LM,Medan,Sumatera Utara,Pertalite,5,Customer,1,0.28,,1,50000,190818,Sumatera,MEDAN,MINI VAN BOX,Internal,SumateraMEDANMINI VAN BOX,DALAM KOTA,,,,3,NON REGULAR,2:59:00,96720,44098,54
260308C119,HCI,8-Mar-2026,CDELC,BK8647MS,Medan,Sumatera Utara,Dexlite,8.28,Customer,10,5.31,10,4,120000,509087,Sumatera,MEDAN,CDE,Internal,SumateraMEDANCDE,DALAM KOTA,,,,3,REGULAR,5:06:00,96720,292367,54
260308C112,HCI,8-Mar-2026,CDELC,BK8813MG,Deli Serdang,Sumatera Utara,Solar,9.56,Customer,28,6.95,10,10,65000,599874,Sumatera,DELI SERDANG,CDE,Internal,SumateraDELI SERDANGCDE,DALAM KOTA,,,,3,REGULAR,8:04:00,386880,147994,65
260308C118,HCI,8-Mar-2026,CDELC,BK8172LM,Medan,Sumatera Utara,Solar,7.35,Customer,17,5.84,10,9,50000,588377,Sumatera,MEDAN,CDE,Internal,SumateraMEDANCDE,DALAM KOTA,,,,3,REGULAR,6:47:00,386880,151497,49
260308L069,HCI,8-Mar-2026,CDELC,BK8806MH,Simalungun,Sumatera Utara,Solar,27.94,Store,1,8.0,10,1,403000,593588,Sumatera,SIMALUNGUN,CDE,Internal,SumateraSIMALUNGUNCDE,LUAR KOTA,,,,3,REGULAR,5:53:00,0,190588,234
260308C116,HCI,8-Mar-2026,CDELC,BK8135LM,Medan,Sumatera Utara,Dexlite,6.21,Customer,18,8.13,10,5,95000,343217,Sumatera,MEDAN,CDE,Internal,SumateraMEDANCDE,DALAM KOTA,,,,3,REGULAR,4:23:00,96720,151497,45
260308C170,HCI,8-Mar-2026,CDELC,BK8803MH,Pematangsiantar,Sumatera Utara,Solar,26.47,Customer,1,7.18,10,1,393000,777028,Sumatera,PEMATANGSIANTAR,CDE,Internal,SumateraPEMATANGSIANTARCDE,LUAR KOTA,1300000,-522972,-40.23%,3,REGULAR,9:48:00,193440,190588,244
260308L071,HCI,8-Mar-2026,CDELC,BK8192MQ,Simalungun,Sumatera Utara,Solar,30.88,Store,1,8.0,10,1,423000,634885,Sumatera,SIMALUNGUN,CDE,Internal,SumateraSIMALUNGUNCDE,LUAR KOTA,,,,3,REGULAR,6:37:00,0,211885,245
260308C162,HCI,8-Mar-2026,PICKUP,BK8696MS,Medan,Sumatera Utara,Pertalite,9,Customer,2,2.46,3,2,128000,421973,Sumatera,MEDAN,PICKUP,Internal,SumateraMEDANPICKUP,DALAM KOTA,,,,3,REGULAR,4:36:00,193440,100533,113
260308C117,HCI,8-Mar-2026,CDELC,BK8009MI,Medan,Sumatera Utara,Solar,6.62,Customer,14,7.19,10,8,55000,593377,Sumatera,MEDAN,CDE,Internal,SumateraMEDANCDE,DALAM KOTA,,,,3,REGULAR,7:08:00,386880,151497,44
260308C160,HCI,8-Mar-2026,PICKUP,BK8136LM,Medan,Sumatera Utara,Pertalite,7.9,Customer,7,2.42,,6,89500,327038,Sumatera,MEDAN,MINI VAN BOX,Internal,SumateraMEDANMINI VAN BOX,DALAM KOTA,,,,3,REGULAR,5:02:00,193440,44098,96
260308C131,HCI,8-Mar-2026,CDELC,BK8047MQ,Medan,Sumatera Utara,Dexlite,6.9,Customer,14,8.53,10,11,100000,602045,Sumatera,MEDAN,CDE,Internal,SumateraMEDANCDE,DALAM KOTA,,,,3,REGULAR,6:11:00,290160,211885,46
260308X041,HCI,8-Mar-2026,CDELC,BK8099LM,Medan,Sumatera Utara,Solar,4.56,Other Delivery,2,10.0,10,2,48000,456228,Sumatera,MEDAN,CDE,Internal,SumateraMEDANCDE,DALAM KOTA,,,,3,REGULAR,7:10:00,232128,176100,44
260308L070,HCI,8-Mar-2026,CDELC,BK8805MH,Pematangsiantar,Sumatera Utara,Solar,33.82,Store,1,8.0,10,1,443000,865716,Sumatera,PEMATANGSIANTAR,CDE,Internal,SumateraPEMATANGSIANTARCDE,LUAR KOTA,1300000,-434284,-33.41%,3,REGULAR,6:05:00,232128,190588,244
260308H059,HCI,8-Mar-2026,CDELC,BK8807MH,Pematangsiantar,Sumatera Utara,Solar,36.03,HUB,19,10.0,10,2,467500,851528,Sumatera,PEMATANGSIANTAR,CDE,Internal,SumateraPEMATANGSIANTARCDE,LUAR KOTA,1300000,-448472,-34.50%,3,REGULAR,8:45:00,193440,190588,269
260308X044,HCI,8-Mar-2026,CDELC,BK8309MS,Medan,Sumatera Utara,Solar,5.88,Other Delivery,1,8.0,10,1,55000,476041,Sumatera,MEDAN,CDE,Internal,SumateraMEDANCDE,DALAM KOTA,,,,3,REGULAR,3:47:00,135408,285633,41
260308C129,HCI,8-Mar-2026,CDELC,BK8073MQ,Medan,Sumatera Utara,Dexlite,12.07,Customer,18,8.74,10,11,209500,808265,Sumatera,MEDAN,CDE,Internal,SumateraMEDANCDE,DALAM KOTA,,,,3,REGULAR,9:09:00,386880,211885,106
260308C128,HCI,8-Mar-2026,CDELC,BK8031LM,Medan,Sumatera Utara,Solar,11.03,Customer,20,6.56,10,10,90000,627974,Sumatera,MEDAN,CDE,Internal,SumateraMEDANCDE,DALAM KOTA,,,,3,REGULAR,7:55:00,386880,151094,80
260308C121,HCI,8-Mar-2026,CDELC,BK8146LM,Medan,Sumatera Utara,Solar,13.24,Customer,7,5.62,10,6,90000,628377,Sumatera,MEDAN,CDE,Internal,SumateraMEDANCDE,DALAM KOTA,,,,3,REGULAR,7:42:00,386880,151497,90
260308C145,HCI,8-Mar-2026,PICKUP,BK8633MS,Medan,Sumatera Utara,Pertalite,9.8,Customer,4,3.0,3,4,107500,581941,Sumatera,MEDAN,PICKUP,Internal,SumateraMEDANPICKUP,DALAM KOTA,,,,3,REGULAR,8:55:00,386880,87561,95
260308C115,HCI,8-Mar-2026,CDELC,BK8871MS,Medan,Sumatera Utara,Solar,8.82,Customer,16,4.7,10,11,95000,481880,Sumatera,MEDAN,CDE,Internal,SumateraMEDANCDE,DALAM KOTA,,,,3,REGULAR,9:13:00,386880,,59
260308C134,HCI,8-Mar-2026,CDELC,BK8646MS,Deli Serdang,Sumatera Utara,Solar,22.06,Customer,6,6.1,10,6,176500,855747,Sumatera,DELI SERDANG,CDE,Internal,SumateraDELI SERDANGCDE,DALAM KOTA,,,,3,REGULAR,8:28:00,386880,292367,165
260309C221,HCI,9-Mar-2026,CDELC,BK8075MQ,Medan,Sumatera Utara,Solar,22.06,Customer,14,10.0,10,7,159000,555103,Sumatera,MEDAN,CDE,Internal,SumateraMEDANCDE,DALAM KOTA,,,,3,NON REGULAR,10:50:00,290160,105943,134
260309C222,HCI,9-Mar-2026,CDELC,BK8031LM,Medan,Sumatera Utara,Solar,16.91,Customer,17,8.82,10,16,136000,673974,Sumatera,MEDAN,CDE,Internal,SumateraMEDANCDE,DALAM KOTA,,,,3,REGULAR,8:01:00,386880,151094,115
260309C223,HCI,9-Mar-2026,CDELC,BK8009MI,Medan,Sumatera Utara,Solar,11.76,Customer,16,7.15,10,8,113500,555157,Sumatera,MEDAN,CDE,Internal,SumateraMEDANCDE,DALAM KOTA,,,,3,REGULAR,8:07:00,290160,151497,83
260309C224,HCI,9-Mar-2026,CDELC,BK8047MQ,Medan,Sumatera Utara,Solar,14.71,Customer,17,10.0,10,9,120000,419383,Sumatera,MEDAN,CDE,Internal,SumateraMEDANCDE,DALAM KOTA,,,,3,NON REGULAR,11:04:00,193440,105943,102
260309C226,HCI,9-Mar-2026,CDELC,BK8099LM,Medan,Sumatera Utara,Solar,12.5,Customer,13,7.44,10,8,85000,463210,Sumatera,MEDAN,CDE,Internal,SumateraMEDANCDE,DALAM KOTA,,,,3,NON REGULAR,5:31:00,290160,88050,70
260309C227,HCI,9-Mar-2026,CDELC,BK8806MH,Medan,Sumatera Utara,Solar,14.71,Customer,21,10.0,10,15,115000,403734,Sumatera,MEDAN,CDE,Internal,SumateraMEDANCDE,DALAM KOTA,,,,3,NON REGULAR,10:04:00,193440,95294,104
260309C228,HCI,9-Mar-2026,CDELC,BK8172LM,Binjai,Sumatera Utara,Solar,29.85,Customer,14,10.0,10,11,251500,789877,Sumatera,BINJAI,CDE,Internal,SumateraBINJAICDE,DALAM KOTA,,,,3,REGULAR,15:08:00,386880,151497,168
260309C229,HCI,9-Mar-2026,CDELC,BK8805MH,Medan,Sumatera Utara,Solar,12.5,Customer,12,8.91,10,10,85000,373734,Sumatera,MEDAN,CDE,Internal,SumateraMEDANCDE,DALAM KOTA,,,,3,REGULAR,6:53:00,193440,95294,74
260309C230,HCI,9-Mar-2026,CDELC,BK8803MH,Medan,Sumatera Utara,Solar,10.29,Customer,12,8.69,10,11,70000,454028,Sumatera,MEDAN,CDE,Internal,SumateraMEDANCDE,DALAM KOTA,,,,3,REGULAR,4:44:00,193440,190588,47
260309C232,HCI,9-Mar-2026,CDELC,BK8022LM,Medan,Sumatera Utara,Solar,11.76,Customer,10,10.0,10,7,80000,542427,Sumatera,MEDAN,CDE,Internal,SumateraMEDANCDE,DALAM KOTA,,,,3,REGULAR,6:34:00,386880,75547,80
260309C233,HCI,9-Mar-2026,CDELC,BK8647MS,Medan,Sumatera Utara,Solar,10.29,Customer,14,6.77,10,10,77000,416623,Sumatera,MEDAN,CDE,Internal,SumateraMEDANCDE,DALAM KOTA,,,,3,REGULAR,7:18:00,193440,146183,65
260309C234,HCI,9-Mar-2026,CDELC,BK8146LM,Medan,Sumatera Utara,Solar,16.18,Customer,12,8.74,10,10,118500,560157,Sumatera,MEDAN,CDE,Internal,SumateraMEDANCDE,DALAM KOTA,,,,3,REGULAR,7:19:00,290160,151497,125
260309C235,HCI,9-Mar-2026,CDELC,BK8309MS,Medan,Sumatera Utara,Dexlite,7.45,Customer,7,5.57,10,6,113000,545977,Sumatera,MEDAN,CDE,Internal,SumateraMEDANCDE,DALAM KOTA,,,,3,NON REGULAR,4:20:00,290160,142817,34
260309C236,HCI,9-Mar-2026,PICKUP,A8330VX,Deli Serdang,Sumatera Utara,Pertalite,6.3,Customer,8,3.02,,6,66000,301523,Sumatera,DELI SERDANG,MINI VAN BOX,Internal,SumateraDELI SERDANGMINI VAN BOX,DALAM KOTA,,,,3,REGULAR,1106176:52:00,193440,42083,59
260309C241,HCI,9-Mar-2026,CDELC,BK8871MS,Karo,Sumatera Utara,Solar,19.85,Customer,7,9.26,10,3,135000,521880,Sumatera,KARO,CDE,Internal,SumateraKAROCDE,DALAM KOTA,,,,3,REGULAR,8:45:00,386880,,163
260309C245,HCI,9-Mar-2026,PICKUP,BK8633MS,Medan,Sumatera Utara,Pertalite,7.6,Customer,3,3.0,3,3,106500,343721,Sumatera,MEDAN,PICKUP,Internal,SumateraMEDANPICKUP,DALAM KOTA,,,,3,REGULAR,6:33:00,193440,43781,82
260309C247,HCI,9-Mar-2026,CDELC,BK8047MQ,Medan,Sumatera Utara,Solar,4.41,Customer,2,7.72,10,2,30000,329383,Sumatera,MEDAN,CDE,Internal,SumateraMEDANCDE,DALAM KOTA,,,,3,REGULAR,2:55:00,193440,105943,30
260309C248,HCI,9-Mar-2026,PICKUP,BK8696MS,Serdang Bedagai,Sumatera Utara,Pertalite,10.3,Customer,3,3.0,3,3,167000,507427,Sumatera,SERDANG BEDAGAI,PICKUP,Internal,SumateraSERDANG BEDAGAIPICKUP,DALAM KOTA,,,,3,REGULAR,5:30:00,290160,50267,123
260309C250,HCI,9-Mar-2026,CDELC,BK8813MG,Medan,Sumatera Utara,Solar,12.94,Customer,19,7.44,10,16,88000,622874,Sumatera,MEDAN,CDE,Internal,SumateraMEDANCDE,DALAM KOTA,,,,3,REGULAR,8:31:00,386880,147994,92
260309C252,HCI,9-Mar-2026,CDELC,BK8074MQ,Medan,Sumatera Utara,Solar,4.71,Customer,3,10.0,10,2,32000,428103,Sumatera,MEDAN,CDE,Internal,SumateraMEDANCDE,DALAM KOTA,,,,3,REGULAR,2:41:00,290160,105943,31
260309C220,HCI,9-Mar-2026,CDELC,BK8073MQ,Medan,Sumatera Utara,Solar,13.24,Customer,48,9.9,10,12,95000,693765,Sumatera,MEDAN,CDE,Internal,SumateraMEDANCDE,DALAM KOTA,,,,3,REGULAR,13:59:00,386880,211885,85
260309C266,HCI,9-Mar-2026,CDELC,BK8806MH,Medan,Sumatera Utara,Solar,8.09,Customer,1,10.0,10,1,55000,343734,Sumatera,MEDAN,CDE,Internal,SumateraMEDANCDE,DALAM KOTA,,,,3,REGULAR,2:32:00,193440,95294,53
260309C337,HCI,9-Mar-2026,CDELC,BK8135LM,Medan,Sumatera Utara,Dexlite,3.86,Customer,1,3.46,10,1,56000,421909,Sumatera,MEDAN,CDE,Internal,SumateraMEDANCDE,DALAM KOTA,,,,3,NON REGULAR,5:57:00,290160,75749,29
260309C218,HCI,9-Mar-2026,CDELC,BK8191MQ,Medan,Sumatera Utara,Solar,8.24,Customer,30,10.0,10,12,56000,461325,Sumatera,MEDAN,CDE,Internal,SumateraMEDANCDE,DALAM KOTA,,,,3,REGULAR,8:07:00,193440,211885,59
260309C216,HCI,9-Mar-2026,CDELC,BK8646MS,Medan,Sumatera Utara,Solar,8.82,Customer,15,8.93,10,13,105000,784247,Sumatera,MEDAN,CDE,Internal,SumateraMEDANCDE,DALAM KOTA,,,,3,REGULAR,9:04:00,386880,292367,57
260309C215,HCI,9-Mar-2026,CDELC,BK8807MH,Medan,Sumatera Utara,Solar,12.5,Customer,24,10.0,10,11,95500,479528,Sumatera,MEDAN,CDE,Internal,SumateraMEDANCDE,DALAM KOTA,,,,3,REGULAR,5:46:00,193440,190588,91
260309C258,HCI,9-Mar-2026,PICKUP,BK8633MS,Medan,Sumatera Utara,Pertalite,7.4,Customer,4,3.0,3,4,78500,315721,Sumatera,MEDAN,PICKUP,Internal,SumateraMEDANPICKUP,DALAM KOTA,,,,3,REGULAR,6:03:00,193440,43781,73
260309D028,HCI,9-Mar-2026,CDELC,BK8804MH,Medan,Sumatera Utara,Solar,4.41,Store,53,10.0,10,1,30000,414028,Sumatera,MEDAN,CDE,Internal,SumateraMEDANCDE,DALAM KOTA,,,,3,REGULAR,8:42:00,193440,190588,32
260309D029,HCI,9-Mar-2026,CDELC,BK8647MS,Medan,Sumatera Utara,Solar,4.41,Store,66,9.1,10,2,30000,272903,Sumatera,MEDAN,CDE,Internal,SumateraMEDANCDE,DALAM KOTA,,,,3,REGULAR,4:45:00,96720,146183,30
260309D030,HCI,9-Mar-2026,CDELC,BK8074MQ,Medan,Sumatera Utara,Solar,5.15,Store,253,10.0,10,2,50000,349383,Sumatera,MEDAN,CDE,Internal,SumateraMEDANCDE,DALAM KOTA,,,,3,REGULAR,4:53:00,193440,105943,30
260309D031,HCI,9-Mar-2026,CDELC,BK8075MQ,Medan,Sumatera Utara,Solar,5.15,Store,9,10.0,10,1,48000,250663,Sumatera,MEDAN,CDE,Internal,SumateraMEDANCDE,DALAM KOTA,,,,3,REGULAR,2:33:00,96720,105943,33
260309D032,HCI,9-Mar-2026,CDELC,BK8112LM,Medan,Sumatera Utara,Dexlite,5.17,Store,37,8.59,10,1,95000,439534,Sumatera,MEDAN,CDE,Internal,SumateraMEDANCDE,DALAM KOTA,,,,3,REGULAR,12:56:00,193440,151094,35
260309D118,FBI,9-Mar-2026,PICKUP,A8330VX,Medan,Sumatera Utara,Pertalite,5,Store,12,2.65,3,5,60000,295523,Sumatera,MEDAN,MINI VAN BOX,Internal,SumateraMEDANMINI VAN BOX,DALAM KOTA,,,,3,REGULAR,5:07:00,193440,42083,50
260309D119,HCI,9-Mar-2026,PICKUP,BK8136LM,Binjai,Sumatera Utara,Pertalite,10,Store,11,2.63,3,4,153500,338415,Sumatera,BINJAI,MINI VAN BOX,Internal,SumateraBINJAIMINI VAN BOX,DALAM KOTA,,,,3,REGULAR,5:25:00,96720,88195,102
260309D020,HCI,9-Mar-2026,CDELC,BK8022LM,Medan,Sumatera Utara,Solar,5.15,Store,48,8.64,10,2,35000,207267,Sumatera,MEDAN,CDE,Internal,SumateraMEDANCDE,DALAM KOTA,,,,3,REGULAR,3:40:00,96720,75547,36
260309H068,HCI,9-Mar-2026,FUSO,BK8815MG,Pematangsiantar,Sumatera Utara,Solar,56.47,HUB,34,19.06,34,2,709500,1256898,Sumatera,PEMATANGSIANTAR,FUSO,Internal,SumateraPEMATANGSIANTARFUSO,LUAR KOTA,,,,3,REGULAR,7:02:00,193440,353958,230
260309X054,HCI,9-Mar-2026,CDELC,BK8192MQ,Medan,Sumatera Utara,Solar,7.35,Other Delivery,3,10.0,10,3,80000,549805,Sumatera,MEDAN,CDE,Internal,SumateraMEDANCDE,DALAM KOTA,,,,3,REGULAR,6:25:00,257920,211885,79
260309X067,HCI,9-Mar-2026,CDELC,BK8805MH,Medan,Sumatera Utara,Solar,5.59,Other Delivery,1,8.0,10,1,48000,401214,Sumatera,MEDAN,CDE,Internal,SumateraMEDANCDE,DALAM KOTA,,,,3,REGULAR,7:04:00,257920,95294,36
260309D023,HCI,9-Mar-2026,CDELC,BK8309MS,Medan,Sumatera Utara,Solar,6.32,Store,146,10.0,10,2,56000,295537,Sumatera,MEDAN,CDE,Internal,SumateraMEDANCDE,DALAM KOTA,,,,3,REGULAR,5:58:00,96720,142817,36
260309D025,HCI,9-Mar-2026,PICKUP,BK8696MS,Medan,Sumatera Utara,Pertalite,3.4,Store,4,2.51,3,1,44000,287707,Sumatera,MEDAN,PICKUP,Internal,SumateraMEDANPICKUP,DALAM KOTA,,,,3,REGULAR,2:59:00,193440,50267,31
260309D027,HCI,9-Mar-2026,CDELC,BK8135LM,Medan,Sumatera Utara,Solar,5.88,Store,35,8.45,10,1,48000,220469,Sumatera,MEDAN,CDE,Internal,SumateraMEDANCDE,DALAM KOTA,,,,3,REGULAR,3:06:00,96720,75749,48
260309D134,AHI,9-Mar-2026,CDELC,BK8099LM,Medan,Sumatera Utara,Solar,4.41,Store,1,8.0,10,2,30000,375970,Sumatera,MEDAN,CDE,Internal,SumateraMEDANCDE,DALAM KOTA,,,,3,REGULAR,3:16:00,257920,88050,33
260310C208,HCI,10-Mar-2026,CDELC,BK8647MS,Medan,Sumatera Utara,Solar,10.29,Customer,26,10.0,10,11,85000,764247,Sumatera,MEDAN,CDE,Internal,SumateraMEDANCDE,DALAM KOTA,,,,3,REGULAR,7:49:00,386880,292367,62
260310C209,HCI,10-Mar-2026,#N/A,,Medan,Sumatera Utara,#N/A,13.97,Customer,11,11.67,,9,105500,202220,Sumatera,MEDAN,,Internal,SumateraMEDAN,DALAM KOTA,,,,3,NON REGULAR,1106203:28:00,96720,,98
260310C210,HCI,10-Mar-2026,CDELC,BK8871MS,Medan,Sumatera Utara,Solar,16.18,Customer,11,9.62,10,11,134000,520880,Sumatera,MEDAN,CDE,Internal,SumateraMEDANCDE,DALAM KOTA,,,,3,REGULAR,8:40:00,386880,,106
260310C211,HCI,10-Mar-2026,CDELC,BK8112LM,Medan,Sumatera Utara,Solar,14.71,Customer,9,7.99,10,6,115500,481207,Sumatera,MEDAN,CDE,Internal,SumateraMEDANCDE,DALAM KOTA,,,,3,NON REGULAR,5:47:00,290160,75547,93
260310C212,HCI,10-Mar-2026,CDELC,BK8047MQ,Medan,Sumatera Utara,Solar,13.97,Customer,11,10.0,10,9,141000,537103,Sumatera,MEDAN,CDE,Internal,SumateraMEDANCDE,DALAM KOTA,,,,3,NON REGULAR,4:19:00,290160,105943,91
260310C213,HCI,10-Mar-2026,CDELC,BK8146LM,Binjai,Sumatera Utara,Solar,16.18,Customer,14,8.16,10,9,126500,664877,Sumatera,BINJAI,CDE,Internal,SumateraBINJAICDE,DALAM KOTA,,,,3,REGULAR,7:20:00,386880,151497,119
260310C214,HCI,10-Mar-2026,CDELC,BK8806MH,Medan,Sumatera Utara,Solar,10.29,Customer,40,9.95,10,17,75000,459028,Sumatera,MEDAN,CDE,Internal,SumateraMEDANCDE,DALAM KOTA,,,,3,REGULAR,7:32:00,193440,190588,67
260310C215,HCI,10-Mar-2026,CDELC,BK8172LM,Medan,Sumatera Utara,Solar,21.32,Customer,21,10.0,10,16,180500,718877,Sumatera,MEDAN,CDE,Internal,SumateraMEDANCDE,DALAM KOTA,,,,3,REGULAR,11:46:00,386880,151497,136
260310C216,HCI,10-Mar-2026,CDELC,BK8009MI,Medan,Sumatera Utara,Solar,11.03,Customer,13,6.42,10,11,75000,419937,Sumatera,MEDAN,CDE,Internal,SumateraMEDANCDE,DALAM KOTA,,,,3,REGULAR,6:39:00,193440,151497,71
260310C217,HCI,10-Mar-2026,CDELC,BK8309MS,Karo,Sumatera Utara,Solar,24.71,Customer,12,10.0,10,8,168000,600977,Sumatera,KARO,CDE,Internal,SumateraKAROCDE,DALAM KOTA,,,,3,NON REGULAR,8:34:00,290160,142817,163
260310C219,HCI,10-Mar-2026,CDELC,BK8099LM,Medan,Sumatera Utara,Solar,10.29,Customer,12,9.78,10,7,74000,452210,Sumatera,MEDAN,CDE,Internal,SumateraMEDANCDE,DALAM KOTA,,,,3,REGULAR,6:38:00,290160,88050,72
260310C222,HCI,10-Mar-2026,CDELC,BK8141LM,Medan,Sumatera Utara,Solar,9.56,Customer,15,7.84,10,10,65000,405525,Sumatera,MEDAN,CDE,Internal,SumateraMEDANCDE,DALAM KOTA,,,,3,REGULAR,7:14:00,290160,50365,64
260310C224,HCI,10-Mar-2026,CDELC,BK8135LM,Medan,Sumatera Utara,Solar,9.56,Customer,11,7.61,10,9,65000,430909,Sumatera,MEDAN,CDE,Internal,SumateraMEDANCDE,DALAM KOTA,,,,3,NON REGULAR,5:07:00,290160,75749,80
260310C227,HCI,10-Mar-2026,CDELC,BK8191MQ,Medan,Sumatera Utara,Solar,13.97,Customer,16,9.01,10,9,100000,399383,Sumatera,MEDAN,CDE,Internal,SumateraMEDANCDE,DALAM KOTA,,,,3,NON REGULAR,5:51:00,193440,105943,81
260310C228,HCI,10-Mar-2026,CDELC,BK8075MQ,Medan,Sumatera Utara,Dexlite,13.1,Customer,13,3.87,10,10,190000,788765,Sumatera,MEDAN,CDE,Internal,SumateraMEDANCDE,DALAM KOTA,,,,3,REGULAR,14:34:00,386880,211885,86
260310C236,HCI,10-Mar-2026,PICKUP,BK8633MS,Medan,Sumatera Utara,Pertalite,4.7,Customer,6,2.58,3,5,67000,304221,Sumatera,MEDAN,PICKUP,Internal,SumateraMEDANPICKUP,DALAM KOTA,,,,3,REGULAR,5:25:00,193440,43781,48
260310C237,HCI,10-Mar-2026,CDELC,BK8022LM,Deli Serdang,Sumatera Utara,Solar,11.03,Customer,9,8.77,10,8,75000,440707,Sumatera,DELI SERDANG,CDE,Internal,SumateraDELI SERDANGCDE,DALAM KOTA,,,,3,REGULAR,5:36:00,290160,75547,80
260310C239,HCI,10-Mar-2026,CDELC,BK8805MH,Medan,Sumatera Utara,Solar,5.88,Customer,8,7.99,10,2,40000,328734,Sumatera,MEDAN,CDE,Internal,SumateraMEDANCDE,DALAM KOTA,,,,3,NON REGULAR,1:30:00,193440,95294,37
260310C241,HCI,10-Mar-2026,PICKUP,BK8696MS,Medan,Sumatera Utara,Pertalite,8.25,Customer,6,3.0,3,6,97500,341207,Sumatera,MEDAN,PICKUP,Internal,SumateraMEDANPICKUP,DALAM KOTA,,,,3,REGULAR,6:56:00,193440,50267,80
260310C242,HCI,10-Mar-2026,PICKUP,BK8633MS,Medan,Sumatera Utara,Pertalite,6.4,Customer,2,3.0,3,2,71500,308721,Sumatera,MEDAN,PICKUP,Internal,SumateraMEDANPICKUP,DALAM KOTA,,,,3,REGULAR,5:22:00,193440,43781,66
260310C244,HCI,10-Mar-2026,CDELC,BK8813MG,Medan,Sumatera Utara,Solar,8.53,Customer,13,9.14,10,6,58000,228717,Sumatera,MEDAN,CDE,Internal,SumateraMEDANCDE,DALAM KOTA,,,,3,NON REGULAR,3:00:00,96720,73997,57
260310C248,HCI,10-Mar-2026,CDELC,BK8022LM,Binjai,Sumatera Utara,Solar,13.24,Customer,2,7.34,10,1,154000,422987,Sumatera,BINJAI,CDE,Internal,SumateraBINJAICDE,DALAM KOTA,,,,3,NON REGULAR,1:37:00,193440,75547,101
260310C249,HCI,10-Mar-2026,CDELC,BK8031LM,Langkat,Sumatera Utara,Dexlite,26.62,Customer,4,7.34,10,2,584500,1122474,Sumatera,LANGKAT,CDE,Internal,SumateraLANGKATCDE,LUAR KOTA,,,,3,REGULAR,8:22:00,386880,151094,250
260310C259,HCI,10-Mar-2026,#N/A,BK8047MQ,Medan,Sumatera Utara,#N/A,10.29,Customer,3,22.57,,3,80000,282663,Sumatera,MEDAN,,Internal,SumateraMEDAN,DALAM KOTA,,,,3,REGULAR,5:29:00,96720,105943,65
260310C202,HCI,10-Mar-2026,CDELC,BK8804MH,Medan,Sumatera Utara,Dexlite,11.45,Customer,18,10.0,10,10,210000,787468,Sumatera,MEDAN,CDE,Internal,SumateraMEDANCDE,DALAM KOTA,,,,3,REGULAR,7:54:00,386880,190588,71
260310C200,HCI,10-Mar-2026,CDELC,BK8191MQ,Medan,Sumatera Utara,Solar,8.82,Customer,20,10.0,10,11,63500,362883,Sumatera,MEDAN,CDE,Internal,SumateraMEDANCDE,DALAM KOTA,,,,3,REGULAR,4:32:00,193440,105943,53
260310C319,HCI,10-Mar-2026,CDELC,BK8646MS,Pematangsiantar,Sumatera Utara,Solar,34.56,Customer,1,6.41,10,1,451000,936807,Sumatera,PEMATANGSIANTAR,CDE,Internal,SumateraPEMATANGSIANTARCDE,DALAM KOTA,,,,3,REGULAR,10:48:00,193440,292367,236
260310D102,HCI,10-Mar-2026,CDELC,BK8813MG,Medan,Sumatera Utara,Solar,4.41,Store,59,10.0,10,3,45000,215717,Sumatera,MEDAN,CDE,Internal,SumateraMEDANCDE,DALAM KOTA,,,,3,REGULAR,5:37:00,96720,73997,31
260310D103,HCI,10-Mar-2026,CDELC,BK8112LM,Medan,Sumatera Utara,Solar,4.41,Store,85,10.0,10,2,40000,308987,Sumatera,MEDAN,CDE,Internal,SumateraMEDANCDE,DALAM KOTA,,,,3,REGULAR,2:40:00,193440,75547,35
260310D107,HCI,10-Mar-2026,CDELC,BK8807MH,Medan,Sumatera Utara,Dexlite,4.14,Store,14,8.38,10,1,60000,444028,Sumatera,MEDAN,CDE,Internal,SumateraMEDANCDE,DALAM KOTA,,,,3,REGULAR,13:35:00,193440,190588,25
260310D108,HCI,10-Mar-2026,CDELC,BK8803MH,Medan,Sumatera Utara,Solar,8.82,Store,28,10.0,10,1,69500,453528,Sumatera,MEDAN,CDE,Internal,SumateraMEDANCDE,DALAM KOTA,,,,3,REGULAR,11:08:00,193440,190588,49
260310D110,HCI,10-Mar-2026,CDELC,BK8074MQ,Medan,Sumatera Utara,Solar,8.53,Store,13,8.32,10,2,83000,488325,Sumatera,MEDAN,CDE,Internal,SumateraMEDANCDE,DALAM KOTA,,,,3,REGULAR,8:32:00,193440,211885,51
260310D111,HCI,10-Mar-2026,CDELC,BK8309MS,Medan,Sumatera Utara,Solar,6.62,Store,13,10.0,10,2,62500,302037,Sumatera,MEDAN,CDE,Internal,SumateraMEDANCDE,DALAM KOTA,,,,3,REGULAR,3:34:00,96720,142817,42
260310C206,HCI,10-Mar-2026,CDELC,BK8805MH,Medan,Sumatera Utara,Solar,8.82,Customer,24,10.0,10,14,64000,352734,Sumatera,MEDAN,CDE,Internal,SumateraMEDANCDE,DALAM KOTA,,,,3,REGULAR,6:15:00,193440,95294,58
260310C203,HCI,10-Mar-2026,CDELC,BK8073MQ,Medan,Sumatera Utara,Solar,9.56,Customer,14,7.81,10,10,98000,696765,Sumatera,MEDAN,CDE,Internal,SumateraMEDANCDE,DALAM KOTA,,,,3,REGULAR,5:10:00,386880,211885,57
260310D054,AHI,10-Mar-2026,#N/A,BK8141LM,Medan,Sumatera Utara,#N/A,3.68,Store,49,7.46,10,2,25000,172085,Sumatera,MEDAN,,Internal,SumateraMEDAN,DALAM KOTA,,,,3,REGULAR,2:27:00,96720,50365,23
260310D116,HCI,10-Mar-2026,CDELC,BK8135LM,Medan,Sumatera Utara,Solar,5.88,Store,8,8.59,10,1,49500,350929,Sumatera,MEDAN,CDE,Internal,SumateraMEDANCDE,DALAM KOTA,,,,3,REGULAR,3:57:00,225680,75749,42
260310D112,FBI,10-Mar-2026,PICKUP,BK8136LM,Medan,Sumatera Utara,Pertalite,4.3,Store,6,2.87,3,4,48000,265155,Sumatera,MEDAN,MINI VAN BOX,Internal,SumateraMEDANMINI VAN BOX,DALAM KOTA,,,,3,REGULAR,2:55:00,128960,88195,34
260310D113,FBI,10-Mar-2026,PICKUP,A8330VX,Medan,Sumatera Utara,Pertalite,7.8,Store,7,2.53,3,4,91500,401347,Sumatera,MEDAN,MINI VAN BOX,Internal,SumateraMEDANMINI VAN BOX,DALAM KOTA,,,,3,REGULAR,4:05:00,225680,84167,73
260310X074,HCI,10-Mar-2026,CDELC,BK8141LM,Medan,Sumatera Utara,Solar,5.88,Other Delivery,2,8.28,10,2,58000,334045,Sumatera,MEDAN,CDE,Internal,SumateraMEDANCDE,DALAM KOTA,,,,3,REGULAR,4:40:00,225680,50365,40
260310D055,AHI,10-Mar-2026,FUSO,BK8815MG,Medan,Sumatera Utara,Solar,6.62,Store,85,31.77,34,1,220000,767398,Sumatera,MEDAN,FUSO,Internal,SumateraMEDANFUSO,DALAM KOTA,,,,3,REGULAR,1:29:00,193440,353958,24
260310L067,AHI,10-Mar-2026,CDELC,BK8192MQ,Pematangsiantar,Sumatera Utara,Solar,33.82,Store,52,8.8,10,1,446000,883565,Sumatera,PEMATANGSIANTAR,CDE,Internal,SumateraPEMATANGSIANTARCDE,LUAR KOTA,1300000,-416435,-32.03%,3,REGULAR,11:13:00,225680,211885,247
260310D146,AHI,10-Mar-2026,PICKUP,BK8696MS,Medan,Sumatera Utara,Pertalite,2.9,Store,1,2.68,3,1,39000,218227,Sumatera,MEDAN,PICKUP,Internal,SumateraMEDANPICKUP,DALAM KOTA,,,,3,REGULAR,2:51:00,128960,50267,31
260310D114,KLS,10-Mar-2026,CDELC,BK8099LM,Medan,Sumatera Utara,Solar,4.41,Store,7,8.25,10,1,30000,214770,Sumatera,MEDAN,CDE,Internal,SumateraMEDANCDE,DALAM KOTA,,,,3,REGULAR,2:45:00,96720,88050,31
260311C305,KLS,11-Mar-2026,CDELC,BK8805MH,Medan,Sumatera Utara,Solar,11.03,Customer,4,7.7,10,4,94500,671968,Sumatera,MEDAN,CDE,Internal,SumateraMEDANCDE,DALAM KOTA,,,,3,REGULAR,9:27:00,386880,190588,78
260311C242,HCI,11-Mar-2026,PICKUP,BK8633MS,Medan,Sumatera Utara,Pertalite,16.2,Customer,9,3.0,3,8,189500,663941,Sumatera,MEDAN,PICKUP,Internal,SumateraMEDANPICKUP,DALAM KOTA,,,,3,REGULAR,12:35:00,386880,87561,170
260311L096,FBI,11-Mar-2026,CDELC,BK8172LM,Pematangsiantar,Sumatera Utara,Solar,33.82,Store,10,2.74,10,3,471000,837430,Sumatera,PEMATANGSIANTAR,CDE,Internal,SumateraPEMATANGSIANTARCDE,LUAR KOTA,1300000,-462570,-35.58%,3,REGULAR,10:12:00,214933,151497,270
260311C216,HCI,11-Mar-2026,CDELC,BK8022LM,Medan,Sumatera Utara,Dexlite,10.34,Customer,18,10.0,10,12,165000,702974,Sumatera,MEDAN,CDE,Internal,SumateraMEDANCDE,DALAM KOTA,,,,3,REGULAR,8:46:00,386880,151094,87
260311D077,AHI,11-Mar-2026,CDELC,BK8074MQ,Medan,Sumatera Utara,Solar,7.35,Store,38,6.41,10,3,65000,470325,Sumatera,MEDAN,CDE,Internal,SumateraMEDANCDE,DALAM KOTA,,,,3,REGULAR,8:09:00,193440,211885,61
260311C208,HCI,11-Mar-2026,CDELC,BK8031LM,Medan,Sumatera Utara,Solar,11.03,Customer,11,6.34,10,7,85000,429534,Sumatera,MEDAN,CDE,Internal,SumateraMEDANCDE,DALAM KOTA,,,,3,REGULAR,3:45:00,193440,151094,67
260311C217,HCI,11-Mar-2026,CDELC,BK8112LM,Medan,Sumatera Utara,Solar,11.76,Customer,13,7.68,10,10,80000,424534,Sumatera,MEDAN,CDE,Internal,SumateraMEDANCDE,DALAM KOTA,,,,3,REGULAR,6:09:00,193440,151094,85
260311C210,HCI,11-Mar-2026,CDELC,BK8807MH,Medan,Sumatera Utara,Solar,5.88,Customer,21,6.1,10,9,45000,429028,Sumatera,MEDAN,CDE,Internal,SumateraMEDANCDE,DALAM KOTA,,,,3,REGULAR,5:20:00,193440,190588,47
260311C214,HCI,11-Mar-2026,CDELC,BK8135LM,Binjai,Sumatera Utara,Solar,13.97,Customer,8,3.24,10,6,160500,698877,Sumatera,BINJAI,CDE,Internal,SumateraBINJAICDE,DALAM KOTA,,,,3,REGULAR,9:40:00,386880,151497,130
260311C326,HCI,11-Mar-2026,#N/A,A8330VX,Deli Serdang,Sumatera Utara,#N/A,4.5,Customer,2,8.21,10,2,49500,285023,Sumatera,DELI SERDANG,VAN BOX,Internal,SumateraDELI SERDANGVAN BOX,DALAM KOTA,,,,3,NON REGULAR,3:31:00,193440,42083,53
260311D073,AHI,11-Mar-2026,CDELC,BK8075MQ,Deli Serdang,Sumatera Utara,Solar,4.85,Store,60,9.89,10,1,40000,339383,Sumatera,DELI SERDANG,CDE,Internal,SumateraDELI SERDANGCDE,DALAM KOTA,,,,3,REGULAR,2:56:00,193440,105943,39
260311D081,KLS,11-Mar-2026,CDELC,BK8804MH,Medan,Sumatera Utara,Solar,5.88,Store,6,8.41,10,1,40000,445521,Sumatera,MEDAN,CDE,Internal,SumateraMEDANCDE,DALAM KOTA,,,,3,REGULAR,1:56:00,214933,190588,33
260311C254,HCI,11-Mar-2026,CDELC,BK8803MH,Langkat,Sumatera Utara,Solar,30.88,Customer,3,2.74,10,3,400000,977468,Sumatera,LANGKAT,CDE,Internal,SumateraLANGKATCDE,LUAR KOTA,,,,3,REGULAR,11:05:00,386880,190588,270
260311C212,HCI,11-Mar-2026,CDELC,BK8146LM,Medan,Sumatera Utara,Solar,7.21,Customer,5,2.2,10,3,61000,599377,Sumatera,MEDAN,CDE,Internal,SumateraMEDANCDE,DALAM KOTA,,,,3,REGULAR,4:04:00,386880,151497,48
260311H056,HCI,11-Mar-2026,FUSO,BK8815MG,Pematangsiantar,Sumatera Utara,Solar,47.79,HUB,49,24.14,34,6,650500,1197898,Sumatera,PEMATANGSIANTAR,FUSO,Internal,SumateraPEMATANGSIANTARFUSO,LUAR KOTA,,,,3,REGULAR,11:32:00,193440,353958,228
260311C224,HCI,11-Mar-2026,CDELC,BK8009MI,Medan,Sumatera Utara,Solar,14.71,Customer,17,7.63,10,14,131000,669377,Sumatera,MEDAN,CDE,Internal,SumateraMEDANCDE,DALAM KOTA,,,,3,REGULAR,9:46:00,386880,151497,98
260311D082,FBI,11-Mar-2026,PICKUP,BK8136LM,Medan,Sumatera Utara,Pertalite,12,Store,8,3.0,3,4,172000,378408,Sumatera,MEDAN,MINI VAN BOX,Internal,SumateraMEDANMINI VAN BOX,DALAM KOTA,,,,3,REGULAR,5:48:00,118213,88195,120
260311C211,HCI,11-Mar-2026,CDELC,BK8047MQ,Medan,Sumatera Utara,Dexlite,16.28,Customer,16,10.0,10,9,250500,849265,Sumatera,MEDAN,CDE,Internal,SumateraMEDANCDE,DALAM KOTA,,,,3,REGULAR,7:43:00,386880,211885,126
260311C202,HCI,11-Mar-2026,CDELC,BK8191MQ,Medan,Sumatera Utara,Solar,7.35,Customer,10,6.2,10,7,55000,460325,Sumatera,MEDAN,CDE,Internal,SumateraMEDANCDE,DALAM KOTA,,,,3,REGULAR,8:23:00,193440,211885,53
260311C215,HCI,11-Mar-2026,CDELC,BK8871MS,Medan,Sumatera Utara,Solar,12.79,Customer,8,7.35,10,6,91500,284940,Sumatera,MEDAN,CDE,Internal,SumateraMEDANCDE,DALAM KOTA,,,,3,REGULAR,6:17:00,193440,,90
260311C213,HCI,11-Mar-2026,CDELC,BK8309MS,Medan,Sumatera Utara,Solar,20.29,Customer,19,10.0,10,14,163500,836013,Sumatera,MEDAN,CDE,Internal,SumateraMEDANCDE,DALAM KOTA,,,,3,REGULAR,8:36:00,386880,285633,123
260311C221,HCI,11-Mar-2026,CDELC,BK8075MQ,Medan,Sumatera Utara,Solar,7.35,Customer,14,5.78,10,9,55000,354383,Sumatera,MEDAN,CDE,Internal,SumateraMEDANCDE,DALAM KOTA,,,,3,REGULAR,5:47:00,193440,105943,55
260311D083,FBI,11-Mar-2026,PICKUP,A8330VX,Medan,Sumatera Utara,Pertalite,4.5,Store,6,3.0,3,5,58000,315017,Sumatera,MEDAN,MINI VAN BOX,Internal,SumateraMEDANMINI VAN BOX,DALAM KOTA,,,,3,REGULAR,3:39:00,214933,42083,47
260311D141,KLS,11-Mar-2026,CDELC,BK8806MH,Medan,Sumatera Utara,Solar,4.41,Store,1,8.0,10,1,30000,340227,Sumatera,MEDAN,CDE,Internal,SumateraMEDANCDE,DALAM KOTA,,,,3,REGULAR,3:35:00,214933,95294,31
260311X070,HCI,11-Mar-2026,CDELC,BK8099LM,Medan,Sumatera Utara,Solar,4.41,Other Delivery,1,5.0,10,1,30000,236263,Sumatera,MEDAN,CDE,Internal,SumateraMEDANCDE,DALAM KOTA,,,,3,REGULAR,1:09:00,118213,88050,28
260311C227,HCI,11-Mar-2026,CDELC,BK8099LM,Deli Serdang,Sumatera Utara,Solar,11.76,Customer,7,3.65,10,7,80000,361490,Sumatera,DELI SERDANG,CDE,Internal,SumateraDELI SERDANGCDE,DALAM KOTA,,,,3,REGULAR,4:19:00,193440,88050,82
260311C252,HCI,11-Mar-2026,CDELC,BK8647MS,Medan,Sumatera Utara,Solar,14.71,Customer,3,8.84,10,3,150000,635807,Sumatera,MEDAN,CDE,Internal,SumateraMEDANCDE,DALAM KOTA,,,,3,REGULAR,4:25:00,193440,292367,97
260311C218,HCI,11-Mar-2026,CDELC,BK8141LM,Medan,Sumatera Utara,Solar,8.09,Customer,5,4.19,10,5,59000,327987,Sumatera,MEDAN,CDE,Internal,SumateraMEDANCDE,DALAM KOTA,,,,3,REGULAR,2:16:00,193440,75547,54
260311C209,HCI,11-Mar-2026,CDELC,BK8073MQ,Medan,Sumatera Utara,Dexlite,11.38,Customer,25,5.78,10,10,165000,570325,Sumatera,MEDAN,CDE,Internal,SumateraMEDANCDE,DALAM KOTA,,,,3,REGULAR,9:28:00,193440,211885,78
260311X060,HCI,11-Mar-2026,CDELC,BK8141LM,Medan,Sumatera Utara,Solar,8.09,Other Delivery,2,0.55,10,2,73000,363480,Sumatera,MEDAN,CDE,Internal,SumateraMEDANCDE,DALAM KOTA,,,,3,REGULAR,3:33:00,214933,75547,50
260311C207,HCI,11-Mar-2026,CDELC,BK8646MS,Medan,Sumatera Utara,Solar,9.56,Customer,32,7.3,10,19,108000,787247,Sumatera,MEDAN,CDE,Internal,SumateraMEDANCDE,DALAM KOTA,,,,3,REGULAR,8:11:00,386880,292367,67
260311X059,AHI,11-Mar-2026,CDELC,BK8192MQ,Medan,Sumatera Utara,Solar,6.62,Other Delivery,3,10.0,10,3,75000,501818,Sumatera,MEDAN,CDE,Internal,SumateraMEDANCDE,DALAM KOTA,,,,3,REGULAR,9:09:00,214933,211885,46
260311C219,HCI,11-Mar-2026,CDELC,BK8806MH,Medan,Sumatera Utara,Solar,7.35,Customer,14,8.42,10,7,54000,342734,Sumatera,MEDAN,CDE,Internal,SumateraMEDANCDE,DALAM KOTA,,,,3,REGULAR,4:42:00,193440,95294,60
260311D142,AHI,11-Mar-2026,PICKUP,BK8696MS,Medan,Sumatera Utara,Pertalite,3.5,Store,1,3.0,3,1,40000,208480,Sumatera,MEDAN,PICKUP,Internal,SumateraMEDANPICKUP,DALAM KOTA,,,,3,REGULAR,2:12:00,118213,50267,29
260311C233,HCI,11-Mar-2026,PICKUP,BK8696MS,Medan,Sumatera Utara,Pertalite,7.1,Customer,5,3.0,3,5,76000,416427,Sumatera,MEDAN,PICKUP,Internal,SumateraMEDANPICKUP,DALAM KOTA,,,,3,REGULAR,6:35:00,290160,50267,62
260312D134,FBI,12-Mar-2026,PICKUP,BK8136LM,Medan,Sumatera Utara,Pertalite,5.5,Store,4,2.78,3,3,65000,394995,Sumatera,MEDAN,MINI VAN BOX,Internal,SumateraMEDANMINI VAN BOX,DALAM KOTA,,,,3,REGULAR,4:23:00,241800,88195,53
260312C230,HCI,12-Mar-2026,CDELC,BK8805MH,Asahan,Sumatera Utara,Solar,40.44,Customer,2,6.52,10,1,576000,1153468,Sumatera,ASAHAN,CDE,Internal,SumateraASAHANCDE,LUAR KOTA,,,,3,REGULAR,2:34:00,386880,190588,289
260312C250,HCI,12-Mar-2026,PICKUP,BK8696MS,Medan,Sumatera Utara,Pertalite,9,Customer,4,3.0,3,3,130500,424473,Sumatera,MEDAN,PICKUP,Internal,SumateraMEDANPICKUP,DALAM KOTA,,,,3,NON REGULAR,6:05:00,193440,100533,76
260312C208,HCI,12-Mar-2026,CDELC,BK8309MS,Medan,Sumatera Utara,Dexlite,11.72,Customer,16,7.64,10,11,185000,857513,Sumatera,MEDAN,CDE,Internal,SumateraMEDANCDE,DALAM KOTA,,,,3,REGULAR,5:48:00,386880,285633,78
260312C226,HCI,12-Mar-2026,CDELC,BK8135LM,Deli Serdang,Sumatera Utara,Dexlite,17.24,Customer,14,4.7,10,12,250000,788377,Sumatera,DELI SERDANG,CDE,Internal,SumateraDELI SERDANGCDE,DALAM KOTA,,,,3,REGULAR,4:20:00,386880,151497,143
260312D136,HCI,12-Mar-2026,CDELC,BK8074MQ,Deli Serdang,Sumatera Utara,Solar,9.56,Store,32,10.0,10,2,73500,276163,Sumatera,DELI SERDANG,CDE,Internal,SumateraDELI SERDANGCDE,DALAM KOTA,,,,3,REGULAR,4:41:00,96720,105943,58
260312D124,HCI,12-Mar-2026,CDELC,BK8803MH,Medan,Sumatera Utara,Solar,6.62,Store,55,10.0,10,3,63000,255014,Sumatera,MEDAN,CDE,Internal,SumateraMEDANCDE,DALAM KOTA,,,,3,REGULAR,4:38:00,96720,95294,44
260312D119,AHI,12-Mar-2026,CDELC,BK8647MS,Medan,Sumatera Utara,Solar,5.15,Store,62,10.0,10,1,45000,384623,Sumatera,MEDAN,CDE,Internal,SumateraMEDANCDE,DALAM KOTA,,,,3,REGULAR,3:26:00,193440,146183,33
260312C210,HCI,12-Mar-2026,CDELC,BK8112LM,Medan,Sumatera Utara,Solar,11.47,Customer,10,6.37,10,7,78000,443707,Sumatera,MEDAN,CDE,Internal,SumateraMEDANCDE,DALAM KOTA,,,,3,REGULAR,9:22:00,290160,75547,87
260312C199,HCI,12-Mar-2026,CDELC,BK8099LM,Medan,Sumatera Utara,Solar,11.03,Customer,14,7.3,10,9,85000,647980,Sumatera,MEDAN,CDE,Internal,SumateraMEDANCDE,DALAM KOTA,,,,3,REGULAR,5:02:00,386880,176100,53
260312C228,HCI,12-Mar-2026,PICKUP,BK8633MS,Medan,Sumatera Utara,Pertalite,7,Customer,5,3.0,3,5,75000,356001,Sumatera,MEDAN,PICKUP,Internal,SumateraMEDANPICKUP,DALAM KOTA,,,,3,REGULAR,6:42:00,193440,87561,70
260312L105,AHI,12-Mar-2026,CDELC,BK8192MQ,Pematangsiantar,Sumatera Utara,Solar,34.26,Store,31,6.61,10,4,459000,912685,Sumatera,PEMATANGSIANTAR,CDE,Internal,SumateraPEMATANGSIANTARCDE,LUAR KOTA,1300000,-387315,-29.79%,3,REGULAR,14:02:00,241800,211885,275
260312C209,HCI,12-Mar-2026,CDELC,BK8807MH,Medan,Sumatera Utara,Solar,10.29,Customer,16,10.0,10,11,94000,478028,Sumatera,MEDAN,CDE,Internal,SumateraMEDANCDE,DALAM KOTA,,,,3,REGULAR,11:28:00,193440,190588,81
260312C201,HCI,12-Mar-2026,CDELC,BK8172LM,Medan,Sumatera Utara,Solar,11.03,Customer,26,7.11,10,11,80000,618377,Sumatera,MEDAN,CDE,Internal,SumateraMEDANCDE,DALAM KOTA,,,,3,REGULAR,9:21:00,386880,151497,63
260312C212,HCI,12-Mar-2026,CDELC,BK8813MG,Medan,Sumatera Utara,Solar,5.15,Customer,18,5.37,10,13,35000,495877,Sumatera,MEDAN,CDE,Internal,SumateraMEDANCDE,DALAM KOTA,,,,3,NON REGULAR,8:25:00,386880,73997,39
260312D139,AHI,12-Mar-2026,CDELC,BK8871MS,Medan,Sumatera Utara,Solar,3.82,Store,32,8.7,10,1,26000,122720,Sumatera,MEDAN,CDE,Internal,SumateraMEDANCDE,DALAM KOTA,,,,3,REGULAR,1:50:00,96720,,23
260312C223,HCI,12-Mar-2026,CDELC,BK8647MS,Medan,Sumatera Utara,Dexlite,6.48,Customer,4,9.11,10,3,94000,336903,Sumatera,MEDAN,CDE,Internal,SumateraMEDANCDE,DALAM KOTA,,,,3,REGULAR,10:30:00,96720,146183,40
260312C205,HCI,12-Mar-2026,CDELC,BK8146LM,Medan,Sumatera Utara,Solar,11.76,Customer,15,7.3,10,10,95000,633377,Sumatera,MEDAN,CDE,Internal,SumateraMEDANCDE,DALAM KOTA,,,,3,REGULAR,11:38:00,386880,151497,93
260312D115,AHI,12-Mar-2026,CDELC,BK8112LM,Medan,Sumatera Utara,Solar,5.15,Store,48,10.0,10,1,35000,207267,Sumatera,MEDAN,CDE,Internal,SumateraMEDANCDE,DALAM KOTA,,,,3,REGULAR,1:39:00,96720,75547,36
260312H075,HCI,12-Mar-2026,FUSO,BK8815MG,Pematangsiantar,Sumatera Utara,Solar,45.59,HUB,19,10.2,34,2,635500,1182898,Sumatera,PEMATANGSIANTAR,FUSO,Internal,SumateraPEMATANGSIANTARFUSO,LUAR KOTA,,,,3,REGULAR,14:08:00,193440,353958,247
260312D131,AHI,12-Mar-2026,CDELC,BK8813MG,Medan,Sumatera Utara,Solar,3.38,Store,56,10.0,10,2,23000,290437,Sumatera,MEDAN,CDE,Internal,SumateraMEDANCDE,DALAM KOTA,,,,3,REGULAR,2:16:00,193440,73997,23
260312C198,HCI,12-Mar-2026,CDELC,BK8191MQ,Medan,Sumatera Utara,Solar,10.29,Customer,19,6.99,10,11,70000,668765,Sumatera,MEDAN,CDE,Internal,SumateraMEDANCDE,DALAM KOTA,,,,3,REGULAR,10:26:00,386880,211885,70
260312D126,HCI,12-Mar-2026,CDELC,BK8075MQ,Medan,Sumatera Utara,Solar,6.62,Store,52,10.0,10,1,60000,262663,Sumatera,MEDAN,CDE,Internal,SumateraMEDANCDE,DALAM KOTA,,,,3,REGULAR,3:29:00,96720,105943,41
260312C211,HCI,12-Mar-2026,CDELC,BK8871MS,Karo,Sumatera Utara,Solar,19.85,Customer,4,10.0,10,1,135000,425160,Sumatera,KARO,CDE,Internal,SumateraKAROCDE,DALAM KOTA,,,,3,REGULAR,6:52:00,290160,,146
260312D121,AHI,12-Mar-2026,CDELC,BK8047MQ,Medan,Sumatera Utara,Solar,7.35,Store,30,10.0,10,2,54000,459325,Sumatera,MEDAN,CDE,Internal,SumateraMEDANCDE,DALAM KOTA,,,,3,REGULAR,7:19:00,193440,211885,47
260312C259,HCI,12-Mar-2026,CDELC,BK8646MS,Medan,Sumatera Utara,Solar,7.35,Customer,2,10.0,10,2,55000,394623,Sumatera,MEDAN,CDE,Internal,SumateraMEDANCDE,DALAM KOTA,,,,3,REGULAR,12:38:00,193440,146183,37
260312C202,HCI,12-Mar-2026,CDELC,BK8806MH,Medan,Sumatera Utara,Dexlite,10.34,Customer,35,9.78,10,13,154000,731468,Sumatera,MEDAN,CDE,Internal,SumateraMEDANCDE,DALAM KOTA,,,,3,REGULAR,6:52:00,386880,190588,64
260312C216,HCI,12-Mar-2026,CDELC,BK8022LM,Medan,Sumatera Utara,Solar,11.03,Customer,8,5.17,10,5,96500,365487,Sumatera,MEDAN,CDE,Internal,SumateraMEDANCDE,DALAM KOTA,,,,3,REGULAR,6:27:00,193440,75547,76
260312C207,HCI,12-Mar-2026,CDELC,BK8075MQ,Binjai,Sumatera Utara,Solar,21.32,Customer,10,5.59,10,10,219500,615603,Sumatera,BINJAI,CDE,Internal,SumateraBINJAICDE,DALAM KOTA,,,,3,NON REGULAR,8:31:00,290160,105943,146
260312D123,HCI,12-Mar-2026,CDELC,BK8022LM,Medan,Sumatera Utara,Solar,2.94,Store,72,9.52,10,1,20000,288987,Sumatera,MEDAN,CDE,Internal,SumateraMEDANCDE,DALAM KOTA,,,,3,REGULAR,2:43:00,193440,75547,24
260312D125,HCI,12-Mar-2026,CDELC,BK8073MQ,Medan,Sumatera Utara,Solar,5.15,Store,46,10.0,10,2,50000,358605,Sumatera,MEDAN,CDE,Internal,SumateraMEDANCDE,DALAM KOTA,,,,3,REGULAR,5:24:00,96720,211885,36
260312D133,FBI,12-Mar-2026,PICKUP,A8330VX,Medan,Sumatera Utara,Pertalite,9.5,Store,8,2.75,3,6,115000,440967,Sumatera,MEDAN,MINI VAN BOX,Internal,SumateraMEDANMINI VAN BOX,DALAM KOTA,,,,3,REGULAR,14:38:00,241800,84167,85
260312D166,HCI,12-Mar-2026,CDELC,BK8009MI,Medan,Sumatera Utara,Solar,4.41,Store,2,8.5,10,2,55000,448297,Sumatera,MEDAN,CDE,Internal,SumateraMEDANCDE,DALAM KOTA,,,,3,REGULAR,10:26:00,241800,151497,32
260312C231,HCI,12-Mar-2026,CDELC,BK8074MQ,Medan,Sumatera Utara,Solar,8.09,Customer,4,10.0,10,3,69000,561823,Sumatera,MEDAN,CDE,Internal,SumateraMEDANCDE,DALAM KOTA,,,,3,NON REGULAR,6:25:00,386880,105943,56
260312C229,HCI,12-Mar-2026,CDELC,BK8646MS,Medan,Sumatera Utara,Solar,9.56,Customer,1,2.39,10,1,75500,415123,Sumatera,MEDAN,CDE,Internal,SumateraMEDANCDE,DALAM KOTA,,,,3,REGULAR,3:32:00,193440,146183,71
260312C203,HCI,12-Mar-2026,CDELC,BK8031LM,Medan,Sumatera Utara,Solar,13.97,Customer,17,7.65,10,13,115500,653474,Sumatera,MEDAN,CDE,Internal,SumateraMEDANCDE,DALAM KOTA,,,,3,REGULAR,9:47:00,386880,151094,108
260312C214,HCI,12-Mar-2026,CDELC,BK8141LM,Medan,Sumatera Utara,Solar,9.71,Customer,12,7.42,10,9,69000,510254,Sumatera,MEDAN,CDE,Internal,SumateraMEDANCDE,DALAM KOTA,,,,3,REGULAR,4:53:00,290160,151094,61
260312C200,HCI,12-Mar-2026,CDELC,BK8804MH,Medan,Sumatera Utara,Solar,5.29,Customer,15,2.84,10,6,51000,435028,Sumatera,MEDAN,CDE,Internal,SumateraMEDANCDE,DALAM KOTA,,,,3,REGULAR,11:33:00,193440,190588,50
260312C213,HCI,12-Mar-2026,CDELC,BK8803MH,Medan,Sumatera Utara,Solar,8.82,Customer,10,6.56,10,5,60000,445454,Sumatera,MEDAN,CDE,Internal,SumateraMEDANCDE,DALAM KOTA,,,,3,NON REGULAR,6:21:00,290160,95294,56
260313L093,AHI,13-Mar-2026,CDELC,BK8192MQ,Pematangsiantar,Sumatera Utara,Dexlite,20.69,Store,2,9.53,10,2,516000,948959,Sumatera,PEMATANGSIANTAR,CDE,Internal,SumateraPEMATANGSIANTARCDE,LUAR KOTA,1300000,-351041,-27.00%,3,REGULAR,4:35:00,221074,211885,307
260313D110,AHI,13-Mar-2026,CDELC,BK8073MQ,Medan,Sumatera Utara,Solar,6.32,Store,49,10.0,10,1,50000,252663,Sumatera,MEDAN,CDE,Internal,SumateraMEDANCDE,DALAM KOTA,,,,3,REGULAR,4:40:00,96720,105943,40
260313D114,HCI,13-Mar-2026,CDELC,BK8191MQ,Medan,Sumatera Utara,Solar,6.62,Store,43,9.76,10,1,45000,247663,Sumatera,MEDAN,CDE,Internal,SumateraMEDANCDE,DALAM KOTA,,,,3,REGULAR,2:02:00,96720,105943,40
260313C223,HCI,13-Mar-2026,CDELC,BK8141LM,Medan,Sumatera Utara,Solar,11.76,Customer,12,7.5,10,6,80000,231094,Sumatera,MEDAN,CDE,Internal,SumateraMEDANCDE,DALAM KOTA,,,,3,REGULAR,3:49:00,0,151094,85
260313C211,HCI,13-Mar-2026,CDELC,BK8047MQ,Medan,Sumatera Utara,Solar,5.88,Customer,3,9.35,10,3,45000,344383,Sumatera,MEDAN,CDE,Internal,SumateraMEDANCDE,DALAM KOTA,,,,3,REGULAR,2:54:00,193440,105943,36
260313D119,HCI,13-Mar-2026,CDELC,BK8813MG,Medan,Sumatera Utara,Solar,4.41,Store,30,8.55,10,2,55000,396434,Sumatera,MEDAN,CDE,Internal,SumateraMEDANCDE,DALAM KOTA,,,,3,REGULAR,4:06:00,193440,147994,32
260313C218,HCI,13-Mar-2026,CDELC,BK8172LM,Medan,Sumatera Utara,Dexlite,12.41,Customer,1,7.76,10,1,205000,474189,Sumatera,MEDAN,CDE,Internal,SumateraMEDANCDE,DALAM KOTA,,,,3,NON REGULAR,1:44:00,193440,75749,82
260313D105,FBI,13-Mar-2026,PICKUP,BK8136LM,Medan,Sumatera Utara,Pertalite,6.5,Store,9,2.55,3,6,85000,297549,Sumatera,MEDAN,MINI VAN BOX,Internal,SumateraMEDANMINI VAN BOX,DALAM KOTA,,,,3,REGULAR,7:34:00,124354,88195,65
260313C248,HCI,13-Mar-2026,CDELC,BK8009MI,Medan,Sumatera Utara,Dexlite,13.79,Customer,4,8.13,10,3,221000,469217,Sumatera,MEDAN,CDE,Internal,SumateraMEDANCDE,DALAM KOTA,,,,3,REGULAR,6:32:00,96720,151497,68
260313L084,AHI,13-Mar-2026,CDELC,BK8309MS,Pematangsiantar,Sumatera Utara,Solar,36.76,Store,3,9.3,10,2,492500,999208,Sumatera,PEMATANGSIANTAR,CDE,Internal,SumateraPEMATANGSIANTARCDE,LUAR KOTA,1300000,-300792,-23.14%,3,REGULAR,14:07:00,221074,285633,274
260313D148,HCI,13-Mar-2026,CDELC,BK8803MH,Medan,Sumatera Utara,Solar,5.15,Store,10,10.0,10,1,50000,461662,Sumatera,MEDAN,CDE,Internal,SumateraMEDANCDE,DALAM KOTA,,,,3,REGULAR,7:31:00,221074,190588,34
260313D104,HCI,13-Mar-2026,PICKUP,BK8696MS,Medan,Sumatera Utara,Pertalite,3,Store,49,3.0,3,1,40000,283707,Sumatera,MEDAN,PICKUP,Internal,SumateraMEDANPICKUP,DALAM KOTA,,,,3,REGULAR,8:02:00,193440,50267,31
260313C224,HCI,13-Mar-2026,CDELC,BK8807MH,Medan,Sumatera Utara,Dexlite,12.48,Customer,10,9.99,10,6,187500,571528,Sumatera,MEDAN,CDE,Internal,SumateraMEDANCDE,DALAM KOTA,,,,3,REGULAR,6:19:00,193440,190588,71
260313C217,HCI,13-Mar-2026,CDELC,BK8804MH,Medan,Sumatera Utara,Dexlite,16.55,Customer,10,8.56,10,9,258500,643954,Sumatera,MEDAN,CDE,Internal,SumateraMEDANCDE,DALAM KOTA,,,,3,NON REGULAR,6:05:00,290160,95294,125
260313C323,HCI,13-Mar-2026,PICKUP,BK8633MS,Medan,Sumatera Utara,Pertalite,8.5,Customer,3,3.0,3,3,100000,381001,Sumatera,MEDAN,PICKUP,Internal,SumateraMEDANPICKUP,DALAM KOTA,,,,3,REGULAR,5:51:00,193440,87561,96
260313D108,HCI,13-Mar-2026,CDELC,BK8172LM,Medan,Sumatera Utara,Solar,4.41,Store,28,8.41,10,2,45000,314189,Sumatera,MEDAN,CDE,Internal,SumateraMEDANCDE,DALAM KOTA,,,,3,REGULAR,4:13:00,193440,75749,29
260313C348,HCI,13-Mar-2026,PICKUP,A8330VX,Medan,Sumatera Utara,Pertalite,4,Customer,1,0.28,3,1,40000,178803,Sumatera,MEDAN,MINI VAN BOX,Internal,SumateraMEDANMINI VAN BOX,DALAM KOTA,,,,3,REGULAR,1106276:08:00,96720,42083,35
260313D102,FBI,13-Mar-2026,PICKUP,A8330VX,Medan,Sumatera Utara,Pertalite,6.6,Store,9,2.87,3,4,72000,335158,Sumatera,MEDAN,MINI VAN BOX,Internal,SumateraMEDANMINI VAN BOX,DALAM KOTA,,,,3,REGULAR,10:38:00,221074,42083,81
260313C212,HCI,13-Mar-2026,CDELC,BK8099LM,Medan,Sumatera Utara,Dexlite,6.9,Customer,21,7.77,10,10,105000,474540,Sumatera,MEDAN,CDE,Internal,SumateraMEDANCDE,DALAM KOTA,,,,3,REGULAR,6:53:00,193440,176100,74
260313D117,HCI,13-Mar-2026,CDELC,BK8804MH,Medan,Sumatera Utara,Solar,5.15,Store,35,8.75,10,1,35000,227014,Sumatera,MEDAN,CDE,Internal,SumateraMEDANCDE,DALAM KOTA,,,,3,REGULAR,3:07:00,96720,95294,36
260313C228,HCI,13-Mar-2026,#N/A,,Deli Serdang,Sumatera Utara,#N/A,10.34,Customer,10,9.03,10,8,150000,440160,Sumatera,DELI SERDANG,,Internal,SumateraDELI SERDANG,DALAM KOTA,,,,3,REGULAR,1106275:25:00,290160,,103
260313C238,HCI,13-Mar-2026,CDELC,BK8075MQ,Asahan,Sumatera Utara,Solar,47.06,Customer,2,10.0,10,1,621000,1123045,Sumatera,ASAHAN,CDE,Internal,SumateraASAHANCDE,LUAR KOTA,,,,3,REGULAR,2:36:00,290160,211885,316
260313C221,HCI,13-Mar-2026,CDELC,BK8647MS,Medan,Sumatera Utara,Dexlite,13.79,Customer,15,7.19,10,12,205000,641343,Sumatera,MEDAN,CDE,Internal,SumateraMEDANCDE,DALAM KOTA,,,,3,REGULAR,5:39:00,290160,146183,70
260313C222,HCI,13-Mar-2026,CDELC,BK8031LM,Medan,Sumatera Utara,Dexlite,13.79,Customer,12,5.61,10,9,204000,645254,Sumatera,MEDAN,CDE,Internal,SumateraMEDANCDE,DALAM KOTA,,,,3,REGULAR,7:02:00,290160,151094,97
260313C230,HCI,13-Mar-2026,PICKUP,BK8696MS,Medan,Sumatera Utara,Pertalite,8.1,Customer,4,3.0,3,4,100500,344207,Sumatera,MEDAN,PICKUP,Internal,SumateraMEDANPICKUP,DALAM KOTA,,,,3,REGULAR,7:16:00,193440,50267,87
260313D146,AHI,13-Mar-2026,CDELC,BK8647MS,Medan,Sumatera Utara,Solar,5.88,Store,41,7.59,10,1,49500,292403,Sumatera,MEDAN,CDE,Internal,SumateraMEDANCDE,DALAM KOTA,,,,3,REGULAR,3:22:00,96720,146183,40
260313D149,KLS,13-Mar-2026,CDELC,BK8646MS,Medan,Sumatera Utara,Solar,3.68,Store,15,8.69,11,1,25000,392258,Sumatera,MEDAN,CDE LONG CHASSIS,Internal,SumateraMEDANCDE LONG CHASSIS,DALAM KOTA,,,,3,REGULAR,2:33:00,221074,146183,31
260313C206,HCI,13-Mar-2026,CDELC,BK8871MS,Medan,Sumatera Utara,Dexlite,13.79,Customer,20,7.35,10,11,227000,613880,Sumatera,MEDAN,CDE,Internal,SumateraMEDANCDE,DALAM KOTA,,,,3,REGULAR,11:57:00,386880,,108
260313H069,HCI,13-Mar-2026,CDELC,BK8074MQ,Pematangsiantar,Sumatera Utara,Solar,34.56,HUB,34,9.77,10,2,451000,759605,Sumatera,PEMATANGSIANTAR,CDE,Internal,SumateraPEMATANGSIANTARCDE,LUAR KOTA,1300000,-540395,-41.57%,3,REGULAR,5:56:00,96720,211885,236
260313C208,HCI,13-Mar-2026,CDELC,BK8805MH,Medan,Sumatera Utara,Dexlite,10.34,Customer,33,8.58,10,17,187000,764468,Sumatera,MEDAN,CDE,Internal,SumateraMEDANCDE,DALAM KOTA,,,,3,REGULAR,10:53:00,386880,190588,87
260313D107,AHI,13-Mar-2026,CDELC,BK8806MH,Medan,Sumatera Utara,Solar,3.68,Store,35,8.75,10,1,25000,312308,Sumatera,MEDAN,CDE,Internal,SumateraMEDANCDE,DALAM KOTA,,,,3,REGULAR,5:56:00,96720,190588,25
260313C219,HCI,13-Mar-2026,CDELC,BK8073MQ,Medan,Sumatera Utara,Dexlite,17.93,Customer,13,9.61,10,10,283500,679603,Sumatera,MEDAN,CDE,Internal,SumateraMEDANCDE,DALAM KOTA,,,,3,NON REGULAR,7:40:00,290160,105943,110
260313D112,HCI,13-Mar-2026,CDELC,BK8022LM,Deli Serdang,Sumatera Utara,Solar,6.32,Store,20,8.77,10,1,50000,394534,Sumatera,DELI SERDANG,CDE,Internal,SumateraDELI SERDANGCDE,DALAM KOTA,,,,3,REGULAR,7:28:00,193440,151094,45
260313C226,HCI,13-Mar-2026,CDELC,BK8191MQ,Medan,Sumatera Utara,Solar,9.56,Customer,13,10.0,10,10,80000,379383,Sumatera,MEDAN,CDE,Internal,SumateraMEDANCDE,DALAM KOTA,,,,3,NON REGULAR,7:38:00,193440,105943,67
260313C213,HCI,13-Mar-2026,CDELC,BK8112LM,Medan,Sumatera Utara,Solar,10.29,Customer,23,6.03,10,13,83000,620974,Sumatera,MEDAN,CDE,Internal,SumateraMEDANCDE,DALAM KOTA,,,,3,REGULAR,6:23:00,386880,151094,57
260313C227,HCI,13-Mar-2026,CDELC,BK8646MS,Medan,Sumatera Utara,Solar,16.18,Customer,16,10.0,10,13,123000,559343,Sumatera,MEDAN,CDE,Internal,SumateraMEDANCDE,DALAM KOTA,,,,3,NON REGULAR,7:17:00,290160,146183,103
260313X060,AHI,13-Mar-2026,CDELC,BK8135LM,Medan,Sumatera Utara,Dexlite,6.9,Other Delivery,1,8.0,10,1,100000,472571,Sumatera,MEDAN,CDE,Internal,SumateraMEDANCDE,DALAM KOTA,,,,3,REGULAR,1:55:00,221074,151497,44
260313H015,HCI,13-Mar-2026,FUSO,BK8815MG,Pekanbaru,Riau,Solar,269.12,HUB,26,28.85,34,1,2311000,3438718,Sumatera,PEKANBARU,FUSO,Internal,SumateraPEKANBARUFUSO,LUAR KOTA,6300000,-2861282,-45.42%,3,REGULAR,-1106266:58:00,773760,353958,1307
260313C220,HCI,13-Mar-2026,CDELC,BK8047MQ,Langkat,Sumatera Utara,Solar,20.59,Customer,11,7.59,10,5,204000,503383,Sumatera,LANGKAT,CDE,Internal,SumateraLANGKATCDE,DALAM KOTA,,,,3,NON REGULAR,6:53:06,193440,105943,168
260314C182,HCI,14-Mar-2026,CDELC,BK8299MH,Medan,Sumatera Utara,Solar,11.76,Customer,23,9.84,10,9,90000,434937,Sumatera,MEDAN,CDE,Internal,SumateraMEDANCDE,DALAM KOTA,,,,3,REGULAR,7:52:00,193440,151497,88
260314C183,HCI,14-Mar-2026,CDELC,BK8309MS,Medan,Sumatera Utara,Solar,19.85,Customer,15,10.0,10,11,144000,816513,Sumatera,MEDAN,CDE,Internal,SumateraMEDANCDE,DALAM KOTA,,,,3,REGULAR,10:37:00,386880,285633,124
260314C185,HCI,14-Mar-2026,CDELC,BK8031LM,Medan,Sumatera Utara,Solar,11.03,Customer,6,5.65,10,4,84000,428534,Sumatera,MEDAN,CDE,Internal,SumateraMEDANCDE,DALAM KOTA,,,,3,REGULAR,5:21:00,193440,151094,75
260314C186,HCI,14-Mar-2026,CDELC,BK8871MS,Medan,Sumatera Utara,Solar,8.82,Customer,9,10.0,10,6,92500,285940,Sumatera,MEDAN,CDE,Internal,SumateraMEDANCDE,DALAM KOTA,,,,3,REGULAR,9:40:00,193440,,92
260314C187,HCI,14-Mar-2026,CDELC,BK8146LM,Binjai,Sumatera Utara,Solar,16.91,Customer,11,7.12,10,7,123000,661377,Sumatera,BINJAI,CDE,Internal,SumateraBINJAICDE,DALAM KOTA,,,,3,REGULAR,8:33:00,386880,151497,105
260314C188,HCI,14-Mar-2026,CDELC,BK8099LM,Medan,Sumatera Utara,Solar,14.71,Customer,19,8.44,10,14,120000,682980,Sumatera,MEDAN,CDE,Internal,SumateraMEDANCDE,DALAM KOTA,,,,3,REGULAR,9:14:00,386880,176100,87
260314C189,HCI,14-Mar-2026,CDELC,BK8075MQ,Medan,Sumatera Utara,Solar,11.03,Customer,18,10.0,10,11,80000,678765,Sumatera,MEDAN,CDE,Internal,SumateraMEDANCDE,DALAM KOTA,,,,3,REGULAR,9:46:00,386880,211885,99
260314C190,HCI,14-Mar-2026,CDELC,BK8172LM,Medan,Sumatera Utara,Dexlite,7.59,Customer,5,6.61,10,2,141000,410189,Sumatera,MEDAN,CDE,Internal,SumateraMEDANCDE,DALAM KOTA,,,,3,REGULAR,3:13:00,193440,75749,66
260314C191,HCI,14-Mar-2026,CDELC,BK8806MH,Medan,Sumatera Utara,Solar,12.5,Customer,16,10.0,10,12,85000,662468,Sumatera,MEDAN,CDE,Internal,SumateraMEDANCDE,DALAM KOTA,,,,3,REGULAR,8:48:00,386880,190588,79
260314C192,HCI,14-Mar-2026,CDELC,BK8073MQ,Medan,Sumatera Utara,Solar,10.29,Customer,14,10.0,10,11,70000,475325,Sumatera,MEDAN,CDE,Internal,SumateraMEDANCDE,DALAM KOTA,,,,3,REGULAR,5:54:00,193440,211885,76
260314C193,HCI,14-Mar-2026,CDELC,BK8805MH,Medan,Sumatera Utara,Solar,13.97,Customer,11,9.7,10,8,95000,479028,Sumatera,MEDAN,CDE,Internal,SumateraMEDANCDE,DALAM KOTA,,,,3,REGULAR,6:32:00,193440,190588,138
260314C194,HCI,14-Mar-2026,CDELC,BK8112LM,Medan,Sumatera Utara,Solar,4.41,Customer,7,3.83,10,5,40000,384534,Sumatera,MEDAN,CDE,Internal,SumateraMEDANCDE,DALAM KOTA,,,,3,REGULAR,4:21:00,193440,151094,29
260314C195,HCI,14-Mar-2026,CDELC,BK8813MG,Tebing Tinggi,Sumatera Utara,Solar,21.32,Customer,6,3.64,10,5,234000,478714,Sumatera,TEBING TINGGI,CDE,Internal,SumateraTEBING TINGGICDE,DALAM KOTA,,,,3,REGULAR,7:05:00,96720,147994,183
260314C200,HCI,14-Mar-2026,CDELC,BK8009MI,Medan,Sumatera Utara,Solar,6.91,Customer,3,6.85,10,2,56500,498157,Sumatera,MEDAN,CDE,Internal,SumateraMEDANCDE,DALAM KOTA,,,,3,REGULAR,1:34:00,290160,151497,48
260314C201,HCI,14-Mar-2026,CDELC,BK8172LM,Medan,Sumatera Utara,Solar,7.06,Customer,5,10.0,10,1,51000,513629,Sumatera,MEDAN,CDE,Internal,SumateraMEDANCDE,DALAM KOTA,,,,3,NON REGULAR,0:49:00,386880,75749,42
260314C202,HCI,14-Mar-2026,PICKUP,BK8696MS,Medan,Sumatera Utara,Pertalite,9.5,Customer,3,2.11,3,3,95000,582413,Sumatera,MEDAN,PICKUP,Internal,SumateraMEDANPICKUP,DALAM KOTA,,,,3,REGULAR,4:16:00,386880,100533,89
260314C206,HCI,14-Mar-2026,CDELC,BK8047MQ,Medan,Sumatera Utara,Solar,4.41,Customer,5,9.58,10,4,30000,435325,Sumatera,MEDAN,CDE,Internal,SumateraMEDANCDE,DALAM KOTA,,,,3,REGULAR,5:32:00,193440,211885,33
260314C181,HCI,14-Mar-2026,CDELC,BK8804MH,Medan,Sumatera Utara,Solar,8.09,Customer,14,8.55,10,7,55000,439028,Sumatera,MEDAN,CDE,Internal,SumateraMEDANCDE,DALAM KOTA,,,,3,REGULAR,8:25:00,193440,190588,70
260314D089,HCI,14-Mar-2026,CDELC,BK8022LM,Medan,Sumatera Utara,Solar,7.21,Store,18,10.0,10,2,59000,210094,Sumatera,MEDAN,CDE,Internal,SumateraMEDANCDE,DALAM KOTA,,,,3,REGULAR,2:59:00,0,151094,41
260314D090,HCI,14-Mar-2026,CDELC,BK8807MH,Medan,Sumatera Utara,Solar,7.35,Store,12,10.0,10,3,68500,452528,Sumatera,MEDAN,CDE,Internal,SumateraMEDANCDE,DALAM KOTA,,,,3,REGULAR,1:48:00,193440,190588,48
260314D092,HCI,14-Mar-2026,CDELC,BK8803MH,Medan,Sumatera Utara,Solar,5.74,Store,15,10.0,10,1,39000,423028,Sumatera,MEDAN,CDE,Internal,SumateraMEDANCDE,DALAM KOTA,,,,3,REGULAR,10:13:00,193440,190588,33
260314D093,HCI,14-Mar-2026,CDELC,BK8191MQ,Medan,Sumatera Utara,Solar,7.35,Store,22,9.25,10,1,75000,480325,Sumatera,MEDAN,CDE,Internal,SumateraMEDANCDE,DALAM KOTA,,,,3,REGULAR,0:42:00,193440,211885,45
260314C177,HCI,14-Mar-2026,CDELC,BK8647MS,Medan,Sumatera Utara,Solar,9.56,Customer,7,7.22,10,4,90000,575807,Sumatera,MEDAN,CDE,Internal,SumateraMEDANCDE,DALAM KOTA,,,,3,REGULAR,6:37:00,193440,292367,58
260314C176,HCI,14-Mar-2026,CDELC,BK8646MS,Medan,Sumatera Utara,Solar,7.35,Customer,11,2.67,10,9,106000,785247,Sumatera,MEDAN,CDE,Internal,SumateraMEDANCDE,DALAM KOTA,,,,3,REGULAR,11:16:00,386880,292367,63
260314C173,HCI,14-Mar-2026,CDELC,BK8141LM,Medan,Sumatera Utara,Solar,12.06,Customer,15,9.24,10,9,95500,246594,Sumatera,MEDAN,CDE,Internal,SumateraMEDANCDE,DALAM KOTA,,,,3,REGULAR,7:04:00,0,151094,74
260314H080,HCI,14-Mar-2026,CDELC,BK8074MQ,Pematangsiantar,Sumatera Utara,Solar,29.41,HUB,21,10.0,10,2,413000,712383,Sumatera,PEMATANGSIANTAR,CDE,Internal,SumateraPEMATANGSIANTARCDE,LUAR KOTA,1300000,-587618,-45.20%,3,REGULAR,7:20:00,193440,105943,231
260314H088,HCI,14-Mar-2026,CDELC,BK8192MQ,Pematangsiantar,Sumatera Utara,Solar,41.18,HUB,10,10.0,10,2,496000,901325,Sumatera,PEMATANGSIANTAR,CDE,Internal,SumateraPEMATANGSIANTARCDE,LUAR KOTA,1300000,-398675,-30.67%,3,REGULAR,9:10:00,193440,211885,195
260314C308,HCI,14-Mar-2026,CDELC,BK8074MQ,Binjai,Sumatera Utara,Solar,10,Customer,1,8.68,10,1,133500,336163,Sumatera,BINJAI,CDE,Internal,SumateraBINJAICDE,DALAM KOTA,,,,3,NON REGULAR,1:59:00,96720,105943,85
260314D096,FBI,14-Mar-2026,PICKUP,BK8136LM,Medan,Sumatera Utara,Pertalite,9.2,Store,4,1.89,3,4,107000,388635,Sumatera,MEDAN,MINI VAN BOX,Internal,SumateraMEDANMINI VAN BOX,DALAM KOTA,,,,3,REGULAR,3:09:00,193440,88195,73
260314D098,AHI,14-Mar-2026,PICKUP,BK8633MS,Medan,Sumatera Utara,Pertalite,3.8,Store,1,2.2,3,1,48000,425721,Sumatera,MEDAN,PICKUP,Internal,SumateraMEDANPICKUP,DALAM KOTA,,,,3,REGULAR,7:38:00,290160,87561,31
260315C146,HCI,15-Mar-2026,CDELC,BK8813MG,Medan,Sumatera Utara,Solar,7.65,Customer,7,6.13,10,6,60000,401434,Sumatera,MEDAN,CDE,Internal,SumateraMEDANCDE,DALAM KOTA,,,,3,REGULAR,6:28:00,193440,147994,75
260315C156,HCI,15-Mar-2026,CDELC,BK8135LM,Medan,Sumatera Utara,Solar,7.35,Customer,4,7.86,10,3,50000,394937,Sumatera,MEDAN,CDE,Internal,SumateraMEDANCDE,DALAM KOTA,,,,3,REGULAR,2:35:00,193440,151497,41
260315C157,HCI,15-Mar-2026,CDELC,BK8647MS,Medan,Sumatera Utara,Solar,14.26,Customer,14,10.0,10,10,100000,585807,Sumatera,MEDAN,CDE,Internal,SumateraMEDANCDE,DALAM KOTA,,,,3,REGULAR,6:40:00,193440,292367,86
260315C167,HCI,15-Mar-2026,PICKUP,BK8633MS,Medan,Sumatera Utara,Pertalite,11,Customer,10,3.0,3,6,113000,587441,Sumatera,MEDAN,PICKUP,Internal,SumateraMEDANPICKUP,DALAM KOTA,,,,3,REGULAR,9:55:00,386880,87561,109
260315C160,HCI,15-Mar-2026,CDELC,BK8807MH,Deli Serdang,Sumatera Utara,Solar,11.76,Customer,7,7.22,10,6,80000,560748,Sumatera,DELI SERDANG,CDE,Internal,SumateraDELI SERDANGCDE,DALAM KOTA,,,,3,REGULAR,6:33:00,290160,190588,101
260315C171,HCI,15-Mar-2026,PICKUP,BK8696MS,Binjai,Sumatera Utara,Pertalite,8,Customer,4,3.0,3,4,90000,333707,Sumatera,BINJAI,PICKUP,Internal,SumateraBINJAIPICKUP,DALAM KOTA,,,,3,REGULAR,9:31:00,193440,50267,77
260315C154,HCI,15-Mar-2026,CDELC,BK8803MH,Medan,Sumatera Utara,Solar,26.47,Customer,15,8.86,10,11,254500,831968,Sumatera,MEDAN,CDE,Internal,SumateraMEDANCDE,DALAM KOTA,,,,3,REGULAR,9:23:00,386880,190588,159
260315C168,HCI,15-Mar-2026,CDELC,BK8191MQ,Medan,Sumatera Utara,Solar,5.88,Customer,2,6.11,10,2,55000,460325,Sumatera,MEDAN,CDE,Internal,SumateraMEDANCDE,DALAM KOTA,,,,3,REGULAR,3:15:00,193440,211885,42
260315C148,HCI,15-Mar-2026,CDELC,BK8022LM,Medan,Sumatera Utara,Solar,7.94,Customer,17,4.99,10,9,94000,631974,Sumatera,MEDAN,CDE,Internal,SumateraMEDANCDE,DALAM KOTA,,,,3,REGULAR,8:23:00,386880,151094,61
260315C155,HCI,15-Mar-2026,CDELC,BK8099LM,Medan,Sumatera Utara,Solar,16.18,Customer,10,6.06,10,8,125000,687980,Sumatera,MEDAN,CDE,Internal,SumateraMEDANCDE,DALAM KOTA,,,,3,REGULAR,9:30:00,386880,176100,103
260315C164,HCI,15-Mar-2026,CDELC,BK8047MQ,Dairi,Sumatera Utara,Solar,34.56,Customer,3,4.68,10,3,235000,833765,Sumatera,DAIRI,CDE,Internal,SumateraDAIRICDE,LUAR KOTA,,,,3,REGULAR,11:20:00,386880,211885,314
260315H063,HCI,15-Mar-2026,CDELC,BK8804MH,Pematangsiantar,Sumatera Utara,Solar,36.03,HUB,7,7.47,10,1,461000,845028,Sumatera,PEMATANGSIANTAR,CDE,Internal,SumateraPEMATANGSIANTARCDE,LUAR KOTA,1300000,-454972,-35.00%,3,REGULAR,0:52:00,193440,190588,258
260315C158,HCI,15-Mar-2026,CDELC,BK8146LM,Medan,Sumatera Utara,Solar,8.82,Customer,17,8.96,10,12,75000,516657,Sumatera,MEDAN,CDE,Internal,SumateraMEDANCDE,DALAM KOTA,,,,3,REGULAR,8:08:00,290160,151497,58
260315C150,HCI,15-Mar-2026,CDELC,BK8871MS,Medan,Sumatera Utara,Solar,14.71,Customer,17,7.68,10,11,104000,490880,Sumatera,MEDAN,CDE,Internal,SumateraMEDANCDE,DALAM KOTA,,,,3,REGULAR,8:03:00,386880,,84
260315C282,HCI,15-Mar-2026,PICKUP,BK8696MS,Medan,Sumatera Utara,Pertalite,1.8,Customer,1,3.0,3,1,18000,261707,Sumatera,MEDAN,PICKUP,Internal,SumateraMEDANPICKUP,DALAM KOTA,,,,3,NON REGULAR,1:07:00,193440,50267,18
260315C151,HCI,15-Mar-2026,CDELC,BK8141LM,Medan,Sumatera Utara,Solar,16.32,Customer,18,9.27,10,10,125000,662974,Sumatera,MEDAN,CDE,Internal,SumateraMEDANCDE,DALAM KOTA,,,,3,REGULAR,10:30:00,386880,151094,102
260315C169,HCI,15-Mar-2026,CDELC,BK8299MH,Medan,Sumatera Utara,Solar,17.65,Customer,13,10.0,10,10,127500,472437,Sumatera,MEDAN,CDE,Internal,SumateraMEDANCDE,DALAM KOTA,,,,3,REGULAR,8:06:00,193440,151497,119
260315D079,HCI,15-Mar-2026,CDELC,BK8646MS,Medan,Sumatera Utara,Solar,9.56,Store,11,9.4,11,3,84000,763247,Sumatera,MEDAN,CDE LONG CHASSIS,Internal,SumateraMEDANCDE LONG CHASSIS,DALAM KOTA,,,,3,REGULAR,5:32:00,386880,292367,61
260315C161,HCI,15-Mar-2026,CDELC,BK8075MQ,Tebing Tinggi,Sumatera Utara,Solar,19.12,Customer,6,10.0,10,3,270000,868765,Sumatera,TEBING TINGGI,CDE,Internal,SumateraTEBING TINGGICDE,DALAM KOTA,,,,3,REGULAR,7:42:00,386880,211885,197
260315H061,HCI,15-Mar-2026,CDELC,BK8192MQ,Pematangsiantar,Sumatera Utara,Solar,31.76,HUB,18,4.6,10,3,452000,857325,Sumatera,PEMATANGSIANTAR,CDE,Internal,SumateraPEMATANGSIANTARCDE,LUAR KOTA,1300000,-442675,-34.05%,3,REGULAR,0:41:00,193440,211885,264
260316C261,HCI,16-Mar-2026,CDELC,BK8141LM,Medan,Sumatera Utara,Solar,13.97,Customer,19,8.93,10,16,110500,648474,Sumatera,MEDAN,CDE,Internal,SumateraMEDANCDE,DALAM KOTA,,,,3,REGULAR,9:36:00,386880,151094,87
260316C242,HCI,16-Mar-2026,CDELC,BK8646MS,Medan,Sumatera Utara,Solar,10.29,Customer,25,6.43,10,10,105000,784247,Sumatera,MEDAN,CDE,Internal,SumateraMEDANCDE,DALAM KOTA,,,,3,REGULAR,11:29:00,386880,292367,65
260316C262,HCI,16-Mar-2026,CDELC,BK8022LM,Medan,Sumatera Utara,Solar,11.76,Customer,17,6.48,10,15,89000,454707,Sumatera,MEDAN,CDE,Internal,SumateraMEDANCDE,DALAM KOTA,,,,3,REGULAR,9:20:00,290160,75547,96
260316D073,AHI,16-Mar-2026,PICKUP,BK8633MS,Medan,Sumatera Utara,Pertalite,2.9,Store,7,1.3,3,1,34000,271221,Sumatera,MEDAN,PICKUP,Internal,SumateraMEDANPICKUP,DALAM KOTA,,,,3,REGULAR,2:38:00,193440,43781,31
260316C284,HCI,16-Mar-2026,PICKUP,BK8696MS,Medan,Sumatera Utara,Pertalite,15.2,Customer,10,3.0,3,7,188500,675913,Sumatera,MEDAN,PICKUP,Internal,SumateraMEDANPICKUP,DALAM KOTA,,,,3,REGULAR,10:50:00,386880,100533,152
260316D167,FBI,16-Mar-2026,PICKUP,A8330VX,Medan,Sumatera Utara,Pertalite,5,Store,8,1.13,3,5,60000,360003,Sumatera,MEDAN,MINI VAN BOX,Internal,SumateraMEDANMINI VAN BOX,DALAM KOTA,,,,3,REGULAR,7:09:00,257920,42083,50
260316C267,HCI,16-Mar-2026,CDELC,BK8803MH,Medan,Sumatera Utara,Solar,9.56,Customer,5,9.51,10,3,65000,257014,Sumatera,MEDAN,CDE,Internal,SumateraMEDANCDE,DALAM KOTA,,,,3,REGULAR,5:50:00,96720,95294,65
260316C232,HCI,16-Mar-2026,CDELC,BK8309MS,Deli Serdang,Sumatera Utara,Solar,11.18,Customer,22,6.57,10,12,89000,761513,Sumatera,DELI SERDANG,CDE,Internal,SumateraDELI SERDANGCDE,DALAM KOTA,,,,3,REGULAR,8:10:00,386880,285633,75
260316C255,HCI,16-Mar-2026,CDELC,BK8073MQ,Medan,Sumatera Utara,Solar,14.71,Customer,14,10.0,10,12,104000,403383,Sumatera,MEDAN,CDE,Internal,SumateraMEDANCDE,DALAM KOTA,,,,3,REGULAR,8:12:00,193440,105943,131
260316D019,AHI,16-Mar-2026,CDELC,BK8135LM,Medan,Sumatera Utara,Solar,5.15,Store,39,9.53,10,1,35000,207469,Sumatera,MEDAN,CDE,Internal,SumateraMEDANCDE,DALAM KOTA,,,,3,REGULAR,3:47:00,96720,75749,38
260316C237,HCI,16-Mar-2026,CDELC,BK8031LM,Medan,Sumatera Utara,Solar,13.24,Customer,15,8.28,10,11,94000,631974,Sumatera,MEDAN,CDE,Internal,SumateraMEDANCDE,DALAM KOTA,,,,3,REGULAR,10:47:00,386880,151094,79
260316C238,HCI,16-Mar-2026,CDELC,BK8075MQ,Medan,Sumatera Utara,Solar,8.82,Customer,9,10.0,10,6,60000,658765,Sumatera,MEDAN,CDE,Internal,SumateraMEDANCDE,DALAM KOTA,,,,3,REGULAR,7:54:00,386880,211885,62
260316C270,HCI,16-Mar-2026,CDELC,BK8804MH,Medan,Sumatera Utara,Solar,5.15,Customer,4,10.0,10,2,35000,323734,Sumatera,MEDAN,CDE,Internal,SumateraMEDANCDE,DALAM KOTA,,,,3,REGULAR,3:54:00,193440,95294,38
260316C244,HCI,16-Mar-2026,CDELC,BK8099LM,Medan,Sumatera Utara,Solar,20.29,Customer,17,10.0,10,14,184000,746980,Sumatera,MEDAN,CDE,Internal,SumateraMEDANCDE,DALAM KOTA,,,,3,REGULAR,11:26:00,386880,176100,126
260316C241,HCI,16-Mar-2026,CDELC,BK8146LM,Binjai,Sumatera Utara,Solar,11.76,Customer,12,10.0,10,8,80000,521657,Sumatera,BINJAI,CDE,Internal,SumateraBINJAICDE,DALAM KOTA,,,,3,REGULAR,6:17:00,290160,151497,82
260316C281,HCI,16-Mar-2026,CDELC,BK8074MQ,Medan,Sumatera Utara,Solar,9.71,Customer,6,10.0,10,3,66000,462103,Sumatera,MEDAN,CDE,Internal,SumateraMEDANCDE,DALAM KOTA,,,,3,REGULAR,5:57:00,290160,105943,64
260316C243,HCI,16-Mar-2026,CDELC,BK8871MS,Medan,Sumatera Utara,Solar,13.24,Customer,15,9.86,10,12,105000,491880,Sumatera,MEDAN,CDE,Internal,SumateraMEDANCDE,DALAM KOTA,,,,3,REGULAR,9:39:00,386880,,79
260316D078,HCI,16-Mar-2026,CDELC,BK8806MH,Medan,Sumatera Utara,Dexlite,6.9,Store,41,8.45,10,4,115000,307014,Sumatera,MEDAN,CDE,Internal,SumateraMEDANCDE,DALAM KOTA,,,,3,REGULAR,4:37:00,96720,95294,41
260316C235,HCI,16-Mar-2026,CDELC,BK8807MH,Medan,Sumatera Utara,Solar,8.09,Customer,29,8.44,10,12,60000,444028,Sumatera,MEDAN,CDE,Internal,SumateraMEDANCDE,DALAM KOTA,,,,3,REGULAR,8:05:00,193440,190588,52
260316C266,HCI,16-Mar-2026,CDELC,BK8806MH,Deli Serdang,Sumatera Utara,Solar,16.91,Customer,15,10.0,10,11,115000,307014,Sumatera,DELI SERDANG,CDE,Internal,SumateraDELI SERDANGCDE,DALAM KOTA,,,,3,REGULAR,6:09:00,96720,95294,125
260316C248,HCI,16-Mar-2026,CDELC,BK8805MH,Medan,Sumatera Utara,Solar,15.44,Customer,21,10.0,10,13,114000,499454,Sumatera,MEDAN,CDE,Internal,SumateraMEDANCDE,DALAM KOTA,,,,3,REGULAR,6:27:00,290160,95294,92
260316C382,HCI,16-Mar-2026,PICKUP,A8330VX,Medan,Sumatera Utara,Pertalite,6,Customer,1,3.0,3,1,60000,360003,Sumatera,MEDAN,MINI VAN BOX,Internal,SumateraMEDANMINI VAN BOX,DALAM KOTA,,,,3,NON REGULAR,3:01:00,257920,42083,44
260316C236,HCI,16-Mar-2026,CDELC,BK8191MQ,Medan,Sumatera Utara,Solar,9.56,Customer,9,10.0,10,7,70000,668765,Sumatera,MEDAN,CDE,Internal,SumateraMEDANCDE,DALAM KOTA,,,,3,REGULAR,5:39:00,386880,211885,65
260316C277,HCI,16-Mar-2026,CDELC,BK8172LM,Medan,Sumatera Utara,Solar,6.32,Customer,3,5.33,10,3,43000,312189,Sumatera,MEDAN,CDE,Internal,SumateraMEDANCDE,DALAM KOTA,,,,3,REGULAR,-3:00:00,193440,75749,35
260316D079,HCI,16-Mar-2026,CDELC,BK8805MH,Medan,Sumatera Utara,Solar,5.15,Store,37,9.33,10,2,50000,242014,Sumatera,MEDAN,CDE,Internal,SumateraMEDANCDE,DALAM KOTA,,,,3,REGULAR,3:03:00,96720,95294,30
260316H001,HCI,16-Mar-2026,CDELC,BK8192MQ,Pematangsiantar,Sumatera Utara,Solar,33.82,HUB,16,10.0,10,2,446000,851325,Sumatera,PEMATANGSIANTAR,CDE,Internal,SumateraPEMATANGSIANTARCDE,LUAR KOTA,1300000,-448675,-34.51%,3,REGULAR,14:49:00,193440,211885,229
260316D076,HCI,16-Mar-2026,CDELC,BK8074MQ,Medan,Sumatera Utara,Solar,4.12,Store,34,9.8,10,1,28000,327383,Sumatera,MEDAN,CDE,Internal,SumateraMEDANCDE,DALAM KOTA,,,,3,REGULAR,3:24:00,193440,105943,24
260316C240,HCI,16-Mar-2026,CDELC,BK8813MG,Medan,Sumatera Utara,Solar,17.65,Customer,13,6.59,10,11,138500,673374,Sumatera,MEDAN,CDE,Internal,SumateraMEDANCDE,DALAM KOTA,,,,3,REGULAR,6:13:00,386880,147994,122
260316C253,HCI,16-Mar-2026,CDELC,BK8803MH,Medan,Sumatera Utara,Solar,6.62,Customer,7,3.25,10,6,45000,430454,Sumatera,MEDAN,CDE,Internal,SumateraMEDANCDE,DALAM KOTA,,,,3,REGULAR,-0:40:00,290160,95294,40
260316D168,FBI,16-Mar-2026,PICKUP,BK8136LM,Medan,Sumatera Utara,Pertalite,9.8,Store,7,1.11,3,4,151500,400895,Sumatera,MEDAN,MINI VAN BOX,Internal,SumateraMEDANMINI VAN BOX,DALAM KOTA,,,,3,REGULAR,5:26:00,161200,88195,101
260316D025,AHI,16-Mar-2026,CDELC,BK8009MI,Medan,Sumatera Utara,Solar,6.62,Store,53,9.18,10,2,70000,414937,Sumatera,MEDAN,CDE,Internal,SumateraMEDANCDE,DALAM KOTA,,,,3,REGULAR,6:59:00,193440,151497,39
260316C259,HCI,16-Mar-2026,CDELC,BK8647MS,Medan,Sumatera Utara,Solar,8.82,Customer,10,7.87,10,9,82000,761247,Sumatera,MEDAN,CDE,Internal,SumateraMEDANCDE,DALAM KOTA,,,,3,REGULAR,8:03:00,386880,292367,60
260316C245,HCI,16-Mar-2026,CDELC,BK8135LM,Medan,Sumatera Utara,Solar,17.65,Customer,12,10.0,10,8,133500,499409,Sumatera,MEDAN,CDE,Internal,SumateraMEDANCDE,DALAM KOTA,,,,3,REGULAR,4:34:00,290160,75749,119
260316C264,HCI,16-Mar-2026,CDELC,BK8047MQ,Medan,Sumatera Utara,Solar,10.29,Customer,14,8.35,10,13,70000,572045,Sumatera,MEDAN,CDE,Internal,SumateraMEDANCDE,DALAM KOTA,,,,3,REGULAR,7:43:00,290160,211885,84
260316C233,HCI,16-Mar-2026,CDELC,BK8112LM,Medan,Sumatera Utara,Solar,5.88,Customer,23,4.51,10,8,90000,627974,Sumatera,MEDAN,CDE,Internal,SumateraMEDANCDE,DALAM KOTA,,,,3,REGULAR,12:33:00,386880,151094,68
260316C239,HCI,16-Mar-2026,CDELC,BK8804MH,Medan,Sumatera Utara,Solar,6.47,Customer,12,9.08,10,5,44000,332734,Sumatera,MEDAN,CDE,Internal,SumateraMEDANCDE,DALAM KOTA,,,,3,REGULAR,7:08:00,193440,95294,56
260316C276,HCI,16-Mar-2026,CDELC,BK8022LM,Medan,Sumatera Utara,Solar,5.88,Customer,2,5.59,10,2,40000,308987,Sumatera,MEDAN,CDE,Internal,SumateraMEDANCDE,DALAM KOTA,,,,3,REGULAR,2:50:00,193440,75547,41
260316C395,HCI,16-Mar-2026,PICKUP,BK8633MS,Medan,Sumatera Utara,Pertalite,8.2,Customer,2,3.0,3,2,113500,544161,Sumatera,MEDAN,PICKUP,Internal,SumateraMEDANPICKUP,DALAM KOTA,,,,3,REGULAR,0:12:00,386880,43781,89
260316D022,AHI,16-Mar-2026,CDELC,BK8073MQ,Medan,Sumatera Utara,Solar,5.88,Store,61,9.28,10,3,43500,246163,Sumatera,MEDAN,CDE,Internal,SumateraMEDANCDE,DALAM KOTA,,,,3,REGULAR,4:16:00,96720,105943,43
260316C234,HCI,16-Mar-2026,CDELC,BK8172LM,Medan,Sumatera Utara,Solar,7.35,Customer,35,10.0,10,14,58000,327189,Sumatera,MEDAN,CDE,Internal,SumateraMEDANCDE,DALAM KOTA,,,,3,REGULAR,6:24:00,193440,75749,50
260316C250,HCI,16-Mar-2026,CDELC,BK8299MH,Medan,Sumatera Utara,Solar,14.71,Customer,18,10.0,10,13,105000,643377,Sumatera,MEDAN,CDE,Internal,SumateraMEDANCDE,DALAM KOTA,,,,3,REGULAR,10:45:00,386880,151497,87
260317C212,HCI,17-Mar-2026,CDELC,BK8871MS,Medan,Sumatera Utara,Solar,8.24,Customer,12,10.0,10,10,61000,447880,Sumatera,MEDAN,CDE,Internal,SumateraMEDANCDE,DALAM KOTA,,,,3,REGULAR,7:15:00,386880,,537
260317C223,HCI,17-Mar-2026,CDELC,BK8299MH,Medan,Sumatera Utara,Solar,14.71,Customer,16,8.09,10,11,100000,638377,Sumatera,MEDAN,CDE,Internal,SumateraMEDANCDE,DALAM KOTA,,,,3,REGULAR,8:16:00,386880,151497,77
260317C214,HCI,17-Mar-2026,CDELC,BK8191MQ,Medan,Sumatera Utara,Solar,9.56,Customer,16,9.69,10,12,70000,475325,Sumatera,MEDAN,CDE,Internal,SumateraMEDANCDE,DALAM KOTA,,,,3,REGULAR,6:24:00,193440,211885,79
260317C205,HCI,17-Mar-2026,CDELC,BK8009MI,Medan,Sumatera Utara,Solar,11.76,Customer,20,6.99,10,6,107000,451937,Sumatera,MEDAN,CDE,Internal,SumateraMEDANCDE,DALAM KOTA,,,,3,REGULAR,8:28:00,193440,151497,79
260317C236,HCI,17-Mar-2026,CDELC,BK8135LM,Medan,Sumatera Utara,Solar,6.62,Customer,5,10.0,10,2,60500,329689,Sumatera,MEDAN,CDE,Internal,SumateraMEDANCDE,DALAM KOTA,,,,3,REGULAR,3:32:00,193440,75749,61
260317C225,HCI,17-Mar-2026,CDELC,BK8073MQ,Medan,Sumatera Utara,Solar,12.5,Customer,12,10.0,10,9,99500,698265,Sumatera,MEDAN,CDE,Internal,SumateraMEDANCDE,DALAM KOTA,,,,3,REGULAR,7:18:00,386880,211885,88
260317C296,HCI,17-Mar-2026,CDELC,BK8646MS,Simalungun,Sumatera Utara,Solar,32.35,Customer,1,6.41,10,1,431000,723367,Sumatera,SIMALUNGUN,CDE,Internal,SumateraSIMALUNGUNCDE,LUAR KOTA,,,,3,REGULAR,7:43:00,0,292367,215
260317C222,HCI,17-Mar-2026,CDELC,BK8022LM,Medan,Sumatera Utara,Solar,8.82,Customer,22,8.44,10,13,75000,419534,Sumatera,MEDAN,CDE,Internal,SumateraMEDANCDE,DALAM KOTA,,,,3,NON REGULAR,7:04:00,193440,151094,330
260317C215,HCI,17-Mar-2026,CDELC,BK8099LM,Medan,Sumatera Utara,Solar,12.5,Customer,16,9.64,10,13,95000,657980,Sumatera,MEDAN,CDE,Internal,SumateraMEDANCDE,DALAM KOTA,,,,3,REGULAR,8:14:00,386880,176100,89
260317C224,HCI,17-Mar-2026,CDELC,BK8141LM,Medan,Sumatera Utara,Solar,22.06,Customer,16,10.0,10,12,198500,467487,Sumatera,MEDAN,CDE,Internal,SumateraMEDANCDE,DALAM KOTA,,,,3,NON REGULAR,6:33:00,193440,75547,143
260317H111,HCI,17-Mar-2026,CDELC,BK8309MS,Pematangsiantar,Sumatera Utara,Solar,31.76,HUB,1,8.8,10,1,432000,832737,Sumatera,PEMATANGSIANTAR,CDE,Internal,SumateraPEMATANGSIANTARCDE,LUAR KOTA,1300000,-467263,-35.94%,3,REGULAR,2:15:00,257920,142817,231
260317C260,HCI,17-Mar-2026,CDELC,BK8141LM,Medan,Sumatera Utara,Solar,8.09,Customer,2,10.0,10,1,64000,332987,Sumatera,MEDAN,CDE,Internal,SumateraMEDANCDE,DALAM KOTA,,,,3,REGULAR,2:04:00,193440,75547,47
260317C227,HCI,17-Mar-2026,CDELC,BK8806MH,Medan,Sumatera Utara,Solar,9.56,Customer,15,10.0,10,12,70000,647468,Sumatera,MEDAN,CDE,Internal,SumateraMEDANCDE,DALAM KOTA,,,,3,REGULAR,9:23:00,386880,190588,67
260317C238,HCI,17-Mar-2026,PICKUP,BK8696MS,Medan,Sumatera Utara,Pertalite,6.8,Customer,7,3.0,3,5,78000,224987,Sumatera,MEDAN,PICKUP,Internal,SumateraMEDANPICKUP,DALAM KOTA,,,,3,REGULAR,7:55:00,96720,50267,57
260317C231,HCI,17-Mar-2026,CDELC,BK8813MG,Medan,Sumatera Utara,Solar,7.35,Customer,13,8.98,10,10,73000,607874,Sumatera,MEDAN,CDE,Internal,SumateraMEDANCDE,DALAM KOTA,,,,3,REGULAR,8:20:00,386880,147994,51
260317C213,HCI,17-Mar-2026,CDELC,BK8135LM,Medan,Sumatera Utara,Solar,8.09,Customer,12,8.57,10,9,55000,324189,Sumatera,MEDAN,CDE,Internal,SumateraMEDANCDE,DALAM KOTA,,,,3,NON REGULAR,2:57:00,193440,75749,55
260317D105,HCI,17-Mar-2026,CDELC,BK8192MQ,Medan,Sumatera Utara,Solar,7.35,Store,32,8.7,10,1,78500,483825,Sumatera,MEDAN,CDE,Internal,SumateraMEDANCDE,DALAM KOTA,,,,3,REGULAR,7:12:00,193440,211885,51
260317C289,HCI,17-Mar-2026,PICKUP,BK8633MS,Medan,Sumatera Utara,Pertalite,10,Customer,7,3.0,3,5,116000,353221,Sumatera,MEDAN,PICKUP,Internal,SumateraMEDANPICKUP,DALAM KOTA,,,,3,REGULAR,6:58:00,193440,43781,99
260317C226,HCI,17-Mar-2026,CDELC,BK8031LM,Medan,Sumatera Utara,Solar,17.65,Customer,14,9.08,10,9,139000,676974,Sumatera,MEDAN,CDE,Internal,SumateraMEDANCDE,DALAM KOTA,,,,3,REGULAR,9:28:00,386880,151094,119
260317C218,HCI,17-Mar-2026,CDELC,BK8803MH,Binjai,Sumatera Utara,Solar,24.26,Customer,18,10.0,10,12,215500,792968,Sumatera,BINJAI,CDE,Internal,SumateraBINJAICDE,DALAM KOTA,,,,3,REGULAR,11:06:00,386880,190588,168
260317D112,FBI,17-Mar-2026,PICKUP,BK8136LM,Medan,Sumatera Utara,Pertalite,6.6,Store,8,1.86,3,4,83000,385018,Sumatera,MEDAN,MINI VAN BOX,Internal,SumateraMEDANMINI VAN BOX,DALAM KOTA,,,,3,REGULAR,5:31:00,257920,44098,67
260317C210,HCI,17-Mar-2026,CDELC,BK8807MH,Medan,Sumatera Utara,Solar,7.35,Customer,21,4.62,10,8,50000,338734,Sumatera,MEDAN,CDE,Internal,SumateraMEDANCDE,DALAM KOTA,,,,3,REGULAR,5:20:00,193440,95294,50
260317H078,HCI,17-Mar-2026,CDELC,BK8074MQ,Pematangsiantar,Sumatera Utara,Solar,34.85,HUB,14,8.66,10,1,453000,761605,Sumatera,PEMATANGSIANTAR,CDE,Internal,SumateraPEMATANGSIANTARCDE,LUAR KOTA,1300000,-538395,-41.42%,3,REGULAR,2:47:00,96720,211885,231
260317C211,HCI,17-Mar-2026,CDELC,BK8647MS,Medan,Sumatera Utara,Solar,11.03,Customer,19,5.44,10,12,85000,667527,Sumatera,MEDAN,CDE,Internal,SumateraMEDANCDE,DALAM KOTA,,,,3,REGULAR,9:59:00,290160,292367,73
260317C209,HCI,17-Mar-2026,CDELC,BK8047MQ,Medan,Sumatera Utara,Solar,5.88,Customer,22,7.51,10,5,44000,343383,Sumatera,MEDAN,CDE,Internal,SumateraMEDANCDE,DALAM KOTA,,,,3,REGULAR,4:59:00,193440,105943,35
260317D143,HCI,17-Mar-2026,PICKUP,BK8696MS,Medan,Sumatera Utara,Pertalite,3.5,Store,1,2.28,3,1,35000,181987,Sumatera,MEDAN,PICKUP,Internal,SumateraMEDANPICKUP,DALAM KOTA,,,,3,REGULAR,4:54:00,96720,50267,28
260317C235,HCI,17-Mar-2026,CDELC,BK8805MH,Medan,Sumatera Utara,Solar,6.03,Customer,2,9.54,10,1,50000,338734,Sumatera,MEDAN,CDE,Internal,SumateraMEDANCDE,DALAM KOTA,,,,3,REGULAR,2:37:00,193440,95294,46
260317C229,HCI,17-Mar-2026,CDELC,BK8172LM,Medan,Sumatera Utara,Solar,11.03,Customer,18,10.0,10,13,94000,363189,Sumatera,MEDAN,CDE,Internal,SumateraMEDANCDE,DALAM KOTA,,,,3,NON REGULAR,5:41:00,193440,75749,60
260317C391,HCI,17-Mar-2026,PICKUP,A8330VX,Medan,Sumatera Utara,Pertalite,6,Customer,2,2.5,3,2,65000,203803,Sumatera,MEDAN,MINI VAN BOX,Internal,SumateraMEDANMINI VAN BOX,DALAM KOTA,,,,3,NON REGULAR,4:50:00,96720,42083,67
260317D001,AHI,17-Mar-2026,CDELC,BK8146LM,Medan,Sumatera Utara,Solar,4.41,Store,50,10.0,10,1,30000,299189,Sumatera,MEDAN,CDE,Internal,SumateraMEDANCDE,DALAM KOTA,,,,3,REGULAR,3:33:00,193440,75749,27
260317C291,HCI,17-Mar-2026,PICKUP,BK8633MS,Medan,Sumatera Utara,Pertalite,5.6,Customer,3,3.0,3,3,56000,293221,Sumatera,MEDAN,PICKUP,Internal,SumateraMEDANPICKUP,DALAM KOTA,,,,3,REGULAR,5:06:00,193440,43781,47
260317C217,HCI,17-Mar-2026,CDELC,BK8112LM,Medan,Sumatera Utara,Solar,13.68,Customer,6,10.0,10,5,93000,437534,Sumatera,MEDAN,CDE,Internal,SumateraMEDANCDE,DALAM KOTA,,,,3,REGULAR,5:04:00,193440,151094,71
260317D144,HCI,17-Mar-2026,PICKUP,BK8136LM,Medan,Sumatera Utara,Pertalite,3.5,Store,2,1.55,3,1,45000,282538,Sumatera,MEDAN,MINI VAN BOX,Internal,SumateraMEDANMINI VAN BOX,DALAM KOTA,,,,3,REGULAR,4:20:00,193440,44098,29
260317C234,HCI,17-Mar-2026,CDELC,BK8807MH,Deli Serdang,Sumatera Utara,Solar,13.68,Customer,5,8.38,10,4,98000,386734,Sumatera,DELI SERDANG,CDE,Internal,SumateraDELI SERDANGCDE,DALAM KOTA,,,,3,REGULAR,4:54:00,193440,95294,96
260317D107,HCI,17-Mar-2026,CDELC,BK8804MH,Medan,Sumatera Utara,Solar,5.88,Store,55,9.06,10,2,65000,449028,Sumatera,MEDAN,CDE,Internal,SumateraMEDANCDE,DALAM KOTA,,,,3,REGULAR,9:42:00,193440,190588,40
260317C228,HCI,17-Mar-2026,CDELC,BK8047MQ,Medan,Sumatera Utara,Solar,5.88,Customer,8,10.0,10,7,40000,436103,Sumatera,MEDAN,CDE,Internal,SumateraMEDANCDE,DALAM KOTA,,,,3,REGULAR,4:19:00,290160,105943,35
260317C233,HCI,17-Mar-2026,CDELC,BK8146LM,Medan,Sumatera Utara,Solar,10.29,Customer,10,10.0,10,10,75000,344189,Sumatera,MEDAN,CDE,Internal,SumateraMEDANCDE,DALAM KOTA,,,,3,REGULAR,5:57:00,193440,75749,76
260317D113,FBI,17-Mar-2026,PICKUP,A8330VX,Medan,Sumatera Utara,Pertalite,3.6,Store,9,1.25,3,4,41000,244283,Sumatera,MEDAN,MINI VAN BOX,Internal,SumateraMEDANMINI VAN BOX,DALAM KOTA,,,,3,REGULAR,7:20:00,161200,42083,32
260317D115,AHI,17-Mar-2026,CDELC,BK8075MQ,Medan,Sumatera Utara,Solar,3.68,Store,40,8.71,10,1,25000,430325,Sumatera,MEDAN,CDE,Internal,SumateraMEDANCDE,DALAM KOTA,,,,3,REGULAR,7:03:00,193440,211885,26
260317C203,HCI,17-Mar-2026,CDELC,BK8309MS,Deli Serdang,Sumatera Utara,Solar,17.35,Customer,28,7.01,10,13,183000,712697,Sumatera,DELI SERDANG,CDE,Internal,SumateraDELI SERDANGCDE,DALAM KOTA,,,,3,REGULAR,9:05:00,386880,142817,117
260317D108,HCI,17-Mar-2026,CDELC,BK8172LM,Medan,Sumatera Utara,Solar,5.15,Store,39,10.0,10,1,35000,207469,Sumatera,MEDAN,CDE,Internal,SumateraMEDANCDE,DALAM KOTA,,,,3,REGULAR,3:36:00,96720,75749,37
260317C230,HCI,17-Mar-2026,CDELC,BK8805MH,Medan,Sumatera Utara,Solar,6.62,Customer,11,10.0,10,9,73000,361734,Sumatera,MEDAN,CDE,Internal,SumateraMEDANCDE,DALAM KOTA,,,,3,NON REGULAR,5:51:00,193440,95294,47
260318D122,AHI,18-Mar-2026,CDELC,BK8871MS,Medan,Sumatera Utara,Solar,5.15,Store,144,11.0,11,1,50000,146720,Sumatera,MEDAN,CDE LONG CHASSIS,Internal,SumateraMEDANCDE LONG CHASSIS,DALAM KOTA,,,,3,REGULAR,2:34:00,96720,,31
260318D119,AHI,18-Mar-2026,CDELC,BK8074MQ,Medan,Sumatera Utara,Solar,5.15,Store,81,10.0,10,2,35000,366623,Sumatera,MEDAN,CDE,Internal,SumateraMEDANCDE,DALAM KOTA,,,,3,REGULAR,2:19:00,225680,105943,31
260318D120,AHI,18-Mar-2026,CDELC,BK8075MQ,Medan,Sumatera Utara,Solar,5.59,Store,168,10.0,10,6,73000,510565,Sumatera,MEDAN,CDE,Internal,SumateraMEDANCDE,DALAM KOTA,,,,3,REGULAR,17:52:00,225680,211885,35
260318D118,FBI,18-Mar-2026,PICKUP,BK8136LM,Binjai,Sumatera Utara,Pertalite,9.2,Store,15,1.56,3,4,150500,388038,Sumatera,BINJAI,MINI VAN BOX,Internal,SumateraBINJAIMINI VAN BOX,DALAM KOTA,,,,3,REGULAR,5:04:00,193440,44098,101
260318D117,FBI,18-Mar-2026,PICKUP,A8330VX,Medan,Sumatera Utara,Pertalite,5,Store,15,2.18,3,5,59000,230043,Sumatera,MEDAN,MINI VAN BOX,Internal,SumateraMEDANMINI VAN BOX,DALAM KOTA,,,,3,REGULAR,6:48:00,128960,42083,50
260318C185,HCI,18-Mar-2026,CDELC,BK8191MQ,Deli Serdang,Sumatera Utara,Solar,7.35,Customer,9,6.05,10,7,60500,359883,Sumatera,DELI SERDANG,CDE,Internal,SumateraDELI SERDANGCDE,DALAM KOTA,,,,3,REGULAR,5:39:00,193440,105943,55
260318C186,HCI,18-Mar-2026,CDELC,BK8647MS,Medan,Sumatera Utara,Solar,8.24,Customer,23,8.3,10,10,125000,804247,Sumatera,MEDAN,CDE,Internal,SumateraMEDANCDE,DALAM KOTA,,,,3,REGULAR,10:22:00,386880,292367,48
260318C187,HCI,18-Mar-2026,CDELC,BK8804MH,Medan,Sumatera Utara,Solar,6.62,Customer,14,7.78,10,11,49000,337734,Sumatera,MEDAN,CDE,Internal,SumateraMEDANCDE,DALAM KOTA,,,,3,REGULAR,5:53:00,193440,95294,44
260318C188,HCI,18-Mar-2026,CDELC,BK8047MQ,Medan,Sumatera Utara,Solar,12.5,Customer,21,9.49,10,12,114000,712765,Sumatera,MEDAN,CDE,Internal,SumateraMEDANCDE,DALAM KOTA,,,,3,REGULAR,10:13:00,386880,211885,73
260318C189,HCI,18-Mar-2026,CDELC,BK8135LM,Medan,Sumatera Utara,Solar,10.29,Customer,12,8.47,10,8,75000,613377,Sumatera,MEDAN,CDE,Internal,SumateraMEDANCDE,DALAM KOTA,,,,3,REGULAR,9:28:00,386880,151497,120
260318C190,HCI,18-Mar-2026,CDELC,BK8813MG,Medan,Sumatera Utara,Solar,11.03,Customer,14,6.11,10,11,75000,222994,Sumatera,MEDAN,CDE,Internal,SumateraMEDANCDE,DALAM KOTA,,,,3,REGULAR,5:55:00,0,147994,72
260318C191,HCI,18-Mar-2026,CDELC,BK8309MS,Medan,Sumatera Utara,Solar,8.97,Customer,20,9.65,10,12,65000,737513,Sumatera,MEDAN,CDE,Internal,SumateraMEDANCDE,DALAM KOTA,,,,3,REGULAR,7:48:00,386880,285633,58
260318C192,HCI,18-Mar-2026,CDELC,BK8073MQ,Medan,Sumatera Utara,Solar,18.09,Customer,14,10.0,10,6,123000,422383,Sumatera,MEDAN,CDE,Internal,SumateraMEDANCDE,DALAM KOTA,,,,3,REGULAR,6:20:00,193440,105943,140
260318C193,HCI,18-Mar-2026,CDELC,BK8646MS,Medan,Sumatera Utara,Solar,17.65,Customer,12,8.62,10,8,152000,588343,Sumatera,MEDAN,CDE,Internal,SumateraMEDANCDE,DALAM KOTA,,,,3,REGULAR,9:34:00,290160,146183,129
260318C194,HCI,18-Mar-2026,CDELC,BK8099LM,Binjai,Sumatera Utara,Solar,18.09,Customer,18,10.0,10,12,174500,455990,Sumatera,BINJAI,CDE,Internal,SumateraBINJAICDE,DALAM KOTA,,,,3,REGULAR,9:22:00,193440,88050,141
260318C195,HCI,18-Mar-2026,CDELC,BK8803MH,Medan,Sumatera Utara,Solar,14.85,Customer,21,10.0,10,9,135500,712968,Sumatera,MEDAN,CDE,Internal,SumateraMEDANCDE,DALAM KOTA,,,,3,REGULAR,7:02:00,386880,190588,86
260318C196,HCI,18-Mar-2026,CDELC,BK8172LM,Medan,Sumatera Utara,Solar,13.24,Customer,16,8.96,10,11,90000,628377,Sumatera,MEDAN,CDE,Internal,SumateraMEDANCDE,DALAM KOTA,,,,3,REGULAR,5:50:00,386880,151497,86
260318C197,HCI,18-Mar-2026,CDELC,BK8807MH,Medan,Sumatera Utara,Solar,14.71,Customer,12,7.71,10,7,113500,690968,Sumatera,MEDAN,CDE,Internal,SumateraMEDANCDE,DALAM KOTA,,,,3,REGULAR,6:33:00,386880,190588,117
260318C198,HCI,18-Mar-2026,CDELC,BK8805MH,Medan,Sumatera Utara,Solar,5.15,Customer,7,4.83,10,6,35000,420454,Sumatera,MEDAN,CDE,Internal,SumateraMEDANCDE,DALAM KOTA,,,,3,REGULAR,6:19:00,290160,95294,33
260318C202,HCI,18-Mar-2026,CDELC,BK8031LM,Medan,Sumatera Utara,Solar,7.35,Customer,14,6.48,10,11,61500,427207,Sumatera,MEDAN,CDE,Internal,SumateraMEDANCDE,DALAM KOTA,,,,3,REGULAR,5:47:00,290160,75547,72
260318C205,HCI,18-Mar-2026,CDELC,BK8141LM,Medan,Sumatera Utara,Solar,13.97,Customer,22,10.0,10,15,95000,632974,Sumatera,MEDAN,CDE,Internal,SumateraMEDANCDE,DALAM KOTA,,,,3,REGULAR,20:39:00,386880,151094,92
260318C206,HCI,18-Mar-2026,CDELC,BK8806MH,Medan,Sumatera Utara,Solar,27.79,Customer,14,5.85,10,9,307000,884468,Sumatera,MEDAN,CDE,Internal,SumateraMEDANCDE,DALAM KOTA,,,,3,REGULAR,8:04:00,386880,190588,202
260318C207,HCI,18-Mar-2026,CDELC,BK8299MH,Tebing Tinggi,Sumatera Utara,Solar,34.56,Customer,15,8.38,10,8,422000,960377,Sumatera,TEBING TINGGI,CDE,Internal,SumateraTEBING TINGGICDE,DALAM KOTA,,,,3,REGULAR,8:58:00,386880,151497,275
260318C208,HCI,18-Mar-2026,CDELC,BK8871MS,Medan,Sumatera Utara,Solar,7.35,Customer,1,7.85,10,1,50000,114480,Sumatera,MEDAN,CDE,Internal,SumateraMEDANCDE,DALAM KOTA,,,,3,REGULAR,6:03:00,64480,,26
260318C209,HCI,18-Mar-2026,CDELC,BK8805MH,Medan,Sumatera Utara,Solar,7.35,Customer,3,10.0,10,3,50000,338734,Sumatera,MEDAN,CDE,Internal,SumateraMEDANCDE,DALAM KOTA,,,,3,REGULAR,3:10:00,193440,95294,48
260318C210,HCI,18-Mar-2026,PICKUP,BK8633MS,Medan,Sumatera Utara,Pertalite,8,Customer,7,3.0,3,4,89000,326221,Sumatera,MEDAN,PICKUP,Internal,SumateraMEDANPICKUP,DALAM KOTA,,,,3,REGULAR,5:43:00,193440,43781,84
260318H049,HCI,18-Mar-2026,CDELC,BK8192MQ,Pematangsiantar,Sumatera Utara,Solar,29.41,HUB,16,8.99,10,1,416000,821325,Sumatera,PEMATANGSIANTAR,CDE,Internal,SumateraPEMATANGSIANTARCDE,LUAR KOTA,1300000,-478675,-36.82%,3,REGULAR,9:38:00,193440,211885,245
260318C220,HCI,18-Mar-2026,CDELC,BK8804MH,Medan,Sumatera Utara,Solar,15.44,Customer,5,10.0,10,5,105000,587174,Sumatera,MEDAN,CDE,Internal,SumateraMEDANCDE,DALAM KOTA,,,,3,REGULAR,6:34:00,386880,95294,110
260318C222,HCI,18-Mar-2026,CDELC,BK8112LM,Medan,Sumatera Utara,Solar,15.44,Customer,4,7.53,10,4,133500,499207,Sumatera,MEDAN,CDE,Internal,SumateraMEDANCDE,DALAM KOTA,,,,3,REGULAR,7:01:00,290160,75547,107
260318C223,HCI,18-Mar-2026,CDELC,BK8191MQ,Deli Serdang,Sumatera Utara,Solar,6.62,Customer,5,8.93,10,3,55500,354883,Sumatera,DELI SERDANG,CDE,Internal,SumateraDELI SERDANGCDE,DALAM KOTA,,,,3,NON REGULAR,3:38:00,193440,105943,60
260318C237,HCI,18-Mar-2026,PICKUP,BK8633MS,Binjai,Sumatera Utara,Pertalite,12.5,Customer,4,3.0,3,4,171500,408721,Sumatera,BINJAI,PICKUP,Internal,SumateraBINJAIPICKUP,DALAM KOTA,,,,3,REGULAR,7:41:00,193440,43781,132
260318C240,AHI,18-Mar-2026,PICKUP,BK8696MS,Medan,Sumatera Utara,Pertalite,8.7,Customer,45,3.0,3,5,111000,404973,Sumatera,MEDAN,PICKUP,Internal,SumateraMEDANPICKUP,DALAM KOTA,,,,3,REGULAR,12:49:00,193440,100533,75
260318C241,HCI,18-Mar-2026,CDELC,BK8146LM,Medan,Sumatera Utara,Solar,5.44,Customer,5,8.69,10,4,62000,406937,Sumatera,MEDAN,CDE,Internal,SumateraMEDANCDE,DALAM KOTA,,,,3,REGULAR,8:51:00,193440,151497,31
260318D105,AHI,18-Mar-2026,CDELC,BK8009MI,Medan,Sumatera Utara,Solar,5.88,Store,107,8.37,10,2,40000,309189,Sumatera,MEDAN,CDE,Internal,SumateraMEDANCDE,DALAM KOTA,,,,3,REGULAR,6:17:00,193440,75749,35
260318D108,AHI,18-Mar-2026,FUSO,BK8815MG,Medan,Sumatera Utara,Solar,12.5,Store,6,27.31,34,1,260000,541930,Sumatera,MEDAN,FUSO,Internal,SumateraMEDANFUSO,DALAM KOTA,,,,3,REGULAR,12:02:00,193440,88490,49
260318D109,AHI,18-Mar-2026,CDELC,BK8646MS,Medan,Sumatera Utara,Solar,4.41,Store,88,8.23,10,1,30000,272903,Sumatera,MEDAN,CDE,Internal,SumateraMEDANCDE,DALAM KOTA,,,,3,REGULAR,3:29:00,96720,146183,30
260318D111,AHI,18-Mar-2026,CDELC,BK8099LM,Medan,Sumatera Utara,Solar,4.41,Store,50,8.62,10,1,45000,326490,Sumatera,MEDAN,CDE,Internal,SumateraMEDANCDE,DALAM KOTA,,,,3,REGULAR,2:17:00,193440,88050,33
260318D112,AHI,18-Mar-2026,CDELC,BK8112LM,Medan,Sumatera Utara,Solar,5.15,Store,73,8.18,10,1,50000,222267,Sumatera,MEDAN,CDE,Internal,SumateraMEDANCDE,DALAM KOTA,,,,3,REGULAR,4:50:00,96720,75547,32
260318D113,HCI,18-Mar-2026,FUSO,BK8815MG,Medan,Sumatera Utara,Solar,11.76,Store,143,29.22,34,2,80000,168490,Sumatera,MEDAN,FUSO,Internal,SumateraMEDANFUSO,DALAM KOTA,,,,3,REGULAR,3:11:00,0,88490,46
260318D116,HCI,18-Mar-2026,CDELC,BK8073MQ,Medan,Sumatera Utara,Solar,4.41,Store,25,10.0,10,1,30000,329383,Sumatera,MEDAN,CDE,Internal,SumateraMEDANCDE,DALAM KOTA,,,,3,REGULAR,3:56:00,193440,105943,30
260318C283,HCI,18-Mar-2026,CDELC,BK8009MI,Medan,Sumatera Utara,Solar,5.15,Customer,2,4.63,10,2,35000,304189,Sumatera,MEDAN,CDE,Internal,SumateraMEDANCDE,DALAM KOTA,,,,3,REGULAR,3:58:00,193440,75749,35
260317D149,HCI,18-Mar-2026,CDELC,BK8031LM,Medan,Sumatera Utara,Solar,4.41,Store,128,8.6,10,2,45000,249507,Sumatera,MEDAN,CDE,Internal,SumateraMEDANCDE,DALAM KOTA,,,,3,REGULAR,2:20:00,128960,75547,31
260318C344,HCI,18-Mar-2026,CDELC,BK8074MQ,Medan,Sumatera Utara,Solar,18.38,Customer,3,6.19,10,3,151000,514863,Sumatera,MEDAN,CDE,Internal,SumateraMEDANCDE,DALAM KOTA,,,,3,REGULAR,2:57:00,257920,105943,150
260318C374,HCI,18-Mar-2026,PICKUP,BK8136LM,Binjai,Sumatera Utara,Pertalite,8.5,Customer,2,2.2,3,2,93000,362778,Sumatera,BINJAI,MINI VAN BOX,Internal,SumateraBINJAIMINI VAN BOX,DALAM KOTA,,,,3,NON REGULAR,4:58:00,225680,44098,86
260318C388,HCI,18-Mar-2026,PICKUP,A8330VX,Medan,Sumatera Utara,Pertalite,4.2,Customer,3,3.0,3,1,48000,283523,Sumatera,MEDAN,MINI VAN BOX,Internal,SumateraMEDANMINI VAN BOX,DALAM KOTA,,,,3,NON REGULAR,0:04:00,193440,42083,38
260319C157,HCI,19-Mar-2026,CDELC,BK8172LM,Medan,Sumatera Utara,Solar,7.21,Customer,8,7.04,10,5,53000,397937,Sumatera,MEDAN,CDE,Internal,SumateraMEDANCDE,DALAM KOTA,,,,3,REGULAR,6:11:00,193440,151497,50
260319C158,HCI,19-Mar-2026,CDELC,BK8803MH,Medan,Sumatera Utara,Solar,8.97,Customer,14,8.8,10,7,66000,354734,Sumatera,MEDAN,CDE,Internal,SumateraMEDANCDE,DALAM KOTA,,,,3,REGULAR,6:28:00,193440,95294,71
260319C159,HCI,19-Mar-2026,CDELC,BK8075MQ,Medan,Sumatera Utara,Solar,23.53,Customer,10,10.0,10,7,160000,556103,Sumatera,MEDAN,CDE,Internal,SumateraMEDANCDE,DALAM KOTA,,,,3,REGULAR,7:30:00,290160,105943,160
260319C161,HCI,19-Mar-2026,CDELC,BK8646MS,Medan,Sumatera Utara,Solar,11.76,Customer,12,10.0,10,9,80000,516343,Sumatera,MEDAN,CDE,Internal,SumateraMEDANCDE,DALAM KOTA,,,,3,REGULAR,6:57:00,290160,146183,79
260319C162,HCI,19-Mar-2026,CDELC,BK8871MS,Binjai,Sumatera Utara,Solar,21.62,Customer,9,7.6,10,7,200500,587380,Sumatera,BINJAI,CDE,Internal,SumateraBINJAICDE,DALAM KOTA,,,,3,REGULAR,8:18:00,386880,,156
260319C155,HCI,19-Mar-2026,CDELC,BK8135LM,Medan,Sumatera Utara,Solar,8.82,Customer,22,6.93,10,10,75000,613377,Sumatera,MEDAN,CDE,Internal,SumateraMEDANCDE,DALAM KOTA,,,,3,REGULAR,9:32:00,386880,151497,60
260319C154,HCI,19-Mar-2026,CDELC,BK8647MS,Medan,Sumatera Utara,Solar,8.09,Customer,14,7.62,10,5,55000,637527,Sumatera,MEDAN,CDE,Internal,SumateraMEDANCDE,DALAM KOTA,,,,3,REGULAR,2:51:00,290160,292367,53
260319C168,HCI,19-Mar-2026,CDELC,BK8804MH,Medan,Sumatera Utara,Solar,8.82,Customer,16,10.0,10,12,64500,513008,Sumatera,MEDAN,CDE,Internal,SumateraMEDANCDE,DALAM KOTA,,,,3,REGULAR,9:27:00,257920,190588,69
260319C169,HCI,19-Mar-2026,CDELC,BK8141LM,Medan,Sumatera Utara,Solar,15.44,Customer,11,9.33,10,9,114000,651974,Sumatera,MEDAN,CDE,Internal,SumateraMEDANCDE,DALAM KOTA,,,,3,REGULAR,8:19:00,386880,151094,111
260319C173,HCI,19-Mar-2026,CDELC,BK8073MQ,Medan,Sumatera Utara,Solar,9.56,Customer,7,6.02,10,4,71500,573545,Sumatera,MEDAN,CDE,Internal,SumateraMEDANCDE,DALAM KOTA,,,,3,REGULAR,4:19:00,290160,211885,71
260319C174,HCI,19-Mar-2026,CDELC,BK8807MH,Deli Serdang,Sumatera Utara,Solar,15.74,Customer,7,7.97,10,4,107000,395734,Sumatera,DELI SERDANG,CDE,Internal,SumateraDELI SERDANGCDE,DALAM KOTA,,,,3,REGULAR,6:20:00,193440,95294,117
260319C176,HCI,19-Mar-2026,CDELC,BK8299MH,Medan,Sumatera Utara,Solar,4.41,Customer,4,10.0,10,3,30000,299189,Sumatera,MEDAN,CDE,Internal,SumateraMEDANCDE,DALAM KOTA,,,,3,REGULAR,2:03:00,193440,75749,27
260319C181,HCI,19-Mar-2026,PICKUP,BK8696MS,Medan,Sumatera Utara,Pertalite,7.5,Customer,8,3.0,3,5,79500,323207,Sumatera,MEDAN,PICKUP,Internal,SumateraMEDANPICKUP,DALAM KOTA,,,,3,REGULAR,6:57:00,193440,50267,80
260319C164,HCI,19-Mar-2026,CDELC,BK8031LM,Medan,Sumatera Utara,Solar,14.71,Customer,14,4.68,10,8,146000,683974,Sumatera,MEDAN,CDE,Internal,SumateraMEDANCDE,DALAM KOTA,,,,3,REGULAR,7:51:00,386880,151094,116
260319C254,HCI,19-Mar-2026,PICKUP,BK8696MS,Medan,Sumatera Utara,Pertalite,7.7,Customer,5,3.0,3,5,81500,325207,Sumatera,MEDAN,PICKUP,Internal,SumateraMEDANPICKUP,DALAM KOTA,,,,3,REGULAR,4:17:00,193440,50267,85
260319C259,HCI,19-Mar-2026,PICKUP,BK8633MS,Medan,Sumatera Utara,Pertalite,4.1,Customer,2,3.0,3,1,41000,278221,Sumatera,MEDAN,PICKUP,Internal,SumateraMEDANPICKUP,DALAM KOTA,,,,3,REGULAR,4:41:00,193440,43781,40
260319C167,HCI,19-Mar-2026,CDELC,BK8146LM,Medan,Sumatera Utara,Solar,7.65,Customer,9,4.44,10,6,55000,464417,Sumatera,MEDAN,CDE,Internal,SumateraMEDANCDE,DALAM KOTA,,,,3,REGULAR,5:05:00,257920,151497,46
260319C319,HCI,19-Mar-2026,CDELC,BK8009MI,Medan,Sumatera Utara,Solar,17.79,Customer,9,6.97,10,9,150000,419189,Sumatera,MEDAN,CDE,Internal,SumateraMEDANCDE,DALAM KOTA,,,,3,REGULAR,6:10:00,193440,75749,117
260319C321,HCI,19-Mar-2026,CDELC,BK8803MH,Medan,Sumatera Utara,Solar,11.91,Customer,7,8.32,10,6,99500,388234,Sumatera,MEDAN,CDE,Internal,SumateraMEDANCDE,DALAM KOTA,,,,3,REGULAR,6:14:00,193440,95294,108
260319C331,HCI,19-Mar-2026,CDELC,BK8805MH,Medan,Sumatera Utara,Solar,5.88,Customer,2,3.43,10,1,53500,245514,Sumatera,MEDAN,CDE,Internal,SumateraMEDANCDE,DALAM KOTA,,,,3,REGULAR,0:03:00,96720,95294,43
260319D111,HCI,19-Mar-2026,CDELC,BK8099LM,Medan,Sumatera Utara,Solar,4.56,Store,35,8.54,10,1,40500,313320,Sumatera,MEDAN,CDE,Internal,SumateraMEDANCDE,DALAM KOTA,,,,3,REGULAR,5:39:00,96720,176100,48
260319D112,HCI,19-Mar-2026,CDELC,BK8075MQ,Medan,Sumatera Utara,Solar,4.41,Store,16,8.4,10,1,30000,200423,Sumatera,MEDAN,CDE,Internal,SumateraMEDANCDE,DALAM KOTA,,,,3,REGULAR,1:20:00,64480,105943,35
260319D113,HCI,19-Mar-2026,CDELC,BK8813MG,Medan,Sumatera Utara,Solar,2.65,Store,45,9.06,10,1,18000,262714,Sumatera,MEDAN,CDE,Internal,SumateraMEDANCDE,DALAM KOTA,,,,3,REGULAR,5:46:00,96720,147994,31
260319D114,HCI,19-Mar-2026,CDELC,BK8299MH,Medan,Sumatera Utara,Solar,4.41,Store,49,8.56,10,1,55000,227469,Sumatera,MEDAN,CDE,Internal,SumateraMEDANCDE,DALAM KOTA,,,,3,REGULAR,4:15:00,96720,75749,36
260319D120,HCI,19-Mar-2026,CDELC,BK8009MI,Medan,Sumatera Utara,Solar,4.71,Store,28,10.0,10,2,50000,319189,Sumatera,MEDAN,CDE,Internal,SumateraMEDANCDE,DALAM KOTA,,,,3,REGULAR,3:11:00,193440,75749,33
260319C153,HCI,19-Mar-2026,CDELC,BK8309MS,Medan,Sumatera Utara,Solar,9.56,Customer,17,10.0,10,8,115000,594073,Sumatera,MEDAN,CDE,Internal,SumateraMEDANCDE,DALAM KOTA,,,,3,REGULAR,7:59:00,193440,285633,64
260319C150,HCI,19-Mar-2026,CDELC,BK8806MH,Deli Serdang,Sumatera Utara,Solar,7.79,Customer,12,3.24,10,4,60000,540748,Sumatera,DELI SERDANG,CDE,Internal,SumateraDELI SERDANGCDE,DALAM KOTA,,,,3,REGULAR,3:41:00,290160,190588,53
260319D139,HCI,19-Mar-2026,CDELC,BK8191MQ,Medan,Sumatera Utara,Solar,6.62,Store,35,10.0,10,1,65000,491818,Sumatera,MEDAN,CDE,Internal,SumateraMEDANCDE,DALAM KOTA,,,,3,REGULAR,7:25:00,214933,211885,41
260319D143,HCI,19-Mar-2026,CDELC,BK8192MQ,Medan,Sumatera Utara,Solar,9.56,Store,48,8.39,10,1,65000,491818,Sumatera,MEDAN,CDE,Internal,SumateraMEDANCDE,DALAM KOTA,,,,3,REGULAR,9:08:00,214933,211885,58
260319D144,HCI,19-Mar-2026,CDELC,BK8807MH,Medan,Sumatera Utara,Solar,4.41,Store,34,9.51,10,1,30000,243507,Sumatera,MEDAN,CDE,Internal,SumateraMEDANCDE,DALAM KOTA,,,,3,REGULAR,2:53:00,118213,95294,30
260319C313,HCI,19-Mar-2026,PICKUP,A8330VX,Medan,Sumatera Utara,Pertalite,3.6,Customer,1,0.48,3,1,40500,179303,Sumatera,MEDAN,MINI VAN BOX,Internal,SumateraMEDANMINI VAN BOX,DALAM KOTA,,,,3,REGULAR,1:47:00,96720,42083,41
260319D147,HCI,19-Mar-2026,CDELC,BK8805MH,Medan,Sumatera Utara,Solar,7.35,Store,31,9.21,10,2,73500,383727,Sumatera,MEDAN,CDE,Internal,SumateraMEDANCDE,DALAM KOTA,,,,3,REGULAR,4:23:00,214933,95294,51
260319D148,HCI,19-Mar-2026,CDELC,BK8074MQ,Medan,Sumatera Utara,Solar,3.68,Store,32,8.67,10,2,40000,370098,Sumatera,MEDAN,CDE,Internal,SumateraMEDANCDE,DALAM KOTA,,,,3,REGULAR,5:13:00,118213,211885,31
260319D134,FBI,19-Mar-2026,PICKUP,A8330VX,Medan,Sumatera Utara,Pertalite,4.2,Store,11,1.74,3,4,51000,308017,Sumatera,MEDAN,MINI VAN BOX,Internal,SumateraMEDANMINI VAN BOX,DALAM KOTA,,,,3,REGULAR,4:32:00,214933,42083,34
260319H039,HCI,19-Mar-2026,CDELC,BK8047MQ,Pematangsiantar,Sumatera Utara,Solar,35.29,HUB,32,10.0,10,2,456000,755383,Sumatera,PEMATANGSIANTAR,CDE,Internal,SumateraPEMATANGSIANTARCDE,LUAR KOTA,1300000,-544618,-41.89%,3,REGULAR,5:12:00,193440,105943,250
260319H040,HCI,19-Mar-2026,FUSO,BK8815MG,Pematangsiantar,Sumatera Utara,Solar,45.59,HUB,32,24.37,34,2,635500,1182898,Sumatera,PEMATANGSIANTAR,FUSO,Internal,SumateraPEMATANGSIANTARFUSO,LUAR KOTA,,,,3,REGULAR,-2:13:00,193440,353958,230
260319C211,HCI,19-Mar-2026,PICKUP,BK8633MS,Medan,Sumatera Utara,Pertalite,11,Customer,5,3.0,3,4,136000,373221,Sumatera,MEDAN,PICKUP,Internal,SumateraMEDANPICKUP,DALAM KOTA,,,,3,REGULAR,7:01:00,193440,43781,111
260319D136,FBI,19-Mar-2026,PICKUP,BK8136LM,Medan,Sumatera Utara,Pertalite,7.9,Store,9,2.05,3,4,97500,400628,Sumatera,MEDAN,MINI VAN BOX,Internal,SumateraMEDANMINI VAN BOX,DALAM KOTA,,,,3,REGULAR,4:59:00,214933,88195,73
260319D145,HCI,19-Mar-2026,CDELC,BK8646MS,Medan,Sumatera Utara,Solar,4.41,Store,14,9.75,11,1,30000,294397,Sumatera,MEDAN,CDE LONG CHASSIS,Internal,SumateraMEDANCDE LONG CHASSIS,DALAM KOTA,,,,3,REGULAR,0:49:00,118213,146183,29
260319D153,AHI,19-Mar-2026,CDELC,BK8047MQ,Medan,Sumatera Utara,Solar,5.15,Store,2,9.1,10,2,35000,259156,Sumatera,MEDAN,CDE,Internal,SumateraMEDANCDE,DALAM KOTA,,,,3,NON REGULAR,2:48:00,118213,105943,34
260320C062,HCI,20-Mar-2026,CDELC,BK8646MS,Medan,Sumatera Utara,Solar,11.76,Customer,17,7.09,10,8,95000,774247,Sumatera,MEDAN,CDE,Internal,SumateraMEDANCDE,DALAM KOTA,,,,3,REGULAR,7:26:00,386880,292367,74
260320C066,HCI,20-Mar-2026,CDELC,BK8172LM,Medan,Sumatera Utara,Solar,23.53,Customer,18,8.29,10,11,195000,539937,Sumatera,MEDAN,CDE,Internal,SumateraMEDANCDE,DALAM KOTA,,,,3,REGULAR,8:33:00,193440,151497,170
260320C067,HCI,20-Mar-2026,CDELC,BK8871MS,Medan,Sumatera Utara,Solar,12.06,Customer,10,10.0,10,5,91000,381160,Sumatera,MEDAN,CDE,Internal,SumateraMEDANCDE,DALAM KOTA,,,,3,REGULAR,6:23:00,290160,,96
260320C070,HCI,20-Mar-2026,CDELC,BK8135LM,Medan,Sumatera Utara,Solar,11.76,Customer,24,10.0,10,13,83000,621377,Sumatera,MEDAN,CDE,Internal,SumateraMEDANCDE,DALAM KOTA,,,,3,REGULAR,8:09:00,386880,151497,96
260320C073,HCI,20-Mar-2026,PICKUP,BK8633MS,Medan,Sumatera Utara,Pertalite,5,Customer,4,3.0,3,4,63000,440721,Sumatera,MEDAN,PICKUP,Internal,SumateraMEDANPICKUP,DALAM KOTA,,,,3,REGULAR,5:44:00,290160,87561,46
260320C054,HCI,20-Mar-2026,CDELC,BK8099LM,Medan,Sumatera Utara,Solar,9.56,Customer,22,5.55,10,6,65000,434540,Sumatera,MEDAN,CDE,Internal,SumateraMEDANCDE,DALAM KOTA,,,,3,REGULAR,7:10:00,193440,176100,63
260320C234,HCI,20-Mar-2026,CDELC,BK8804MH,Medan,Sumatera Utara,Solar,2.94,Customer,2,7.97,10,1,20000,404028,Sumatera,MEDAN,CDE,Internal,SumateraMEDANCDE,DALAM KOTA,,,,3,REGULAR,1:59:00,193440,190588,34
260320C241,HCI,20-Mar-2026,CDELC,BK8871MS,Medan,Sumatera Utara,Solar,4.41,Customer,1,8.0,11,1,30000,262128,Sumatera,MEDAN,CDE LONG CHASSIS,Internal,SumateraMEDANCDE LONG CHASSIS,DALAM KOTA,,,,3,REGULAR,1:29:00,232128,,33
260320C052,HCI,20-Mar-2026,CDELC,BK8806MH,Medan,Sumatera Utara,Solar,12.5,Customer,21,7.94,10,8,94000,478028,Sumatera,MEDAN,CDE,Internal,SumateraMEDANCDE,DALAM KOTA,,,,3,REGULAR,7:55:00,193440,190588,85
260320D102,AHI,20-Mar-2026,CDELC,BK8192MQ,Medan,Sumatera Utara,Solar,5.59,Store,31,8.63,10,1,38000,443325,Sumatera,MEDAN,CDE,Internal,SumateraMEDANCDE,DALAM KOTA,,,,3,REGULAR,8:58:00,193440,211885,35
260320D103,AHI,20-Mar-2026,CDELC,BK8031LM,Medan,Sumatera Utara,Solar,5.88,Store,28,8.56,10,2,65000,409534,Sumatera,MEDAN,CDE,Internal,SumateraMEDANCDE,DALAM KOTA,,,,3,REGULAR,7:23:00,193440,151094,42
260320D111,HCI,20-Mar-2026,CDELC,BK8141LM,Medan,Sumatera Utara,Solar,5.88,Store,54,8.68,10,2,49500,394034,Sumatera,MEDAN,CDE,Internal,SumateraMEDANCDE,DALAM KOTA,,,,3,REGULAR,8:47:00,193440,151094,43
260320D112,HCI,20-Mar-2026,CDELC,BK8074MQ,Medan,Sumatera Utara,Solar,3.97,Store,25,8.63,10,1,27000,432325,Sumatera,MEDAN,CDE,Internal,SumateraMEDANCDE,DALAM KOTA,,,,3,REGULAR,7:38:00,193440,211885,24
260320D113,HCI,20-Mar-2026,CDELC,BK8299MH,Medan,Sumatera Utara,Solar,4.41,Store,27,8.74,10,1,30000,278217,Sumatera,MEDAN,CDE,Internal,SumateraMEDANCDE,DALAM KOTA,,,,3,REGULAR,-5:09:00,96720,151497,30
260320D114,HCI,20-Mar-2026,CDELC,BK8805MH,Medan,Sumatera Utara,Solar,5.15,Store,25,8.56,10,1,50000,434028,Sumatera,MEDAN,CDE,Internal,SumateraMEDANCDE,DALAM KOTA,,,,3,REGULAR,6:18:00,193440,190588,32
260320D115,HCI,20-Mar-2026,CDELC,BK8813MG,Medan,Sumatera Utara,Solar,4.41,Store,25,10.0,10,1,45000,386434,Sumatera,MEDAN,CDE,Internal,SumateraMEDANCDE,DALAM KOTA,,,,3,REGULAR,-5:55:00,193440,147994,31
260320D117,HCI,20-Mar-2026,CDELC,BK8146LM,Medan,Sumatera Utara,Solar,4.71,Store,39,10.0,10,1,32000,415625,Sumatera,MEDAN,CDE,Internal,SumateraMEDANCDE,DALAM KOTA,,,,3,REGULAR,7:04:00,232128,151497,31
260320D135,HCI,20-Mar-2026,CDELC,BK8073MQ,Medan,Sumatera Utara,Solar,5.88,Store,23,8.53,10,2,60000,504013,Sumatera,MEDAN,CDE,Internal,SumateraMEDANCDE,DALAM KOTA,,,,3,REGULAR,4:57:00,232128,211885,39
260320D137,HCI,20-Mar-2026,CDELC,BK8191MQ,Medan,Sumatera Utara,Solar,3.68,Store,7,8.58,10,1,25000,372293,Sumatera,MEDAN,CDE,Internal,SumateraMEDANCDE,DALAM KOTA,,,,3,REGULAR,0:46:00,135408,211885,27
260320H015,HCI,20-Mar-2026,CDELC,BK8047MQ,Pematangsiantar,Sumatera Utara,Solar,31.47,HUB,3,10.0,10,2,430000,738605,Sumatera,PEMATANGSIANTAR,CDE,Internal,SumateraPEMATANGSIANTARCDE,LUAR KOTA,1300000,-561395,-43.18%,3,REGULAR,4:42:00,96720,211885,231
260320X027,HCI,20-Mar-2026,PICKUP,BK8696MS,Medan,Sumatera Utara,Pertalite,2.6,Other Delivery,1,0.28,3,1,36000,368661,Sumatera,MEDAN,PICKUP,Internal,SumateraMEDANPICKUP,DALAM KOTA,,,,3,REGULAR,0:21:00,232128,100533,31
260320C051,HCI,20-Mar-2026,CDELC,BK8075MQ,Medan,Sumatera Utara,Solar,8.09,Customer,13,8.13,10,7,65000,373605,Sumatera,MEDAN,CDE,Internal,SumateraMEDANCDE,DALAM KOTA,,,,3,REGULAR,6:17:00,96720,211885,59
260320C220,HCI,20-Mar-2026,#N/A,A8330VX,Medan,Sumatera Utara,#N/A,5.2,Customer,2,0.39,,2,61500,435827,Sumatera,MEDAN,VAN BOX,Internal,SumateraMEDANVAN BOX,DALAM KOTA,,,,3,NON REGULAR,1106438:54:00,290160,84167,50
260320D032,HCI,20-Mar-2026,FUSO,BK8815MG,Medan,Sumatera Utara,Solar,6.62,Store,28,30.81,34,1,45000,495678,Sumatera,MEDAN,FUSO,Internal,SumateraMEDANFUSO,DALAM KOTA,,,,3,REGULAR,1106433:59:00,96720,353958,25
260320C047,HCI,20-Mar-2026,CDELC,BK8309MS,Deli Serdang,Sumatera Utara,Solar,14.71,Customer,15,9.48,10,8,122500,601573,Sumatera,DELI SERDANG,CDE,Internal,SumateraDELI SERDANGCDE,DALAM KOTA,,,,3,REGULAR,8:52:00,193440,285633,147
260323C084,HCI,23-Mar-2026,CDELC,BK8146LM,Medan,Sumatera Utara,Solar,8.82,Customer,12,8.21,10,4,60000,598377,Sumatera,MEDAN,CDE,Internal,SumateraMEDANCDE,DALAM KOTA,,,,3,REGULAR,5:30:00,386880,151497,56
260323C085,HCI,23-Mar-2026,CDELC,BK8805MH,Medan,Sumatera Utara,Solar,6.62,Customer,5,7.18,10,2,45000,429028,Sumatera,MEDAN,CDE,Internal,SumateraMEDANCDE,DALAM KOTA,,,,3,REGULAR,1:52:00,193440,190588,44
260323C086,HCI,23-Mar-2026,CDELC,BK8813MG,Medan,Sumatera Utara,Solar,8.09,Customer,8,2.54,10,4,55000,589874,Sumatera,MEDAN,CDE,Internal,SumateraMEDANCDE,DALAM KOTA,,,,3,REGULAR,7:35:00,386880,147994,70
260323C087,HCI,23-Mar-2026,CDELC,BK8075MQ,Medan,Sumatera Utara,Solar,9.56,Customer,6,5.32,10,5,80000,678765,Sumatera,MEDAN,CDE,Internal,SumateraMEDANCDE,DALAM KOTA,,,,3,REGULAR,7:55:00,386880,211885,62
260323C089,HCI,23-Mar-2026,CDELC,BK8031LM,Medan,Sumatera Utara,Solar,8.82,Customer,4,5.79,10,3,68000,605974,Sumatera,MEDAN,CDE,Internal,SumateraMEDANCDE,DALAM KOTA,,,,3,REGULAR,-5:16:00,386880,151094,81
260323C090,HCI,23-Mar-2026,CDELC,BK8073MQ,Medan,Sumatera Utara,Solar,10.29,Customer,10,9.22,10,9,70000,668765,Sumatera,MEDAN,CDE,Internal,SumateraMEDANCDE,DALAM KOTA,,,,3,REGULAR,8:18:00,386880,211885,81
260323C095,HCI,23-Mar-2026,PICKUP,BK8633MS,Medan,Sumatera Utara,Pertalite,8.68,Customer,3,3.0,3,2,73500,547941,Sumatera,MEDAN,PICKUP,Internal,SumateraMEDANPICKUP,DALAM KOTA,,,,3,REGULAR,-1:30:00,386880,87561,61
260323C083,HCI,23-Mar-2026,CDELC,BK8299MH,Medan,Sumatera Utara,Solar,8.53,Customer,23,6.08,10,6,58000,596377,Sumatera,MEDAN,CDE,Internal,SumateraMEDANCDE,DALAM KOTA,,,,3,REGULAR,6:35:00,386880,151497,54
260323C082,HCI,23-Mar-2026,CDELC,BK8191MQ,Medan,Sumatera Utara,Solar,7.35,Customer,11,7.76,10,6,50000,648765,Sumatera,MEDAN,CDE,Internal,SumateraMEDANCDE,DALAM KOTA,,,,3,REGULAR,-2:05:00,386880,211885,62
260323D027,AHI,23-Mar-2026,CDELC,BK8807MH,Medan,Sumatera Utara,Solar,5.15,Store,39,6.46,10,2,70000,454028,Sumatera,MEDAN,CDE,Internal,SumateraMEDANCDE,DALAM KOTA,,,,3,REGULAR,7:51:00,193440,190588,37
260323C081,HCI,23-Mar-2026,CDELC,BK8047MQ,Medan,Sumatera Utara,Solar,7.35,Customer,28,4.22,10,5,75000,480325,Sumatera,MEDAN,CDE,Internal,SumateraMEDANCDE,DALAM KOTA,,,,3,REGULAR,7:21:00,193440,211885,50
260323C080,HCI,23-Mar-2026,CDELC,BK8646MS,Deli Serdang,Sumatera Utara,Solar,9.56,Customer,8,3.92,10,5,68000,553807,Sumatera,DELI SERDANG,CDE,Internal,SumateraDELI SERDANGCDE,DALAM KOTA,,,,3,REGULAR,5:25:00,193440,292367,59
260323H047,HCI,23-Mar-2026,CDELC,BK8647MS,Pematangsiantar,Sumatera Utara,Solar,36.76,HUB,15,10.0,10,2,472500,958307,Sumatera,PEMATANGSIANTAR,CDE,Internal,SumateraPEMATANGSIANTARCDE,LUAR KOTA,1300000,-341693,-26.28%,3,REGULAR,6:53:00,193440,292367,249
260323D021,AHI,23-Mar-2026,CDELC,BK8803MH,Medan,Sumatera Utara,Solar,7.21,Store,29,9.81,10,1,54000,438028,Sumatera,MEDAN,CDE,Internal,SumateraMEDANCDE,DALAM KOTA,,,,3,REGULAR,6:19:00,193440,190588,44
260323D025,AHI,23-Mar-2026,CDELC,BK8009MI,Medan,Sumatera Utara,Solar,5.15,Store,24,9.59,10,1,35000,379937,Sumatera,MEDAN,CDE,Internal,SumateraMEDANCDE,DALAM KOTA,,,,3,REGULAR,2:33:00,193440,151497,32
260323D089,FBI,23-Mar-2026,CDELC,BK8099LM,Medan,Sumatera Utara,Solar,7.65,Store,7,8.3,10,5,72000,538260,Sumatera,MEDAN,CDE,Internal,SumateraMEDANCDE,DALAM KOTA,,,,3,REGULAR,9:49:00,290160,176100,55
260323D090,FBI,23-Mar-2026,CDELC,BK8806MH,Binjai,Sumatera Utara,Solar,9.56,Store,6,8.84,10,4,73000,553748,Sumatera,BINJAI,CDE,Internal,SumateraBINJAICDE,DALAM KOTA,,,,3,REGULAR,6:05:00,290160,190588,78
260324C102,HCI,24-Mar-2026,CDELC,BK8299MH,Binjai,Sumatera Utara,Solar,20.59,Customer,13,6.36,10,10,185000,723377,Sumatera,BINJAI,CDE,Internal,SumateraBINJAICDE,DALAM KOTA,,,,3,REGULAR,9:07:00,386880,151497,131
260324C104,HCI,24-Mar-2026,CDELC,BK8075MQ,Medan,Sumatera Utara,Solar,13.97,Customer,16,8.12,10,11,115000,713765,Sumatera,MEDAN,CDE,Internal,SumateraMEDANCDE,DALAM KOTA,,,,3,REGULAR,11:15:00,386880,211885,87
260324C106,HCI,24-Mar-2026,CDELC,BK8646MS,Karo,Sumatera Utara,Solar,12.21,Customer,6,2.37,10,5,98000,777247,Sumatera,KARO,CDE,Internal,SumateraKAROCDE,DALAM KOTA,,,,3,REGULAR,8:01:00,386880,292367,75
260324C108,HCI,24-Mar-2026,CDELC,BK8807MH,Medan,Sumatera Utara,Solar,12.5,Customer,17,8.2,10,13,85000,469028,Sumatera,MEDAN,CDE,Internal,SumateraMEDANCDE,DALAM KOTA,,,,3,REGULAR,7:50:00,193440,190588,85
260324C109,HCI,24-Mar-2026,CDELC,BK8099LM,Medan,Sumatera Utara,Solar,6.91,Customer,15,6.77,10,10,68500,534760,Sumatera,MEDAN,CDE,Internal,SumateraMEDANCDE,DALAM KOTA,,,,3,REGULAR,5:20:00,290160,176100,56
260324C110,HCI,24-Mar-2026,CDELC,BK8141LM,Medan,Sumatera Utara,Solar,6.62,Customer,12,6.46,10,6,45000,582974,Sumatera,MEDAN,CDE,Internal,SumateraMEDANCDE,DALAM KOTA,,,,3,REGULAR,7:40:00,386880,151094,44
260324C111,HCI,24-Mar-2026,CDELC,BK8135LM,Tebing Tinggi,Sumatera Utara,Solar,11.03,Customer,9,5.91,10,7,75000,323217,Sumatera,TEBING TINGGI,CDE,Internal,SumateraTEBING TINGGICDE,DALAM KOTA,,,,3,REGULAR,5:13:00,96720,151497,89
260324C150,HCI,24-Mar-2026,PICKUP,BK8696MS,Medan,Sumatera Utara,Pertalite,8,Customer,6,2.97,3,6,100000,587413,Sumatera,MEDAN,PICKUP,Internal,SumateraMEDANPICKUP,DALAM KOTA,,,,3,REGULAR,8:10:00,386880,100533,72
260324C097,HCI,24-Mar-2026,CDELC,BK8047MQ,Medan,Sumatera Utara,Solar,11.03,Customer,7,6.26,10,6,90500,689265,Sumatera,MEDAN,CDE,Internal,SumateraMEDANCDE,DALAM KOTA,,,,3,REGULAR,8:29:00,386880,211885,98
260324D083,AHI,24-Mar-2026,CDELC,BK8806MH,Medan,Sumatera Utara,Solar,6.62,Store,33,10.0,10,2,48500,432528,Sumatera,MEDAN,CDE,Internal,SumateraMEDANCDE,DALAM KOTA,,,,3,REGULAR,7:59:00,193440,190588,43
260324D084,HCI,24-Mar-2026,CDELC,BK8031LM,Medan,Sumatera Utara,Solar,3.68,Store,32,10.0,10,1,25000,369534,Sumatera,MEDAN,CDE,Internal,SumateraMEDANCDE,DALAM KOTA,,,,3,REGULAR,3:43:00,193440,151094,23
260324D085,HCI,24-Mar-2026,CDELC,BK8192MQ,Medan,Sumatera Utara,Solar,7.5,Store,53,9.63,10,3,76000,481325,Sumatera,MEDAN,CDE,Internal,SumateraMEDANCDE,DALAM KOTA,,,,3,REGULAR,8:06:00,193440,211885,45
260324D087,AHI,24-Mar-2026,CDELC,BK8073MQ,Medan,Sumatera Utara,Solar,5.15,Store,40,9.61,10,2,60000,465325,Sumatera,MEDAN,CDE,Internal,SumateraMEDANCDE,DALAM KOTA,,,,3,REGULAR,8:38:00,193440,211885,32
260324D088,AHI,24-Mar-2026,CDELC,BK8309MS,Medan,Sumatera Utara,Solar,3.68,Store,46,10.0,10,1,25000,504073,Sumatera,MEDAN,CDE,Internal,SumateraMEDANCDE,DALAM KOTA,,,,3,REGULAR,2:55:00,193440,285633,25
260324D092,AHI,24-Mar-2026,CDELC,BK8871MS,Medan,Sumatera Utara,Solar,3.68,Store,45,8.42,10,1,25000,121720,Sumatera,MEDAN,CDE,Internal,SumateraMEDANCDE,DALAM KOTA,,,,3,REGULAR,1:53:00,96720,,23
260324C094,HCI,24-Mar-2026,CDELC,BK8804MH,Medan,Sumatera Utara,Solar,11.76,Customer,24,6.6,10,12,100500,677968,Sumatera,MEDAN,CDE,Internal,SumateraMEDANCDE,DALAM KOTA,,,,3,REGULAR,8:41:00,386880,190588,82
260324C093,HCI,24-Mar-2026,CDELC,BK8009MI,Medan,Sumatera Utara,Solar,8.82,Customer,34,5.94,10,13,95000,439937,Sumatera,MEDAN,CDE,Internal,SumateraMEDANCDE,DALAM KOTA,,,,3,REGULAR,8:39:00,193440,151497,59
260324C092,HCI,24-Mar-2026,CDELC,BK8803MH,Medan,Sumatera Utara,Solar,15.44,Customer,21,6.34,10,15,114500,498528,Sumatera,MEDAN,CDE,Internal,SumateraMEDANCDE,DALAM KOTA,,,,3,REGULAR,7:20:00,193440,190588,95
260324D101,HCI,24-Mar-2026,PICKUP,BK8633MS,Medan,Sumatera Utara,Pertalite,3,Store,5,2.75,3,3,40000,180501,Sumatera,MEDAN,PICKUP,Internal,SumateraMEDANPICKUP,DALAM KOTA,,,,3,REGULAR,3:26:00,96720,43781,31
260324H108,HCI,24-Mar-2026,CDELC,BK8647MS,Pematangsiantar,Sumatera Utara,Solar,28.68,HUB,16,9.66,10,2,411000,896807,Sumatera,PEMATANGSIANTAR,CDE,Internal,SumateraPEMATANGSIANTARCDE,LUAR KOTA,1300000,-403193,-31.01%,3,REGULAR,7:22:00,193440,292367,220
260324H118,HCI,24-Mar-2026,CDELC,BK8805MH,Pematangsiantar,Sumatera Utara,Solar,29.41,HUB,12,7.74,10,2,416000,800028,Sumatera,PEMATANGSIANTAR,CDE,Internal,SumateraPEMATANGSIANTARCDE,LUAR KOTA,1300000,-499972,-38.46%,3,REGULAR,5:55:00,193440,190588,231
260324X038,HCI,24-Mar-2026,CDELC,BK8871MS,Medan,Sumatera Utara,Solar,3.24,Other Delivery,2,6.0,11,2,22000,167080,Sumatera,MEDAN,CDE LONG CHASSIS,Internal,SumateraMEDANCDE LONG CHASSIS,DALAM KOTA,,,,3,REGULAR,2:04:00,145080,,31
260324D094,FBI,24-Mar-2026,PICKUP,BK8136LM,Deli Serdang,Sumatera Utara,Pertalite,8.5,Store,13,2.95,3,7,102500,432495,Sumatera,DELI SERDANG,MINI VAN BOX,Internal,SumateraDELI SERDANGMINI VAN BOX,DALAM KOTA,,,,3,REGULAR,7:34:00,241800,88195,97
260324D095,FBI,24-Mar-2026,PICKUP,A8330VX,Medan,Sumatera Utara,Pertalite,4,Store,7,2.73,3,4,45000,274247,Sumatera,MEDAN,MINI VAN BOX,Internal,SumateraMEDANMINI VAN BOX,DALAM KOTA,,,,3,REGULAR,6:49:00,145080,84167,32
260324D097,AHI,24-Mar-2026,PICKUP,BK8633MS,Medan,Sumatera Utara,Pertalite,3.4,Store,1,3.0,3,1,44000,232861,Sumatera,MEDAN,PICKUP,Internal,SumateraMEDANPICKUP,DALAM KOTA,,,,3,REGULAR,12:34:00,145080,43781,33
260324L026,AHI,24-Mar-2026,CDELC,BK8074MQ,Pematangsiantar,Sumatera Utara,Solar,33.82,Store,39,7.17,10,1,446000,754605,Sumatera,PEMATANGSIANTAR,CDE,Internal,SumateraPEMATANGSIANTARCDE,LUAR KOTA,1300000,-545395,-41.95%,3,REGULAR,5:07:00,96720,211885,234
260325D066,AHI,25-Mar-2026,CDELC,BK8022LM,Medan,Sumatera Utara,Solar,4.85,Store,52,9.38,10,1,40000,287814,Sumatera,MEDAN,CDE,Internal,SumateraMEDANCDE,DALAM KOTA,,,,3,REGULAR,3:23:00,96720,151094,40
260325C165,HCI,25-Mar-2026,CDELC,BK8805MH,Medan,Sumatera Utara,Solar,11.03,Customer,10,9.58,10,9,88500,665968,Sumatera,MEDAN,CDE,Internal,SumateraMEDANCDE,DALAM KOTA,,,,3,REGULAR,8:28:00,386880,190588,72
260325C203,HCI,25-Mar-2026,CDELC,BK8871MS,Medan,Sumatera Utara,Solar,7.35,Customer,7,4.03,10,5,57000,347160,Sumatera,MEDAN,CDE,Internal,SumateraMEDANCDE,DALAM KOTA,,,,3,REGULAR,5:43:00,290160,,51
260325C171,HCI,25-Mar-2026,CDELC,BK8807MH,Medan,Sumatera Utara,Solar,11.76,Customer,14,8.7,10,10,80000,657468,Sumatera,MEDAN,CDE,Internal,SumateraMEDANCDE,DALAM KOTA,,,,3,REGULAR,6:51:00,386880,190588,78
260325C170,HCI,25-Mar-2026,CDELC,BK8099LM,Medan,Sumatera Utara,Solar,13.24,Customer,13,8.43,10,8,99000,661980,Sumatera,MEDAN,CDE,Internal,SumateraMEDANCDE,DALAM KOTA,,,,3,REGULAR,8:43:00,386880,176100,89
260325C267,HCI,25-Mar-2026,PICKUP,BK8633MS,Medan,Sumatera Utara,Pertalite,3.5,Customer,3,3.0,3,3,45000,224189,Sumatera,MEDAN,PICKUP,Internal,SumateraMEDANPICKUP,DALAM KOTA,,,,3,REGULAR,3:37:00,135408,43781,37
260325C159,HCI,25-Mar-2026,CDELC,BK8646MS,Medan,Sumatera Utara,Solar,11.03,Customer,18,10.0,10,11,104000,783247,Sumatera,MEDAN,CDE,Internal,SumateraMEDANCDE,DALAM KOTA,,,,3,REGULAR,9:39:00,386880,292367,55
260325D064,AHI,25-Mar-2026,PICKUP,BK8633MS,Medan,Sumatera Utara,Pertalite,3.5,Store,25,2.55,3,1,45000,282221,Sumatera,MEDAN,PICKUP,Internal,SumateraMEDANPICKUP,DALAM KOTA,,,,3,REGULAR,1:20:00,193440,43781,33
260325C174,HCI,25-Mar-2026,CDELC,BK8075MQ,Medan,Sumatera Utara,Solar,11.03,Customer,13,6.81,10,8,83000,681765,Sumatera,MEDAN,CDE,Internal,SumateraMEDANCDE,DALAM KOTA,,,,3,REGULAR,7:36:00,386880,211885,76
260325C158,HCI,25-Mar-2026,CDELC,BK8647MS,Medan,Sumatera Utara,Solar,10.29,Customer,28,7.11,10,13,75000,754247,Sumatera,MEDAN,CDE,Internal,SumateraMEDANCDE,DALAM KOTA,,,,3,REGULAR,8:15:00,386880,292367,67
260325H064,HCI,25-Mar-2026,CDELC,BK8074MQ,Pematangsiantar,Sumatera Utara,Solar,36.03,HUB,37,10.0,10,2,464000,869325,Sumatera,PEMATANGSIANTAR,CDE,Internal,SumateraPEMATANGSIANTARCDE,LUAR KOTA,1300000,-430675,-33.13%,3,REGULAR,8:03:00,193440,211885,245
260325D095,FBI,25-Mar-2026,PICKUP,A8330VX,Medan,Sumatera Utara,Pertalite,4,Store,11,2.5,3,6,49000,268575,Sumatera,MEDAN,MINI VAN BOX,Internal,SumateraMEDANMINI VAN BOX,DALAM KOTA,,,,3,REGULAR,6:19:00,135408,84167,51
260325C182,HCI,25-Mar-2026,PICKUP,BK8696MS,Medan,Sumatera Utara,Pertalite,6,Customer,3,2.76,3,3,69000,362973,Sumatera,MEDAN,PICKUP,Internal,SumateraMEDANPICKUP,DALAM KOTA,,,,3,REGULAR,4:30:00,193440,100533,60
260325C161,HCI,25-Mar-2026,CDELC,BK8804MH,Medan,Sumatera Utara,Solar,8.24,Customer,21,6.86,10,9,56000,633468,Sumatera,MEDAN,CDE,Internal,SumateraMEDANCDE,DALAM KOTA,,,,3,REGULAR,8:13:00,386880,190588,53
260325C176,HCI,25-Mar-2026,CDELC,BK8047MQ,Deli Serdang,Sumatera Utara,Solar,22.06,Customer,10,7.76,10,10,267000,865765,Sumatera,DELI SERDANG,CDE,Internal,SumateraDELI SERDANGCDE,DALAM KOTA,,,,3,REGULAR,7:14:00,386880,211885,185
260325C167,HCI,25-Mar-2026,CDELC,BK8299MH,Binjai,Sumatera Utara,Solar,16.91,Customer,11,9.51,10,9,162000,700377,Sumatera,BINJAI,CDE,Internal,SumateraBINJAICDE,DALAM KOTA,,,,3,REGULAR,8:10:00,386880,151497,126
260325D068,HCI,25-Mar-2026,CDELC,BK8192MQ,Medan,Sumatera Utara,Solar,7.35,Store,81,9.69,10,4,75000,480325,Sumatera,MEDAN,CDE,Internal,SumateraMEDANCDE,DALAM KOTA,,,,3,REGULAR,9:19:00,193440,211885,44
260325C184,HCI,25-Mar-2026,CDELC,BK8309MS,Medan,Sumatera Utara,Solar,5.88,Customer,4,8.2,10,2,48000,384257,Sumatera,MEDAN,CDE,Internal,SumateraMEDANCDE,DALAM KOTA,,,,3,REGULAR,2:20:00,193440,142817,35
260325C166,HCI,25-Mar-2026,CDELC,BK8813MG,Medan,Sumatera Utara,Solar,10.74,Customer,4,4.39,10,4,93000,360437,Sumatera,MEDAN,CDE,Internal,SumateraMEDANCDE,DALAM KOTA,,,,3,REGULAR,4:49:00,193440,73997,84
260325C160,HCI,25-Mar-2026,CDELC,BK8803MH,Medan,Sumatera Utara,Solar,7.35,Customer,17,9.38,10,9,73000,457028,Sumatera,MEDAN,CDE,Internal,SumateraMEDANCDE,DALAM KOTA,,,,3,REGULAR,7:18:00,193440,190588,52
260325C269,HCI,25-Mar-2026,#N/A,BK8136LM,Medan,Sumatera Utara,#N/A,5.3,Customer,1,0.83,,1,53000,290538,Sumatera,MEDAN,VAN BOX,Internal,SumateraMEDANVAN BOX,DALAM KOTA,,,,3,NON REGULAR,3:41:00,193440,44098,49
260325C233,KLS,25-Mar-2026,CDELC,BK8141LM,Medan,Sumatera Utara,Solar,8.24,Customer,3,9.0,10,3,70000,607974,Sumatera,MEDAN,CDE,Internal,SumateraMEDANCDE,DALAM KOTA,,,,3,REGULAR,6:50:00,386880,151094,68
260325C175,HCI,25-Mar-2026,CDELC,BK8309MS,Medan,Sumatera Utara,Solar,7.35,Customer,12,7.67,10,10,50000,386257,Sumatera,MEDAN,CDE,Internal,SumateraMEDANCDE,DALAM KOTA,,,,3,REGULAR,5:08:00,193440,142817,45
260325D067,HCI,25-Mar-2026,CDELC,BK8172LM,Medan,Sumatera Utara,Solar,4.41,Store,72,7.98,10,2,51500,299717,Sumatera,MEDAN,CDE,Internal,SumateraMEDANCDE,DALAM KOTA,,,,3,REGULAR,5:19:00,96720,151497,46
260325C164,HCI,25-Mar-2026,CDELC,BK8146LM,Medan,Sumatera Utara,Solar,11.76,Customer,12,5.48,10,10,93500,631877,Sumatera,MEDAN,CDE,Internal,SumateraMEDANCDE,DALAM KOTA,,,,3,REGULAR,8:43:00,386880,151497,80
260325C172,HCI,25-Mar-2026,CDELC,BK8135LM,Medan,Sumatera Utara,Solar,9.56,Customer,8,8.77,10,6,65000,313217,Sumatera,MEDAN,CDE,Internal,SumateraMEDANCDE,DALAM KOTA,,,,3,REGULAR,6:05:00,96720,151497,84
260325C162,HCI,25-Mar-2026,CDELC,BK8806MH,Medan,Sumatera Utara,Solar,9.56,Customer,30,9.62,10,14,75000,652468,Sumatera,MEDAN,CDE,Internal,SumateraMEDANCDE,DALAM KOTA,,,,3,REGULAR,10:40:00,386880,190588,64
260325D070,HCI,25-Mar-2026,CDELC,BK8813MG,Medan,Sumatera Utara,Solar,4.41,Store,62,10.0,10,2,34000,204717,Sumatera,MEDAN,CDE,Internal,SumateraMEDANCDE,DALAM KOTA,,,,3,REGULAR,3:12:00,96720,73997,31
260325C173,HCI,25-Mar-2026,CDELC,BK8009MI,Medan,Sumatera Utara,Solar,8.09,Customer,9,10.0,10,8,60000,501657,Sumatera,MEDAN,CDE,Internal,SumateraMEDANCDE,DALAM KOTA,,,,3,REGULAR,4:57:00,290160,151497,55
260325D060,AHI,25-Mar-2026,CDELC,BK8031LM,Medan,Sumatera Utara,Solar,5.15,Store,66,10.0,10,2,35000,379534,Sumatera,MEDAN,CDE,Internal,SumateraMEDANCDE,DALAM KOTA,,,,3,REGULAR,8:33:00,193440,151094,40
260325D096,FBI,25-Mar-2026,PICKUP,BK8136LM,Binjai,Sumatera Utara,Pertalite,8,Store,6,2.83,3,3,110000,386226,Sumatera,BINJAI,MINI VAN BOX,Internal,SumateraBINJAIMINI VAN BOX,DALAM KOTA,,,,3,REGULAR,4:32:00,232128,44098,90
260325X038,HCI,25-Mar-2026,CDELC,BK8191MQ,Medan,Sumatera Utara,Solar,3.68,Other Delivery,1,8.0,10,1,25000,469013,Sumatera,MEDAN,CDE,Internal,SumateraMEDANCDE,DALAM KOTA,,,,3,REGULAR,1:27:00,232128,211885,17
260325D098,KLS,25-Mar-2026,CDELC,BK8073MQ,Medan,Sumatera Utara,Solar,5.15,Store,1,10.0,10,1,35000,479013,Sumatera,MEDAN,CDE,Internal,SumateraMEDANCDE,DALAM KOTA,,,,3,REGULAR,10:10:00,232128,211885,36
260326C268,HCI,26-Mar-2026,CDELC,A8330VX,Deli Serdang,Sumatera Utara,,1.6,Customer,1,0.07,10,1,16000,237496,Sumatera,DELI SERDANG,CDE,Internal,SumateraDELI SERDANGCDE,DALAM KOTA,,,,3,NON REGULAR,1106588:02:00,193440,28056,14
260326D096,HCI,26-Mar-2026,CDELC,BK8192MQ,Medan,Sumatera Utara,Solar,9.26,Store,74,7.16,10,6,82000,487325,Sumatera,MEDAN,CDE,Internal,SumateraMEDANCDE,DALAM KOTA,,,,3,REGULAR,9:14:00,193440,211885,54
260326C167,HCI,26-Mar-2026,CDELC,BK8646MS,Medan,Sumatera Utara,Solar,8.09,Customer,15,8.39,10,5,59000,448087,Sumatera,MEDAN,CDE,Internal,SumateraMEDANCDE,DALAM KOTA,,,,3,REGULAR,2:07:00,96720,292367,50
260326C175,HCI,26-Mar-2026,CDELC,BK8803MH,Medan,Sumatera Utara,Solar,9.56,Customer,14,10.0,10,7,85000,662468,Sumatera,MEDAN,CDE,Internal,SumateraMEDANCDE,DALAM KOTA,,,,3,REGULAR,8:21:00,386880,190588,62
260326C183,HCI,26-Mar-2026,CDELC,BK8299MH,Medan,Sumatera Utara,Solar,8.24,Customer,10,6.72,10,5,68500,606877,Sumatera,MEDAN,CDE,Internal,SumateraMEDANCDE,DALAM KOTA,,,,3,REGULAR,6:32:00,386880,151497,56
260326H103,HCI,26-Mar-2026,CDELC,BK8871MS,Pematangsiantar,Sumatera Utara,Solar,29.41,HUB,1,3.57,10,1,416000,609440,Sumatera,PEMATANGSIANTAR,CDE,Internal,SumateraPEMATANGSIANTARCDE,LUAR KOTA,1300000,-690560,-53.12%,3,REGULAR,8:13:00,193440,,242
260326D100,FBI,26-Mar-2026,PICKUP,A8330VX,Medan,Sumatera Utara,Pertalite,3.5,Store,4,2.61,3,3,40000,325976,Sumatera,MEDAN,MINI VAN BOX,Internal,SumateraMEDANMINI VAN BOX,DALAM KOTA,,,,3,REGULAR,2:51:00,257920,28056,30
260326D093,AHI,26-Mar-2026,CDELC,BK8047MQ,Medan,Sumatera Utara,Solar,3.09,Store,56,10.0,10,1,21000,426325,Sumatera,MEDAN,CDE,Internal,SumateraMEDANCDE,DALAM KOTA,,,,3,REGULAR,1:51:00,193440,211885,23
260326D104,AHI,26-Mar-2026,CDELC,BK8141LM,Medan,Sumatera Utara,Solar,7.35,Store,9,10.0,10,1,50000,394534,Sumatera,MEDAN,CDE,Internal,SumateraMEDANCDE,DALAM KOTA,,,,3,REGULAR,9:11:00,193440,151094,58
260326C262,HCI,26-Mar-2026,#N/A,A8330VX,Medan,Sumatera Utara,#N/A,3.7,Customer,1,0.28,,1,37000,161776,Sumatera,MEDAN,VAN BOX,Internal,SumateraMEDANVAN BOX,DALAM KOTA,,,,3,NON REGULAR,1:59:00,96720,28056,31
260326C185,HCI,26-Mar-2026,CDELC,BK8309MS,Medan,Sumatera Utara,Solar,11.03,Customer,11,8.97,10,10,75000,650793,Sumatera,MEDAN,CDE,Internal,SumateraMEDANCDE,DALAM KOTA,,,,3,REGULAR,6:01:00,290160,285633,68
260326C166,HCI,26-Mar-2026,CDELC,BK8647MS,Medan,Sumatera Utara,Solar,7.35,Customer,11,8.66,10,7,60000,545807,Sumatera,MEDAN,CDE,Internal,SumateraMEDANCDE,DALAM KOTA,,,,3,REGULAR,8:35:00,193440,292367,51
260326X057,HCI,26-Mar-2026,FUSO,BK8815MG,Deli Serdang,Sumatera Utara,Solar,7.35,Other Delivery,1,25.0,34,1,50000,597398,Sumatera,DELI SERDANG,FUSO,Internal,SumateraDELI SERDANGFUSO,DALAM KOTA,,,,3,REGULAR,0:15:00,193440,353958,34
260326C181,HCI,26-Mar-2026,CDELC,BK8009MI,Karo,Sumatera Utara,Solar,11.76,Customer,8,4.31,10,5,80000,424937,Sumatera,KARO,CDE,Internal,SumateraKAROCDE,DALAM KOTA,,,,3,REGULAR,4:24:00,193440,151497,74
260326C170,HCI,26-Mar-2026,CDELC,BK8805MH,Medan,Sumatera Utara,Solar,16.18,Customer,14,10.0,10,10,119000,696468,Sumatera,MEDAN,CDE,Internal,SumateraMEDANCDE,DALAM KOTA,,,,3,REGULAR,8:41:00,386880,190588,116
260326D095,AHI,26-Mar-2026,CDELC,BK8172LM,Medan,Sumatera Utara,Solar,4.41,Store,25,10.0,10,1,30000,278217,Sumatera,MEDAN,CDE,Internal,SumateraMEDANCDE,DALAM KOTA,,,,3,REGULAR,3:57:00,96720,151497,35
260326C195,HCI,26-Mar-2026,PICKUP,BK8696MS,Binjai,Sumatera Utara,Pertalite,10,Customer,5,3.0,3,5,100000,393973,Sumatera,BINJAI,PICKUP,Internal,SumateraBINJAIPICKUP,DALAM KOTA,,,,3,REGULAR,8:08:00,193440,100533,95
260326C182,HCI,26-Mar-2026,CDELC,BK8073MQ,Medan,Sumatera Utara,Solar,12.5,Customer,13,10.0,10,10,85000,683765,Sumatera,MEDAN,CDE,Internal,SumateraMEDANCDE,DALAM KOTA,,,,3,REGULAR,10:31:00,386880,211885,73
260319D174,KRS,26-Mar-2026,CDELC,BK8022LM,Medan,Sumatera Utara,Solar,6.62,Store,5,9.31,10,1,45000,357294,Sumatera,MEDAN,CDE,Internal,SumateraMEDANCDE,DALAM KOTA,,,,3,REGULAR,5:39:00,161200,151094,42
260326D099,HCI,26-Mar-2026,CDELC,BK8191MQ,Medan,Sumatera Utara,Solar,4.41,Store,73,10.0,10,2,55000,460325,Sumatera,MEDAN,CDE,Internal,SumateraMEDANCDE,DALAM KOTA,,,,3,REGULAR,9:02:00,193440,211885,30
260326C168,HCI,26-Mar-2026,CDELC,BK8804MH,Medan,Sumatera Utara,Solar,10.29,Customer,25,10.0,10,17,75000,652468,Sumatera,MEDAN,CDE,Internal,SumateraMEDANCDE,DALAM KOTA,,,,3,REGULAR,7:33:00,386880,190588,77
260326C248,HCI,26-Mar-2026,CDELC,BK8807MH,Medan,Sumatera Utara,Solar,6.62,Customer,1,7.1,10,1,55500,344234,Sumatera,MEDAN,CDE,Internal,SumateraMEDANCDE,DALAM KOTA,,,,3,REGULAR,1:43:00,193440,95294,59
260326C163,HCI,26-Mar-2026,CDELC,BK8031LM,Medan,Sumatera Utara,Solar,11.03,Customer,15,4.21,10,9,88000,625974,Sumatera,MEDAN,CDE,Internal,SumateraMEDANCDE,DALAM KOTA,,,,3,REGULAR,6:59:00,386880,151094,74
260326C227,HCI,26-Mar-2026,CDELC,BK8135LM,Deli Serdang,Sumatera Utara,Solar,9.56,Customer,5,9.63,10,6,85500,623877,Sumatera,DELI SERDANG,CDE,Internal,SumateraDELI SERDANGCDE,DALAM KOTA,,,,3,REGULAR,7:21:00,386880,151497,82
260326D102,FBI,26-Mar-2026,PICKUP,BK8136LM,Deli Serdang,Sumatera Utara,Pertalite,9.5,Store,12,2.75,3,8,109000,455115,Sumatera,DELI SERDANG,MINI VAN BOX,Internal,SumateraDELI SERDANGMINI VAN BOX,DALAM KOTA,,,,3,REGULAR,7:12:00,257920,88195,79
260326C174,HCI,26-Mar-2026,CDELC,BK8806MH,Binjai,Sumatera Utara,Solar,18.53,Customer,10,8.56,10,8,187000,764468,Sumatera,BINJAI,CDE,Internal,SumateraBINJAICDE,DALAM KOTA,,,,3,REGULAR,11:10:00,386880,190588,141
260326D094,AHI,26-Mar-2026,CDELC,BK8099LM,Medan,Sumatera Utara,Solar,5.15,Store,59,10.0,10,2,45000,317820,Sumatera,MEDAN,CDE,Internal,SumateraMEDANCDE,DALAM KOTA,,,,3,REGULAR,3:26:00,96720,176100,35
260326C177,HCI,26-Mar-2026,CDELC,BK8075MQ,Medan,Sumatera Utara,Solar,10.29,Customer,11,7.12,10,8,75000,577045,Sumatera,MEDAN,CDE,Internal,SumateraMEDANCDE,DALAM KOTA,,,,3,REGULAR,6:16:00,290160,211885,62
260326H094,HCI,26-Mar-2026,CDELC,BK8074MQ,Pematangsiantar,Sumatera Utara,Solar,32.65,HUB,27,9.38,10,2,438000,843325,Sumatera,PEMATANGSIANTAR,CDE,Internal,SumateraPEMATANGSIANTARCDE,LUAR KOTA,1300000,-456675,-35.13%,3,REGULAR,8:20:00,193440,211885,227
260326D103,AHI,26-Mar-2026,CDELC,BK8807MH,Medan,Sumatera Utara,Solar,5.15,Store,63,10.0,10,1,35000,227014,Sumatera,MEDAN,CDE,Internal,SumateraMEDANCDE,DALAM KOTA,,,,3,REGULAR,2:07:00,96720,95294,35
260326C165,HCI,26-Mar-2026,CDELC,BK8146LM,Medan,Sumatera Utara,Solar,6.62,Customer,11,3.22,10,10,49000,587377,Sumatera,MEDAN,CDE,Internal,SumateraMEDANCDE,DALAM KOTA,,,,3,REGULAR,6:25:00,386880,151497,43
260326C191,HCI,26-Mar-2026,PICKUP,BK8633MS,Medan,Sumatera Utara,Pertalite,5,Customer,6,2.68,3,4,60000,534441,Sumatera,MEDAN,PICKUP,Internal,SumateraMEDANPICKUP,DALAM KOTA,,,,3,REGULAR,10:08:00,386880,87561,42
260327C175,HCI,27-Mar-2026,CDELC,BK8647MS,Medan,Sumatera Utara,Solar,13.97,Customer,14,10.0,10,9,99500,778747,Sumatera,MEDAN,CDE,Internal,SumateraMEDANCDE,DALAM KOTA,,,,3,REGULAR,7:31:00,386880,292367,94
260327C177,HCI,27-Mar-2026,CDELC,BK8191MQ,Binjai,Sumatera Utara,Solar,12.5,Customer,12,8.52,10,8,117000,715765,Sumatera,BINJAI,CDE,Internal,SumateraBINJAICDE,DALAM KOTA,,,,3,REGULAR,8:39:00,386880,211885,101
260327C174,HCI,27-Mar-2026,CDELC,BK8172LM,Medan,Sumatera Utara,Solar,7.35,Customer,16,5.68,10,6,55000,593377,Sumatera,MEDAN,CDE,Internal,SumateraMEDANCDE,DALAM KOTA,,,,3,REGULAR,7:59:00,386880,151497,47
260327C179,HCI,27-Mar-2026,CDELC,BK8803MH,Medan,Sumatera Utara,Solar,11.47,Customer,12,9.3,10,9,93000,670468,Sumatera,MEDAN,CDE,Internal,SumateraMEDANCDE,DALAM KOTA,,,,3,REGULAR,8:06:00,386880,190588,80
260327C180,HCI,27-Mar-2026,CDELC,BK8805MH,Medan,Sumatera Utara,Solar,12.5,Customer,14,10.0,10,11,98500,675968,Sumatera,MEDAN,CDE,Internal,SumateraMEDANCDE,DALAM KOTA,,,,3,REGULAR,7:18:00,386880,190588,81
260327C184,HCI,27-Mar-2026,#N/A,BK8633MS,Medan,Sumatera Utara,#N/A,12.2,Customer,10,4.28,,9,175500,456501,Sumatera,MEDAN,,Internal,SumateraMEDAN,DALAM KOTA,,,,3,REGULAR,8:09:00,193440,87561,129
260327C187,HCI,27-Mar-2026,PICKUP,BK8696MS,Medan,Sumatera Utara,Pertalite,4.5,Customer,1,3.0,3,1,55500,395927,Sumatera,MEDAN,PICKUP,Internal,SumateraMEDANPICKUP,DALAM KOTA,,,,3,REGULAR,1106608:55:00,290160,50267,60
260327C173,HCI,27-Mar-2026,CDELC,BK8646MS,Medan,Sumatera Utara,Solar,10.88,Customer,25,10.0,10,9,78000,757247,Sumatera,MEDAN,CDE,Internal,SumateraMEDANCDE,DALAM KOTA,,,,3,REGULAR,8:42:00,386880,292367,67
260327C200,HCI,27-Mar-2026,CDELC,BK8807MH,Medan,Sumatera Utara,Solar,7.65,Customer,8,8.06,10,7,52000,629468,Sumatera,MEDAN,CDE,Internal,SumateraMEDANCDE,DALAM KOTA,,,,3,REGULAR,5:34:00,386880,190588,53
260327C205,HCI,27-Mar-2026,CDELC,BK8135LM,Medan,Sumatera Utara,Solar,6.03,Customer,10,5.55,10,6,57000,595377,Sumatera,MEDAN,CDE,Internal,SumateraMEDANCDE,DALAM KOTA,,,,3,REGULAR,7:02:00,386880,151497,53
260327C172,HCI,27-Mar-2026,CDELC,BK8146LM,Medan,Sumatera Utara,Solar,10.29,Customer,30,6.05,10,12,100000,444937,Sumatera,MEDAN,CDE,Internal,SumateraMEDANCDE,DALAM KOTA,,,,3,REGULAR,7:44:00,193440,151497,67
260327D107,HCI,27-Mar-2026,CDELC,BK8075MQ,Medan,Sumatera Utara,Solar,6.62,Store,18,8.24,10,1,50000,455325,Sumatera,MEDAN,CDE,Internal,SumateraMEDANCDE,DALAM KOTA,,,,3,REGULAR,8:02:00,193440,211885,46
260327D112,AHI,27-Mar-2026,CDELC,BK8804MH,Medan,Sumatera Utara,Solar,5.88,Store,69,8.43,10,2,60000,444028,Sumatera,MEDAN,CDE,Internal,SumateraMEDANCDE,DALAM KOTA,,,,3,REGULAR,9:44:00,193440,190588,44
260327D114,AHI,27-Mar-2026,CDELC,BK8009MI,Medan,Sumatera Utara,Solar,4.41,Store,96,10.0,10,1,30000,374937,Sumatera,MEDAN,CDE,Internal,SumateraMEDANCDE,DALAM KOTA,,,,3,REGULAR,3:32:00,193440,151497,24
260327D116,AHI,27-Mar-2026,CDELC,BK8192MQ,Deli Serdang,Sumatera Utara,Solar,8.82,Store,78,10.0,10,5,75000,480325,Sumatera,DELI SERDANG,CDE,Internal,SumateraDELI SERDANGCDE,DALAM KOTA,,,,3,REGULAR,7:43:00,193440,211885,53
260327C171,HCI,27-Mar-2026,CDELC,BK8047MQ,Medan,Sumatera Utara,Solar,10.59,Customer,14,7.16,10,11,85000,683765,Sumatera,MEDAN,CDE,Internal,SumateraMEDANCDE,DALAM KOTA,,,,3,REGULAR,7:29:00,386880,211885,89
260327C178,HCI,27-Mar-2026,CDELC,BK8031LM,Medan,Sumatera Utara,Solar,9.71,Customer,13,4.22,10,11,70000,607974,Sumatera,MEDAN,CDE,Internal,SumateraMEDANCDE,DALAM KOTA,,,,3,REGULAR,8:09:00,386880,151094,69
260327D120,AHI,27-Mar-2026,PICKUP,BK8696MS,Medan,Sumatera Utara,Pertalite,3.1,Store,39,2.62,3,1,41000,187987,Sumatera,MEDAN,PICKUP,Internal,SumateraMEDANPICKUP,DALAM KOTA,,,,3,REGULAR,3:54:00,96720,50267,30
260327C196,HCI,27-Mar-2026,CDELC,BK8806MH,Medan,Sumatera Utara,Solar,9.12,Customer,9,4.92,10,8,77500,654968,Sumatera,MEDAN,CDE,Internal,SumateraMEDANCDE,DALAM KOTA,,,,3,REGULAR,6:57:00,386880,190588,72
260327H065,HCI,27-Mar-2026,CDELC,BK8309MS,Pematangsiantar,Sumatera Utara,Solar,35.44,HUB,27,10.0,10,2,457000,936073,Sumatera,PEMATANGSIANTAR,CDE,Internal,SumateraPEMATANGSIANTARCDE,LUAR KOTA,1300000,-363927,-27.99%,3,REGULAR,7:40:00,193440,285633,237
260327C312,HCI,27-Mar-2026,CDELC,BK8073MQ,Medan,Sumatera Utara,Solar,8.09,Customer,3,5.14,10,3,74000,672765,Sumatera,MEDAN,CDE,Internal,SumateraMEDANCDE,DALAM KOTA,,,,3,REGULAR,5:49:00,386880,211885,53
260327L115,AHI,27-Mar-2026,CDELC,BK8074MQ,Pematangsiantar,Sumatera Utara,Solar,35.29,Store,61,10.0,10,2,456000,925805,Sumatera,PEMATANGSIANTAR,CDE,Internal,SumateraPEMATANGSIANTARCDE,LUAR KOTA,1300000,-374195,-28.78%,3,REGULAR,8:20:00,257920,211885,234
260327D118,FBI,27-Mar-2026,PICKUP,A8330VX,Medan,Sumatera Utara,Pertalite,11.5,Store,9,3.0,3,5,152500,494587,Sumatera,MEDAN,MINI VAN BOX,Internal,SumateraMEDANMINI VAN BOX,DALAM KOTA,,,,3,REGULAR,21:05:00,257920,84167,113
260327D119,FBI,27-Mar-2026,PICKUP,BK8136LM,Medan,Sumatera Utara,Pertalite,6.5,Store,10,2.75,3,6,74000,355635,Sumatera,MEDAN,MINI VAN BOX,Internal,SumateraMEDANMINI VAN BOX,DALAM KOTA,,,,3,REGULAR,6:49:00,193440,88195,49
260327D124,AHI,27-Mar-2026,CDELC,BK8099LM,Medan,Sumatera Utara,Solar,4.41,Store,1,10.0,10,1,55000,489020,Sumatera,MEDAN,CDE,Internal,SumateraMEDANCDE,DALAM KOTA,,,,3,REGULAR,7:39:00,257920,176100,30
260328C166,HCI,28-Mar-2026,CDELC,BK8009MI,Medan,Sumatera Utara,Solar,16.91,Customer,17,6.82,10,11,134000,672377,Sumatera,MEDAN,CDE,Internal,SumateraMEDANCDE,DALAM KOTA,,,,3,REGULAR,8:19:00,386880,151497,122
260328C168,HCI,28-Mar-2026,CDELC,BK8191MQ,Binjai,Sumatera Utara,Solar,17.65,Customer,20,8.07,10,14,124000,722765,Sumatera,BINJAI,CDE,Internal,SumateraBINJAICDE,DALAM KOTA,,,,3,REGULAR,8:30:00,386880,211885,128
260328C169,HCI,28-Mar-2026,CDELC,BK8099LM,Medan,Sumatera Utara,Solar,11.76,Customer,13,4.3,10,10,98000,660980,Sumatera,MEDAN,CDE,Internal,SumateraMEDANCDE,DALAM KOTA,,,,3,REGULAR,7:33:00,386880,176100,81
260328C170,HCI,28-Mar-2026,CDELC,BK8646MS,Medan,Sumatera Utara,Solar,9.56,Customer,10,8.52,10,8,65000,744247,Sumatera,MEDAN,CDE,Internal,SumateraMEDANCDE,DALAM KOTA,,,,3,REGULAR,7:15:00,386880,292367,64
260328C171,HCI,28-Mar-2026,CDELC,BK8135LM,Medan,Sumatera Utara,Solar,5.15,Customer,6,3.6,10,2,35000,379937,Sumatera,MEDAN,CDE,Internal,SumateraMEDANCDE,DALAM KOTA,,,,3,REGULAR,2:21:00,193440,151497,35
260328C174,HCI,28-Mar-2026,PICKUP,BK8633MS,Medan,Sumatera Utara,Pertalite,15.9,Customer,5,3.0,3,4,236000,517001,Sumatera,MEDAN,PICKUP,Internal,SumateraMEDANPICKUP,DALAM KOTA,,,,3,REGULAR,8:54:00,193440,87561,181
260328C160,HCI,28-Mar-2026,CDELC,BK8803MH,Medan,Sumatera Utara,Solar,8.09,Customer,26,7.74,10,12,94000,671468,Sumatera,MEDAN,CDE,Internal,SumateraMEDANCDE,DALAM KOTA,,,,3,REGULAR,7:31:00,386880,190588,49
260328C197,HCI,28-Mar-2026,CDELC,BK8146LM,Medan,Sumatera Utara,Solar,9.41,Customer,7,6.83,10,4,79500,424437,Sumatera,MEDAN,CDE,Internal,SumateraMEDANCDE,DALAM KOTA,,,,3,REGULAR,5:27:00,193440,151497,65
260328D082,HCI,28-Mar-2026,CDELC,BK8806MH,Medan,Sumatera Utara,Solar,4.41,Store,16,8.89,10,1,37000,324308,Sumatera,MEDAN,CDE,Internal,SumateraMEDANCDE,DALAM KOTA,,,,3,REGULAR,2:35:00,96720,190588,39
260328D083,HCI,28-Mar-2026,CDELC,BK8299MH,Medan,Sumatera Utara,Solar,3.68,Store,18,8.68,10,1,25000,369937,Sumatera,MEDAN,CDE,Internal,SumateraMEDANCDE,DALAM KOTA,,,,3,REGULAR,7:06:00,193440,151497,26
260328D084,HCI,28-Mar-2026,CDELC,BK8075MQ,Medan,Sumatera Utara,Solar,8.82,Store,17,9.61,10,1,80000,485325,Sumatera,MEDAN,CDE,Internal,SumateraMEDANCDE,DALAM KOTA,,,,3,REGULAR,1:00:00,193440,211885,55
260328D085,HCI,28-Mar-2026,CDELC,BK8807MH,Medan,Sumatera Utara,Solar,8.09,Store,25,9.33,10,2,90000,474028,Sumatera,MEDAN,CDE,Internal,SumateraMEDANCDE,DALAM KOTA,,,,3,REGULAR,6:59:00,193440,190588,48
260328C196,HCI,28-Mar-2026,CDELC,BK8647MS,Medan,Sumatera Utara,Solar,5.88,Customer,4,6.76,10,4,44000,626527,Sumatera,MEDAN,CDE,Internal,SumateraMEDANCDE,DALAM KOTA,,,,3,REGULAR,4:11:00,290160,292367,40
260328C163,HCI,28-Mar-2026,CDELC,BK8047MQ,Medan,Sumatera Utara,Solar,11.62,Customer,28,7.87,10,11,84000,682765,Sumatera,MEDAN,CDE,Internal,SumateraMEDANCDE,DALAM KOTA,,,,3,REGULAR,6:17:00,386880,211885,72
260328D109,HCI,28-Mar-2026,CDELC,BK8192MQ,Medan,Sumatera Utara,Solar,6.91,Store,4,8.82,10,2,67000,536805,Sumatera,MEDAN,CDE,Internal,SumateraMEDANCDE,DALAM KOTA,,,,3,REGULAR,9:14:00,257920,211885,42
260328C162,HCI,28-Mar-2026,CDELC,BK8805MH,Medan,Sumatera Utara,Solar,11.76,Customer,17,5.72,10,8,84000,371308,Sumatera,MEDAN,CDE,Internal,SumateraMEDANCDE,DALAM KOTA,,,,3,REGULAR,6:06:00,96720,190588,72
260328H068,HCI,28-Mar-2026,CDELC,BK8074MQ,Pematangsiantar,Sumatera Utara,Solar,32.35,HUB,9,8.53,10,3,436000,841325,Sumatera,PEMATANGSIANTAR,CDE,Internal,SumateraPEMATANGSIANTARCDE,LUAR KOTA,1300000,-458675,-35.28%,3,REGULAR,5:47:00,193440,211885,410
260328H072,HCI,28-Mar-2026,CDELC,BK8871MS,Pematangsiantar,Sumatera Utara,Solar,27.79,HUB,6,10.0,10,2,411500,604940,Sumatera,PEMATANGSIANTAR,CDE,Internal,SumateraPEMATANGSIANTARCDE,LUAR KOTA,1300000,-695060,-53.47%,3,REGULAR,7:08:00,193440,,255
260328X043,HCI,28-Mar-2026,CDELC,BK8804MH,Medan,Sumatera Utara,Solar,5.15,Other Delivery,2,8.3,10,2,35000,483508,Sumatera,MEDAN,CDE,Internal,SumateraMEDANCDE,DALAM KOTA,,,,3,REGULAR,4:54:00,257920,190588,36
260328C159,HCI,28-Mar-2026,CDELC,BK8309MS,Medan,Sumatera Utara,Solar,16.91,Customer,22,5.91,10,13,128500,801013,Sumatera,MEDAN,CDE,Internal,SumateraMEDANCDE,DALAM KOTA,,,,3,REGULAR,7:59:00,386880,285633,93
260328D091,FBI,28-Mar-2026,PICKUP,A8330VX,Medan,Sumatera Utara,Pertalite,3.5,Store,6,1.04,3,3,40000,285367,Sumatera,MEDAN,MINI VAN BOX,Internal,SumateraMEDANMINI VAN BOX,DALAM KOTA,,,,3,REGULAR,2:54:00,161200,84167,32
260328D089,FBI,28-Mar-2026,PICKUP,BK8136LM,Medan,Sumatera Utara,Pertalite,9.6,Store,13,3.0,3,7,121000,402635,Sumatera,MEDAN,MINI VAN BOX,Internal,SumateraMEDANMINI VAN BOX,DALAM KOTA,,,,3,REGULAR,8:33:00,193440,88195,85
260329C157,HCI,29-Mar-2026,CDELC,BK8141LM,Binjai,Sumatera Utara,Solar,14.26,Customer,8,2.61,10,7,108500,646474,Sumatera,BINJAI,CDE,Internal,SumateraBINJAICDE,DALAM KOTA,,,,3,REGULAR,7:06:00,386880,151094,109
260329C158,HCI,29-Mar-2026,CDELC,BK8172LM,Medan,Sumatera Utara,Solar,13.24,Customer,14,9.23,10,11,90000,628377,Sumatera,MEDAN,CDE,Internal,SumateraMEDANCDE,DALAM KOTA,,,,3,REGULAR,7:30:00,386880,151497,84
260329C159,HCI,29-Mar-2026,CDELC,BK8031LM,Medan,Sumatera Utara,Solar,10.29,Customer,8,3.7,10,6,70000,607974,Sumatera,MEDAN,CDE,Internal,SumateraMEDANCDE,DALAM KOTA,,,,3,REGULAR,7:18:00,386880,151094,82
260329C163,HCI,29-Mar-2026,PICKUP,BK8696MS,Medan,Sumatera Utara,Pertalite,13.5,Customer,5,3.0,3,4,235500,722913,Sumatera,MEDAN,PICKUP,Internal,SumateraMEDANPICKUP,DALAM KOTA,,,,3,REGULAR,8:06:00,386880,100533,148
260329C156,HCI,29-Mar-2026,CDELC,BK8146LM,Medan,Sumatera Utara,Solar,13.97,Customer,10,4.32,10,9,105000,643377,Sumatera,MEDAN,CDE,Internal,SumateraMEDANCDE,DALAM KOTA,,,,3,REGULAR,7:33:00,386880,151497,74
260329H055,HCI,29-Mar-2026,CDELC,BK8074MQ,Pematangsiantar,Sumatera Utara,Solar,35.29,HUB,28,7.8,10,1,462500,932305,Sumatera,PEMATANGSIANTAR,CDE,Internal,SumateraPEMATANGSIANTARCDE,LUAR KOTA,1300000,-367695,-28.28%,3,REGULAR,7:28:00,257920,211885,254
260329H059,HCI,29-Mar-2026,CDELC,BK8806MH,Pematangsiantar,Sumatera Utara,Solar,31.62,HUB,13,8.93,10,1,435000,819028,Sumatera,PEMATANGSIANTAR,CDE,Internal,SumateraPEMATANGSIANTARCDE,LUAR KOTA,1300000,-480972,-37.00%,3,REGULAR,7:33:00,193440,190588,251
260329X049,HCI,29-Mar-2026,CDELC,BK8647MS,Medan,Sumatera Utara,Solar,7.35,Other Delivery,2,8.0,11,2,70000,620287,Sumatera,MEDAN,CDE LONG CHASSIS,Internal,SumateraMEDANCDE LONG CHASSIS,DALAM KOTA,,,,3,REGULAR,0:06:00,257920,292367,47
260329X050,HCI,29-Mar-2026,CDELC,BK8099LM,Medan,Sumatera Utara,Solar,3.68,Other Delivery,1,8.0,10,1,50000,484020,Sumatera,MEDAN,CDE,Internal,SumateraMEDANCDE,DALAM KOTA,,,,3,REGULAR,0:02:00,257920,176100,31
260329C155,HCI,29-Mar-2026,CDELC,BK8073MQ,Medan,Sumatera Utara,Solar,12.5,Customer,12,8.12,10,7,100000,698765,Sumatera,MEDAN,CDE,Internal,SumateraMEDANCDE,DALAM KOTA,,,,3,REGULAR,7:07:00,386880,211885,88
260329C153,HCI,29-Mar-2026,CDELC,BK8871MS,Medan,Sumatera Utara,Solar,8.09,Customer,21,8.47,10,9,90000,476880,Sumatera,MEDAN,CDE,Internal,SumateraMEDANCDE,DALAM KOTA,,,,3,REGULAR,7:10:00,386880,,58
260329C150,HCI,29-Mar-2026,CDELC,BK8804MH,Medan,Sumatera Utara,Solar,9.56,Customer,15,10.0,10,10,68500,452528,Sumatera,MEDAN,CDE,Internal,SumateraMEDANCDE,DALAM KOTA,,,,3,REGULAR,6:51:00,193440,190588,74
260329D081,HCI,29-Mar-2026,CDELC,BK8803MH,Medan,Sumatera Utara,Solar,7.06,Store,11,8.56,10,2,53000,437028,Sumatera,MEDAN,CDE,Internal,SumateraMEDANCDE,DALAM KOTA,,,,3,REGULAR,5:31:00,193440,190588,48
260330D156,FBI,30-Mar-2026,PICKUP,BK8136LM,Medan,Sumatera Utara,Pertalite,8.6,Store,9,1.46,3,4,136500,445769,Sumatera,MEDAN,MINI VAN BOX,Internal,SumateraMEDANMINI VAN BOX,DALAM KOTA,,,,3,REGULAR,4:24:00,221074,88195,101
260330C242,HCI,30-Mar-2026,CDELC,BK8309MS,Deli Serdang,Sumatera Utara,Solar,4.41,Customer,10,6.98,10,8,35000,371257,Sumatera,DELI SERDANG,CDE,Internal,SumateraDELI SERDANGCDE,DALAM KOTA,,,,3,REGULAR,2:43:00,193440,142817,29
260330C222,HCI,30-Mar-2026,CDELC,BK8806MH,Deli Serdang,Sumatera Utara,Solar,11.03,Customer,14,9.79,10,9,96000,480028,Sumatera,DELI SERDANG,CDE,Internal,SumateraDELI SERDANGCDE,DALAM KOTA,,,,3,REGULAR,8:17:00,193440,190588,75
260330C228,HCI,30-Mar-2026,CDELC,BK8871MS,Medan,Sumatera Utara,Solar,6.76,Customer,14,8.63,10,7,51000,437880,Sumatera,MEDAN,CDE,Internal,SumateraMEDANCDE,DALAM KOTA,,,,3,REGULAR,9:24:00,386880,,63
260330C267,HCI,30-Mar-2026,CDELC,BK8804MH,Binjai,Sumatera Utara,Solar,12.94,Customer,5,10.0,10,1,153500,537528,Sumatera,BINJAI,CDE,Internal,SumateraBINJAICDE,DALAM KOTA,,,,3,REGULAR,5:52:00,193440,190588,112
260330C239,HCI,30-Mar-2026,CDELC,BK8172LM,Medan,Sumatera Utara,Solar,8.82,Customer,14,5.39,10,10,100500,369689,Sumatera,MEDAN,CDE,Internal,SumateraMEDANCDE,DALAM KOTA,,,,3,REGULAR,6:19:00,193440,75749,79
260330D195,AHI,30-Mar-2026,CDELC,BK8807MH,Medan,Sumatera Utara,Solar,5.15,Store,1,8.0,10,1,50000,461662,Sumatera,MEDAN,CDE,Internal,SumateraMEDANCDE,DALAM KOTA,,,,3,REGULAR,0:22:00,221074,190588,36
260330C233,HCI,30-Mar-2026,CDELC,BK8141LM,Binjai,Sumatera Utara,Solar,22.21,Customer,10,5.6,10,7,199500,737474,Sumatera,BINJAI,CDE,Internal,SumateraBINJAICDE,DALAM KOTA,,,,3,REGULAR,9:21:00,386880,151094,161
260330C245,HCI,30-Mar-2026,CDELC,BK8047MQ,Medan,Sumatera Utara,Solar,11.32,Customer,7,8.05,10,5,95000,491103,Sumatera,MEDAN,CDE,Internal,SumateraMEDANCDE,DALAM KOTA,,,,3,REGULAR,5:23:00,290160,105943,91
260330D001,AHI,30-Mar-2026,CDELC,BK8803MH,Medan,Sumatera Utara,Solar,4.71,Store,29,8.5,10,2,32000,320734,Sumatera,MEDAN,CDE,Internal,SumateraMEDANCDE,DALAM KOTA,,,,3,REGULAR,3:41:00,193440,95294,29
260330D005,AHI,30-Mar-2026,CDELC,BK8009MI,Medan,Sumatera Utara,Solar,3.68,Store,21,9.26,10,2,35000,304189,Sumatera,MEDAN,CDE,Internal,SumateraMEDANCDE,DALAM KOTA,,,,3,REGULAR,2:11:00,193440,75749,31
260330D146,AHI,30-Mar-2026,CDELC,BK8299MH,Medan,Sumatera Utara,Solar,4.41,Store,206,10.0,10,1,40000,240103,Sumatera,MEDAN,CDE,Internal,SumateraMEDANCDE,DALAM KOTA,,,,3,REGULAR,2:40:00,124354,75749,31
260330C244,HCI,30-Mar-2026,CDELC,BK8075MQ,Medan,Sumatera Utara,Solar,4.41,Customer,8,7.35,10,5,46000,345383,Sumatera,MEDAN,CDE,Internal,SumateraMEDANCDE,DALAM KOTA,,,,3,REGULAR,2:33:00,193440,105943,32
260330C268,HCI,30-Mar-2026,CDELC,BK8172LM,Medan,Sumatera Utara,Solar,3.38,Customer,2,7.06,10,1,23000,292189,Sumatera,MEDAN,CDE,Internal,SumateraMEDANCDE,DALAM KOTA,,,,3,REGULAR,2:00:00,193440,75749,26
260330C235,HCI,30-Mar-2026,CDELC,BK8191MQ,Medan,Sumatera Utara,Solar,5.15,Customer,12,10.0,10,9,44000,440103,Sumatera,MEDAN,CDE,Internal,SumateraMEDANCDE,DALAM KOTA,,,,3,REGULAR,3:51:00,290160,105943,47
260330D004,HCI,30-Mar-2026,CDELC,BK8047MQ,Medan,Sumatera Utara,Solar,5.15,Store,93,8.7,10,2,50000,349383,Sumatera,MEDAN,CDE,Internal,SumateraMEDANCDE,DALAM KOTA,,,,3,REGULAR,5:13:00,193440,105943,35
260330D142,HCI,30-Mar-2026,CDELC,BK8646MS,Medan,Sumatera Utara,Solar,5.15,Store,12,9.86,11,2,50000,466721,Sumatera,MEDAN,CDE LONG CHASSIS,Internal,SumateraMEDANCDE LONG CHASSIS,DALAM KOTA,,,,3,REGULAR,6:14:00,124354,292367,35
260330C340,KLS,30-Mar-2026,CDELC,BK8112LM,Medan,Sumatera Utara,Solar,10.29,Customer,4,8.8,10,4,78500,616474,Sumatera,MEDAN,CDE,Internal,SumateraMEDANCDE,DALAM KOTA,,,,3,REGULAR,9:45:00,386880,151094,71
260330D094,HCI,30-Mar-2026,CDELC,BK8805MH,Medan,Sumatera Utara,Solar,3.82,Store,30,8.74,10,1,26000,218014,Sumatera,MEDAN,CDE,Internal,SumateraMEDANCDE,DALAM KOTA,,,,3,REGULAR,3:01:00,96720,95294,25
260330D157,FBI,30-Mar-2026,PICKUP,A8330VX,Medan,Sumatera Utara,Pertalite,4.3,Store,9,1.04,3,5,56000,361241,Sumatera,MEDAN,MINI VAN BOX,Internal,SumateraMEDANMINI VAN BOX,DALAM KOTA,,,,3,REGULAR,8:51:00,221074,84167,50
260330D092,AHI,30-Mar-2026,PICKUP,BK8633MS,Medan,Sumatera Utara,Pertalite,4.3,Store,6,1.99,3,2,63000,344001,Sumatera,MEDAN,PICKUP,Internal,SumateraMEDANPICKUP,DALAM KOTA,,,,3,REGULAR,6:22:00,193440,87561,46
260330D093,HCI,30-Mar-2026,CDELC,BK8135LM,Deli Serdang,Sumatera Utara,Solar,5.88,Store,31,8.2,10,3,49500,394437,Sumatera,DELI SERDANG,CDE,Internal,SumateraDELI SERDANGCDE,DALAM KOTA,,,,3,REGULAR,8:37:00,193440,151497,42
260330D006,AHI,30-Mar-2026,FUSO,BK8815MG,Medan,Sumatera Utara,Solar,12.5,Store,309,33.37,34,1,275000,822398,Sumatera,MEDAN,FUSO,Internal,SumateraMEDANFUSO,DALAM KOTA,,,,3,REGULAR,2:55:00,193440,353958,51
260330D147,AHI,30-Mar-2026,CDELC,BK8022LM,Medan,Sumatera Utara,,,Store,139,10.0,10,1,,275448,Sumatera,MEDAN,CDE,Internal,SumateraMEDANCDE,DALAM KOTA,,,,3,REGULAR,2:41:00,124354,151094,30
260330C230,HCI,30-Mar-2026,CDELC,BK8146LM,Medan,Sumatera Utara,Solar,8.82,Customer,15,6.65,10,10,64000,602377,Sumatera,MEDAN,CDE,Internal,SumateraMEDANCDE,DALAM KOTA,,,,3,REGULAR,6:49:00,386880,151497,59
260330C241,HCI,30-Mar-2026,CDELC,BK8031LM,Deli Serdang,Sumatera Utara,Solar,8.82,Customer,11,9.12,10,8,87000,624974,Sumatera,DELI SERDANG,CDE,Internal,SumateraDELI SERDANGCDE,DALAM KOTA,,,,3,REGULAR,8:27:00,386880,151094,67
260330C229,HCI,30-Mar-2026,CDELC,BK8073MQ,Medan,Sumatera Utara,Solar,10.29,Customer,24,10.0,10,11,70000,668765,Sumatera,MEDAN,CDE,Internal,SumateraMEDANCDE,DALAM KOTA,,,,3,REGULAR,8:35:00,386880,211885,63
260330C227,HCI,30-Mar-2026,CDELC,BK8647MS,Medan,Sumatera Utara,Solar,8.09,Customer,36,8.79,10,8,100000,779247,Sumatera,MEDAN,CDE,Internal,SumateraMEDANCDE,DALAM KOTA,,,,3,REGULAR,8:16:00,386880,292367,47
260330C255,HCI,30-Mar-2026,CDELC,BK8805MH,Deli Serdang,Sumatera Utara,Solar,23.53,Customer,9,5.55,10,6,274500,659954,Sumatera,DELI SERDANG,CDE,Internal,SumateraDELI SERDANGCDE,DALAM KOTA,,,,3,REGULAR,4:06:00,290160,95294,164
260330D097,HCI,30-Mar-2026,CDELC,BK8192MQ,Medan,Sumatera Utara,Solar,5.88,Store,60,8.45,10,1,80000,485325,Sumatera,MEDAN,CDE,Internal,SumateraMEDANCDE,DALAM KOTA,,,,3,REGULAR,8:18:00,193440,211885,35
260330C246,HCI,30-Mar-2026,CDELC,BK8099LM,Medan,Sumatera Utara,Solar,6.91,Customer,8,6.87,10,4,55000,433210,Sumatera,MEDAN,CDE,Internal,SumateraMEDANCDE,DALAM KOTA,,,,3,REGULAR,2:50:00,290160,88050,46
260330C240,HCI,30-Mar-2026,CDELC,BK8299MH,Medan,Sumatera Utara,Solar,16.18,Customer,15,10.0,10,10,123000,488909,Sumatera,MEDAN,CDE,Internal,SumateraMEDANCDE,DALAM KOTA,,,,3,REGULAR,7:07:00,290160,75749,110
260330D002,AHI,30-Mar-2026,CDELC,BK8075MQ,Medan,Sumatera Utara,Solar,5.88,Store,48,8.32,10,1,40000,242663,Sumatera,MEDAN,CDE,Internal,SumateraMEDANCDE,DALAM KOTA,,,,3,REGULAR,4:19:00,96720,105943,37
260330C231,HCI,30-Mar-2026,CDELC,BK8803MH,Medan,Sumatera Utara,Solar,8.82,Customer,13,8.74,10,10,60000,445454,Sumatera,MEDAN,CDE,Internal,SumateraMEDANCDE,DALAM KOTA,,,,3,REGULAR,6:17:00,290160,95294,58
260330H072,HCI,30-Mar-2026,CDELC,BK8074MQ,Pematangsiantar,Sumatera Utara,Solar,29.41,HUB,11,8.23,10,3,416000,821325,Sumatera,PEMATANGSIANTAR,CDE,Internal,SumateraPEMATANGSIANTARCDE,LUAR KOTA,1300000,-478675,-36.82%,3,REGULAR,8:04:00,193440,211885,246
260330C232,HCI,30-Mar-2026,CDELC,BK8009MI,Medan,Sumatera Utara,Solar,6.62,Customer,7,6.97,10,5,45000,410909,Sumatera,MEDAN,CDE,Internal,SumateraMEDANCDE,DALAM KOTA,,,,3,REGULAR,3:16:00,290160,75749,48
260330D145,AHI,30-Mar-2026,CDELC,BK8309MS,Medan,Sumatera Utara,Solar,5.15,Store,2,8.34,10,1,50000,317171,Sumatera,MEDAN,CDE,Internal,SumateraMEDANCDE,DALAM KOTA,,,,3,REGULAR,5:55:00,124354,142817,37
260330C243,HCI,30-Mar-2026,CDELC,BK8099LM,Medan,Sumatera Utara,Solar,5.88,Customer,5,6.62,10,4,40000,321490,Sumatera,MEDAN,CDE,Internal,SumateraMEDANCDE,DALAM KOTA,,,,3,REGULAR,4:28:00,193440,88050,42
260330D003,AHI,30-Mar-2026,CDELC,BK8191MQ,Medan,Sumatera Utara,Solar,5.15,Store,7,9.44,10,1,54500,257163,Sumatera,MEDAN,CDE,Internal,SumateraMEDANCDE,DALAM KOTA,,,,3,REGULAR,4:08:00,96720,105943,36
260330C269,HCI,30-Mar-2026,PICKUP,BK8696MS,Medan,Sumatera Utara,Pertalite,10.3,Customer,9,3.0,3,6,132000,619413,Sumatera,MEDAN,PICKUP,Internal,SumateraMEDANPICKUP,DALAM KOTA,,,,3,REGULAR,10:55:00,386880,100533,85
260331C196,HCI,31-Mar-2026,CDELC,BK8806MH,Medan,Sumatera Utara,Solar,12.5,Customer,17,5.3,10,10,99500,676968,Sumatera,MEDAN,CDE,Internal,SumateraMEDANCDE,DALAM KOTA,,,,3,REGULAR,8:57:00,386880,190588,97
260331C197,HCI,31-Mar-2026,CDELC,BK8146LM,Medan,Sumatera Utara,Solar,10.29,Customer,12,6.24,10,10,70000,608377,Sumatera,MEDAN,CDE,Internal,SumateraMEDANCDE,DALAM KOTA,,,,3,REGULAR,8:11:00,386880,151497,68
260331C198,HCI,31-Mar-2026,CDELC,BK8805MH,Karo,Sumatera Utara,Solar,22.06,Customer,9,9.73,10,6,150000,727468,Sumatera,KARO,CDE,Internal,SumateraKAROCDE,DALAM KOTA,,,,3,REGULAR,10:54:00,386880,190588,166
260331C199,HCI,31-Mar-2026,CDELC,BK8172LM,Medan,Sumatera Utara,Solar,13.97,Customer,16,6.14,10,11,95000,633377,Sumatera,MEDAN,CDE,Internal,SumateraMEDANCDE,DALAM KOTA,,,,3,REGULAR,11:28:00,386880,151497,89
260331C201,HCI,31-Mar-2026,CDELC,BK8141LM,Binjai,Sumatera Utara,Solar,12.65,Customer,4,3.58,10,2,150000,687974,Sumatera,BINJAI,CDE,Internal,SumateraBINJAICDE,DALAM KOTA,,,,3,REGULAR,7:32:00,386880,151094,115
260331C202,HCI,31-Mar-2026,CDELC,BK8047MQ,Medan,Sumatera Utara,Solar,6.62,Customer,11,10.0,10,7,60000,465325,Sumatera,MEDAN,CDE,Internal,SumateraMEDANCDE,DALAM KOTA,,,,3,REGULAR,3:21:00,193440,211885,55
260331C203,HCI,31-Mar-2026,CDELC,BK8099LM,Medan,Sumatera Utara,Solar,10.29,Customer,11,4.8,10,7,90000,652980,Sumatera,MEDAN,CDE,Internal,SumateraMEDANCDE,DALAM KOTA,,,,3,REGULAR,8:07:00,386880,176100,72
260331C204,HCI,31-Mar-2026,CDELC,BK8031LM,Medan,Sumatera Utara,Solar,8.09,Customer,5,2.2,10,4,69500,414034,Sumatera,MEDAN,CDE,Internal,SumateraMEDANCDE,DALAM KOTA,,,,3,REGULAR,3:24:00,193440,151094,72
260331C205,HCI,31-Mar-2026,CDELC,BK8073MQ,Deli Serdang,Sumatera Utara,Solar,11.02941176,Customer,10,7.8,10,7,89000,591045,Sumatera,DELI SERDANG,CDE,Internal,SumateraDELI SERDANGCDE,DALAM KOTA,,,,3,REGULAR,3:10:00,290160,211885,68
260331C206,HCI,31-Mar-2026,CDELC,BK8803MH,Medan,Sumatera Utara,Solar,23.67647059,Customer,11,6.12,10,10,199500,776968,Sumatera,MEDAN,CDE,Internal,SumateraMEDANCDE,DALAM KOTA,,,,3,REGULAR,8:42:00,386880,190588,156
260331C207,HCI,31-Mar-2026,CDELC,BK8075MQ,Medan,Sumatera Utara,,,Customer,14,9.37,10,11,108000,706765,Sumatera,MEDAN,CDE,Internal,SumateraMEDANCDE,DALAM KOTA,,,,3,REGULAR,6:45:00,386880,211885,93
260331C215,HCI,31-Mar-2026,CDELC,BK8135LM,Medan,Sumatera Utara,Solar,7.65,Customer,8,4.58,10,5,59000,500657,Sumatera,MEDAN,CDE,Internal,SumateraMEDANCDE,DALAM KOTA,,,,3,REGULAR,4:48:00,290160,151497,61
260331C224,HCI,31-Mar-2026,PICKUP,BK8696MS,Medan,Sumatera Utara,Pertalite,5.2,Customer,5,3.0,3,3,77000,564413,Sumatera,MEDAN,PICKUP,Internal,SumateraMEDANPICKUP,DALAM KOTA,,,,3,REGULAR,6:44:00,386880,100533,49
260331C195,HCI,31-Mar-2026,CDELC,BK8804MH,Medan,Sumatera Utara,Solar,6.62,Customer,20,7.08,10,9,45000,622468,Sumatera,MEDAN,CDE,Internal,SumateraMEDANCDE,DALAM KOTA,,,,3,REGULAR,8:50:00,386880,190588,46
260331C194,HCI,31-Mar-2026,CDELC,BK8807MH,Medan,Sumatera Utara,Solar,9.56,Customer,26,6.1,10,12,74000,651468,Sumatera,MEDAN,CDE,Internal,SumateraMEDANCDE,DALAM KOTA,,,,3,REGULAR,7:57:00,386880,190588,58
260331C191,HCI,31-Mar-2026,CDELC,BK8191MQ,Medan,Sumatera Utara,Solar,8.82,Customer,23,5.73,10,12,97500,502825,Sumatera,MEDAN,CDE,Internal,SumateraMEDANCDE,DALAM KOTA,,,,3,REGULAR,8:17:00,193440,211885,58
260331C190,HCI,31-Mar-2026,CDELC,BK8009MI,Deli Serdang,Sumatera Utara,Solar,10.29,Customer,15,7.14,10,8,77000,615377,Sumatera,DELI SERDANG,CDE,Internal,SumateraDELI SERDANGCDE,DALAM KOTA,,,,3,REGULAR,6:48:00,386880,151497,68
260331D069,HCI,31-Mar-2026,CDELC,BK8871MS,Medan,Sumatera Utara,Solar,5.88,Store,72,9.99,10,3,65000,258440,Sumatera,MEDAN,CDE,Internal,SumateraMEDANCDE,DALAM KOTA,,,,3,REGULAR,7:23:00,193440,,36
260331D070,HCI,31-Mar-2026,CDELC,BK8647MS,Medan,Sumatera Utara,Solar,6.62,Store,73,8.37,10,4,63500,549307,Sumatera,MEDAN,CDE,Internal,SumateraMEDANCDE,DALAM KOTA,,,,3,REGULAR,7:50:00,193440,292367,43
260331C242,HCI,31-Mar-2026,PICKUP,BK8633MS,Medan,Sumatera Utara,Pertalite,15,Customer,11,3.0,3,11,164500,638941,Sumatera,MEDAN,PICKUP,Internal,SumateraMEDANPICKUP,DALAM KOTA,,,,3,REGULAR,11:07:00,386880,87561,151
260331D001,HCI,31-Mar-2026,CDELC,BK8192MQ,Medan,Sumatera Utara,Solar,7.35,Store,71,9.64,10,3,60000,465325,Sumatera,MEDAN,CDE,Internal,SumateraMEDANCDE,DALAM KOTA,,,,3,REGULAR,7:49:00,193440,211885,45
260331D002,HCI,31-Mar-2026,CDELC,BK8309MS,Medan,Sumatera Utara,Solar,3.68,Store,67,8.36,10,2,25000,407353,Sumatera,MEDAN,CDE,Internal,SumateraMEDANCDE,DALAM KOTA,,,,3,REGULAR,3:09:00,96720,285633,24
260331H069,HCI,31-Mar-2026,CDELC,BK8074MQ,Pematangsiantar,Sumatera Utara,Solar,32.35,HUB,25,10.0,10,2,436000,841325,Sumatera,PEMATANGSIANTAR,CDE,Internal,SumateraPEMATANGSIANTARCDE,LUAR KOTA,1300000,-458675,-35.28%,3,REGULAR,8:05:00,193440,211885,236
260331D095,FBI,31-Mar-2026,PICKUP,BK8136LM,Medan,Sumatera Utara,Pertalite,4.2,Store,14,1.88,3,4,47000,376995,Sumatera,MEDAN,MINI VAN BOX,Internal,SumateraMEDANMINI VAN BOX,DALAM KOTA,,,,3,REGULAR,4:03:00,241800,88195,34
260331D055,AHI,31-Mar-2026,CDELC,BK8646MS,Medan,Sumatera Utara,Solar,3.82,Store,138,8.44,11,1,26000,560167,Sumatera,MEDAN,CDE LONG CHASSIS,Internal,SumateraMEDANCDE LONG CHASSIS,DALAM KOTA,,,,3,REGULAR,1:41:00,241800,292367,22
260331D092,FBI,31-Mar-2026,PICKUP,A8330VX,Medan,Sumatera Utara,Pertalite,7.5,Store,10,1.87,3,3,90000,415967,Sumatera,MEDAN,MINI VAN BOX,Internal,SumateraMEDANMINI VAN BOX,DALAM KOTA,,,,3,REGULAR,6:49:00,241800,84167,62
260331D100,KLS,31-Mar-2026,CDELC,BK8299MH,Medan,Sumatera Utara,Solar,4.41,Store,6,9.45,10,2,30000,326577,Sumatera,MEDAN,CDE,Internal,SumateraMEDANCDE,DALAM KOTA,,,,3,REGULAR,4:26:00,145080,151497,31
260401C202,HCI,1-Apr-2026,CDELC,BK8146LM,Medan,Sumatera Utara,Solar,8.09,Customer,11,5.45,10,7,55000,399937,Sumatera,MEDAN,CDE,Internal,SumateraMEDANCDE,DALAM KOTA,,,,4,REGULAR,7:14:00,193440,151497,50
260401C204,HCI,1-Apr-2026,CDELC,BK8172LM,Medan,Sumatera Utara,Solar,13.97,Customer,11,3.13,10,8,98000,636377,Sumatera,MEDAN,CDE,Internal,SumateraMEDANCDE,DALAM KOTA,,,,4,REGULAR,8:47:00,386880,151497,118
260401C205,HCI,1-Apr-2026,CDELC,BK8099LM,Binjai,Sumatera Utara,Solar,21.32,Customer,12,3.3,10,9,181500,744480,Sumatera,BINJAI,CDE,Internal,SumateraBINJAICDE,DALAM KOTA,,,,4,REGULAR,7:53:00,386880,176100,151
260401C206,HCI,1-Apr-2026,CDELC,BK8031LM,Medan,Sumatera Utara,Solar,15.44,Customer,17,4.59,10,10,127500,665474,Sumatera,MEDAN,CDE,Internal,SumateraMEDANCDE,DALAM KOTA,,,,4,REGULAR,9:46:00,386880,151094,105
260401C207,HCI,1-Apr-2026,CDELC,BK8803MH,Medan,Sumatera Utara,Solar,9.85,Customer,12,5.18,10,5,88500,377234,Sumatera,MEDAN,CDE,Internal,SumateraMEDANCDE,DALAM KOTA,,,,4,REGULAR,6:10:00,193440,95294,81
260401C208,HCI,1-Apr-2026,CDELC,BK8309MS,Medan,Sumatera Utara,Solar,13.68,Customer,9,3.01,10,3,104000,583073,Sumatera,MEDAN,CDE,Internal,SumateraMEDANCDE,DALAM KOTA,,,,4,REGULAR,5:44:00,193440,285633,89
260401C209,HCI,1-Apr-2026,CDELC,BK8075MQ,Medan,Sumatera Utara,Solar,21.76,Customer,14,9.76,10,9,166000,764765,Sumatera,MEDAN,CDE,Internal,SumateraMEDANCDE,DALAM KOTA,,,,4,REGULAR,13:16:00,386880,211885,128
260401C211,HCI,1-Apr-2026,CDELC,BK8009MI,Medan,Sumatera Utara,Solar,8.97,Customer,13,7.58,10,5,80000,445909,Sumatera,MEDAN,CDE,Internal,SumateraMEDANCDE,DALAM KOTA,,,,4,REGULAR,3:15:00,290160,75749,58
260401C212,HCI,1-Apr-2026,CDELC,BK8135LM,Medan,Sumatera Utara,Solar,9.12,Customer,11,10.0,10,9,79500,617877,Sumatera,MEDAN,CDE,Internal,SumateraMEDANCDE,DALAM KOTA,,,,4,REGULAR,9:18:00,386880,151497,58
260401C213,HCI,1-Apr-2026,CDELC,BK8191MQ,Deli Serdang,Sumatera Utara,Solar,11.47,Customer,9,6.69,10,7,84000,489325,Sumatera,DELI SERDANG,CDE,Internal,SumateraDELI SERDANGCDE,DALAM KOTA,,,,4,REGULAR,7:37:00,193440,211885,79
260401C222,HCI,1-Apr-2026,CDELC,BK8803MH,Medan,Sumatera Utara,Solar,4.41,Customer,3,7.89,10,2,30000,222014,Sumatera,MEDAN,CDE,Internal,SumateraMEDANCDE,DALAM KOTA,,,,4,REGULAR,-0:55:00,96720,95294,27
260401C223,HCI,1-Apr-2026,CDELC,BK8047MQ,Asahan,Sumatera Utara,Solar,60,Customer,3,6.42,10,3,761500,1263545,Sumatera,ASAHAN,CDE,Internal,SumateraASAHANCDE,LUAR KOTA,,,,4,REGULAR,-2:41:00,290160,211885,474
260401C232,HCI,1-Apr-2026,PICKUP,BK8633MS,Binjai,Sumatera Utara,Pertalite,10,Customer,3,2.69,3,3,148000,385221,Sumatera,BINJAI,PICKUP,Internal,SumateraBINJAIPICKUP,DALAM KOTA,,,,4,REGULAR,11:05:00,193440,43781,84
260401C201,HCI,1-Apr-2026,CDELC,BK8805MH,Medan,Sumatera Utara,Solar,8.53,Customer,21,7.74,10,12,73000,650468,Sumatera,MEDAN,CDE,Internal,SumateraMEDANCDE,DALAM KOTA,,,,4,REGULAR,8:05:00,386880,190588,50
260401C200,HCI,1-Apr-2026,CDELC,BK8806MH,Medan,Sumatera Utara,Solar,9.56,Customer,20,7.98,10,11,68000,452028,Sumatera,MEDAN,CDE,Internal,SumateraMEDANCDE,DALAM KOTA,,,,4,REGULAR,8:41:00,193440,190588,73
260401C199,HCI,1-Apr-2026,CDELC,BK8804MH,Medan,Sumatera Utara,Solar,8.82,Customer,22,5.56,10,13,101000,678468,Sumatera,MEDAN,CDE,Internal,SumateraMEDANCDE,DALAM KOTA,,,,4,REGULAR,8:49:00,386880,190588,57
260401C198,HCI,1-Apr-2026,CDELC,BK8807MH,Deli Serdang,Sumatera Utara,Solar,11.76,Customer,14,7.66,10,10,94500,478528,Sumatera,DELI SERDANG,CDE,Internal,SumateraDELI SERDANGCDE,DALAM KOTA,,,,4,REGULAR,8:27:00,193440,190588,71
260401C294,HCI,1-Apr-2026,PICKUP,BK8633MS,Medan,Sumatera Utara,Pertalite,4.5,Customer,1,3.0,3,1,77500,314721,Sumatera,MEDAN,PICKUP,Internal,SumateraMEDANPICKUP,DALAM KOTA,,,,4,NON REGULAR,1:35:00,193440,43781,68
260401C272,KLS,1-Apr-2026,FUSO,BK8815MG,Deli Serdang,Sumatera Utara,Solar,13.97,Customer,1,25.0,34,1,113500,854338,Sumatera,DELI SERDANG,FUSO,Internal,SumateraDELI SERDANGFUSO,DALAM KOTA,,,,4,REGULAR,9:53:00,386880,353958,56
260401C273,KLS,1-Apr-2026,CDELC,BK8112LM,Deli Serdang,Sumatera Utara,Solar,13.53,Customer,5,8.8,10,5,100000,637974,Sumatera,DELI SERDANG,CDE,Internal,SumateraDELI SERDANGCDE,DALAM KOTA,,,,4,REGULAR,7:13:00,386880,151094,85
260401D083,HCI,1-Apr-2026,CDELC,BK8647MS,Medan,Sumatera Utara,Solar,6.62,Store,37,10.0,10,2,48500,534307,Sumatera,MEDAN,CDE,Internal,SumateraMEDANCDE,DALAM KOTA,,,,4,REGULAR,7:57:00,193440,292367,41
260401D091,HCI,1-Apr-2026,CDELC,BK8192MQ,Medan,Sumatera Utara,Solar,4.41,Store,44,10.0,10,3,60000,465325,Sumatera,MEDAN,CDE,Internal,SumateraMEDANCDE,DALAM KOTA,,,,4,REGULAR,8:25:00,193440,211885,30
260401C295,AHI,1-Apr-2026,CDELC,BK8136LM,Medan,Sumatera Utara,,3.7,Customer,1,3.0,10,1,37000,322898,Sumatera,MEDAN,CDE,Internal,SumateraMEDANCDE,DALAM KOTA,,,,4,NON REGULAR,2:34:00,241800,44098,41
260401D005,HCI,1-Apr-2026,CDELC,BK8009MI,Medan,Sumatera Utara,Solar,6.32,Store,52,9.56,10,1,50000,319189,Sumatera,MEDAN,CDE,Internal,SumateraMEDANCDE,DALAM KOTA,,,,4,REGULAR,4:12:00,193440,75749,47
260401H045,HCI,1-Apr-2026,CDELC,BK8871MS,Pematangsiantar,Sumatera Utara,Solar,35.29,HUB,22,8.47,10,2,459000,652440,Sumatera,PEMATANGSIANTAR,CDE,Internal,SumateraPEMATANGSIANTARCDE,LUAR KOTA,1300000,-647560,-49.81%,4,REGULAR,11:03:00,193440,,258
260401H050,HCI,1-Apr-2026,CDELC,BK8299MH,Pematangsiantar,Sumatera Utara,Solar,30.88,HUB,14,9.52,10,2,481000,825937,Sumatera,PEMATANGSIANTAR,CDE,Internal,SumateraPEMATANGSIANTARCDE,LUAR KOTA,1300000,-474063,-36.47%,4,REGULAR,8:24:00,193440,151497,265
260401L095,AHI,1-Apr-2026,CDELC,BK8646MS,Pematangsiantar,Sumatera Utara,Solar,33.82,Store,240,11.0,11,1,446000,883447,Sumatera,PEMATANGSIANTAR,CDE LONG CHASSIS,Internal,SumateraPEMATANGSIANTARCDE LONG CHASSIS,LUAR KOTA,1400000,-516553,-36.90%,4,REGULAR,11:24:00,145080,292367,229
260401D003,HCI,1-Apr-2026,PICKUP,BK8696MS,Medan,Sumatera Utara,Pertalite,3,Store,23,1.95,3,1,43000,336973,Sumatera,MEDAN,PICKUP,Internal,SumateraMEDANPICKUP,DALAM KOTA,,,,4,REGULAR,3:07:00,193440,100533,34
260401X046,HCI,1-Apr-2026,CDELC,BK8073MQ,Langkat,Sumatera Utara,Solar,20.59,Other Delivery,1,8.0,10,1,275000,873765,Sumatera,LANGKAT,CDE,Internal,SumateraLANGKATCDE,DALAM KOTA,,,,4,REGULAR,8:26:00,386880,211885,185
260401D001,AHI,1-Apr-2026,CDELC,BK8141LM,Medan,Sumatera Utara,Solar,5.15,Store,45,10.0,10,2,39000,383534,Sumatera,MEDAN,CDE,Internal,SumateraMEDANCDE,DALAM KOTA,,,,4,REGULAR,2:43:00,193440,151094,33
260401L096,AHI,1-Apr-2026,CDELC,BK8074MQ,Pematangsiantar,Sumatera Utara,Solar,35.29,Store,188,10.0,10,2,460000,865325,Sumatera,PEMATANGSIANTAR,CDE,Internal,SumateraPEMATANGSIANTARCDE,LUAR KOTA,1300000,-434675,-33.44%,4,REGULAR,9:03:00,193440,211885,247
260401D103,FBI,1-Apr-2026,PICKUP,A8330VX,Medan,Sumatera Utara,Pertalite,5.5,Store,6,1.76,3,5,64000,293247,Sumatera,MEDAN,MINI VAN BOX,Internal,SumateraMEDANMINI VAN BOX,DALAM KOTA,,,,4,REGULAR,7:34:00,145080,84167,48
260401D105,FBI,1-Apr-2026,PICKUP,BK8136LM,Binjai,Sumatera Utara,Pertalite,9.5,Store,3,1.69,3,3,166500,355678,Sumatera,BINJAI,MINI VAN BOX,Internal,SumateraBINJAIMINI VAN BOX,DALAM KOTA,,,,4,REGULAR,3:47:00,145080,44098,103
260402C184,HCI,2-Apr-2026,CDELC,BK8804MH,Medan,Sumatera Utara,Solar,8.09,Customer,10,5.67,10,6,55000,439028,Sumatera,MEDAN,CDE,Internal,SumateraMEDANCDE,DALAM KOTA,,,,4,REGULAR,3:51:00,193440,190588,50
260402C185,HCI,2-Apr-2026,CDELC,BK8146LM,Medan,Sumatera Utara,Solar,17.64705882,Customer,15,8.76,10,10,120000,658377,Sumatera,MEDAN,CDE,Internal,SumateraMEDANCDE,DALAM KOTA,,,,4,REGULAR,3:15:41,386880,151497,121
260402C186,HCI,2-Apr-2026,CDELC,BK8141LM,Medan,Sumatera Utara,Solar,6.62,Customer,9,10.0,10,5,45000,389534,Sumatera,MEDAN,CDE,Internal,SumateraMEDANCDE,DALAM KOTA,,,,4,NON REGULAR,3:31:00,193440,151094,43
260402C187,HCI,2-Apr-2026,CDELC,BK8009MI,Binjai,Sumatera Utara,Solar,12.05882353,Customer,11,6.67,10,7,122500,488409,Sumatera,BINJAI,CDE,Internal,SumateraBINJAICDE,DALAM KOTA,,,,4,REGULAR,0:24:00,290160,75749,78
260402C188,HCI,2-Apr-2026,CDELC,BK8031LM,Binjai,Sumatera Utara,Solar,16.18,Customer,6,6.68,10,3,145500,683474,Sumatera,BINJAI,CDE,Internal,SumateraBINJAICDE,DALAM KOTA,,,,4,REGULAR,8:26:00,386880,151094,122
260402C189,HCI,2-Apr-2026,CDELC,BK8646MS,Medan,Sumatera Utara,Solar,16.91,Customer,15,9.4,10,12,150500,829747,Sumatera,MEDAN,CDE,Internal,SumateraMEDANCDE,DALAM KOTA,,,,4,REGULAR,8:34:00,386880,292367,106
260402C190,HCI,2-Apr-2026,CDELC,BK8112LM,Medan,Sumatera Utara,Solar,11.76,Customer,6,4.44,10,5,80000,445707,Sumatera,MEDAN,CDE,Internal,SumateraMEDANCDE,DALAM KOTA,,,,4,REGULAR,3:21:00,290160,75547,72
260402C193,HCI,2-Apr-2026,CDELC,BK8075MQ,Medan,Sumatera Utara,Solar,14.70588235,Customer,12,4.02,10,8,143000,741765,Sumatera,MEDAN,CDE,Internal,SumateraMEDANCDE,DALAM KOTA,,,,4,REGULAR,6:18:00,386880,211885,86
260402C194,HCI,2-Apr-2026,CDELC,BK8309MS,Medan,Sumatera Utara,Solar,8.09,Customer,9,9.27,10,8,63000,638793,Sumatera,MEDAN,CDE,Internal,SumateraMEDANCDE,DALAM KOTA,,,,4,REGULAR,4:35:00,290160,285633,64
260402C197,HCI,2-Apr-2026,CDELC,BK8871MS,Toba,Sumatera Utara,Solar,58.82352941,Customer,2,9.67,10,1,608000,994880,Sumatera,TOBA,CDE,Internal,SumateraTOBACDE,LUAR KOTA,,,,4,REGULAR,5:12:00,386880,,473
260402C183,HCI,2-Apr-2026,CDELC,BK8099LM,Medan,Sumatera Utara,Solar,5.88,Customer,18,8.39,10,8,49000,330490,Sumatera,MEDAN,CDE,Internal,SumateraMEDANCDE,DALAM KOTA,,,,4,REGULAR,5:19:00,193440,88050,54
260402C182,HCI,2-Apr-2026,CDELC,BK8805MH,Medan,Sumatera Utara,Solar,8.82,Customer,22,9.49,10,14,65000,449028,Sumatera,MEDAN,CDE,Internal,SumateraMEDANCDE,DALAM KOTA,,,,4,REGULAR,9:05:00,193440,190588,58
260402C181,HCI,2-Apr-2026,CDELC,BK8807MH,Medan,Sumatera Utara,Solar,12.5,Customer,18,10.0,10,10,122500,506528,Sumatera,MEDAN,CDE,Internal,SumateraMEDANCDE,DALAM KOTA,,,,4,REGULAR,8:47:00,193440,190588,80
260402C298,HCI,2-Apr-2026,CDELC,BK8299MH,Medan,Sumatera Utara,Solar,5.88,Customer,1,0.09,10,1,40000,309189,Sumatera,MEDAN,CDE,Internal,SumateraMEDANCDE,DALAM KOTA,,,,4,NON REGULAR,0:35:00,193440,75749,42
260402C180,HCI,2-Apr-2026,CDELC,BK8803MH,Deli Serdang,Sumatera Utara,Solar,20.88235294,Customer,21,7.77,10,15,167000,551028,Sumatera,DELI SERDANG,CDE,Internal,SumateraDELI SERDANGCDE,DALAM KOTA,,,,4,REGULAR,10:34:00,193440,190588,131
260402C224,HCI,2-Apr-2026,PICKUP,BK8696MS,Medan,Sumatera Utara,Pertalite,6.4,Customer,3,2.31,3,2,68500,408927,Sumatera,MEDAN,PICKUP,Internal,SumateraMEDANPICKUP,DALAM KOTA,,,,4,REGULAR,-1:09:00,290160,50267,64
260402D059,HCI,2-Apr-2026,CDELC,BK8047MQ,Medan,Sumatera Utara,Solar,4.41,Store,62,10.0,10,1,45000,450325,Sumatera,MEDAN,CDE,Internal,SumateraMEDANCDE,DALAM KOTA,,,,4,REGULAR,2:48:00,193440,211885,31
260402D060,AHI,2-Apr-2026,CDELC,BK8009MI,Medan,Sumatera Utara,Solar,2.94,Store,55,9.93,10,1,20000,192469,Sumatera,MEDAN,CDE,Internal,SumateraMEDANCDE,DALAM KOTA,,,,4,REGULAR,1:42:00,96720,75749,22
260402D061,HCI,2-Apr-2026,CDELC,BK8806MH,Medan,Sumatera Utara,Solar,4.41,Store,41,8.19,10,1,40000,327308,Sumatera,MEDAN,CDE,Internal,SumateraMEDANCDE,DALAM KOTA,,,,4,REGULAR,4:17:00,96720,190588,40
260402D064,HCI,2-Apr-2026,CDELC,BK8192MQ,Medan,Sumatera Utara,Solar,5.59,Store,21,10.0,10,1,38000,443325,Sumatera,MEDAN,CDE,Internal,SumateraMEDANCDE,DALAM KOTA,,,,4,REGULAR,9:18:00,193440,211885,35
260402D065,HCI,2-Apr-2026,CDELC,BK8135LM,Medan,Sumatera Utara,Solar,3.68,Store,54,8.51,10,2,25000,273217,Sumatera,MEDAN,CDE,Internal,SumateraMEDANCDE,DALAM KOTA,,,,4,REGULAR,0:22:00,96720,151497,30
260402D066,HCI,2-Apr-2026,CDELC,BK8073MQ,Medan,Sumatera Utara,Solar,4.41,Store,19,10.0,10,1,59500,464825,Sumatera,MEDAN,CDE,Internal,SumateraMEDANCDE,DALAM KOTA,,,,4,REGULAR,9:29:00,193440,211885,44
260402D067,HCI,2-Apr-2026,CDELC,BK8191MQ,Medan,Sumatera Utara,Solar,6.62,Store,76,9.49,10,4,64500,469825,Sumatera,MEDAN,CDE,Internal,SumateraMEDANCDE,DALAM KOTA,,,,4,REGULAR,7:42:00,193440,211885,51
260402D070,AHI,2-Apr-2026,CDELC,BK8172LM,Medan,Sumatera Utara,Solar,5.88,Store,81,8.84,10,1,47000,391937,Sumatera,MEDAN,CDE,Internal,SumateraMEDANCDE,DALAM KOTA,,,,4,REGULAR,2:58:00,193440,151497,39
260402D073,AHI,2-Apr-2026,PICKUP,BK8696MS,Medan,Sumatera Utara,Pertalite,3.7,Store,23,2.19,3,1,42000,285707,Sumatera,MEDAN,PICKUP,Internal,SumateraMEDANPICKUP,DALAM KOTA,,,,4,REGULAR,2:23:00,193440,50267,30
260402C240,HCI,2-Apr-2026,PICKUP,BK8633MS,Medan,Sumatera Utara,Pertalite,25.3,Customer,9,3.0,3,8,400000,874441,Sumatera,MEDAN,PICKUP,Internal,SumateraMEDANPICKUP,DALAM KOTA,,,,4,REGULAR,12:10:00,386880,87561,298
260402D105,AHI,2-Apr-2026,CDELC,BK8647MS,Medan,Sumatera Utara,Solar,5.88,Store,26,9.03,10,1,50000,535807,Sumatera,MEDAN,CDE,Internal,SumateraMEDANCDE,DALAM KOTA,,,,4,REGULAR,6:11:00,193440,292367,36
260402D117,HCI,2-Apr-2026,PICKUP,A8330VX,Medan,Sumatera Utara,Pertalite,4,Store,1,3.0,3,1,45000,232163,Sumatera,MEDAN,MINI VAN BOX,Internal,SumateraMEDANMINI VAN BOX,DALAM KOTA,,,,4,REGULAR,2:45:00,145080,42083,33
260402H059,HCI,2-Apr-2026,CDELC,BK8074MQ,Pematangsiantar,Sumatera Utara,Solar,30.88,HUB,20,8.76,10,1,426000,831325,Sumatera,PEMATANGSIANTAR,CDE,Internal,SumateraPEMATANGSIANTARCDE,LUAR KOTA,1300000,-468675,-36.05%,4,REGULAR,8:05:00,193440,211885,245
260402C295,HCI,2-Apr-2026,PICKUP,BK8136LM,Medan,Sumatera Utara,Pertalite,8,Customer,4,3.0,3,4,100500,531478,Sumatera,MEDAN,MINI VAN BOX,Internal,SumateraMEDANMINI VAN BOX,DALAM KOTA,,,,4,REGULAR,5:30:00,386880,44098,98
260402X060,HCI,2-Apr-2026,CDELC,BK8099LM,Medan,Sumatera Utara,Solar,2.94,Other Delivery,1,8.8,10,1,20000,349850,Sumatera,MEDAN,CDE,Internal,SumateraMEDANCDE,DALAM KOTA,,,,4,REGULAR,1:25:00,241800,88050,19
260402D002,AHI,2-Apr-2026,CDELC,BK8112LM,Medan,Sumatera Utara,Solar,5.88,Store,85,9.69,10,1,40000,212267,Sumatera,MEDAN,CDE,Internal,SumateraMEDANCDE,DALAM KOTA,,,,4,REGULAR,-0:25:00,96720,75547,44
260402D098,FBI,2-Apr-2026,PICKUP,A8330VX,Medan,Sumatera Utara,Pertalite,4,Store,5,1.43,3,3,45000,232163,Sumatera,MEDAN,MINI VAN BOX,Internal,SumateraMEDANMINI VAN BOX,DALAM KOTA,,,,4,REGULAR,6:30:00,145080,42083,38
260402L106,FBI,2-Apr-2026,PICKUP,BK8136LM,Medan,Sumatera Utara,Pertalite,6.6,Store,5,0.84,3,4,84500,370398,Sumatera,MEDAN,MINI VAN BOX,Internal,SumateraMEDANMINI VAN BOX,DALAM KOTA,,,,4,REGULAR,3:56:00,241800,44098,72
260402D003,HCI,2-Apr-2026,CDELC,BK8299MH,Medan,Sumatera Utara,Solar,5.88,Store,56,9.05,10,1,50000,319189,Sumatera,MEDAN,CDE,Internal,SumateraMEDANCDE,DALAM KOTA,,,,4,REGULAR,-2:02:00,193440,75749,38
260403C156,HCI,3-Apr-2026,CDELC,BK8099LM,Medan,Sumatera Utara,Solar,13.24,Customer,16,5.45,10,9,137000,699980,Sumatera,MEDAN,CDE,Internal,SumateraMEDANCDE,DALAM KOTA,,,,4,REGULAR,7:59:00,386880,176100,104
260403C151,HCI,3-Apr-2026,CDELC,BK8309MS,Medan,Sumatera Utara,Solar,10.74,Customer,13,4.26,10,4,73000,552073,Sumatera,MEDAN,CDE,Internal,SumateraMEDANCDE,DALAM KOTA,,,,4,REGULAR,7:26:00,193440,285633,74
260403C217,HCI,3-Apr-2026,CDELC,BK8871MS,Serdang Bedagai,Sumatera Utara,Solar,14.70588235,Customer,1,2.52,10,1,183000,569880,Sumatera,SERDANG BEDAGAI,CDE,Internal,SumateraSERDANG BEDAGAICDE,DALAM KOTA,,,,4,REGULAR,6:54:00,386880,,127
260403D071,HCI,3-Apr-2026,CDELC,BK8191MQ,Medan,Sumatera Utara,Solar,5.15,Store,45,8.76,10,2,35000,440325,Sumatera,MEDAN,CDE,Internal,SumateraMEDANCDE,DALAM KOTA,,,,4,REGULAR,7:28:00,193440,211885,42
260403C155,HCI,3-Apr-2026,CDELC,BK8073MQ,Medan,Sumatera Utara,Solar,14.41,Customer,10,7.74,10,8,150000,748765,Sumatera,MEDAN,CDE,Internal,SumateraMEDANCDE,DALAM KOTA,,,,4,REGULAR,9:11:00,386880,211885,131
260403C201,HCI,3-Apr-2026,PICKUP,BK8633MS,Deli Serdang,Sumatera Utara,Pertalite,9.9,Customer,5,2.66,3,5,164000,638441,Sumatera,DELI SERDANG,PICKUP,Internal,SumateraDELI SERDANGPICKUP,DALAM KOTA,,,,4,REGULAR,7:10:00,386880,87561,122
260403C153,HCI,3-Apr-2026,CDELC,BK8806MH,Medan,Sumatera Utara,Solar,9.56,Customer,12,5.78,10,8,69000,453028,Sumatera,MEDAN,CDE,Internal,SumateraMEDANCDE,DALAM KOTA,,,,4,REGULAR,7:44:00,193440,190588,65
260403C149,HCI,3-Apr-2026,CDELC,BK8047MQ,Deli Serdang,Sumatera Utara,Solar,16.18,Customer,13,3.94,10,8,117000,715765,Sumatera,DELI SERDANG,CDE,Internal,SumateraDELI SERDANGCDE,DALAM KOTA,,,,4,REGULAR,7:16:00,386880,211885,115
260403C160,HCI,3-Apr-2026,CDELC,BK8807MH,Medan,Sumatera Utara,Solar,9.56,Customer,11,8.87,10,6,72500,649968,Sumatera,MEDAN,CDE,Internal,SumateraMEDANCDE,DALAM KOTA,,,,4,REGULAR,7:59:00,386880,190588,64
260403C150,HCI,3-Apr-2026,CDELC,BK8804MH,Medan,Sumatera Utara,Solar,7.65,Customer,23,9.03,10,14,91000,668468,Sumatera,MEDAN,CDE,Internal,SumateraMEDANCDE,DALAM KOTA,,,,4,REGULAR,11:07:00,386880,190588,56
260403D110,FBI,3-Apr-2026,PICKUP,A8330VX,Medan,Sumatera Utara,Pertalite,6.9,Store,6,1.71,3,5,74000,399967,Sumatera,MEDAN,MINI VAN BOX,Internal,SumateraMEDANMINI VAN BOX,DALAM KOTA,,,,4,REGULAR,7:13:00,241800,84167,56
260403X013,AHI,3-Apr-2026,CDELC,BK8075MQ,Medan,Sumatera Utara,Solar,5.15,Other Delivery,3,10.0,10,3,40000,493685,Sumatera,MEDAN,CDE,Internal,SumateraMEDANCDE,DALAM KOTA,,,,4,REGULAR,5:15:00,241800,211885,49
260403C190,HCI,3-Apr-2026,PICKUP,BK8696MS,Medan,Sumatera Utara,Pertalite,5.8,Customer,6,3.0,3,4,67500,554913,Sumatera,MEDAN,PICKUP,Internal,SumateraMEDANPICKUP,DALAM KOTA,,,,4,REGULAR,7:28:00,386880,100533,56
260403D109,FBI,3-Apr-2026,CDELC,BK8031LM,Binjai,Sumatera Utara,Solar,12.5,Store,8,9.86,10,5,128000,520894,Sumatera,BINJAI,CDE,Internal,SumateraBINJAICDE,DALAM KOTA,,,,4,REGULAR,9:09:00,241800,151094,109
260403D069,AHI,3-Apr-2026,CDELC,BK8172LM,Medan,Sumatera Utara,Solar,6.617647059,Store,92,9.2,10,1,45000,389937,Sumatera,MEDAN,CDE,Internal,SumateraMEDANCDE,DALAM KOTA,,,,4,REGULAR,0:43:00,193440,151497,43
260403L069,AHI,3-Apr-2026,CDELC,BK8074MQ,Pematangsiantar,Sumatera Utara,Solar,27.79,Store,43,8.53,10,1,405000,858685,Sumatera,PEMATANGSIANTAR,CDE,Internal,SumateraPEMATANGSIANTARCDE,LUAR KOTA,1300000,-441315,-33.95%,4,REGULAR,6:40:00,241800,211885,238
260403D073,HCI,3-Apr-2026,CDELC,BK8192MQ,Medan,Sumatera Utara,Solar,6.62,Store,58,9.14,10,4,75000,480325,Sumatera,MEDAN,CDE,Internal,SumateraMEDANCDE,DALAM KOTA,,,,4,REGULAR,7:55:00,193440,211885,42
260403C152,HCI,3-Apr-2026,CDELC,BK8805MH,Medan,Sumatera Utara,Solar,11.03,Customer,27,7.58,10,13,79000,656468,Sumatera,MEDAN,CDE,Internal,SumateraMEDANCDE,DALAM KOTA,,,,4,REGULAR,7:55:00,386880,190588,71
260403C154,HCI,3-Apr-2026,CDELC,BK8141LM,Medan,Sumatera Utara,Solar,10.29,Customer,13,6.91,10,9,70000,607974,Sumatera,MEDAN,CDE,Internal,SumateraMEDANCDE,DALAM KOTA,,,,4,REGULAR,6:35:00,386880,151094,66
260404D103,FBI,4-Apr-2026,PICKUP,BK8136LM,Medan,Sumatera Utara,Pertalite,5,Store,9,2.62,3,4,55000,401115,Sumatera,MEDAN,MINI VAN BOX,Internal,SumateraMEDANMINI VAN BOX,DALAM KOTA,,,,4,REGULAR,6:31:00,257920,88195,40
260404C176,HCI,4-Apr-2026,CDELC,BK8047MQ,Medan,Sumatera Utara,Solar,6.62,Customer,16,3.28,10,9,55000,653765,Sumatera,MEDAN,CDE,Internal,SumateraMEDANCDE,DALAM KOTA,,,,4,REGULAR,6:58:00,386880,211885,48
260404C189,HCI,4-Apr-2026,CDELC,BK8647MS,Medan,Sumatera Utara,Solar,4.41,Customer,5,9.91,10.0,4,30000,515807,Sumatera,MEDAN,CDE,Internal,SumateraMEDANCDE,DALAM KOTA,,,,4,REGULAR,3:54:00,193440,292367,34
260404D095,HCI,4-Apr-2026,CDELC,BK8299MH,Medan,Sumatera Utara,Solar,4.41,Store,7,10.0,10.0,3,60000,404937,Sumatera,MEDAN,CDE,Internal,SumateraMEDANCDE,DALAM KOTA,,,,4,REGULAR,7:27:00,193440,151497,34
260404C208,HCI,4-Apr-2026,PICKUP,BK8696MS,Medan,Sumatera Utara,Pertalite,6.7,Customer,7,3.0,3.0,6,67000,360973,Sumatera,MEDAN,PICKUP,Internal,SumateraMEDANPICKUP,DALAM KOTA,,,,4,REGULAR,7:14:00,193440,100533,62
260404D102,FBI,4-Apr-2026,PICKUP,A8330VX,Medan,Sumatera Utara,Pertalite,6,Store,4,0.84,3,4,68000,368003,Sumatera,MEDAN,MINI VAN BOX,Internal,SumateraMEDANMINI VAN BOX,DALAM KOTA,,,,4,REGULAR,5:30:00,257920,42083,69
260404D094,HCI,4-Apr-2026,CDELC,BK8009MI,Medan,Sumatera Utara,Solar,7.35,Store,7,10.0,10,3,50000,394937,Sumatera,MEDAN,CDE,Internal,SumateraMEDANCDE,DALAM KOTA,,,,4,REGULAR,7:01:00,193440,151497,54
260404C184,HCI,4-Apr-2026,CDELC,BK8805MH,Medan,Sumatera Utara,Solar,5.88,Customer,18,10.0,10,5,40000,424028,Sumatera,MEDAN,CDE,Internal,SumateraMEDANCDE,DALAM KOTA,,,,4,NON REGULAR,3:46:00,193440,190588,37
260404C179,HCI,4-Apr-2026,CDELC,BK8309MS,Medan,Sumatera Utara,Solar,21.03,Customer,13,5.77,10,8,179000,851513,Sumatera,MEDAN,CDE,Internal,SumateraMEDANCDE,DALAM KOTA,,,,4,REGULAR,9:13:00,386880,285633,152
260404C172,HCI,4-Apr-2026,CDELC,BK8646MS,Deli Serdang,Sumatera Utara,Solar,10.29,Customer,16,5.11,10,10,78500,757747,Sumatera,DELI SERDANG,CDE,Internal,SumateraDELI SERDANGCDE,DALAM KOTA,,,,4,REGULAR,6:21:00,386880,292367,62
260404C181,HCI,4-Apr-2026,CDELC,BK8146LM,Medan,Sumatera Utara,Solar,8.82,Customer,13,3.92,10,8,75000,613377,Sumatera,MEDAN,CDE,Internal,SumateraMEDANCDE,DALAM KOTA,,,,4,REGULAR,6:43:00,386880,151497,61
260404C183,HCI,4-Apr-2026,CDELC,BK8073MQ,Medan,Sumatera Utara,Solar,10.29,Customer,9,8.21,10,7,93000,691765,Sumatera,MEDAN,CDE,Internal,SumateraMEDANCDE,DALAM KOTA,,,,4,REGULAR,5:55:00,386880,211885,80
260404H062,HCI,4-Apr-2026,CDELC,BK8074MQ,Pematangsiantar,Sumatera Utara,Solar,35.29,HUB,14,5.43,10,2,456000,861325,Sumatera,PEMATANGSIANTAR,CDE,Internal,SumateraPEMATANGSIANTARCDE,LUAR KOTA,1300000,-438675,-33.74%,4,REGULAR,8:19:00,193440,211885,253
260404X032,HCI,4-Apr-2026,CDELC,BK8871MS,Medan,Sumatera Utara,Solar,5.15,Other Delivery,3,10.2,11,3,45000,302920,Sumatera,MEDAN,CDE LONG CHASSIS,Internal,SumateraMEDANCDE LONG CHASSIS,DALAM KOTA,,,,4,REGULAR,4:17:00,257920,,48
260404C178,HCI,4-Apr-2026,CDELC,BK8075MQ,Medan,Sumatera Utara,Solar,6.62,Customer,10,5.17,10,7,45000,643765,Sumatera,MEDAN,CDE,Internal,SumateraMEDANCDE,DALAM KOTA,,,,4,REGULAR,8:23:00,386880,211885,44
260404C175,HCI,4-Apr-2026,CDELC,BK8803MH,Medan,Sumatera Utara,Solar,9.56,Customer,23,10.0,10,13,107500,684968,Sumatera,MEDAN,CDE,Internal,SumateraMEDANCDE,DALAM KOTA,,,,4,REGULAR,8:37:00,386880,190588,63
260404C267,HCI,4-Apr-2026,PICKUP,A8330VX,Medan,Sumatera Utara,Pertalite,6.5,Customer,2,0.55,3,2,73000,501963,Sumatera,MEDAN,MINI VAN BOX,Internal,SumateraMEDANMINI VAN BOX,DALAM KOTA,,,,4,NON REGULAR,1106801:48:00,386880,42083,139
260404C185,HCI,4-Apr-2026,CDELC,BK8191MQ,Medan,Sumatera Utara,Solar,7.94,Customer,10,4.28,10,7,67500,666265,Sumatera,MEDAN,CDE,Internal,SumateraMEDANCDE,DALAM KOTA,,,,4,REGULAR,7:31:00,386880,211885,71
260404C200,HCI,4-Apr-2026,PICKUP,BK8633MS,Medan,Sumatera Utara,Pertalite,11,Customer,9,3.0,3,6,145500,619941,Sumatera,MEDAN,PICKUP,Internal,SumateraMEDANPICKUP,DALAM KOTA,,,,4,REGULAR,10:24:00,386880,87561,106
260404C186,HCI,4-Apr-2026,CDELC,BK8022LM,Medan,Sumatera Utara,Solar,9.56,Customer,4,2.94,10,4,65000,602974,Sumatera,MEDAN,CDE,Internal,SumateraMEDANCDE,DALAM KOTA,,,,4,REGULAR,6:01:00,386880,151094,59
260404C177,HCI,4-Apr-2026,CDELC,BK8806MH,Medan,Sumatera Utara,Solar,13.24,Customer,16,4.4,10,9,95000,672468,Sumatera,MEDAN,CDE,Internal,SumateraMEDANCDE,DALAM KOTA,,,,4,REGULAR,7:14:00,386880,190588,73
260405X043,HCI,5-Apr-2026,CDELC,BK8075MQ,Medan,Sumatera Utara,Solar,5,Other Delivery,1,8.0,10,1,34000,536045,Sumatera,MEDAN,CDE,Internal,SumateraMEDANCDE,DALAM KOTA,,,,4,REGULAR,2:42:00,290160,211885,30
260405C148,HCI,5-Apr-2026,CDELC,BK8047MQ,Deli Serdang,Sumatera Utara,Solar,14.12,Customer,18,4.72,10,13,99500,698265,Sumatera,DELI SERDANG,CDE,Internal,SumateraDELI SERDANGCDE,DALAM KOTA,,,,4,REGULAR,8:50:00,386880,211885,110
260405X041,HCI,5-Apr-2026,CDELC,BK8192MQ,Medan,Sumatera Utara,Solar,7.79,Other Delivery,2,3.3,10,2,58000,560045,Sumatera,MEDAN,CDE,Internal,SumateraMEDANCDE,DALAM KOTA,,,,4,REGULAR,4:52:00,290160,211885,50
260405C154,HCI,5-Apr-2026,CDELC,BK8806MH,Medan,Sumatera Utara,Solar,8.09,Customer,6,2.37,10,6,55000,439028,Sumatera,MEDAN,CDE,Internal,SumateraMEDANCDE,DALAM KOTA,,,,4,REGULAR,1:53:00,193440,190588,68
260405C200,HCI,5-Apr-2026,PICKUP,BK8633MS,Medan,Sumatera Utara,Pertalite,7.1,Customer,4,3.0,3,4,79500,360501,Sumatera,MEDAN,PICKUP,Internal,SumateraMEDANPICKUP,DALAM KOTA,,,,4,REGULAR,5:20:00,193440,87561,71
260405C151,HCI,5-Apr-2026,CDELC,BK8009MI,Medan,Sumatera Utara,Solar,11.32,Customer,13,2.84,10,10,98000,636377,Sumatera,MEDAN,CDE,Internal,SumateraMEDANCDE,DALAM KOTA,,,,4,REGULAR,7:09:00,386880,151497,80
260405H054,HCI,5-Apr-2026,CDELC,BK8807MH,Pematangsiantar,Sumatera Utara,Solar,31.62,HUB,16,10.0,10,2,431000,815028,Sumatera,PEMATANGSIANTAR,CDE,Internal,SumateraPEMATANGSIANTARCDE,LUAR KOTA,1300000,-484972,-37.31%,4,REGULAR,8:10:00,193440,190588,249
260405C156,HCI,5-Apr-2026,CDELC,BK8022LM,Medan,Sumatera Utara,Solar,5.88,Customer,10,5.79,10,7,40000,384534,Sumatera,MEDAN,CDE,Internal,SumateraMEDANCDE,DALAM KOTA,,,,4,REGULAR,2:55:00,193440,151094,52
260405C150,HCI,5-Apr-2026,CDELC,BK8099LM,Medan,Sumatera Utara,Solar,8.82,Customer,16,4.83,10,9,64000,626980,Sumatera,MEDAN,CDE,Internal,SumateraMEDANCDE,DALAM KOTA,,,,4,REGULAR,7:40:00,386880,176100,58
260405C149,HCI,5-Apr-2026,CDELC,BK8141LM,Medan,Sumatera Utara,Solar,6.18,Customer,12,1.31,10,4,77000,614974,Sumatera,MEDAN,CDE,Internal,SumateraMEDANCDE,DALAM KOTA,,,,4,REGULAR,6:55:00,386880,151094,42
260405C153,HCI,5-Apr-2026,CDELC,BK8804MH,Medan,Sumatera Utara,Solar,6.76,Customer,11,10.0,10,9,46000,430028,Sumatera,MEDAN,CDE,Internal,SumateraMEDANCDE,DALAM KOTA,,,,4,REGULAR,5:42:00,193440,190588,49
260405C152,HCI,5-Apr-2026,CDELC,BK8299MH,Medan,Sumatera Utara,Solar,14.71,Customer,10,9.07,10,6,123000,467937,Sumatera,MEDAN,CDE,Internal,SumateraMEDANCDE,DALAM KOTA,,,,4,REGULAR,4:59:00,193440,151497,102
260405C158,HCI,5-Apr-2026,CDELC,BK8146LM,Medan,Sumatera Utara,Solar,11.03,Customer,13,5.66,10,12,81000,619377,Sumatera,MEDAN,CDE,Internal,SumateraMEDANCDE,DALAM KOTA,,,,4,REGULAR,8:34:00,386880,151497,77
260405C202,HCI,5-Apr-2026,#N/A,BK8136LM,Medan,Sumatera Utara,#N/A,7.7,Customer,4,1.4,,3,77000,358635,Sumatera,MEDAN,VAN BOX,Internal,SumateraMEDANVAN BOX,DALAM KOTA,,,,4,REGULAR,3:40:00,193440,88195,44
260405C155,HCI,5-Apr-2026,CDELC,BK8073MQ,Binjai,Sumatera Utara,Solar,14.71,Customer,11,3.93,10,8,100000,698765,Sumatera,BINJAI,CDE,Internal,SumateraBINJAICDE,DALAM KOTA,,,,4,REGULAR,7:42:00,386880,211885,120
260405C176,HCI,5-Apr-2026,PICKUP,BK8696MS,Medan,Sumatera Utara,Pertalite,4.8,Customer,4,2.96,3,3,63000,550413,Sumatera,MEDAN,PICKUP,Internal,SumateraMEDANPICKUP,DALAM KOTA,,,,4,REGULAR,6:49:00,386880,100533,49
260406X047,AHI,6-Apr-2026,CDELC,BK8192MQ,Medan,Sumatera Utara,Solar,5.59,Other Delivery,1,8.0,10,1,38000,507805,Sumatera,MEDAN,CDE,Internal,SumateraMEDANCDE,DALAM KOTA,,,,4,REGULAR,8:02:00,257920,211885,34
260406D089,AHI,6-Apr-2026,CDELC,BK8646MS,Medan,Sumatera Utara,Solar,4.41,Store,121,8.47,11,1,40000,379623,Sumatera,MEDAN,CDE LONG CHASSIS,Internal,SumateraMEDANCDE LONG CHASSIS,DALAM KOTA,,,,4,REGULAR,1:57:00,193440,146183,28
260406D101,FBI,6-Apr-2026,PICKUP,BK8136LM,Medan,Sumatera Utara,Pertalite,6.5,Store,21,2.98,3,5,74000,420115,Sumatera,MEDAN,MINI VAN BOX,Internal,SumateraMEDANMINI VAN BOX,DALAM KOTA,,,,4,REGULAR,7:15:00,257920,88195,62
260406D102,FBI,6-Apr-2026,PICKUP,A8330VX,Binjai,Sumatera Utara,Pertalite,10,Store,24,2.46,3,4,109500,451587,Sumatera,BINJAI,MINI VAN BOX,Internal,SumateraBINJAIMINI VAN BOX,DALAM KOTA,,,,4,REGULAR,7:55:00,257920,84167,99
260406D003,HCI,6-Apr-2026,CDELC,BK8031LM,Medan,Sumatera Utara,Solar,5.15,Store,54,8.5,10,1,35000,379534,Sumatera,MEDAN,CDE,Internal,SumateraMEDANCDE,DALAM KOTA,,,,4,REGULAR,5:20:00,193440,151094,34
260406D005,AHI,6-Apr-2026,CDELC,BK8647MS,Medan,Sumatera Utara,Solar,5.15,Store,78,8.1,10,1,35000,424087,Sumatera,MEDAN,CDE,Internal,SumateraMEDANCDE,DALAM KOTA,,,,4,REGULAR,4:13:00,96720,292367,31
260406D006,AHI,6-Apr-2026,PICKUP,BK8633MS,Medan,Sumatera Utara,Pertalite,3.1,Store,39,3.0,3,1,41000,181501,Sumatera,MEDAN,PICKUP,Internal,SumateraMEDANPICKUP,DALAM KOTA,,,,4,REGULAR,2:56:00,96720,43781,31
260406D007,AHI,6-Apr-2026,CDELC,BK8871MS,Medan,Sumatera Utara,Solar,5.29,Store,82,10.0,10,1,46000,142720,Sumatera,MEDAN,CDE,Internal,SumateraMEDANCDE,DALAM KOTA,,,,4,REGULAR,2:00:00,96720,,32
260406D008,AHI,6-Apr-2026,CDELC,BK8803MH,Medan,Sumatera Utara,Solar,5.59,Store,57,10.0,10,2,53000,437028,Sumatera,MEDAN,CDE,Internal,SumateraMEDANCDE,DALAM KOTA,,,,4,REGULAR,7:31:00,193440,190588,35
260406D009,AHI,6-Apr-2026,CDELC,BK8805MH,Medan,Sumatera Utara,Solar,5.15,Store,71,8.36,10,2,44500,428528,Sumatera,MEDAN,CDE,Internal,SumateraMEDANCDE,DALAM KOTA,,,,4,REGULAR,7:26:00,193440,190588,42
260406D047,HCI,6-Apr-2026,CDELC,BK8022LM,Medan,Sumatera Utara,Solar,6.62,Store,10,10.0,10,3,75000,419534,Sumatera,MEDAN,CDE,Internal,SumateraMEDANCDE,DALAM KOTA,,,,4,REGULAR,7:56:00,193440,151094,43
260406D049,HCI,6-Apr-2026,CDELC,BK8191MQ,Medan,Sumatera Utara,Solar,4.41,Store,86,9.51,10,1,55000,460325,Sumatera,MEDAN,CDE,Internal,SumateraMEDANCDE,DALAM KOTA,,,,4,REGULAR,12:00:00,193440,211885,31
260406C222,HCI,6-Apr-2026,CDELC,BK8075MQ,Medan,Sumatera Utara,Solar,9.56,Customer,59,7.95,10,12,118000,523325,Sumatera,MEDAN,CDE,Internal,SumateraMEDANCDE,DALAM KOTA,,,,4,REGULAR,11:19:00,193440,211885,59
260406C224,HCI,6-Apr-2026,CDELC,BK8807MH,Medan,Sumatera Utara,Solar,11.03,Customer,30,6.85,10,13,80000,657468,Sumatera,MEDAN,CDE,Internal,SumateraMEDANCDE,DALAM KOTA,,,,4,REGULAR,7:08:00,386880,190588,71
260406C225,HCI,6-Apr-2026,CDELC,BK8073MQ,Medan,Sumatera Utara,Solar,8.82,Customer,18,7.35,10,9,68000,666765,Sumatera,MEDAN,CDE,Internal,SumateraMEDANCDE,DALAM KOTA,,,,4,REGULAR,8:26:00,386880,211885,83
260406C226,HCI,6-Apr-2026,CDELC,BK8099LM,Medan,Sumatera Utara,Solar,10.29,Customer,13,3.23,10,9,70000,632980,Sumatera,MEDAN,CDE,Internal,SumateraMEDANCDE,DALAM KOTA,,,,4,REGULAR,7:19:00,386880,176100,68
260406C227,HCI,6-Apr-2026,CDELC,BK8172LM,Medan,Sumatera Utara,Solar,13.24,Customer,10,8.0,10,6,99500,637877,Sumatera,MEDAN,CDE,Internal,SumateraMEDANCDE,DALAM KOTA,,,,4,REGULAR,8:17:00,386880,151497,86
260406C228,HCI,6-Apr-2026,CDELC,BK8646MS,Medan,Sumatera Utara,Solar,11.76,Customer,5,2.77,10,4,93000,529343,Sumatera,MEDAN,CDE,Internal,SumateraMEDANCDE,DALAM KOTA,,,,4,REGULAR,5:34:00,290160,146183,73
260406C231,HCI,6-Apr-2026,CDELC,BK8806MH,Medan,Sumatera Utara,Solar,9.56,Customer,6,9.29,10,6,68000,548748,Sumatera,MEDAN,CDE,Internal,SumateraMEDANCDE,DALAM KOTA,,,,4,REGULAR,7:08:00,290160,190588,72
260406C233,HCI,6-Apr-2026,CDELC,BK8871MS,Langkat,Sumatera Utara,Solar,32.35,Customer,8,10.0,10,5,434500,821380,Sumatera,LANGKAT,CDE,Internal,SumateraLANGKATCDE,DALAM KOTA,,,,4,REGULAR,10:45:00,386880,,259
260406C235,HCI,6-Apr-2026,CDELC,BK8009MI,Medan,Sumatera Utara,Solar,11.32,Customer,9,4.41,10,7,86000,624377,Sumatera,MEDAN,CDE,Internal,SumateraMEDANCDE,DALAM KOTA,,,,4,REGULAR,6:34:00,386880,151497,79
260406C237,HCI,6-Apr-2026,CDELC,BK8146LM,Medan,Sumatera Utara,Solar,14.71,Customer,17,6.83,10,12,100000,638377,Sumatera,MEDAN,CDE,Internal,SumateraMEDANCDE,DALAM KOTA,,,,4,REGULAR,8:32:00,386880,151497,102
260406C244,HCI,6-Apr-2026,CDELC,BK8299MH,Medan,Sumatera Utara,Solar,8.82,Customer,12,6.04,10,9,68500,606877,Sumatera,MEDAN,CDE,Internal,SumateraMEDANCDE,DALAM KOTA,,,,4,REGULAR,6:54:00,386880,151497,59
260406C248,HCI,6-Apr-2026,CDELC,BK8309MS,Medan,Sumatera Utara,Solar,10.29,Customer,23,9.62,10,14,82000,561073,Sumatera,MEDAN,CDE,Internal,SumateraMEDANCDE,DALAM KOTA,,,,4,REGULAR,7:44:00,193440,285633,67
260406C249,HCI,6-Apr-2026,CDELC,BK8135LM,Medan,Sumatera Utara,Solar,7.79,Customer,11,9.3,10,7,74500,612877,Sumatera,MEDAN,CDE,Internal,SumateraMEDANCDE,DALAM KOTA,,,,4,REGULAR,6:54:00,386880,151497,61
260406C250,HCI,6-Apr-2026,CDELC,BK8047MQ,Medan,Sumatera Utara,Solar,9.56,Customer,17,9.59,10,11,65000,663765,Sumatera,MEDAN,CDE,Internal,SumateraMEDANCDE,DALAM KOTA,,,,4,REGULAR,6:57:00,386880,211885,78
260406C251,HCI,6-Apr-2026,PICKUP,BK8696MS,Medan,Sumatera Utara,Pertalite,6.6,Customer,5,3.0,3,5,81000,568413,Sumatera,MEDAN,PICKUP,Internal,SumateraMEDANPICKUP,DALAM KOTA,,,,4,REGULAR,8:45:00,386880,100533,64
260406C254,HCI,6-Apr-2026,PICKUP,BK8633MS,Medan,Sumatera Utara,Pertalite,4,Customer,3,1.74,3,3,40000,180501,Sumatera,MEDAN,PICKUP,Internal,SumateraMEDANPICKUP,DALAM KOTA,,,,4,REGULAR,2:43:00,96720,43781,44
260406H065,HCI,6-Apr-2026,CDELC,BK8804MH,Pematangsiantar,Sumatera Utara,Solar,26.47,HUB,14,7.32,10,1,396000,780028,Sumatera,PEMATANGSIANTAR,CDE,Internal,SumateraPEMATANGSIANTARCDE,LUAR KOTA,1300000,-519972,-40.00%,4,REGULAR,7:58:00,193440,190588,232
260406H066,HCI,6-Apr-2026,CDELC,BK8074MQ,Pematangsiantar,Sumatera Utara,Solar,26.47,HUB,8,6.07,10,2,396000,801325,Sumatera,PEMATANGSIANTAR,CDE,Internal,SumateraPEMATANGSIANTARCDE,LUAR KOTA,1300000,-498675,-38.36%,4,REGULAR,7:22:00,193440,211885,227
260406D098,AHI,6-Apr-2026,CDELC,BK8813MG,Medan,Sumatera Utara,Solar,5.15,Store,51,8.97,10,1,35000,376434,Sumatera,MEDAN,CDE,Internal,SumateraMEDANCDE,DALAM KOTA,,,,4,REGULAR,1:52:00,193440,147994,34
260407D079,AHI,7-Apr-2026,CDELC,BK8009MI,Medan,Sumatera Utara,Solar,5.44,Store,216,10.0,10,1,50000,340682,Sumatera,MEDAN,CDE,Internal,SumateraMEDANCDE,DALAM KOTA,,,,4,REGULAR,2:27:00,214933,75749,34
260407D083,AHI,7-Apr-2026,CDELC,BK8804MH,Medan,Sumatera Utara,Solar,3.53,Store,58,10.0,10,1,24000,332801,Sumatera,MEDAN,CDE,Internal,SumateraMEDANCDE,DALAM KOTA,,,,4,REGULAR,2:08:00,118213,190588,23
260407D089,AHI,7-Apr-2026,CDELC,BK8807MH,Medan,Sumatera Utara,Solar,4.41,Store,110,9.99,10,1,40000,350227,Sumatera,MEDAN,CDE,Internal,SumateraMEDANCDE,DALAM KOTA,,,,4,REGULAR,1:45:00,214933,95294,31
260407D094,AHI,7-Apr-2026,PICKUP,BK8696MS,Medan,Sumatera Utara,Pertalite,3,Store,2,3.0,3,2,50000,315200,Sumatera,MEDAN,PICKUP,Internal,SumateraMEDANPICKUP,DALAM KOTA,,,,4,REGULAR,2:52:00,214933,50267,28
260407D075,FBI,7-Apr-2026,PICKUP,A8330VX,Medan,Sumatera Utara,Pertalite,7,Store,18,1.57,3,4,77000,334017,Sumatera,MEDAN,MINI VAN BOX,Internal,SumateraMEDANMINI VAN BOX,DALAM KOTA,,,,4,REGULAR,10:48:00,214933,42083,79
260407D073,FBI,7-Apr-2026,PICKUP,BK8136LM,Medan,Sumatera Utara,Pertalite,5,Store,20,1.27,3,4,60000,266408,Sumatera,MEDAN,MINI VAN BOX,Internal,SumateraMEDANMINI VAN BOX,DALAM KOTA,,,,4,REGULAR,3:55:00,118213,88195,37
260407D001,AHI,7-Apr-2026,CDELC,BK8031LM,Medan,Sumatera Utara,Solar,3.97,Store,131,10.0,10,1,27000,199267,Sumatera,MEDAN,CDE,Internal,SumateraMEDANCDE,DALAM KOTA,,,,4,REGULAR,0:22:00,96720,75547,23
260407D031,AHI,7-Apr-2026,CDELC,BK8074MQ,Medan,Sumatera Utara,Solar,3.68,Store,118,9.2,10,1,25000,333605,Sumatera,MEDAN,CDE,Internal,SumateraMEDANCDE,DALAM KOTA,,,,4,REGULAR,3:02:00,96720,211885,24
260407C189,HCI,7-Apr-2026,CDELC,BK8172LM,Medan,Sumatera Utara,Solar,10.74,Customer,17,2.98,10,11,80000,618377,Sumatera,MEDAN,CDE,Internal,SumateraMEDANCDE,DALAM KOTA,,,,4,REGULAR,10:15:00,386880,151497,68
260407C190,HCI,7-Apr-2026,CDELC,BK8047MQ,Medan,Sumatera Utara,Solar,8.09,Customer,24,4.17,10,11,101000,506325,Sumatera,MEDAN,CDE,Internal,SumateraMEDANCDE,DALAM KOTA,,,,4,REGULAR,7:36:00,193440,211885,59
260407C192,HCI,7-Apr-2026,CDELC,BK8299MH,Medan,Sumatera Utara,Solar,11.03,Customer,24,8.37,10,10,85000,623377,Sumatera,MEDAN,CDE,Internal,SumateraMEDANCDE,DALAM KOTA,,,,4,REGULAR,8:31:00,386880,151497,82
260407C193,HCI,7-Apr-2026,CDELC,BK8805MH,Medan,Sumatera Utara,Solar,10,Customer,20,7.96,10,9,72000,649468,Sumatera,MEDAN,CDE,Internal,SumateraMEDANCDE,DALAM KOTA,,,,4,REGULAR,7:21:00,386880,190588,57
260407C194,HCI,7-Apr-2026,CDELC,BK8871MS,Medan,Sumatera Utara,Solar,8.82,Customer,11,8.97,10,8,60000,446880,Sumatera,MEDAN,CDE,Internal,SumateraMEDANCDE,DALAM KOTA,,,,4,REGULAR,6:34:00,386880,,59
260407C195,HCI,7-Apr-2026,CDELC,BK8146LM,Medan,Sumatera Utara,Solar,16.91,Customer,10,3.9,10,10,138500,676877,Sumatera,MEDAN,CDE,Internal,SumateraMEDANCDE,DALAM KOTA,,,,4,REGULAR,5:51:00,386880,151497,122
260407C196,HCI,7-Apr-2026,CDELC,BK8075MQ,Binjai,Sumatera Utara,Solar,16.91,Customer,12,7.25,10,9,144500,549825,Sumatera,BINJAI,CDE,Internal,SumateraBINJAICDE,DALAM KOTA,,,,4,REGULAR,7:22:00,193440,211885,106
260407C203,HCI,7-Apr-2026,CDELC,BK8647MS,Medan,Sumatera Utara,Solar,13.24,Customer,21,8.14,10,13,110000,789247,Sumatera,MEDAN,CDE,Internal,SumateraMEDANCDE,DALAM KOTA,,,,4,REGULAR,7:29:00,386880,292367,82
260407C204,HCI,7-Apr-2026,CDELC,BK8806MH,Medan,Sumatera Utara,Solar,19.12,Customer,18,9.3,10,13,130000,707468,Sumatera,MEDAN,CDE,Internal,SumateraMEDANCDE,DALAM KOTA,,,,4,REGULAR,12:58:00,386880,190588,128
260407C206,HCI,7-Apr-2026,CDELC,BK8031LM,Medan,Sumatera Utara,Solar,11.03,Customer,8,6.51,10,7,93000,458707,Sumatera,MEDAN,CDE,Internal,SumateraMEDANCDE,DALAM KOTA,,,,4,REGULAR,2:45:00,290160,75547,72
260407C208,HCI,7-Apr-2026,CDELC,BK8099LM,Medan,Sumatera Utara,Solar,4.85,Customer,4,1.54,10,3,56000,434210,Sumatera,MEDAN,CDE,Internal,SumateraMEDANCDE,DALAM KOTA,,,,4,REGULAR,4:04:00,290160,88050,37
260407C209,HCI,7-Apr-2026,CDELC,BK8191MQ,Medan,Sumatera Utara,Solar,4.41,Customer,7,3.55,10,7,30000,329383,Sumatera,MEDAN,CDE,Internal,SumateraMEDANCDE,DALAM KOTA,,,,4,REGULAR,3:39:00,193440,105943,35
260407C214,HCI,7-Apr-2026,CDELC,BK8141LM,Medan,Sumatera Utara,Solar,9.56,Customer,12,5.29,10,9,80500,328314,Sumatera,MEDAN,CDE,Internal,SumateraMEDANCDE,DALAM KOTA,,,,4,REGULAR,3:15:00,96720,151094,68
260407C215,HCI,7-Apr-2026,CDELC,BK8803MH,Medan,Sumatera Utara,Solar,8.82,Customer,6,4.31,10,5,65000,450454,Sumatera,MEDAN,CDE,Internal,SumateraMEDANCDE,DALAM KOTA,,,,4,REGULAR,1:27:00,290160,95294,54
260407C218,HCI,7-Apr-2026,CDELC,BK8009MI,Deli Serdang,Sumatera Utara,Solar,6.62,Customer,6,1.5,10,5,50000,415909,Sumatera,DELI SERDANG,CDE,Internal,SumateraDELI SERDANGCDE,DALAM KOTA,,,,4,REGULAR,2:10:00,290160,75749,32
260407C219,HCI,7-Apr-2026,PICKUP,BK8633MS,Medan,Sumatera Utara,Pertalite,11.4,Customer,10,3.0,3,8,118500,592941,Sumatera,MEDAN,PICKUP,Internal,SumateraMEDANPICKUP,DALAM KOTA,,,,4,REGULAR,9:39:00,386880,87561,104
260407C224,HCI,7-Apr-2026,CDELC,BK8807MH,Binjai,Sumatera Utara,Solar,13.82,Customer,2,9.01,10,1,158000,350014,Sumatera,BINJAI,CDE,Internal,SumateraBINJAICDE,DALAM KOTA,,,,4,REGULAR,1:19:00,96720,95294,105
260407H064,HCI,7-Apr-2026,FUSO,BK8815MG,Pematangsiantar,Sumatera Utara,Solar,50,HUB,39,29.87,34,2,665500,1212898,Sumatera,PEMATANGSIANTAR,FUSO,Internal,SumateraPEMATANGSIANTARFUSO,LUAR KOTA,,,,4,REGULAR,4:26:00,193440,353958,234
260407D066,AHI,7-Apr-2026,CDELC,BK8803MH,Medan,Sumatera Utara,Solar,5.15,Store,93,10.0,10,1,50000,242014,Sumatera,MEDAN,CDE,Internal,SumateraMEDANCDE,DALAM KOTA,,,,4,REGULAR,2:53:00,96720,95294,29
260407D067,AHI,7-Apr-2026,CDELC,BK8099LM,Medan,Sumatera Utara,Solar,4.41,Store,70,8.7,10,1,40000,321490,Sumatera,MEDAN,CDE,Internal,SumateraMEDANCDE,DALAM KOTA,,,,4,REGULAR,1:58:00,193440,88050,31
260407D068,AHI,7-Apr-2026,CDELC,BK8309MS,Medan,Sumatera Utara,Solar,5.88,Store,175,10.0,10,1,50000,529073,Sumatera,MEDAN,CDE,Internal,SumateraMEDANCDE,DALAM KOTA,,,,4,REGULAR,7:28:00,193440,285633,42
260407D069,AHI,7-Apr-2026,CDELC,BK8022LM,Medan,Sumatera Utara,Solar,5.15,Store,50,5.61,10,1,35000,379534,Sumatera,MEDAN,CDE,Internal,SumateraMEDANCDE,DALAM KOTA,,,,4,REGULAR,5:17:00,193440,151094,33
260407D070,HCI,7-Apr-2026,CDELC,BK8073MQ,Medan,Sumatera Utara,Solar,7.35,Store,69,8.97,10,1,71000,379605,Sumatera,MEDAN,CDE,Internal,SumateraMEDANCDE,DALAM KOTA,,,,4,REGULAR,4:45:00,96720,211885,36
260407D087,HCI,7-Apr-2026,CDELC,BK8192MQ,Medan,Sumatera Utara,Solar,8.09,Store,53,9.48,10,5,65000,491818,Sumatera,MEDAN,CDE,Internal,SumateraMEDANCDE,DALAM KOTA,,,,4,REGULAR,9:33:00,214933,211885,52
260407D088,HCI,7-Apr-2026,CDELC,BK8646MS,Medan,Sumatera Utara,Solar,4.41,Store,130,11.0,11,2,55000,562300,Sumatera,MEDAN,CDE LONG CHASSIS,Internal,SumateraMEDANCDE LONG CHASSIS,DALAM KOTA,,,,4,REGULAR,8:37:00,214933,292367,27
260407C300,HCI,7-Apr-2026,PICKUP,BK8696MS,Medan,Sumatera Utara,Pertalite,6.9,Customer,3,3.0,3,3,84500,328207,Sumatera,MEDAN,PICKUP,Internal,SumateraMEDANPICKUP,DALAM KOTA,,,,4,REGULAR,4:46:00,193440,50267,78
260407C305,HCI,7-Apr-2026,CDELC,BK8191MQ,Medan,Sumatera Utara,Solar,11.03,Customer,7,7.33,10,5,78000,377383,Sumatera,MEDAN,CDE,Internal,SumateraMEDANCDE,DALAM KOTA,,,,4,REGULAR,4:46:00,193440,105943,68
260407C312,HCI,7-Apr-2026,CDELC,A8330VX,Medan,Sumatera Utara,,4.7,Customer,1,0.28,10,1,47000,475963,Sumatera,MEDAN,CDE,Internal,SumateraMEDANCDE,DALAM KOTA,,,,4,REGULAR,1106877:51:00,386880,42083,43
260407D086,KLS,7-Apr-2026,CDELC,BK8135LM,Medan,Sumatera Utara,Solar,5.88,Store,1,8.0,10,1,40000,406430,Sumatera,MEDAN,CDE,Internal,SumateraMEDANCDE,DALAM KOTA,,,,4,REGULAR,8:45:00,214933,151497,50
260408L073,AHI,8-Apr-2026,CDELC,BK8647MS,Pematangsiantar,Sumatera Utara,Solar,36.76,Store,61,10.39,11,3,498000,983807,Sumatera,PEMATANGSIANTAR,CDE LONG CHASSIS,Internal,SumateraPEMATANGSIANTARCDE LONG CHASSIS,LUAR KOTA,1400000,-416193,-29.73%,4,REGULAR,9:01:00,193440,292367,252
260408L079,AHI,8-Apr-2026,CDELC,BK8309MS,Pematangsiantar,Sumatera Utara,Solar,31.47,Store,5,8.94,10,2,443000,922073,Sumatera,PEMATANGSIANTAR,CDE,Internal,SumateraPEMATANGSIANTARCDE,LUAR KOTA,1300000,-377927,-29.07%,4,REGULAR,9:05:00,193440,285633,240
260408L080,AHI,8-Apr-2026,CDELC,BK8074MQ,Pematangsiantar,Sumatera Utara,Solar,34.56,Store,2,8.28,10,2,451000,856325,Sumatera,PEMATANGSIANTAR,CDE,Internal,SumateraPEMATANGSIANTARCDE,LUAR KOTA,1300000,-443675,-34.13%,4,REGULAR,7:47:00,193440,211885,261
260408D123,FBI,8-Apr-2026,PICKUP,BK8136LM,Medan,Sumatera Utara,Pertalite,6.5,Store,7,2.6,3,4,68000,370018,Sumatera,MEDAN,MINI VAN BOX,Internal,SumateraMEDANMINI VAN BOX,DALAM KOTA,,,,4,REGULAR,6:46:00,257920,44098,80
260408D124,FBI,8-Apr-2026,PICKUP,A8330VX,Medan,Sumatera Utara,Pertalite,4.6,Store,8,3.0,3,6,55000,397087,Sumatera,MEDAN,MINI VAN BOX,Internal,SumateraMEDANMINI VAN BOX,DALAM KOTA,,,,4,REGULAR,6:55:00,257920,84167,50
260408C163,HCI,8-Apr-2026,CDELC,BK8871MS,Medan,Sumatera Utara,Solar,12.5,Customer,16,7.55,10,13,91500,478380,Sumatera,MEDAN,CDE,Internal,SumateraMEDANCDE,DALAM KOTA,,,,4,REGULAR,10:47:00,386880,,89
260408C165,HCI,8-Apr-2026,CDELC,BK8191MQ,Medan,Sumatera Utara,Solar,8.82,Customer,30,9.24,10,12,109000,514325,Sumatera,MEDAN,CDE,Internal,SumateraMEDANCDE,DALAM KOTA,,,,4,REGULAR,8:57:00,193440,211885,67
260408C166,HCI,8-Apr-2026,CDELC,BK8009MI,Medan,Sumatera Utara,Solar,8.09,Customer,10,1.95,10,7,60000,308217,Sumatera,MEDAN,CDE,Internal,SumateraMEDANCDE,DALAM KOTA,,,,4,REGULAR,5:39:00,96720,151497,51
260408C167,HCI,8-Apr-2026,CDELC,BK8813MG,Medan,Sumatera Utara,Solar,11.03,Customer,19,4.73,10,14,110500,451934,Sumatera,MEDAN,CDE,Internal,SumateraMEDANCDE,DALAM KOTA,,,,4,REGULAR,8:42:00,193440,147994,77
260408C168,HCI,8-Apr-2026,CDELC,BK8135LM,Medan,Sumatera Utara,Solar,12.5,Customer,7,3.93,10,6,95000,343217,Sumatera,MEDAN,CDE,Internal,SumateraMEDANCDE,DALAM KOTA,,,,4,REGULAR,5:56:00,96720,151497,91
260408C169,HCI,8-Apr-2026,CDELC,BK8646MS,Langkat,Sumatera Utara,Solar,21.32,Customer,14,9.86,10,11,212500,891747,Sumatera,LANGKAT,CDE,Internal,SumateraLANGKATCDE,DALAM KOTA,,,,4,REGULAR,7:45:00,386880,292367,133
260408C170,HCI,8-Apr-2026,CDELC,BK8805MH,Medan,Sumatera Utara,Solar,8.82,Customer,13,7.61,10,13,67000,644468,Sumatera,MEDAN,CDE,Internal,SumateraMEDANCDE,DALAM KOTA,,,,4,REGULAR,6:01:00,386880,190588,58
260408C171,HCI,8-Apr-2026,CDELC,BK8141LM,Medan,Sumatera Utara,Solar,14.71,Customer,11,3.31,10,8,108500,646474,Sumatera,MEDAN,CDE,Internal,SumateraMEDANCDE,DALAM KOTA,,,,4,REGULAR,7:23:00,386880,151094,97
260408C172,HCI,8-Apr-2026,CDELC,BK8031LM,Medan,Sumatera Utara,Solar,14.71,Customer,16,6.43,10,13,118500,656474,Sumatera,MEDAN,CDE,Internal,SumateraMEDANCDE,DALAM KOTA,,,,4,REGULAR,7:39:00,386880,151094,118
260408C176,HCI,8-Apr-2026,PICKUP,BK8633MS,Medan,Sumatera Utara,Pertalite,4.5,Customer,8,2.08,3,5,60000,393941,Sumatera,MEDAN,PICKUP,Internal,SumateraMEDANPICKUP,DALAM KOTA,,,,4,REGULAR,5:18:00,290160,43781,41
260408D106,AHI,8-Apr-2026,PICKUP,BK8633MS,Medan,Sumatera Utara,Pertalite,3,Store,38,2.53,3,2,35000,272221,Sumatera,MEDAN,PICKUP,Internal,SumateraMEDANPICKUP,DALAM KOTA,,,,4,REGULAR,2:29:00,193440,43781,31
260408D109,AHI,8-Apr-2026,PICKUP,BK8696MS,Medan,Sumatera Utara,Pertalite,2.7,Store,1,3.0,3,1,37000,234253,Sumatera,MEDAN,PICKUP,Internal,SumateraMEDANPICKUP,DALAM KOTA,,,,4,REGULAR,0:00:00,96720,100533,29
260408D111,HCI,8-Apr-2026,CDELC,BK8047MQ,Deli Serdang,Sumatera Utara,Solar,6.62,Store,29,8.33,10,2,58500,463825,Sumatera,DELI SERDANG,CDE,Internal,SumateraDELI SERDANGCDE,DALAM KOTA,,,,4,REGULAR,5:56:00,193440,211885,53
260408D112,AHI,8-Apr-2026,CDELC,BK8299MH,Deli Serdang,Sumatera Utara,Solar,7.35,Store,59,10.0,10,1,57000,401937,Sumatera,DELI SERDANG,CDE,Internal,SumateraDELI SERDANGCDE,DALAM KOTA,,,,4,REGULAR,8:27:00,193440,151497,46
260408D113,HCI,8-Apr-2026,CDELC,BK8804MH,Medan,Sumatera Utara,Solar,2.79,Store,35,10.0,10,1,19000,306308,Sumatera,MEDAN,CDE,Internal,SumateraMEDANCDE,DALAM KOTA,,,,4,REGULAR,2:41:00,96720,190588,25
260408D114,HCI,8-Apr-2026,CDELC,BK8073MQ,Medan,Sumatera Utara,Solar,4.71,Store,19,10.0,10,2,50000,455325,Sumatera,MEDAN,CDE,Internal,SumateraMEDANCDE,DALAM KOTA,,,,4,REGULAR,7:42:00,193440,211885,39
260408D115,HCI,8-Apr-2026,CDELC,BK8807MH,Medan,Sumatera Utara,Solar,3.24,Store,34,9.09,10,1,22000,309308,Sumatera,MEDAN,CDE,Internal,SumateraMEDANCDE,DALAM KOTA,,,,4,REGULAR,2:10:00,96720,190588,27
260408D116,HCI,8-Apr-2026,CDELC,BK8075MQ,Medan,Sumatera Utara,Solar,5.15,Store,28,8.8,10,1,60000,465325,Sumatera,MEDAN,CDE,Internal,SumateraMEDANCDE,DALAM KOTA,,,,4,REGULAR,8:51:00,193440,211885,30
260408H045,HCI,8-Apr-2026,CDELC,BK8803MH,Pematangsiantar,Sumatera Utara,Solar,33.97,HUB,18,3.67,10,1,447000,831028,Sumatera,PEMATANGSIANTAR,CDE,Internal,SumateraPEMATANGSIANTARCDE,LUAR KOTA,1300000,-468972,-36.07%,4,REGULAR,7:10:00,193440,190588,248
260407C313,HCI,8-Apr-2026,FUSO,BK8815MG,Medan,Sumatera Utara,Solar,15.44,Customer,1,25.0,34,1,185500,926338,Sumatera,MEDAN,FUSO,Internal,SumateraMEDANFUSO,DALAM KOTA,,,,4,REGULAR,6:44:00,386880,353958,82
260408D140,HCI,8-Apr-2026,CDELC,BK8192MQ,Medan,Sumatera Utara,Solar,9.56,Store,4,10.0,10,4,99000,568805,Sumatera,MEDAN,CDE,Internal,SumateraMEDANCDE,DALAM KOTA,,,,4,REGULAR,6:28:00,257920,211885,59
260408C249,HCI,8-Apr-2026,CDELC,BK8136LM,Deli Serdang,Sumatera Utara,,7.5,Customer,2,0.29,10,2,75000,505978,Sumatera,DELI SERDANG,CDE,Internal,SumateraDELI SERDANGCDE,DALAM KOTA,,,,4,REGULAR,1106902:10:00,386880,44098,64
260408D131,KLS,8-Apr-2026,CDELC,BK8099LM,Medan,Sumatera Utara,,,Store,9,8.13,10,1,,369540,Sumatera,MEDAN,CDE,Internal,SumateraMEDANCDE,DALAM KOTA,,,,4,REGULAR,0:42:00,193440,176100,17
260409C171,HCI,9-Apr-2026,CDELC,BK8647MS,Medan,Sumatera Utara,Solar,12.5,Customer,7,2.93,10,7,99000,535343,Sumatera,MEDAN,CDE,Internal,SumateraMEDANCDE,DALAM KOTA,,,,4,REGULAR,3:13:00,290160,146183,82
260409C172,HCI,9-Apr-2026,CDELC,BK8803MH,Langkat,Sumatera Utara,Solar,25,Customer,5,10.0,10,2,376000,953468,Sumatera,LANGKAT,CDE,Internal,SumateraLANGKATCDE,LUAR KOTA,,,,4,REGULAR,9:36:00,386880,190588,246
260409C173,HCI,9-Apr-2026,CDELC,BK8141LM,Medan,Sumatera Utara,Solar,16.62,Customer,11,4.32,10,8,150000,515707,Sumatera,MEDAN,CDE,Internal,SumateraMEDANCDE,DALAM KOTA,,,,4,REGULAR,4:37:00,290160,75547,111
260409C174,HCI,9-Apr-2026,CDELC,BK8031LM,Binjai,Sumatera Utara,Solar,11.76,Customer,17,6.63,10,9,95000,363987,Sumatera,BINJAI,CDE,Internal,SumateraBINJAICDE,DALAM KOTA,,,,4,REGULAR,7:50:00,193440,75547,74
260409C175,HCI,9-Apr-2026,CDELC,BK8135LM,Medan,Sumatera Utara,Solar,10.29,Customer,9,6.1,10,9,75000,440909,Sumatera,MEDAN,CDE,Internal,SumateraMEDANCDE,DALAM KOTA,,,,4,REGULAR,3:40:00,290160,75749,72
260409C177,HCI,9-Apr-2026,CDELC,BK8806MH,Medan,Sumatera Utara,Solar,11.03,Customer,10,6.61,10,6,80000,465454,Sumatera,MEDAN,CDE,Internal,SumateraMEDANCDE,DALAM KOTA,,,,4,REGULAR,5:09:00,290160,95294,74
260409C178,HCI,9-Apr-2026,CDELC,BK8299MH,Medan,Sumatera Utara,Solar,12.5,Customer,17,9.09,10,10,85000,623377,Sumatera,MEDAN,CDE,Internal,SumateraMEDANCDE,DALAM KOTA,,,,4,REGULAR,7:26:00,386880,151497,79
260409C182,HCI,9-Apr-2026,CDELC,BK8807MH,Deli Serdang,Sumatera Utara,Solar,11.47,Customer,10,7.91,10,6,78000,463454,Sumatera,DELI SERDANG,CDE,Internal,SumateraDELI SERDANGCDE,DALAM KOTA,,,,4,REGULAR,4:17:00,290160,95294,65
260409C186,HCI,9-Apr-2026,PICKUP,BK8696MS,Medan,Sumatera Utara,Pertalite,9.5,Customer,4,3.0,3,4,109000,449427,Sumatera,MEDAN,PICKUP,Internal,SumateraMEDANPICKUP,DALAM KOTA,,,,4,REGULAR,7:22:00,290160,50267,87
260409C170,HCI,9-Apr-2026,CDELC,BK8075MQ,Medan,Sumatera Utara,Solar,12.5,Customer,19,9.36,10,9,90000,688765,Sumatera,MEDAN,CDE,Internal,SumateraMEDANCDE,DALAM KOTA,,,,4,REGULAR,9:01:00,386880,211885,75
260409C169,HCI,9-Apr-2026,CDELC,BK8646MS,Medan,Sumatera Utara,Solar,13.38,Customer,13,9.21,10,9,99000,778247,Sumatera,MEDAN,CDE,Internal,SumateraMEDANCDE,DALAM KOTA,,,,4,REGULAR,6:55:00,386880,292367,62
260409C274,HCI,9-Apr-2026,CDELC,BK8009MI,Medan,Sumatera Utara,Solar,5.15,Customer,1,0.28,10,1,41000,406909,Sumatera,MEDAN,CDE,Internal,SumateraMEDANCDE,DALAM KOTA,,,,4,NON REGULAR,1:56:00,290160,75749,36
260409C277,HCI,9-Apr-2026,PICKUP,BK8136LM,Medan,Sumatera Utara,Pertalite,5,Customer,1,2.2,3,1,60000,321718,Sumatera,MEDAN,MINI VAN BOX,Internal,SumateraMEDANMINI VAN BOX,DALAM KOTA,,,,4,REGULAR,4:55:00,217620,44098,45
260409D099,AHI,9-Apr-2026,CDELC,BK8647MS,Medan,Sumatera Utara,Solar,4.71,Store,57,10.0,10,1,42000,284903,Sumatera,MEDAN,CDE,Internal,SumateraMEDANCDE,DALAM KOTA,,,,4,REGULAR,2:36:00,96720,146183,33
260409D100,AHI,9-Apr-2026,CDELC,BK8031LM,Medan,Sumatera Utara,Solar,5.15,Store,91,10.0,10,1,35000,303987,Sumatera,MEDAN,CDE,Internal,SumateraMEDANCDE,DALAM KOTA,,,,4,REGULAR,1:09:00,193440,75547,36
260409D107,AHI,9-Apr-2026,CDELC,BK8009MI,Medan,Sumatera Utara,Solar,5.88,Store,21,8.56,10,2,40000,212469,Sumatera,MEDAN,CDE,Internal,SumateraMEDANCDE,DALAM KOTA,,,,4,REGULAR,4:53:00,96720,75749,38
260409D108,AHI,9-Apr-2026,CDELC,BK8192MQ,Medan,Sumatera Utara,Solar,7.21,Store,7,8.21,10,1,84000,489325,Sumatera,MEDAN,CDE,Internal,SumateraMEDANCDE,DALAM KOTA,,,,4,REGULAR,5:58:00,193440,211885,42
260409D109,AHI,9-Apr-2026,CDELC,BK8141LM,Medan,Sumatera Utara,Solar,3.68,Store,84,10.0,10,1,25000,293987,Sumatera,MEDAN,CDE,Internal,SumateraMEDANCDE,DALAM KOTA,,,,4,REGULAR,2:24:00,193440,75547,22
260409D110,HCI,9-Apr-2026,CDELC,BK8047MQ,Medan,Sumatera Utara,Solar,6.62,Store,37,10.0,10,2,48500,357105,Sumatera,MEDAN,CDE,Internal,SumateraMEDANCDE,DALAM KOTA,,,,4,REGULAR,4:01:00,96720,211885,44
260409D111,HCI,9-Apr-2026,CDELC,BK8146LM,Medan,Sumatera Utara,Solar,3.68,Store,26,10.0,10,1,25000,369937,Sumatera,MEDAN,CDE,Internal,SumateraMEDANCDE,DALAM KOTA,,,,4,REGULAR,1:42:00,193440,151497,24
260409D112,HCI,9-Apr-2026,CDELC,0,Medan,Sumatera Utara,Solar,4.41,Store,21,8.35,10,2,45000,141720,Sumatera,MEDAN,CDE,Internal,SumateraMEDANCDE,DALAM KOTA,,,,4,REGULAR,4:26:00,96720,,30
260409D114,HCI,9-Apr-2026,CDELC,BK8172LM,Medan,Sumatera Utara,Solar,5.88,Store,33,10.0,10,1,65000,409937,Sumatera,MEDAN,CDE,Internal,SumateraMEDANCDE,DALAM KOTA,,,,4,REGULAR,0:52:00,193440,151497,35
260409C168,HCI,9-Apr-2026,CDELC,BK8805MH,Medan,Sumatera Utara,Solar,10.74,Customer,17,3.22,10,10,97000,481028,Sumatera,MEDAN,CDE,Internal,SumateraMEDANCDE,DALAM KOTA,,,,4,REGULAR,7:39:00,193440,190588,66
260409D130,HCI,9-Apr-2026,CDELC,BK8309MS,Medan,Sumatera Utara,Solar,4.71,Store,7,10.0,10,1,50000,456533,Sumatera,MEDAN,CDE,Internal,SumateraMEDANCDE,DALAM KOTA,,,,4,REGULAR,4:14:00,120900,285633,34
260409C167,HCI,9-Apr-2026,CDELC,BK8073MQ,Medan,Sumatera Utara,Solar,13.24,Customer,12,4.55,10,8,103000,701765,Sumatera,MEDAN,CDE,Internal,SumateraMEDANCDE,DALAM KOTA,,,,4,REGULAR,7:16:00,386880,211885,89
260409C192,HCI,9-Apr-2026,CDELC,BK8191MQ,Medan,Sumatera Utara,Solar,4.41,Customer,5,6.74,10,4,50000,455325,Sumatera,MEDAN,CDE,Internal,SumateraMEDANCDE,DALAM KOTA,,,,4,REGULAR,3:26:00,193440,211885,44
260409C269,HCI,9-Apr-2026,PICKUP,BK8633MS,Medan,Sumatera Utara,Pertalite,5.5,Customer,4,1.98,3,4,75000,408941,Sumatera,MEDAN,PICKUP,Internal,SumateraMEDANPICKUP,DALAM KOTA,,,,4,REGULAR,-5:03:00,290160,43781,43
260409D131,HCI,9-Apr-2026,CDELC,BK8112LM,Medan,Sumatera Utara,Solar,5.15,Store,15,10.0,10,4,50000,418714,Sumatera,MEDAN,CDE,Internal,SumateraMEDANCDE,DALAM KOTA,,,,4,REGULAR,4:34:00,217620,151094,35
260409D138,AHI,9-Apr-2026,PICKUP,BK8633MS,Medan,Sumatera Utara,Pertalite,3.5,Store,54,1.97,3,2,45000,306401,Sumatera,MEDAN,PICKUP,Internal,SumateraMEDANPICKUP,DALAM KOTA,,,,4,REGULAR,3:52:00,217620,43781,33
260409D139,AHI,9-Apr-2026,PICKUP,BK8696MS,Medan,Sumatera Utara,Pertalite,3.5,Store,2,2.36,3,1,40000,211167,Sumatera,MEDAN,PICKUP,Internal,SumateraMEDANPICKUP,DALAM KOTA,,,,4,REGULAR,4:16:00,120900,50267,32
260409D136,AHI,9-Apr-2026,CDELC,BK8807MH,Medan,Sumatera Utara,Solar,4.41,Store,317,10.0,10,1,30000,222014,Sumatera,MEDAN,CDE,Internal,SumateraMEDANCDE,DALAM KOTA,,,,4,REGULAR,0:51:00,96720,95294,35
260409D137,AHI,9-Apr-2026,CDELC,BK8804MH,Medan,Sumatera Utara,Solar,4.41,Store,3,10.0,10,1,30000,438208,Sumatera,MEDAN,CDE,Internal,SumateraMEDANCDE,DALAM KOTA,,,,4,REGULAR,4:18:00,217620,190588,32
260409H056,HCI,9-Apr-2026,CDELC,BK8074MQ,Pematangsiantar,Sumatera Utara,Solar,32.35,HUB,24,9.27,10,3,448000,853325,Sumatera,PEMATANGSIANTAR,CDE,Internal,SumateraPEMATANGSIANTARCDE,LUAR KOTA,1300000,-446675,-34.36%,4,REGULAR,7:52:00,193440,211885,255
260409D126,FBI,9-Apr-2026,PICKUP,A8330VX,Medan,Sumatera Utara,Pertalite,8.5,Store,10,2.94,3,6,105000,382607,Sumatera,MEDAN,MINI VAN BOX,Internal,SumateraMEDANMINI VAN BOX,DALAM KOTA,,,,4,REGULAR,6:15:00,193440,84167,88
260409D135,FBI,9-Apr-2026,PICKUP,BK8136LM,Medan,Sumatera Utara,Pertalite,4.5,Store,8,2.98,3,4,45000,306718,Sumatera,MEDAN,MINI VAN BOX,Internal,SumateraMEDANMINI VAN BOX,DALAM KOTA,,,,4,REGULAR,16:00:00,217620,44098,35
260409X049,HCI,9-Apr-2026,CDELC,BK8871MS,Sibolga,Sumatera Utara,Solar,84.56,Other Delivery,1,11.0,11,1,774000,1160880,Sumatera,SIBOLGA,CDE LONG CHASSIS,Internal,SumateraSIBOLGACDE LONG CHASSIS,LUAR KOTA,,,,4,REGULAR,14:34:00,386880,,743
260409D140,HCI,9-Apr-2026,CDELC,BK8806MH,Medan,Sumatera Utara,Solar,4.41,Store,20,9.78,10,1,30000,222014,Sumatera,MEDAN,CDE,Internal,SumateraMEDANCDE,DALAM KOTA,,,,4,REGULAR,3:26:00,96720,95294,24
260409D146,KLS,9-Apr-2026,CDELC,BK8135LM,Medan,Sumatera Utara,Solar,4.41,Store,1,8.5,10,1,30000,323369,Sumatera,MEDAN,CDE,Internal,SumateraMEDANCDE,DALAM KOTA,,,,4,REGULAR,2:17:00,217620,75749,31
260410L071,AHI,10-Apr-2026,CDELC,BK8074MQ,Pematangsiantar,Sumatera Utara,Solar,33.82,Store,37,10.0,10,3,446000,878959,Sumatera,PEMATANGSIANTAR,CDE,Internal,SumateraPEMATANGSIANTARCDE,LUAR KOTA,1300000,-421041,-32.39%,4,REGULAR,7:51:00,221074,211885,256
260410D131,AHI,10-Apr-2026,CDELC,BK8309MS,Deli Serdang,Sumatera Utara,Solar,4.71,Store,120,10.0,10,1,39000,402891,Sumatera,DELI SERDANG,CDE,Internal,SumateraDELI SERDANGCDE,DALAM KOTA,,,,4,REGULAR,3:30:00,221074,142817,40
260410X060,AHI,10-Apr-2026,CDELC,BK8309MS,Medan,Sumatera Utara,Solar,2.94,Other Delivery,1,8.0,10,1,20000,287171,Sumatera,MEDAN,CDE,Internal,SumateraMEDANCDE,DALAM KOTA,,,,4,REGULAR,0:06:00,124354,142817,25
260410X061,AHI,10-Apr-2026,CDELC,BK8031LM,Medan,Sumatera Utara,Solar,2.65,Other Delivery,1,8.0,10,1,18000,314621,Sumatera,MEDAN,CDE,Internal,SumateraMEDANCDE,DALAM KOTA,,,,4,REGULAR,0:22:00,221074,75547,26
260410D116,FBI,10-Apr-2026,PICKUP,A8330VX,Medan,Sumatera Utara,Pertalite,4.6,Store,7,2.69,3,4,50000,355241,Sumatera,MEDAN,MINI VAN BOX,Internal,SumateraMEDANMINI VAN BOX,DALAM KOTA,,,,4,REGULAR,3:43:00,221074,84167,43
260410D114,FBI,10-Apr-2026,PICKUP,BK8136LM,Binjai,Sumatera Utara,Pertalite,8.2,Store,6,2.95,3,4,120000,332549,Sumatera,BINJAI,MINI VAN BOX,Internal,SumateraBINJAIMINI VAN BOX,DALAM KOTA,,,,4,REGULAR,4:20:00,124354,88195,91
260410H015,HCI,10-Apr-2026,FUSO,BK8815MG,Pekanbaru,Riau,,,HUB,95,30.92,34,5,,1127718,Sumatera,PEKANBARU,FUSO,Internal,SumateraPEKANBARUFUSO,LUAR KOTA,6300000,-5172282,-82.10%,4,REGULAR,-1106939:35:00,773760,353958,-559992
260410C167,HCI,10-Apr-2026,CDELC,BK8191MQ,Medan,Sumatera Utara,Solar,11.32,Customer,22,7.68,10,18,100000,698765,Sumatera,MEDAN,CDE,Internal,SumateraMEDANCDE,DALAM KOTA,,,,4,REGULAR,8:18:00,386880,211885,86
260410C168,HCI,10-Apr-2026,CDELC,BK8172LM,Medan,Sumatera Utara,Solar,7.35,Customer,21,5.3,10,11,103000,641377,Sumatera,MEDAN,CDE,Internal,SumateraMEDANCDE,DALAM KOTA,,,,4,REGULAR,8:44:00,386880,151497,54
260410C169,HCI,10-Apr-2026,CDELC,BK8009MI,Medan,Sumatera Utara,Solar,6.76,Customer,10,4.18,10,6,51000,395937,Sumatera,MEDAN,CDE,Internal,SumateraMEDANCDE,DALAM KOTA,,,,4,REGULAR,4:14:00,193440,151497,42
260410C171,HCI,10-Apr-2026,CDELC,BK8803MH,Medan,Sumatera Utara,Solar,14.71,Customer,26,7.04,10,17,124500,701968,Sumatera,MEDAN,CDE,Internal,SumateraMEDANCDE,DALAM KOTA,,,,4,REGULAR,8:48:00,386880,190588,90
260410C172,HCI,10-Apr-2026,CDELC,BK8112LM,Medan,Sumatera Utara,Solar,5.15,Customer,3,7.27,10,1,35000,400707,Sumatera,MEDAN,CDE,Internal,SumateraMEDANCDE,DALAM KOTA,,,,4,REGULAR,2:02:00,290160,75547,36
260410C173,HCI,10-Apr-2026,CDELC,BK8804MH,Medan,Sumatera Utara,Solar,7.35,Customer,4,1.48,10,3,65500,450954,Sumatera,MEDAN,CDE,Internal,SumateraMEDANCDE,DALAM KOTA,,,,4,REGULAR,4:52:00,290160,95294,55
260410C179,HCI,10-Apr-2026,CDELC,BK8806MH,Medan,Sumatera Utara,Solar,14.71,Customer,14,8.86,10,10,115000,692468,Sumatera,MEDAN,CDE,Internal,SumateraMEDANCDE,DALAM KOTA,,,,4,REGULAR,9:32:00,386880,190588,104
260410C180,HCI,10-Apr-2026,CDELC,BK8146LM,Medan,Sumatera Utara,Solar,8.82,Customer,12,6.51,10,10,65000,603377,Sumatera,MEDAN,CDE,Internal,SumateraMEDANCDE,DALAM KOTA,,,,4,REGULAR,8:02:00,386880,151497,69
260410C181,HCI,10-Apr-2026,CDELC,BK8073MQ,Medan,Sumatera Utara,Solar,20.59,Customer,6,3.61,10,5,140000,738765,Sumatera,MEDAN,CDE,Internal,SumateraMEDANCDE,DALAM KOTA,,,,4,REGULAR,10:38:00,386880,211885,184
260410C182,HCI,10-Apr-2026,CDELC,BK8112LM,Medan,Sumatera Utara,Solar,5.88,Customer,5,4.23,10,3,40000,308987,Sumatera,MEDAN,CDE,Internal,SumateraMEDANCDE,DALAM KOTA,,,,4,REGULAR,2:35:00,193440,75547,38
260410C183,HCI,10-Apr-2026,CDELC,BK8047MQ,Medan,Sumatera Utara,Solar,6.62,Customer,7,6.28,10,6,45000,344383,Sumatera,MEDAN,CDE,Internal,SumateraMEDANCDE,DALAM KOTA,,,,4,REGULAR,3:48:00,193440,105943,55
260410C184,HCI,10-Apr-2026,CDELC,BK8646MS,Medan,Sumatera Utara,Solar,11.76,Customer,13,9.58,10,10,100000,779247,Sumatera,MEDAN,CDE,Internal,SumateraMEDANCDE,DALAM KOTA,,,,4,REGULAR,6:57:00,386880,292367,75
260410C185,HCI,10-Apr-2026,CDELC,BK8871MS,Medan,Sumatera Utara,Solar,11.03,Customer,13,8.69,10,10,95000,191720,Sumatera,MEDAN,CDE,Internal,SumateraMEDANCDE,DALAM KOTA,,,,4,REGULAR,5:43:00,96720,,74
260410C186,HCI,10-Apr-2026,CDELC,BK8075MQ,Medan,Sumatera Utara,Solar,11.76,Customer,14,8.17,10,10,80000,678765,Sumatera,MEDAN,CDE,Internal,SumateraMEDANCDE,DALAM KOTA,,,,4,REGULAR,7:53:00,386880,211885,73
260410C187,HCI,10-Apr-2026,CDELC,BK8135LM,Deli Serdang,Sumatera Utara,Solar,6.32,Customer,9,6.06,10,6,48000,296217,Sumatera,DELI SERDANG,CDE,Internal,SumateraDELI SERDANGCDE,DALAM KOTA,,,,4,REGULAR,5:53:00,96720,151497,47
260410C192,HCI,10-Apr-2026,PICKUP,BK8696MS,Medan,Sumatera Utara,Pertalite,8.5,Customer,4,3.0,3,3,140500,384207,Sumatera,MEDAN,PICKUP,Internal,SumateraMEDANPICKUP,DALAM KOTA,,,,4,REGULAR,5:15:00,193440,50267,86
260410C203,HCI,10-Apr-2026,PICKUP,BK8633MS,Binjai,Sumatera Utara,Pertalite,12,Customer,8,3.0,3,5,152000,582661,Sumatera,BINJAI,PICKUP,Internal,SumateraBINJAIPICKUP,DALAM KOTA,,,,4,REGULAR,7:35:00,386880,43781,132
260410H057,HCI,10-Apr-2026,CDELC,BK8805MH,Pematangsiantar,Sumatera Utara,Solar,36.03,HUB,18,9.88,10,3,465000,849028,Sumatera,PEMATANGSIANTAR,CDE,Internal,SumateraPEMATANGSIANTARCDE,LUAR KOTA,1300000,-450972,-34.69%,4,REGULAR,8:06:00,193440,190588,253
260410H058,HCI,10-Apr-2026,CDELC,BK8647MS,Pematangsiantar,Sumatera Utara,Solar,30.88,HUB,7,10.0,10,2,442500,928307,Sumatera,PEMATANGSIANTAR,CDE,Internal,SumateraPEMATANGSIANTARCDE,LUAR KOTA,1300000,-371693,-28.59%,4,REGULAR,11:33:00,193440,292367,247
260410D119,HCI,10-Apr-2026,CDELC,BK8299MH,Medan,Sumatera Utara,Solar,3.82,Store,8,10.0,10,1,26000,274217,Sumatera,MEDAN,CDE,Internal,SumateraMEDANCDE,DALAM KOTA,,,,4,REGULAR,1:58:00,96720,151497,24
260410D123,AHI,10-Apr-2026,CDELC,BK8192MQ,Medan,Sumatera Utara,Solar,5.59,Store,37,10.0,10,3,53000,458325,Sumatera,MEDAN,CDE,Internal,SumateraMEDANCDE,DALAM KOTA,,,,4,REGULAR,7:48:00,193440,211885,33
260410D124,AHI,10-Apr-2026,CDELC,BK8047MQ,Medan,Sumatera Utara,Solar,4.41,Store,43,9.87,10,1,30000,135943,Sumatera,MEDAN,CDE,Internal,SumateraMEDANCDE,DALAM KOTA,,,,4,REGULAR,1:40:00,0,105943,26
260410D125,AHI,10-Apr-2026,CDELC,BK8807MH,Medan,Sumatera Utara,Solar,4.41,Store,28,8.38,10,3,51000,435028,Sumatera,MEDAN,CDE,Internal,SumateraMEDANCDE,DALAM KOTA,,,,4,REGULAR,4:17:00,193440,190588,37
260410D126,AHI,10-Apr-2026,PICKUP,BK8696MS,Medan,Sumatera Utara,Pertalite,2.5,Store,28,2.73,3,1,30000,273707,Sumatera,MEDAN,PICKUP,Internal,SumateraMEDANPICKUP,DALAM KOTA,,,,4,REGULAR,2:06:00,193440,50267,31
260410D127,AHI,10-Apr-2026,CDELC,BK8141LM,Medan,Sumatera Utara,Solar,4.41,Store,39,10.0,10,2,50000,394534,Sumatera,MEDAN,CDE,Internal,SumateraMEDANCDE,DALAM KOTA,,,,4,REGULAR,4:34:00,193440,151094,28
260410D128,AHI,10-Apr-2026,CDELC,BK8804MH,Medan,Sumatera Utara,Solar,5.88,Store,50,9.8,10,2,49500,241514,Sumatera,MEDAN,CDE,Internal,SumateraMEDANCDE,DALAM KOTA,,,,4,REGULAR,2:35:00,96720,95294,48
260410C247,HCI,10-Apr-2026,CDELC,BK8813MG,Medan,Sumatera Utara,Solar,8.24,Customer,5,10.0,10,5,66000,600874,Sumatera,MEDAN,CDE,Internal,SumateraMEDANCDE,DALAM KOTA,,,,4,REGULAR,7:47:00,386880,147994,77
260410D153,HCI,10-Apr-2026,PICKUP,BK8633MS,Medan,Sumatera Utara,Pertalite,4,Store,1,3.0,3,1,40000,208135,Sumatera,MEDAN,PICKUP,Internal,SumateraMEDANPICKUP,DALAM KOTA,,,,4,REGULAR,3:20:00,124354,43781,39
260410D133,KLS,10-Apr-2026,CDELC,BK8031LM,Medan,Sumatera Utara,Solar,3.24,Store,4,8.49,10,1,22000,194267,Sumatera,MEDAN,CDE,Internal,SumateraMEDANCDE,DALAM KOTA,,,,4,REGULAR,1:43:00,96720,75547,36
260411D104,FBI,11-Apr-2026,PICKUP,A8330VX,Medan,Sumatera Utara,Pertalite,4,Store,8,1.69,3,4,45000,225887,Sumatera,MEDAN,MINI VAN BOX,Internal,SumateraMEDANMINI VAN BOX,DALAM KOTA,,,,4,REGULAR,6:03:00,96720,84167,33
260411D105,FBI,11-Apr-2026,PICKUP,BK8136LM,Medan,Sumatera Utara,Pertalite,6,Store,8,1.2,3,5,67000,348635,Sumatera,MEDAN,MINI VAN BOX,Internal,SumateraMEDANMINI VAN BOX,DALAM KOTA,,,,4,REGULAR,4:35:00,193440,88195,64
260411C158,HCI,11-Apr-2026,CDELC,BK8299MH,Medan,Sumatera Utara,Solar,5.88,Customer,10,10.0,10,7,64000,312217,Sumatera,MEDAN,CDE,Internal,SumateraMEDANCDE,DALAM KOTA,,,,4,REGULAR,5:29:00,96720,151497,43
260411C159,HCI,11-Apr-2026,CDELC,BK8309MS,Medan,Sumatera Utara,Solar,11.76,Customer,25,10.0,10,14,85000,757513,Sumatera,MEDAN,CDE,Internal,SumateraMEDANCDE,DALAM KOTA,,,,4,REGULAR,9:25:00,386880,285633,82
260411C160,HCI,11-Apr-2026,CDELC,BK8031LM,Medan,Sumatera Utara,Solar,11.91,Customer,24,7.98,10,16,91000,628974,Sumatera,MEDAN,CDE,Internal,SumateraMEDANCDE,DALAM KOTA,,,,4,REGULAR,9:30:00,386880,151094,80
260411C161,HCI,11-Apr-2026,CDELC,BK8141LM,Medan,Sumatera Utara,Solar,13.97,Customer,10,7.08,10,6,110000,647974,Sumatera,MEDAN,CDE,Internal,SumateraMEDANCDE,DALAM KOTA,,,,4,REGULAR,8:35:00,386880,151094,92
260411C164,HCI,11-Apr-2026,CDELC,BK8191MQ,Binjai,Sumatera Utara,,,Customer,12,9.95,10,8,18000,616765,Sumatera,BINJAI,CDE,Internal,SumateraBINJAICDE,DALAM KOTA,,,,4,REGULAR,9:18:00,386880,211885,-162942
260411C165,HCI,11-Apr-2026,CDELC,BK8807MH,Medan,Sumatera Utara,Solar,11.76,Customer,23,8.2,10,15,91000,668468,Sumatera,MEDAN,CDE,Internal,SumateraMEDANCDE,DALAM KOTA,,,,4,REGULAR,7:11:00,386880,190588,85
260411C166,HCI,11-Apr-2026,CDELC,BK8075MQ,Medan,Sumatera Utara,Solar,11.76,Customer,9,2.48,10,6,107000,415605,Sumatera,MEDAN,CDE,Internal,SumateraMEDANCDE,DALAM KOTA,,,,4,REGULAR,7:02:00,96720,211885,71
260411C167,HCI,11-Apr-2026,CDELC,BK8073MQ,Medan,Sumatera Utara,Solar,12.5,Customer,14,7.33,10,11,85000,683765,Sumatera,MEDAN,CDE,Internal,SumateraMEDANCDE,DALAM KOTA,,,,4,REGULAR,9:31:00,386880,211885,107
260411C168,HCI,11-Apr-2026,CDELC,BK8871MS,Medan,Sumatera Utara,Solar,11.76,Customer,18,8.98,10,9,85000,471880,Sumatera,MEDAN,CDE,Internal,SumateraMEDANCDE,DALAM KOTA,,,,4,REGULAR,8:23:00,386880,,89
260411C170,HCI,11-Apr-2026,CDELC,BK8803MH,Medan,Sumatera Utara,Solar,8.09,Customer,10,10.0,10,6,55000,440454,Sumatera,MEDAN,CDE,Internal,SumateraMEDANCDE,DALAM KOTA,,,,4,REGULAR,6:04:00,290160,95294,58
260411C171,HCI,11-Apr-2026,CDELC,BK8647MS,Medan,Sumatera Utara,Solar,5.15,Customer,11,6.87,10,8,35000,471343,Sumatera,MEDAN,CDE,Internal,SumateraMEDANCDE,DALAM KOTA,,,,4,REGULAR,4:24:00,290160,146183,38
260411C173,HCI,11-Apr-2026,CDELC,BK8112LM,Medan,Sumatera Utara,Solar,6.62,Customer,18,7.98,10,10,58000,595974,Sumatera,MEDAN,CDE,Internal,SumateraMEDANCDE,DALAM KOTA,,,,4,REGULAR,6:55:00,386880,151094,50
260411C174,HCI,11-Apr-2026,CDELC,BK8047MQ,Medan,Sumatera Utara,Solar,6.62,Customer,14,4.54,10,9,45000,450325,Sumatera,MEDAN,CDE,Internal,SumateraMEDANCDE,DALAM KOTA,,,,4,REGULAR,4:27:00,193440,211885,42
260411C175,HCI,11-Apr-2026,CDELC,BK8146LM,Medan,Sumatera Utara,Solar,6.32,Customer,11,7.16,10,9,47000,585377,Sumatera,MEDAN,CDE,Internal,SumateraMEDANCDE,DALAM KOTA,,,,4,REGULAR,7:07:00,386880,151497,47
260411C177,HCI,11-Apr-2026,CDELC,BK8804MH,Medan,Sumatera Utara,,,Customer,6,10.0,10,2,,288734,Sumatera,MEDAN,CDE,Internal,SumateraMEDANCDE,DALAM KOTA,,,,4,REGULAR,2:05:00,193440,95294,-182595
260411D084,HCI,11-Apr-2026,CDELC,BK8804MH,Medan,Sumatera Utara,Solar,4.26,Store,15,8.68,10,1,44000,236014,Sumatera,MEDAN,CDE,Internal,SumateraMEDANCDE,DALAM KOTA,,,,4,REGULAR,3:08:00,96720,95294,30
260411D085,HCI,11-Apr-2026,CDELC,BK8192MQ,Medan,Sumatera Utara,Solar,6.62,Store,18,9.2,10,3,62500,467825,Sumatera,MEDAN,CDE,Internal,SumateraMEDANCDE,DALAM KOTA,,,,4,REGULAR,6:56:00,193440,211885,55
260411D086,HCI,11-Apr-2026,CDELC,BK8805MH,Medan,Sumatera Utara,Solar,4.41,Store,7,9.39,10,1,30000,222014,Sumatera,MEDAN,CDE,Internal,SumateraMEDANCDE,DALAM KOTA,,,,4,REGULAR,3:53:00,96720,95294,32
260411D087,HCI,11-Apr-2026,CDELC,BK8813MG,Medan,Sumatera Utara,Solar,4.41,Store,9,8.33,10,1,45000,289714,Sumatera,MEDAN,CDE,Internal,SumateraMEDANCDE,DALAM KOTA,,,,4,REGULAR,3:57:00,96720,147994,30
260411D088,HCI,11-Apr-2026,CDELC,BK8009MI,Medan,Sumatera Utara,Solar,5,Store,7,9.27,10,1,34000,303189,Sumatera,MEDAN,CDE,Internal,SumateraMEDANCDE,DALAM KOTA,,,,4,REGULAR,3:43:00,193440,75749,39
260411C181,HCI,11-Apr-2026,PICKUP,BK8696MS,Medan,Sumatera Utara,Pertalite,9,Customer,5,3.0,3,4,113500,550647,Sumatera,MEDAN,PICKUP,Internal,SumateraMEDANPICKUP,DALAM KOTA,,,,4,REGULAR,6:33:00,386880,50267,93
260411H055,HCI,11-Apr-2026,CDELC,BK8074MQ,Pematangsiantar,Sumatera Utara,Solar,32.35,HUB,20,10.0,10,1,436000,841325,Sumatera,PEMATANGSIANTAR,CDE,Internal,SumateraPEMATANGSIANTARCDE,LUAR KOTA,1300000,-458675,-35.28%,4,REGULAR,8:08:00,193440,211885,248
260411C184,HCI,11-Apr-2026,CDELC,BK8646MS,Medan,Sumatera Utara,Solar,4.41,Customer,9,5.36,10,7,30000,466343,Sumatera,MEDAN,CDE,Internal,SumateraMEDANCDE,DALAM KOTA,,,,4,REGULAR,2:36:00,290160,146183,32
260411C188,HCI,11-Apr-2026,CDELC,BK8805MH,Medan,Sumatera Utara,Solar,7.35,Customer,4,5.07,10,2,50000,338734,Sumatera,MEDAN,CDE,Internal,SumateraMEDANCDE,DALAM KOTA,,,,4,REGULAR,3:03:00,193440,95294,48
260411C196,HCI,11-Apr-2026,CDELC,BK8172LM,Deli Serdang,Sumatera Utara,Solar,23.97,Customer,15,6.72,10,5,168000,706377,Sumatera,DELI SERDANG,CDE,Internal,SumateraDELI SERDANGCDE,DALAM KOTA,,,,4,REGULAR,9:09:00,386880,151497,146
260411D112,HCI,11-Apr-2026,CDELC,BK8135LM,Medan,Sumatera Utara,Solar,4.41,Store,57,9.02,10,2,55000,432177,Sumatera,MEDAN,CDE,Internal,SumateraMEDANCDE,DALAM KOTA,,,,4,REGULAR,8:42:00,225680,151497,30
260411D113,HCI,11-Apr-2026,CDELC,BK8806MH,Medan,Sumatera Utara,Solar,4.41,Store,29,9.64,10,3,45000,461268,Sumatera,MEDAN,CDE,Internal,SumateraMEDANCDE,DALAM KOTA,,,,4,REGULAR,8:32:00,225680,190588,34
260411D142,HCI,11-Apr-2026,CDELC,BK8647MS,Medan,Sumatera Utara,Solar,5.15,Store,1,8.8,11,1,35000,406863,Sumatera,MEDAN,CDE LONG CHASSIS,Internal,SumateraMEDANCDE LONG CHASSIS,DALAM KOTA,,,,4,REGULAR,1:39:00,225680,146183,42
260411D111,HCI,11-Apr-2026,CDELC,BK8646MS,Medan,Sumatera Utara,Solar,4.41,Store,36,9.2,11,2,30000,401863,Sumatera,MEDAN,CDE LONG CHASSIS,Internal,SumateraMEDANCDE LONG CHASSIS,DALAM KOTA,,,,4,REGULAR,2:49:00,225680,146183,31
260411D110,HCI,11-Apr-2026,CDELC,BK8803MH,Medan,Sumatera Utara,Solar,3.68,Store,40,9.31,10,2,25000,249254,Sumatera,MEDAN,CDE,Internal,SumateraMEDANCDE,DALAM KOTA,,,,4,REGULAR,2:42:00,128960,95294,24
260411D115,HCI,11-Apr-2026,PICKUP,BK8633MS,Medan,Sumatera Utara,Pertalite,2.8,Store,3,1.66,3,1,38000,210741,Sumatera,MEDAN,PICKUP,Internal,SumateraMEDANPICKUP,DALAM KOTA,,,,4,REGULAR,6:52:00,128960,43781,35
260411C237,HCI,11-Apr-2026,CDELC,BK8009MI,Medan,Sumatera Utara,Solar,6.47,Customer,2,1.87,10,2,44000,313189,Sumatera,MEDAN,CDE,Internal,SumateraMEDANCDE,DALAM KOTA,,,,4,REGULAR,4:10:00,193440,75749,45
260411L105,HCI,11-Apr-2026,PICKUP,BK8633MS,Medan,Sumatera Utara,Pertalite,4.1,Store,1,1.9,3,1,41000,374941,Sumatera,MEDAN,PICKUP,Internal,SumateraMEDANPICKUP,DALAM KOTA,,,,4,REGULAR,4:08:00,290160,43781,38
260411C239,HCI,11-Apr-2026,PICKUP,BK8696MS,Medan,Sumatera Utara,Pertalite,2.7,Customer,2,2.47,3,2,27000,464147,Sumatera,MEDAN,PICKUP,Internal,SumateraMEDANPICKUP,DALAM KOTA,,,,4,REGULAR,2:35:00,386880,50267,24
260412C112,HCI,12-Apr-2026,CDELC,BK8047MQ,Medan,Sumatera Utara,Solar,8.09,Customer,11,4.35,10,6,64500,663265,Sumatera,MEDAN,CDE,Internal,SumateraMEDANCDE,DALAM KOTA,,,,4,REGULAR,2:54:00,386880,211885,56
260412C113,HCI,12-Apr-2026,CDELC,BK8146LM,Medan,Sumatera Utara,Solar,11.03,Customer,15,4.59,10,10,85000,429937,Sumatera,MEDAN,CDE,Internal,SumateraMEDANCDE,DALAM KOTA,,,,4,REGULAR,7:18:00,193440,151497,81
260412C114,HCI,12-Apr-2026,CDELC,BK8646MS,Medan,Sumatera Utara,Solar,7.35,Customer,10,6.1,10,6,65000,744247,Sumatera,MEDAN,CDE,Internal,SumateraMEDANCDE,DALAM KOTA,,,,4,REGULAR,5:39:00,386880,292367,46
260412C115,HCI,12-Apr-2026,CDELC,BK8871MS,Medan,Sumatera Utara,Solar,11.76,Customer,21,7.97,10,10,84000,277440,Sumatera,MEDAN,CDE,Internal,SumateraMEDANCDE,DALAM KOTA,,,,4,REGULAR,7:30:00,193440,,73
260412C116,HCI,12-Apr-2026,CDELC,BK8806MH,Medan,Sumatera Utara,Solar,11.03,Customer,22,9.36,10,11,80000,657468,Sumatera,MEDAN,CDE,Internal,SumateraMEDANCDE,DALAM KOTA,,,,4,REGULAR,7:34:00,386880,190588,77
260412C118,HCI,12-Apr-2026,CDELC,BK8807MH,Medan,Sumatera Utara,Solar,13.97,Customer,13,8.98,10,9,105000,682468,Sumatera,MEDAN,CDE,Internal,SumateraMEDANCDE,DALAM KOTA,,,,4,REGULAR,8:41:00,386880,190588,106
260412C119,HCI,12-Apr-2026,CDELC,BK8299MH,Binjai,Sumatera Utara,Solar,12.5,Customer,9,4.5,10,7,110000,648377,Sumatera,BINJAI,CDE,Internal,SumateraBINJAICDE,DALAM KOTA,,,,4,NON REGULAR,5:36:00,386880,151497,102
260412C120,HCI,12-Apr-2026,CDELC,BK8135LM,Medan,Sumatera Utara,Solar,8.97,Customer,13,5.23,10,7,61000,599377,Sumatera,MEDAN,CDE,Internal,SumateraMEDANCDE,DALAM KOTA,,,,4,REGULAR,6:54:00,386880,151497,69
260412C121,HCI,12-Apr-2026,CDELC,BK8805MH,Medan,Sumatera Utara,Solar,9.56,Customer,11,7.48,10,7,65000,449028,Sumatera,MEDAN,CDE,Internal,SumateraMEDANCDE,DALAM KOTA,,,,4,REGULAR,4:13:00,193440,190588,57
260412C123,HCI,12-Apr-2026,CDELC,BK8141LM,Medan,Sumatera Utara,Solar,13.97,Customer,6,4.23,10,4,95000,439534,Sumatera,MEDAN,CDE,Internal,SumateraMEDANCDE,DALAM KOTA,,,,4,NON REGULAR,6:30:00,193440,151094,105
260412C124,HCI,12-Apr-2026,CDELC,BK8813MG,Medan,Sumatera Utara,Solar,3.68,Customer,1,6.2,10,1,25000,366434,Sumatera,MEDAN,CDE,Internal,SumateraMEDANCDE,DALAM KOTA,,,,4,REGULAR,2:06:00,193440,147994,28
260412C129,HCI,12-Apr-2026,PICKUP,BK8696MS,Medan,Sumatera Utara,Pertalite,12.4,Customer,13,3.0,3,7,167000,654413,Sumatera,MEDAN,PICKUP,Internal,SumateraMEDANPICKUP,DALAM KOTA,,,,4,REGULAR,8:47:00,386880,100533,137
260412H047,HCI,12-Apr-2026,CDELC,BK8074MQ,Pematangsiantar,Sumatera Utara,Solar,29.41,HUB,11,7.28,10,2,422500,827825,Sumatera,PEMATANGSIANTAR,CDE,Internal,SumateraPEMATANGSIANTARCDE,LUAR KOTA,1300000,-472175,-36.32%,4,REGULAR,5:55:00,193440,211885,256
260412X041,HCI,12-Apr-2026,CDELC,BK8031LM,Medan,Sumatera Utara,Solar,4.26,Other Delivery,1,2.2,10,1,54000,446894,Sumatera,MEDAN,CDE,Internal,SumateraMEDANCDE,DALAM KOTA,,,,4,REGULAR,6:29:00,241800,151094,31
260412L049,HCI,12-Apr-2026,CDELC,BK8075MQ,Pematangsiantar,Sumatera Utara,Solar,30.88,Store,45,8.03,10,2,426000,879685,Sumatera,PEMATANGSIANTAR,CDE,Internal,SumateraPEMATANGSIANTARCDE,LUAR KOTA,1300000,-420315,-32.33%,4,REGULAR,6:44:00,241800,211885,241
260412D094,HCI,12-Apr-2026,CDELC,BK8804MH,Medan,Sumatera Utara,Solar,6.03,Store,8,8.5,10,3,67000,499388,Sumatera,MEDAN,CDE,Internal,SumateraMEDANCDE,DALAM KOTA,,,,4,REGULAR,0:05:00,241800,190588,60
260412X047,HCI,12-Apr-2026,CDELC,BK8647MS,Medan,Sumatera Utara,Solar,5.88,Other Delivery,1,8.0,11,1,45000,579167,Sumatera,MEDAN,CDE LONG CHASSIS,Internal,SumateraMEDANCDE LONG CHASSIS,DALAM KOTA,,,,4,REGULAR,0:04:00,241800,292367,37
260413D092,FBI,13-Apr-2026,PICKUP,A8330VX,Medan,Sumatera Utara,Pertalite,4.7,Store,7,1.86,3,5,60000,385967,Sumatera,MEDAN,MINI VAN BOX,Internal,SumateraMEDANMINI VAN BOX,DALAM KOTA,,,,4,REGULAR,4:15:00,241800,84167,47
260413D094,FBI,13-Apr-2026,PICKUP,BK8136LM,Binjai,Sumatera Utara,Pertalite,9.8,Store,8,1.67,3,5,148500,478495,Sumatera,BINJAI,MINI VAN BOX,Internal,SumateraBINJAIMINI VAN BOX,DALAM KOTA,,,,4,REGULAR,7:32:00,241800,88195,111
260413D002,AHI,13-Apr-2026,CDELC,BK8022LM,Medan,Sumatera Utara,Solar,5.15,Store,59,10.0,10,1,35000,282814,Sumatera,MEDAN,CDE,Internal,SumateraMEDANCDE,DALAM KOTA,,,,4,REGULAR,2:40:00,96720,151094,34
260413D003,AHI,13-Apr-2026,CDELC,BK8192MQ,Medan,Sumatera Utara,Solar,9.41,Store,72,8.54,10,3,88000,493325,Sumatera,MEDAN,CDE,Internal,SumateraMEDANCDE,DALAM KOTA,,,,4,REGULAR,7:31:00,193440,211885,56
260413D056,AHI,13-Apr-2026,PICKUP,BK8633MS,Medan,Sumatera Utara,Pertalite,3,Store,11,2.58,3,2,40000,180501,Sumatera,MEDAN,PICKUP,Internal,SumateraMEDANPICKUP,DALAM KOTA,,,,4,REGULAR,3:38:00,96720,43781,30
260413D057,AHI,13-Apr-2026,CDELC,BK8646MS,Medan,Sumatera Utara,Solar,5.59,Store,53,10.0,10,3,53000,442087,Sumatera,MEDAN,CDE,Internal,SumateraMEDANCDE,DALAM KOTA,,,,4,REGULAR,4:41:00,96720,292367,36
260413D058,AHI,13-Apr-2026,CDELC,BK8813MG,Medan,Sumatera Utara,Solar,5.15,Store,32,9.06,10,2,38500,209217,Sumatera,MEDAN,CDE,Internal,SumateraMEDANCDE,DALAM KOTA,,,,4,REGULAR,2:39:00,96720,73997,44
260413D059,HCI,13-Apr-2026,CDELC,BK8009MI,Medan,Sumatera Utara,Solar,5.15,Store,48,8.63,10,1,44500,313689,Sumatera,MEDAN,CDE,Internal,SumateraMEDANCDE,DALAM KOTA,,,,4,REGULAR,3:09:00,193440,75749,41
260413D060,HCI,13-Apr-2026,CDELC,BK8309MS,Medan,Sumatera Utara,Solar,2.94,Store,58,9.22,10,1,20000,356257,Sumatera,MEDAN,CDE,Internal,SumateraMEDANCDE,DALAM KOTA,,,,4,REGULAR,3:00:00,193440,142817,24
260413D061,HCI,13-Apr-2026,CDELC,BK8803MH,Medan,Sumatera Utara,Solar,4.41,Store,53,10.0,10,1,45000,333734,Sumatera,MEDAN,CDE,Internal,SumateraMEDANCDE,DALAM KOTA,,,,4,REGULAR,2:29:00,193440,95294,36
260413D062,HCI,13-Apr-2026,CDELC,BK8073MQ,Medan,Sumatera Utara,Solar,4.41,Store,43,8.82,10,1,30000,232663,Sumatera,MEDAN,CDE,Internal,SumateraMEDANCDE,DALAM KOTA,,,,4,REGULAR,3:11:00,96720,105943,31
260413D063,HCI,13-Apr-2026,CDELC,BK8191MQ,Medan,Sumatera Utara,Solar,3.68,Store,38,9.05,10,1,45000,247663,Sumatera,MEDAN,CDE,Internal,SumateraMEDANCDE,DALAM KOTA,,,,4,REGULAR,4:21:00,96720,105943,30
260413C199,HCI,13-Apr-2026,CDELC,BK8871MS,Deli Serdang,Sumatera Utara,Solar,11.47,Customer,21,6.19,10,9,90000,476880,Sumatera,DELI SERDANG,CDE,Internal,SumateraDELI SERDANGCDE,DALAM KOTA,,,,4,REGULAR,7:41:00,386880,,79
260413C209,HCI,13-Apr-2026,CDELC,BK8806MH,Medan,Sumatera Utara,Solar,9.56,Customer,28,8.78,10,13,121000,505028,Sumatera,MEDAN,CDE,Internal,SumateraMEDANCDE,DALAM KOTA,,,,4,REGULAR,8:03:00,193440,190588,56
260413C214,HCI,13-Apr-2026,CDELC,BK8804MH,Medan,Sumatera Utara,Solar,10.29,Customer,26,9.24,10,14,70000,647468,Sumatera,MEDAN,CDE,Internal,SumateraMEDANCDE,DALAM KOTA,,,,4,REGULAR,10:12:00,386880,190588,71
260413C216,HCI,13-Apr-2026,CDELC,BK8299MH,Medan,Sumatera Utara,Solar,9.56,Customer,22,7.89,10,14,74000,612377,Sumatera,MEDAN,CDE,Internal,SumateraMEDANCDE,DALAM KOTA,,,,4,REGULAR,8:24:00,386880,151497,66
260413C217,HCI,13-Apr-2026,CDELC,BK8807MH,Medan,Sumatera Utara,Solar,8.82,Customer,15,8.88,10,10,60000,444028,Sumatera,MEDAN,CDE,Internal,SumateraMEDANCDE,DALAM KOTA,,,,4,REGULAR,8:55:00,193440,190588,60
260413C218,HCI,13-Apr-2026,CDELC,BK8803MH,Medan,Sumatera Utara,Solar,5.15,Customer,7,4.08,10,6,35000,420454,Sumatera,MEDAN,CDE,Internal,SumateraMEDANCDE,DALAM KOTA,,,,4,REGULAR,2:48:00,290160,95294,35
260413C219,HCI,13-Apr-2026,CDELC,BK8813MG,Medan,Sumatera Utara,Solar,13.97,Customer,13,6.03,10,9,95000,555877,Sumatera,MEDAN,CDE,Internal,SumateraMEDANCDE,DALAM KOTA,,,,4,REGULAR,7:49:00,386880,73997,102
260413C220,HCI,13-Apr-2026,CDELC,BK8146LM,Medan,Sumatera Utara,Solar,8.09,Customer,13,4.7,10,10,70000,339189,Sumatera,MEDAN,CDE,Internal,SumateraMEDANCDE,DALAM KOTA,,,,4,REGULAR,4:42:00,193440,75749,19831
260413C221,HCI,13-Apr-2026,CDELC,BK8146LM,Medan,Sumatera Utara,Solar,8.09,Customer,9,3.64,10,5,70500,339689,Sumatera,MEDAN,CDE,Internal,SumateraMEDANCDE,DALAM KOTA,,,,4,REGULAR,5:05:00,193440,75749,64
260413C223,HCI,13-Apr-2026,CDELC,BK8112LM,Binjai,Sumatera Utara,Solar,14.71,Customer,13,10.0,10,7,135000,576254,Sumatera,BINJAI,CDE,Internal,SumateraBINJAICDE,DALAM KOTA,,,,4,REGULAR,3:47:00,290160,151094,112
260413C224,HCI,13-Apr-2026,CDELC,BK8075MQ,Medan,Sumatera Utara,Solar,13.97,Customer,14,9.31,10,10,110500,709265,Sumatera,MEDAN,CDE,Internal,SumateraMEDANCDE,DALAM KOTA,,,,4,REGULAR,7:30:00,386880,211885,93
260413C225,HCI,13-Apr-2026,CDELC,BK8073MQ,Medan,Sumatera Utara,Solar,14.71,Customer,10,6.92,10,8,125000,521103,Sumatera,MEDAN,CDE,Internal,SumateraMEDANCDE,DALAM KOTA,,,,4,REGULAR,6:44:00,290160,105943,270
260413C226,HCI,13-Apr-2026,CDELC,BK8141LM,Medan,Sumatera Utara,Solar,14.71,Customer,15,5.83,10,13,124500,662474,Sumatera,MEDAN,CDE,Internal,SumateraMEDANCDE,DALAM KOTA,,,,4,REGULAR,7:45:00,386880,151094,103
260413C227,HCI,13-Apr-2026,CDELC,BK8009MI,Medan,Sumatera Utara,Solar,7.35,Customer,12,8.8,10,7,59000,424909,Sumatera,MEDAN,CDE,Internal,SumateraMEDANCDE,DALAM KOTA,,,,4,REGULAR,4:09:00,290160,75749,49
260413C228,HCI,13-Apr-2026,CDELC,BK8309MS,Medan,Sumatera Utara,Solar,5.88,Customer,20,10.0,10,13,66500,499477,Sumatera,MEDAN,CDE,Internal,SumateraMEDANCDE,DALAM KOTA,,,,4,REGULAR,4:25:00,290160,142817,57
260413C229,HCI,13-Apr-2026,CDELC,BK8047MQ,Medan,Sumatera Utara,Solar,7.35,Customer,9,7.43,10,7,57500,656265,Sumatera,MEDAN,CDE,Internal,SumateraMEDANCDE,DALAM KOTA,,,,4,REGULAR,7:35:00,386880,211885,61
260413C230,HCI,13-Apr-2026,CDELC,BK8191MQ,Medan,Sumatera Utara,Solar,9.26,Customer,13,8.44,10,9,63000,555823,Sumatera,MEDAN,CDE,Internal,SumateraMEDANCDE,DALAM KOTA,,,,4,REGULAR,7:52:00,386880,105943,72
260413C231,HCI,13-Apr-2026,CDELC,BK8031LM,Deli Serdang,Sumatera Utara,Solar,20.59,Customer,10,7.41,10,7,246500,784474,Sumatera,DELI SERDANG,CDE,Internal,SumateraDELI SERDANGCDE,DALAM KOTA,,,,4,REGULAR,7:23:00,386880,151094,176
260413C236,HCI,13-Apr-2026,PICKUP,BK8696MS,Medan,Sumatera Utara,Pertalite,7,Customer,5,3.0,3,5,90000,527147,Sumatera,MEDAN,PICKUP,Internal,SumateraMEDANPICKUP,DALAM KOTA,,,,4,REGULAR,7:44:00,386880,50267,66
260413H066,HCI,13-Apr-2026,CDELC,BK8647MS,Pematangsiantar,Sumatera Utara,Solar,28.68,HUB,17,8.17,10,2,411000,896807,Sumatera,PEMATANGSIANTAR,CDE,Internal,SumateraPEMATANGSIANTARCDE,LUAR KOTA,1300000,-403193,-31.01%,4,REGULAR,11:53:00,193440,292367,219
260413H068,HCI,13-Apr-2026,CDELC,BK8074MQ,Pematangsiantar,Sumatera Utara,Solar,50,HUB,23,8.89,10,3,652500,1057825,Sumatera,PEMATANGSIANTAR,CDE,Internal,SumateraPEMATANGSIANTARCDE,LUAR KOTA,1300000,-242175,-18.63%,4,REGULAR,10:40:00,193440,211885,382
260413C259,HCI,13-Apr-2026,PICKUP,BK8696MS,Medan,Sumatera Utara,Pertalite,4.5,Customer,5,3.0,3,4,55000,492147,Sumatera,MEDAN,PICKUP,Internal,SumateraMEDANPICKUP,DALAM KOTA,,,,4,REGULAR,4:57:00,386880,50267,37
260413C260,HCI,13-Apr-2026,PICKUP,BK8633MS,Medan,Sumatera Utara,Pertalite,5.8,Customer,3,3.0,3,3,58000,391941,Sumatera,MEDAN,PICKUP,Internal,SumateraMEDANPICKUP,DALAM KOTA,,,,4,REGULAR,5:01:00,290160,43781,54
260413D077,HCI,13-Apr-2026,CDELC,BK8172LM,Medan,Sumatera Utara,Solar,4.41,Store,16,10.0,10,1,55000,448297,Sumatera,MEDAN,CDE,Internal,SumateraMEDANCDE,DALAM KOTA,,,,4,REGULAR,7:36:00,241800,151497,29
260413D080,HCI,13-Apr-2026,CDELC,BK8805MH,Medan,Sumatera Utara,Solar,5.88,Store,14,8.29,10,2,50000,627468,Sumatera,MEDAN,CDE,Internal,SumateraMEDANCDE,DALAM KOTA,,,,4,REGULAR,3:21:00,386880,190588,37
260413D079,KLS,13-Apr-2026,CDELC,BK8135LM,Medan,Sumatera Utara,Solar,4.41,Store,7,8.95,10,1,30000,423297,Sumatera,MEDAN,CDE,Internal,SumateraMEDANCDE,DALAM KOTA,,,,4,REGULAR,2:45:00,241800,151497,31
260414D099,FBI,14-Apr-2026,PICKUP,A8330VX,Medan,Sumatera Utara,Pertalite,7,Store,7,2.08,3,4,84000,409967,Sumatera,MEDAN,MINI VAN BOX,Internal,SumateraMEDANMINI VAN BOX,DALAM KOTA,,,,4,REGULAR,6:48:00,241800,84167,80
260414D100,FBI,14-Apr-2026,PICKUP,BK8136LM,Medan,Sumatera Utara,Pertalite,16.2,Store,9,2.74,3,5,297000,626995,Sumatera,MEDAN,MINI VAN BOX,Internal,SumateraMEDANMINI VAN BOX,DALAM KOTA,,,,4,REGULAR,9:46:00,241800,88195,173
260414C186,HCI,14-Apr-2026,CDELC,BK8031LM,Deli Serdang,Sumatera Utara,Solar,9.12,Customer,17,5.11,10,11,72500,610474,Sumatera,DELI SERDANG,CDE,Internal,SumateraDELI SERDANGCDE,DALAM KOTA,,,,4,REGULAR,8:04:00,386880,151094,63
260414C190,HCI,14-Apr-2026,CDELC,BK8047MQ,Medan,Sumatera Utara,Solar,8.82,Customer,30,8.18,10,12,95000,693765,Sumatera,MEDAN,CDE,Internal,SumateraMEDANCDE,DALAM KOTA,,,,4,REGULAR,8:24:00,386880,211885,57
260414C191,HCI,14-Apr-2026,CDELC,BK8806MH,Medan,Sumatera Utara,Solar,10.29,Customer,32,9.21,10,13,85000,662468,Sumatera,MEDAN,CDE,Internal,SumateraMEDANCDE,DALAM KOTA,,,,4,REGULAR,9:36:00,386880,190588,65
260414C192,HCI,14-Apr-2026,CDELC,BK8075MQ,Medan,Sumatera Utara,Solar,13.68,Customer,22,10.0,10,11,118500,523825,Sumatera,MEDAN,CDE,Internal,SumateraMEDANCDE,DALAM KOTA,,,,4,REGULAR,9:17:00,193440,211885,86
260414C193,HCI,14-Apr-2026,CDELC,BK8074MQ,Medan,Sumatera Utara,Solar,11.91,Customer,4,8.13,10,2,112000,517325,Sumatera,MEDAN,CDE,Internal,SumateraMEDANCDE,DALAM KOTA,,,,4,REGULAR,3:50:00,193440,211885,79
260414C194,HCI,14-Apr-2026,CDELC,BK8191MQ,Medan,Sumatera Utara,Solar,10.29,Customer,16,6.08,10,14,70000,668765,Sumatera,MEDAN,CDE,Internal,SumateraMEDANCDE,DALAM KOTA,,,,4,REGULAR,8:51:00,386880,211885,72
260414C195,HCI,14-Apr-2026,CDELC,BK8112LM,Medan,Sumatera Utara,Solar,11.03,Customer,18,5.28,10,15,100000,637974,Sumatera,MEDAN,CDE,Internal,SumateraMEDANCDE,DALAM KOTA,,,,4,REGULAR,8:35:00,386880,151094,88
260414C196,HCI,14-Apr-2026,CDELC,BK8309MS,Medan,Sumatera Utara,Solar,5.88,Customer,1,5.25,10,1,40000,519073,Sumatera,MEDAN,CDE,Internal,SumateraMEDANCDE,DALAM KOTA,,,,4,REGULAR,2:09:00,193440,285633,38
260414C197,HCI,14-Apr-2026,CDELC,BK8141LM,Medan,Sumatera Utara,Solar,10.29,Customer,15,4.9,10,11,85000,622974,Sumatera,MEDAN,CDE,Internal,SumateraMEDANCDE,DALAM KOTA,,,,4,REGULAR,7:07:00,386880,151094,78
260414C198,HCI,14-Apr-2026,CDELC,BK8009MI,Binjai,Sumatera Utara,Solar,25,Customer,17,5.25,10,14,218500,756877,Sumatera,BINJAI,CDE,Internal,SumateraBINJAICDE,DALAM KOTA,,,,4,REGULAR,11:16:00,386880,151497,190
260414C200,HCI,14-Apr-2026,CDELC,BK8073MQ,Medan,Sumatera Utara,Solar,12.5,Customer,12,9.09,10,9,117000,715765,Sumatera,MEDAN,CDE,Internal,SumateraMEDANCDE,DALAM KOTA,,,,4,REGULAR,9:54:00,386880,211885,96
260414C201,HCI,14-Apr-2026,CDELC,BK8813MG,Medan,Sumatera Utara,Solar,8.82,Customer,12,8.85,10,9,60000,594874,Sumatera,MEDAN,CDE,Internal,SumateraMEDANCDE,DALAM KOTA,,,,4,REGULAR,6:17:00,386880,147994,65
260414C202,HCI,14-Apr-2026,CDELC,BK8647MS,Medan,Sumatera Utara,Solar,10.29,Customer,14,9.54,10,10,84000,763247,Sumatera,MEDAN,CDE,Internal,SumateraMEDANCDE,DALAM KOTA,,,,4,REGULAR,9:42:00,386880,292367,70
260414C203,HCI,14-Apr-2026,CDELC,BK8299MH,Medan,Sumatera Utara,Solar,6.47,Customer,7,6.35,10,6,60000,329189,Sumatera,MEDAN,CDE,Internal,SumateraMEDANCDE,DALAM KOTA,,,,4,REGULAR,3:51:00,193440,75749,45
260414C204,HCI,14-Apr-2026,CDELC,BK8807MH,Deli Serdang,Sumatera Utara,Solar,11.76,Customer,13,8.01,10,11,94000,671468,Sumatera,DELI SERDANG,CDE,Internal,SumateraDELI SERDANGCDE,DALAM KOTA,,,,4,REGULAR,8:00:00,386880,190588,10084
260414C205,HCI,14-Apr-2026,CDELC,BK8804MH,Medan,Sumatera Utara,Solar,17.65,Customer,16,7.02,10,13,150000,727468,Sumatera,MEDAN,CDE,Internal,SumateraMEDANCDE,DALAM KOTA,,,,4,REGULAR,4:58:00,386880,190588,135
260414C207,HCI,14-Apr-2026,CDELC,BK8803MH,Dairi,Sumatera Utara,,,Customer,1,3.26,10,1,,577468,Sumatera,DAIRI,CDE,Internal,SumateraDAIRICDE,LUAR KOTA,,,,4,REGULAR,8:37:00,386880,190588,-185483
260414C229,HCI,14-Apr-2026,PICKUP,BK8696MS,Medan,Sumatera Utara,Pertalite,5,Customer,6,3.0,3,4,90000,577413,Sumatera,MEDAN,PICKUP,Internal,SumateraMEDANPICKUP,DALAM KOTA,,,,4,REGULAR,8:16:00,386880,100533,46
260414H073,HCI,14-Apr-2026,CDELC,BK8805MH,Pematangsiantar,Sumatera Utara,Solar,35.29,HUB,18,8.39,10,2,456000,840028,Sumatera,PEMATANGSIANTAR,CDE,Internal,SumateraPEMATANGSIANTARCDE,LUAR KOTA,1300000,-459972,-35.38%,4,REGULAR,8:14:00,193440,190588,251
260414D087,HCI,14-Apr-2026,CDELC,BK8146LM,Medan,Sumatera Utara,Solar,22.06,Store,30,8.53,10,3,280000,624937,Sumatera,MEDAN,CDE,Internal,SumateraMEDANCDE,DALAM KOTA,,,,4,REGULAR,6:48:00,193440,151497,166
260414D089,HCI,14-Apr-2026,CDELC,BK8172LM,Medan,Sumatera Utara,Solar,5.88,Store,30,9.4,10,3,55000,399937,Sumatera,MEDAN,CDE,Internal,SumateraMEDANCDE,DALAM KOTA,,,,4,REGULAR,4:26:00,193440,151497,36
260414D090,HCI,14-Apr-2026,CDELC,BK8871MS,Medan,Sumatera Utara,Solar,8.82,Store,24,9.14,10,3,85000,278440,Sumatera,MEDAN,CDE,Internal,SumateraMEDANCDE,DALAM KOTA,,,,4,REGULAR,7:46:00,193440,,55
260414H077,HCI,14-Apr-2026,CDELC,BK8646MS,Pematangsiantar,Sumatera Utara,Solar,32.35,HUB,5,7.08,10,2,436000,921807,Sumatera,PEMATANGSIANTAR,CDE,Internal,SumateraPEMATANGSIANTARCDE,LUAR KOTA,1300000,-378193,-29.09%,4,REGULAR,7:49:00,193440,292367,241
260414C254,HCI,14-Apr-2026,PICKUP,BK8633MS,Medan,Sumatera Utara,Pertalite,7.3,Customer,4,2.65,3,4,93500,234001,Sumatera,MEDAN,PICKUP,Internal,SumateraMEDANPICKUP,DALAM KOTA,,,,4,REGULAR,5:24:00,96720,43781,75
260414C284,HCI,14-Apr-2026,PICKUP,BK8633MS,Medan,Sumatera Utara,Pertalite,3.6,Customer,3,3.0,3,3,56000,244861,Sumatera,MEDAN,PICKUP,Internal,SumateraMEDANPICKUP,DALAM KOTA,,,,4,REGULAR,4:56:00,145080,43781,34
260414C317,HCI,14-Apr-2026,CDELC,BK8299MH,Medan,Sumatera Utara,Solar,9.56,Customer,3,0.98,10,2,101500,564129,Sumatera,MEDAN,CDE,Internal,SumateraMEDANCDE,DALAM KOTA,,,,4,NON REGULAR,-2:20:00,386880,75749,95
260414C289,KLS,14-Apr-2026,CDELC,BK8192MQ,Medan,Sumatera Utara,Solar,13.97,Customer,4,7.4,10,5,100000,698765,Sumatera,MEDAN,CDE,Internal,SumateraMEDANCDE,DALAM KOTA,,,,4,REGULAR,8:06:00,386880,211885,101
260414D110,KLS,14-Apr-2026,CDELC,BK8135LM,Medan,Sumatera Utara,Solar,23.53,Store,2,9.1,10,2,290000,683297,Sumatera,MEDAN,CDE,Internal,SumateraMEDANCDE,DALAM KOTA,,,,4,REGULAR,9:05:00,241800,151497,168
260415X054,AHI,15-Apr-2026,CDELC,BK8099LM,Medan,Sumatera Utara,Solar,4.41,Other Delivery,1,8.22,10,1,30000,464020,Sumatera,MEDAN,CDE,Internal,SumateraMEDANCDE,DALAM KOTA,,,,4,REGULAR,0:07:00,257920,176100,33
260415D100,FBI,15-Apr-2026,PICKUP,A8330VX,Medan,Sumatera Utara,Pertalite,5.7,Store,9,3.0,3,5,70000,412087,Sumatera,MEDAN,MINI VAN BOX,Internal,SumateraMEDANMINI VAN BOX,DALAM KOTA,,,,4,REGULAR,4:15:00,257920,84167,50
260415C177,HCI,15-Apr-2026,CDELC,BK8309MS,Deli Serdang,Sumatera Utara,Solar,11.03,Customer,13,5.15,10,8,88000,663793,Sumatera,DELI SERDANG,CDE,Internal,SumateraDELI SERDANGCDE,DALAM KOTA,,,,4,REGULAR,6:08:00,290160,285633,75
260415C178,HCI,15-Apr-2026,CDELC,BK8031LM,Medan,Sumatera Utara,Solar,7.35,Customer,26,5.58,10,8,95000,632974,Sumatera,MEDAN,CDE,Internal,SumateraMEDANCDE,DALAM KOTA,,,,4,REGULAR,3:45:00,386880,151094,47
260415C179,HCI,15-Apr-2026,CDELC,BK8871MS,Medan,Sumatera Utara,,,Customer,20,6.06,10,11,4000,390880,Sumatera,MEDAN,CDE,Internal,SumateraMEDANCDE,DALAM KOTA,,,,4,REGULAR,6:33:00,386880,,-19914
260415C180,HCI,15-Apr-2026,CDELC,BK8813MG,Medan,Sumatera Utara,Solar,8.82,Customer,24,5.16,10,12,85500,620374,Sumatera,MEDAN,CDE,Internal,SumateraMEDANCDE,DALAM KOTA,,,,4,REGULAR,6:35:00,386880,147994,71
260415C182,HCI,15-Apr-2026,CDELC,BK8646MS,Medan,Sumatera Utara,Solar,9.56,Customer,14,7.98,11,6,65000,744247,Sumatera,MEDAN,CDE LONG CHASSIS,Internal,SumateraMEDANCDE LONG CHASSIS,DALAM KOTA,,,,4,REGULAR,8:20:00,386880,292367,64
260415C183,HCI,15-Apr-2026,CDELC,BK8805MH,Medan,Sumatera Utara,,,Customer,15,5.34,10,9,5000,582468,Sumatera,MEDAN,CDE,Internal,SumateraMEDANCDE,DALAM KOTA,,,,4,REGULAR,5:24:00,386880,190588,-173760
260415C184,HCI,15-Apr-2026,CDELC,BK8112LM,Medan,Sumatera Utara,Solar,22.06,Customer,9,7.25,10,6,165000,433987,Sumatera,MEDAN,CDE,Internal,SumateraMEDANCDE,DALAM KOTA,,,,4,REGULAR,18:15:00,193440,75547,165
260415C185,HCI,15-Apr-2026,CDELC,BK8807MH,Medan,Sumatera Utara,Solar,21.32,Customer,19,10.0,10,12,193000,770468,Sumatera,MEDAN,CDE,Internal,SumateraMEDANCDE,DALAM KOTA,,,,4,REGULAR,6:43:00,386880,190588,152
260415D067,HCI,15-Apr-2026,PICKUP,BK8696MS,Medan,Sumatera Utara,Pertalite,4,Store,22,3.0,3,2,50000,293707,Sumatera,MEDAN,PICKUP,Internal,SumateraMEDANPICKUP,DALAM KOTA,,,,4,REGULAR,3:18:00,193440,50267,32
260415C187,HCI,15-Apr-2026,CDELC,BK8047MQ,Medan,Sumatera Utara,Solar,9.12,Customer,7,8.23,10,4,92500,497825,Sumatera,MEDAN,CDE,Internal,SumateraMEDANCDE,DALAM KOTA,,,,4,NON REGULAR,1:54:00,193440,211885,76
260415C188,HCI,15-Apr-2026,CDELC,BK8804MH,Medan,Sumatera Utara,Solar,9.56,Customer,6,2.79,10,5,72500,361234,Sumatera,MEDAN,CDE,Internal,SumateraMEDANCDE,DALAM KOTA,,,,4,NON REGULAR,6:16:00,193440,95294,71
260415C189,HCI,15-Apr-2026,CDELC,BK8803MH,Medan,Sumatera Utara,Solar,19.12,Customer,16,10.0,10,10,166500,743968,Sumatera,MEDAN,CDE,Internal,SumateraMEDANCDE,DALAM KOTA,,,,4,REGULAR,8:14:00,386880,190588,160
260415C190,HCI,15-Apr-2026,CDELC,BK8172LM,Medan,Sumatera Utara,Solar,5.15,Customer,10,4.55,10,6,35000,379937,Sumatera,MEDAN,CDE,Internal,SumateraMEDANCDE,DALAM KOTA,,,,4,REGULAR,3:37:00,193440,151497,36
260415C192,HCI,15-Apr-2026,CDELC,BK8141LM,Medan,Sumatera Utara,Solar,4.71,Customer,11,4.02,10,4,40000,308987,Sumatera,MEDAN,CDE,Internal,SumateraMEDANCDE,DALAM KOTA,,,,4,NON REGULAR,3:18:00,193440,75547,31
260415C194,HCI,15-Apr-2026,CDELC,BK8191MQ,Medan,Sumatera Utara,Solar,11.03,Customer,13,6.26,10,11,75000,673765,Sumatera,MEDAN,CDE,Internal,SumateraMEDANCDE,DALAM KOTA,,,,4,REGULAR,21:14:00,386880,211885,72
260415C195,HCI,15-Apr-2026,CDELC,BK8806MH,Medan,Sumatera Utara,Solar,13.68,Customer,8,4.47,10,7,141000,718468,Sumatera,MEDAN,CDE,Internal,SumateraMEDANCDE,DALAM KOTA,,,,4,REGULAR,6:05:00,386880,190588,124
260415C197,HCI,15-Apr-2026,CDELC,BK8073MQ,Deli Serdang,Sumatera Utara,Solar,8.46,Customer,8,7.08,10,5,57500,462825,Sumatera,DELI SERDANG,CDE,Internal,SumateraDELI SERDANGCDE,DALAM KOTA,,,,4,REGULAR,5:17:00,193440,211885,76
260415C200,HCI,15-Apr-2026,CDELC,BK8192MQ,Medan,Sumatera Utara,Solar,6.62,Customer,7,6.2,10,3,45000,537823,Sumatera,MEDAN,CDE,Internal,SumateraMEDANCDE,DALAM KOTA,,,,4,REGULAR,3:48:00,386880,105943,45
260415D084,HCI,15-Apr-2026,CDELC,BK8192MQ,Medan,Sumatera Utara,Solar,3.68,Store,20,8.32,10,1,25000,324383,Sumatera,MEDAN,CDE,Internal,SumateraMEDANCDE,DALAM KOTA,,,,4,REGULAR,2:38:00,193440,105943,24
260415C201,HCI,15-Apr-2026,CDELC,BK8135LM,Medan,Sumatera Utara,Solar,7.35,Customer,4,0.41,10,2,50000,588377,Sumatera,MEDAN,CDE,Internal,SumateraMEDANCDE,DALAM KOTA,,,,4,REGULAR,1:05:00,386880,151497,60
260415C202,HCI,15-Apr-2026,CDELC,BK8112LM,Medan,Sumatera Utara,Solar,5.88,Customer,4,7.74,10,2,40000,308987,Sumatera,MEDAN,CDE,Internal,SumateraMEDANCDE,DALAM KOTA,,,,4,REGULAR,3:00:00,193440,75547,47
260415D087,HCI,15-Apr-2026,CDELC,BK8804MH,Medan,Sumatera Utara,Solar,5.15,Store,27,8.96,10,2,35000,227014,Sumatera,MEDAN,CDE,Internal,SumateraMEDANCDE,DALAM KOTA,,,,4,REGULAR,3:00:00,96720,95294,35
260415D090,HCI,15-Apr-2026,CDELC,BK8647MS,Medan,Sumatera Utara,Solar,6.62,Store,119,8.26,10,6,60000,545807,Sumatera,MEDAN,CDE,Internal,SumateraMEDANCDE,DALAM KOTA,,,,4,REGULAR,8:17:00,193440,292367,40
260415H047,HCI,15-Apr-2026,CDELC,BK8075MQ,Pematangsiantar,Sumatera Utara,Solar,31.62,HUB,15,8.93,10,1,437500,842825,Sumatera,PEMATANGSIANTAR,CDE,Internal,SumateraPEMATANGSIANTARCDE,LUAR KOTA,1300000,-457175,-35.17%,4,REGULAR,7:53:00,193440,211885,257
260415D092,HCI,15-Apr-2026,CDELC,BK8141LM,Medan,Sumatera Utara,Solar,4.41,Store,23,8.55,10,1,45000,217267,Sumatera,MEDAN,CDE,Internal,SumateraMEDANCDE,DALAM KOTA,,,,4,REGULAR,3:16:00,96720,75547,31
260415C205,HCI,15-Apr-2026,PICKUP,BK8633MS,Deli Serdang,Sumatera Utara,Pertalite,10,Customer,4,2.93,3,3,150000,290501,Sumatera,DELI SERDANG,PICKUP,Internal,SumateraDELI SERDANGPICKUP,DALAM KOTA,,,,4,REGULAR,6:03:00,96720,43781,114
260415C207,HCI,15-Apr-2026,CDELC,BK8009MI,Serdang Bedagai,Sumatera Utara,Solar,14.71,Customer,2,4.42,10,2,168000,512937,Sumatera,SERDANG BEDAGAI,CDE,Internal,SumateraSERDANG BEDAGAICDE,DALAM KOTA,,,,4,REGULAR,3:31:00,193440,151497,110
260415H050,HCI,15-Apr-2026,CDELC,BK8074MQ,Pematangsiantar,Sumatera Utara,Solar,36.76,HUB,9,10.0,10,3,521000,926325,Sumatera,PEMATANGSIANTAR,CDE,Internal,SumateraPEMATANGSIANTARCDE,LUAR KOTA,1300000,-373675,-28.74%,4,REGULAR,8:16:00,193440,211885,263
260415C250,HCI,15-Apr-2026,PICKUP,BK8696MS,Medan,Sumatera Utara,Pertalite,6.3,Customer,3,2.93,3,3,79000,419427,Sumatera,MEDAN,PICKUP,Internal,SumateraMEDANPICKUP,DALAM KOTA,,,,4,REGULAR,0:00:00,290160,50267,63
260415C276,HCI,15-Apr-2026,PICKUP,BK8633MS,Medan,Sumatera Utara,Pertalite,3.8,Customer,1,0.83,3,1,38000,178501,Sumatera,MEDAN,PICKUP,Internal,SumateraMEDANPICKUP,DALAM KOTA,,,,4,NON REGULAR,1:26:00,96720,43781,34
260415C251,KLS,15-Apr-2026,CDELC,BK8299MH,Medan,Sumatera Utara,Solar,11.47,Customer,9,10.0,10,9,113500,651877,Sumatera,MEDAN,CDE,Internal,SumateraMEDANCDE,DALAM KOTA,,,,4,REGULAR,7:33:00,386880,151497,89
260415D108,KRS,15-Apr-2026,CDELC,BK8146LM,Medan,Sumatera Utara,Solar,5.88,Store,3,8.22,10,1,40000,449417,Sumatera,MEDAN,CDE,Internal,SumateraMEDANCDE,DALAM KOTA,,,,4,REGULAR,8:06:00,257920,151497,40
260416D130,AHI,16-Apr-2026,CDELC,BK8141LM,Medan,Sumatera Utara,Solar,21.62,Store,8,9.14,10,3,269500,678514,Sumatera,MEDAN,CDE,Internal,SumateraMEDANCDE,DALAM KOTA,,,,4,REGULAR,7:43:00,257920,151094,183
260416D117,FBI,16-Apr-2026,PICKUP,A8330VX,Medan,Sumatera Utara,Pertalite,7.5,Store,15,2.55,3,8,80000,422087,Sumatera,MEDAN,MINI VAN BOX,Internal,SumateraMEDANMINI VAN BOX,DALAM KOTA,,,,4,REGULAR,14:56:00,257920,84167,80
260416D120,FBI,16-Apr-2026,PICKUP,BK8136LM,Medan,Sumatera Utara,Pertalite,8.3,Store,12,1.74,3,6,92500,394518,Sumatera,MEDAN,MINI VAN BOX,Internal,SumateraMEDANMINI VAN BOX,DALAM KOTA,,,,4,REGULAR,6:20:00,257920,44098,66
260416C142,HCI,16-Apr-2026,CDELC,BK8647MS,Deli Serdang,Sumatera Utara,Solar,18.38,Customer,25,7.64,10,11,146500,825747,Sumatera,DELI SERDANG,CDE,Internal,SumateraDELI SERDANGCDE,DALAM KOTA,,,,4,REGULAR,9:47:00,386880,292367,116
260416C144,HCI,16-Apr-2026,CDELC,BK8805MH,Medan,Sumatera Utara,Solar,6.91,Customer,21,5.46,10,9,67000,644468,Sumatera,MEDAN,CDE,Internal,SumateraMEDANCDE,DALAM KOTA,,,,4,REGULAR,7:53:00,386880,190588,54
260416C145,HCI,16-Apr-2026,CDELC,BK8871MS,Medan,Sumatera Utara,Solar,8.09,Customer,13,4.49,10,8,59000,155720,Sumatera,MEDAN,CDE,Internal,SumateraMEDANCDE,DALAM KOTA,,,,4,REGULAR,3:30:00,96720,,64
260416C147,HCI,16-Apr-2026,CDELC,BK8075MQ,Medan,Sumatera Utara,Solar,11.03,Customer,25,6.51,10,9,85000,683765,Sumatera,MEDAN,CDE,Internal,SumateraMEDANCDE,DALAM KOTA,,,,4,REGULAR,9:06:00,386880,211885,70
260416C148,HCI,16-Apr-2026,CDELC,BK8807MH,Medan,Sumatera Utara,Solar,5.44,Customer,8,8.94,10,6,37000,421028,Sumatera,MEDAN,CDE,Internal,SumateraMEDANCDE,DALAM KOTA,,,,4,NON REGULAR,3:42:00,193440,190588,43
260416C149,HCI,16-Apr-2026,CDELC,BK8047MQ,Medan,Sumatera Utara,Solar,13.24,Customer,14,10.0,10,7,94000,692765,Sumatera,MEDAN,CDE,Internal,SumateraMEDANCDE,DALAM KOTA,,,,4,REGULAR,10:03:00,386880,211885,102
260416C150,HCI,16-Apr-2026,CDELC,BK8009MI,Binjai,Sumatera Utara,Solar,8.09,Customer,11,6.8,10,6,59000,328189,Sumatera,BINJAI,CDE,Internal,SumateraBINJAICDE,DALAM KOTA,,,,4,NON REGULAR,6:25:00,193440,75749,58
260416C151,HCI,16-Apr-2026,CDELC,BK8172LM,Medan,Sumatera Utara,Solar,16.18,Customer,17,7.74,10,11,129000,667377,Sumatera,MEDAN,CDE,Internal,SumateraMEDANCDE,DALAM KOTA,,,,4,REGULAR,9:09:00,386880,151497,99
260416C152,HCI,16-Apr-2026,CDELC,BK8813MG,Medan,Sumatera Utara,Solar,7.35,Customer,11,6.79,10,8,79000,613874,Sumatera,MEDAN,CDE,Internal,SumateraMEDANCDE,DALAM KOTA,,,,4,REGULAR,6:10:00,386880,147994,59
260416C153,HCI,16-Apr-2026,CDELC,BK8146LM,Medan,Sumatera Utara,Solar,18.53,Customer,16,6.48,10,10,171500,709877,Sumatera,MEDAN,CDE,Internal,SumateraMEDANCDE,DALAM KOTA,,,,4,REGULAR,9:14:00,386880,151497,137
260416C154,HCI,16-Apr-2026,CDELC,BK8646MS,Medan,Sumatera Utara,Solar,12.65,Customer,9,6.64,10,5,117500,603307,Sumatera,MEDAN,CDE,Internal,SumateraMEDANCDE,DALAM KOTA,,,,4,REGULAR,4:59:00,193440,292367,82
260416C155,HCI,16-Apr-2026,CDELC,BK8803MH,Medan,Sumatera Utara,Solar,14.71,Customer,14,9.3,10,11,106000,490028,Sumatera,MEDAN,CDE,Internal,SumateraMEDANCDE,DALAM KOTA,,,,4,REGULAR,8:52:00,193440,190588,92
260416C156,HCI,16-Apr-2026,CDELC,BK8191MQ,Medan,Sumatera Utara,Solar,10.29,Customer,13,4.68,10,10,79000,581045,Sumatera,MEDAN,CDE,Internal,SumateraMEDANCDE,DALAM KOTA,,,,4,REGULAR,1:50:00,290160,211885,78
260416C158,HCI,16-Apr-2026,CDELC,BK8804MH,Medan,Sumatera Utara,Solar,7.35,Customer,10,7.85,10,7,64000,352734,Sumatera,MEDAN,CDE,Internal,SumateraMEDANCDE,DALAM KOTA,,,,4,REGULAR,1:46:00,193440,95294,60
260416C159,HCI,16-Apr-2026,CDELC,BK8309MS,Medan,Sumatera Utara,Solar,6.62,Customer,7,8.28,10,1,77500,556573,Sumatera,MEDAN,CDE,Internal,SumateraMEDANCDE,DALAM KOTA,,,,4,REGULAR,5:19:00,193440,285633,76
260416C161,HCI,16-Apr-2026,CDELC,BK8804MH,Binjai,Sumatera Utara,Solar,18.53,Customer,9,8.84,10,6,195500,677674,Sumatera,BINJAI,CDE,Internal,SumateraBINJAICDE,DALAM KOTA,,,,4,REGULAR,7:29:00,386880,95294,142
260416D073,AHI,16-Apr-2026,CDELC,BK8073MQ,Medan,Sumatera Utara,Solar,7.35,Store,46,10.0,10,3,59000,464325,Sumatera,MEDAN,CDE,Internal,SumateraMEDANCDE,DALAM KOTA,,,,4,REGULAR,9:17:00,193440,211885,44
260416D074,HCI,16-Apr-2026,CDELC,BK8192MQ,Medan,Sumatera Utara,Solar,3.68,Store,20,10.0,10,3,40000,445325,Sumatera,MEDAN,CDE,Internal,SumateraMEDANCDE,DALAM KOTA,,,,4,REGULAR,10:20:00,193440,211885,31
260416D081,HCI,16-Apr-2026,CDELC,BK8009MI,Medan,Sumatera Utara,Solar,5.15,Store,22,9.82,10,1,40000,212469,Sumatera,MEDAN,CDE,Internal,SumateraMEDANCDE,DALAM KOTA,,,,4,REGULAR,2:07:00,96720,75749,33
260416D085,HCI,16-Apr-2026,CDELC,BK8099LM,Medan,Sumatera Utara,Solar,3.68,Store,22,8.88,10,1,25000,394540,Sumatera,MEDAN,CDE,Internal,SumateraMEDANCDE,DALAM KOTA,,,,4,REGULAR,-12:10:00,193440,176100,25
260416D086,HCI,16-Apr-2026,CDELC,BK8031LM,Medan,Sumatera Utara,Solar,5.29,Store,20,8.52,10,2,36000,283814,Sumatera,MEDAN,CDE,Internal,SumateraMEDANCDE,DALAM KOTA,,,,4,REGULAR,0:15:00,96720,151094,30
260416D091,HCI,16-Apr-2026,CDELC,BK8074MQ,Medan,Sumatera Utara,Solar,8.82,Store,52,8.56,10,3,70000,475325,Sumatera,MEDAN,CDE,Internal,SumateraMEDANCDE,DALAM KOTA,,,,4,REGULAR,9:03:00,193440,211885,51
260416C193,HCI,16-Apr-2026,PICKUP,BK8633MS,Medan,Sumatera Utara,Pertalite,10,Customer,10,3.0,3,7,118000,592441,Sumatera,MEDAN,PICKUP,Internal,SumateraMEDANPICKUP,DALAM KOTA,,,,4,REGULAR,8:56:00,386880,87561,98
260416H059,HCI,16-Apr-2026,CDELC,BK8806MH,Pematangsiantar,Sumatera Utara,Solar,32.35,HUB,23,10.0,10,3,445000,829028,Sumatera,PEMATANGSIANTAR,CDE,Internal,SumateraPEMATANGSIANTARCDE,LUAR KOTA,1300000,-470972,-36.23%,4,REGULAR,8:12:00,193440,190588,246
260416H060,HCI,16-Apr-2026,CDELC,BK8299MH,Pematangsiantar,Sumatera Utara,Solar,32.35,HUB,29,8.5,10,2,445000,789937,Sumatera,PEMATANGSIANTAR,CDE,Internal,SumateraPEMATANGSIANTARCDE,LUAR KOTA,1300000,-510063,-39.24%,4,REGULAR,6:20:00,193440,151497,249
260416C212,HCI,16-Apr-2026,PICKUP,BK8696MS,Medan,Sumatera Utara,Pertalite,10.1,Customer,5,3.0,3,5,126000,613413,Sumatera,MEDAN,PICKUP,Internal,SumateraMEDANPICKUP,DALAM KOTA,,,,4,REGULAR,8:07:00,386880,100533,100
260416C224,HCI,16-Apr-2026,CDELC,BK8135LM,Medan,Sumatera Utara,Solar,4.41,Customer,4,7.23,10,2,30000,374937,Sumatera,MEDAN,CDE,Internal,SumateraMEDANCDE,DALAM KOTA,,,,4,REGULAR,2:58:00,193440,151497,46
260416C262,HCI,16-Apr-2026,PICKUP,BK8136LM,Medan,Sumatera Utara,Pertalite,7,Customer,3,0.54,3,3,74500,312038,Sumatera,MEDAN,MINI VAN BOX,Internal,SumateraMEDANMINI VAN BOX,DALAM KOTA,,,,4,REGULAR,5:13:00,193440,44098,65
260417L062,AHI,17-Apr-2026,CDELC,BK8074MQ,Pematangsiantar,Sumatera Utara,Solar,30.88,Store,59,8.71,10,1,426000,858959,Sumatera,PEMATANGSIANTAR,CDE,Internal,SumateraPEMATANGSIANTARCDE,LUAR KOTA,1300000,-441041,-33.93%,4,REGULAR,9:41:00,221074,211885,250
260417D127,FBI,17-Apr-2026,PICKUP,A8330VX,Medan,Sumatera Utara,Pertalite,9.1,Store,19,2.6,3,9,115000,420241,Sumatera,MEDAN,MINI VAN BOX,Internal,SumateraMEDANMINI VAN BOX,DALAM KOTA,,,,4,REGULAR,10:25:00,221074,84167,92
260417D128,FBI,17-Apr-2026,PICKUP,BK8136LM,Binjai,Sumatera Utara,Pertalite,9,Store,14,3.0,3,4,143500,452769,Sumatera,BINJAI,MINI VAN BOX,Internal,SumateraBINJAIMINI VAN BOX,DALAM KOTA,,,,4,REGULAR,6:38:00,221074,88195,105
260417C166,HCI,17-Apr-2026,CDELC,BK8803MH,Deli Serdang,Sumatera Utara,Solar,18.38,Customer,21,7.83,10,16,150500,534528,Sumatera,DELI SERDANG,CDE,Internal,SumateraDELI SERDANGCDE,DALAM KOTA,,,,4,REGULAR,9:15:00,193440,190588,120
260417C167,HCI,17-Apr-2026,CDELC,BK8146LM,Medan,Sumatera Utara,Solar,8.09,Customer,31,9.35,10,12,95000,439937,Sumatera,MEDAN,CDE,Internal,SumateraMEDANCDE,DALAM KOTA,,,,4,REGULAR,8:58:00,193440,151497,55
260417C168,HCI,17-Apr-2026,CDELC,BK8871MS,Medan,Sumatera Utara,Solar,15.74,Customer,21,9.96,10,15,107000,300440,Sumatera,MEDAN,CDE,Internal,SumateraMEDANCDE,DALAM KOTA,,,,4,REGULAR,11:04:00,193440,,87
260417C169,HCI,17-Apr-2026,CDELC,BK8073MQ,Medan,Sumatera Utara,Solar,5.88,Customer,16,7.08,10,5,45000,450325,Sumatera,MEDAN,CDE,Internal,SumateraMEDANCDE,DALAM KOTA,,,,4,REGULAR,7:43:00,193440,211885,53
260417C170,HCI,17-Apr-2026,CDELC,BK8112LM,Medan,Sumatera Utara,Solar,5.15,Customer,9,7.48,10,5,35000,476254,Sumatera,MEDAN,CDE,Internal,SumateraMEDANCDE,DALAM KOTA,,,,4,REGULAR,4:29:00,290160,151094,41
260417C171,HCI,17-Apr-2026,CDELC,BK8646MS,Medan,Sumatera Utara,Solar,13.97,Customer,7,6.47,10,5,99500,778747,Sumatera,MEDAN,CDE,Internal,SumateraMEDANCDE,DALAM KOTA,,,,4,REGULAR,9:19:00,386880,292367,87
260417C172,HCI,17-Apr-2026,CDELC,BK8299MH,Medan,Sumatera Utara,Solar,16.18,Customer,14,6.53,10,12,125000,663377,Sumatera,MEDAN,CDE,Internal,SumateraMEDANCDE,DALAM KOTA,,,,4,REGULAR,8:18:00,386880,151497,110
260417C173,HCI,17-Apr-2026,CDELC,BK8075MQ,Medan,Sumatera Utara,Solar,19.12,Customer,18,10.0,10,8,134000,732765,Sumatera,MEDAN,CDE,Internal,SumateraMEDANCDE,DALAM KOTA,,,,4,REGULAR,9:10:00,386880,211885,593
260417C175,HCI,17-Apr-2026,CDELC,BK8009MI,Medan,Sumatera Utara,Solar,16.18,Customer,12,4.89,10,10,114500,652877,Sumatera,MEDAN,CDE,Internal,SumateraMEDANCDE,DALAM KOTA,,,,4,REGULAR,8:48:00,386880,151497,124
260417C177,HCI,17-Apr-2026,CDELC,BK8813MG,Medan,Sumatera Utara,Solar,8.97,Customer,13,8.16,10,7,69500,433657,Sumatera,MEDAN,CDE,Internal,SumateraMEDANCDE,DALAM KOTA,,,,4,REGULAR,7:50:00,290160,73997,72
260417C178,HCI,17-Apr-2026,CDELC,BK8191MQ,Medan,Sumatera Utara,Solar,10.29,Customer,19,10.0,10,11,86000,578823,Sumatera,MEDAN,CDE,Internal,SumateraMEDANCDE,DALAM KOTA,,,,4,REGULAR,2:17:00,386880,105943,65
260417C179,HCI,17-Apr-2026,CDELC,BK8309MS,Medan,Sumatera Utara,Solar,17.65,Customer,9,10.0,10,6,120000,552977,Sumatera,MEDAN,CDE,Internal,SumateraMEDANCDE,DALAM KOTA,,,,4,REGULAR,8:00:00,290160,142817,126
260417D089,AHI,17-Apr-2026,CDELC,BK8141LM,Medan,Sumatera Utara,Solar,3.68,Store,24,10.0,10,1,25000,369534,Sumatera,MEDAN,CDE,Internal,SumateraMEDANCDE,DALAM KOTA,,,,4,REGULAR,10:39:00,193440,151094,24
260417D095,AHI,17-Apr-2026,CDELC,BK8031LM,Medan,Sumatera Utara,Solar,4.41,Store,27,10.0,10,1,40000,384534,Sumatera,MEDAN,CDE,Internal,SumateraMEDANCDE,DALAM KOTA,,,,4,REGULAR,1:38:00,193440,151094,30
260417D096,HCI,17-Apr-2026,PICKUP,BK8696MS,Medan,Sumatera Utara,Pertalite,3.7,Store,31,2.89,3,1,42000,285707,Sumatera,MEDAN,PICKUP,Internal,SumateraMEDANPICKUP,DALAM KOTA,,,,4,REGULAR,2:26:00,193440,50267,30
260417D097,AHI,17-Apr-2026,CDELC,BK8806MH,Medan,Sumatera Utara,Solar,6.32,Store,68,8.32,10,1,50000,337308,Sumatera,MEDAN,CDE,Internal,SumateraMEDANCDE,DALAM KOTA,,,,4,REGULAR,3:15:00,96720,190588,39
260417D103,HCI,17-Apr-2026,CDELC,BK8192MQ,Medan,Sumatera Utara,Solar,7.35,Store,9,8.43,10,1,59500,464825,Sumatera,MEDAN,CDE,Internal,SumateraMEDANCDE,DALAM KOTA,,,,4,REGULAR,10:31:00,193440,211885,48
260417D115,HCI,17-Apr-2026,CDELC,BK8191MQ,Medan,Sumatera Utara,Solar,2.94,Store,33,8.67,10,1,20000,319383,Sumatera,MEDAN,CDE,Internal,SumateraMEDANCDE,DALAM KOTA,,,,4,REGULAR,2:13:00,193440,105943,24
260417D116,HCI,17-Apr-2026,CDELC,BK8047MQ,Medan,Sumatera Utara,Solar,6.18,Store,27,10.0,10,2,57000,462325,Sumatera,MEDAN,CDE,Internal,SumateraMEDANCDE,DALAM KOTA,,,,4,REGULAR,3:31:00,193440,211885,39
260417D117,HCI,17-Apr-2026,CDELC,BK8647MS,Medan,Sumatera Utara,Solar,5.59,Store,61,8.8,10,2,38000,523807,Sumatera,MEDAN,CDE,Internal,SumateraMEDANCDE,DALAM KOTA,,,,4,REGULAR,8:58:00,193440,292367,34
260417D118,HCI,17-Apr-2026,CDELC,BK8172LM,Medan,Sumatera Utara,Solar,4.41,Store,12,9.36,10,1,55000,399937,Sumatera,MEDAN,CDE,Internal,SumateraMEDANCDE,DALAM KOTA,,,,4,REGULAR,8:40:00,193440,151497,30
260417H056,HCI,17-Apr-2026,CDELC,BK8807MH,Pematangsiantar,Sumatera Utara,Solar,33.09,HUB,28,10.0,10,3,441000,825028,Sumatera,PEMATANGSIANTAR,CDE,Internal,SumateraPEMATANGSIANTARCDE,LUAR KOTA,1300000,-474972,-36.54%,4,REGULAR,8:02:00,193440,190588,251
260417C219,HCI,17-Apr-2026,PICKUP,BK8696MS,Medan,Sumatera Utara,Pertalite,4.2,Customer,3,1.68,3,2,48000,388427,Sumatera,MEDAN,PICKUP,Internal,SumateraMEDANPICKUP,DALAM KOTA,,,,4,REGULAR,2:55:00,290160,50267,51
260417D130,AHI,17-Apr-2026,CDELC,BK8135LM,Medan,Sumatera Utara,Solar,3.68,Store,54,9.1,10,1,25000,197469,Sumatera,MEDAN,CDE,Internal,SumateraMEDANCDE,DALAM KOTA,,,,4,REGULAR,3:37:00,96720,75749,25
260417D131,AHI,17-Apr-2026,CDELC,BK8805MH,Medan,Sumatera Utara,Solar,5.15,Store,44,8.65,10,1,55000,439028,Sumatera,MEDAN,CDE,Internal,SumateraMEDANCDE,DALAM KOTA,,,,4,REGULAR,4:12:00,193440,190588,31
260417C258,HCI,17-Apr-2026,PICKUP,BK8633MS,Medan,Sumatera Utara,Pertalite,4.9,Customer,1,2.2,3,1,59500,340501,Sumatera,MEDAN,PICKUP,Internal,SumateraMEDANPICKUP,DALAM KOTA,,,,4,REGULAR,0:46:00,193440,87561,51
260417D119,HCI,17-Apr-2026,CDELC,BK8309MS,Medan,Sumatera Utara,Solar,6.18,Store,40,9.3,10,2,47000,314171,Sumatera,MEDAN,CDE,Internal,SumateraMEDANCDE,DALAM KOTA,,,,4,REGULAR,2:13:00,124354,142817,35
260417D133,HCI,17-Apr-2026,CDELC,BK8099LM,Medan,Sumatera Utara,Solar,6.91,Store,2,8.28,10,2,66000,463174,Sumatera,MEDAN,CDE,Internal,SumateraMEDANCDE,DALAM KOTA,,,,4,REGULAR,8:39:00,221074,176100,43
260417D135,HCI,17-Apr-2026,CDELC,BK8813MG,Medan,Sumatera Utara,Solar,4.41,Store,1,8.8,10,1,35000,233351,Sumatera,MEDAN,CDE,Internal,SumateraMEDANCDE,DALAM KOTA,,,,4,REGULAR,1:38:00,124354,73997,33
260417C280,HCI,17-Apr-2026,CDELC,BK8135LM,Binjai,Sumatera Utara,Solar,16.18,Customer,2,9.1,10,2,174000,470823,Sumatera,BINJAI,CDE,Internal,SumateraBINJAICDE,DALAM KOTA,,,,4,REGULAR,0:23:00,221074,75749,186
260418C160,HCI,18-Apr-2026,CDELC,BK8141LM,Medan,Sumatera Utara,Solar,14.71,Customer,13,4.12,10,8,100000,444534,Sumatera,MEDAN,CDE,Internal,SumateraMEDANCDE,DALAM KOTA,,,,4,REGULAR,4:31:00,193440,151094,-112214
260418C161,HCI,18-Apr-2026,CDELC,BK8871MS,Medan,Sumatera Utara,Solar,13.24,Customer,11,10.0,10,8,121000,314440,Sumatera,MEDAN,CDE,Internal,SumateraMEDANCDE,DALAM KOTA,,,,4,REGULAR,9:00:00,193440,,97
260418C162,HCI,18-Apr-2026,CDELC,BK8099LM,Medan,Sumatera Utara,Solar,19.12,Customer,14,10.0,10,8,223000,785980,Sumatera,MEDAN,CDE,Internal,SumateraMEDANCDE,DALAM KOTA,,,,4,REGULAR,7:01:00,386880,176100,136
260418C163,HCI,18-Apr-2026,CDELC,BK8647MS,Medan,Sumatera Utara,Solar,10.29,Customer,2,6.66,10,2,95500,581307,Sumatera,MEDAN,CDE,Internal,SumateraMEDANCDE,DALAM KOTA,,,,4,NON REGULAR,5:10:00,193440,292367,71
260418C165,HCI,18-Apr-2026,CDELC,BK8009MI,Medan,Sumatera Utara,Solar,11.76,Customer,18,5.46,10,7,100000,638377,Sumatera,MEDAN,CDE,Internal,SumateraMEDANCDE,DALAM KOTA,,,,4,REGULAR,8:01:00,386880,151497,80
260418C159,HCI,18-Apr-2026,CDELC,BK8191MQ,Medan,Sumatera Utara,Solar,8.82,Customer,14,10.0,10,11,78500,677265,Sumatera,MEDAN,CDE,Internal,SumateraMEDANCDE,DALAM KOTA,,,,4,REGULAR,8:26:00,386880,211885,94
260418C168,HCI,18-Apr-2026,CDELC,BK8813MG,Medan,Sumatera Utara,Solar,6.76,Customer,12,3.38,10,9,46000,580874,Sumatera,MEDAN,CDE,Internal,SumateraMEDANCDE,DALAM KOTA,,,,4,REGULAR,7:15:00,386880,147994,52
260418C169,HCI,18-Apr-2026,CDELC,BK8075MQ,Medan,Sumatera Utara,Solar,11.76,Customer,15,7.0,10,10,85000,683765,Sumatera,MEDAN,CDE,Internal,SumateraMEDANCDE,DALAM KOTA,,,,4,REGULAR,9:34:00,386880,211885,69
260418C182,HCI,18-Apr-2026,PICKUP,BK8696MS,Medan,Sumatera Utara,Pertalite,11.6,Customer,5,3.0,3,4,135500,622913,Sumatera,MEDAN,PICKUP,Internal,SumateraMEDANPICKUP,DALAM KOTA,,,,4,REGULAR,10:46:00,386880,100533,119
260418C199,HCI,18-Apr-2026,CDELC,BK8073MQ,Medan,Sumatera Utara,Solar,7.35,Customer,1,10.0,10,1,59000,657765,Sumatera,MEDAN,CDE,Internal,SumateraMEDANCDE,DALAM KOTA,,,,4,NON REGULAR,7:19:00,386880,211885,51
260418C200,HCI,18-Apr-2026,CDELC,BK8047MQ,Medan,Sumatera Utara,Solar,7.35,Customer,1,2.04,10,1,64000,662765,Sumatera,MEDAN,CDE,Internal,SumateraMEDANCDE,DALAM KOTA,,,,4,NON REGULAR,6:35:00,386880,211885,60
260418C201,HCI,18-Apr-2026,CDELC,BK8309MS,Medan,Sumatera Utara,Solar,6.62,Customer,1,10.0,10,1,59000,586433,Sumatera,MEDAN,CDE,Internal,SumateraMEDANCDE,DALAM KOTA,,,,4,NON REGULAR,6:40:00,241800,285633,59
260418C238,HCI,18-Apr-2026,PICKUP,BK8633MS,Medan,Sumatera Utara,Pertalite,4.3,Customer,1,3.0,3,1,58500,339501,Sumatera,MEDAN,PICKUP,Internal,SumateraMEDANPICKUP,DALAM KOTA,,,,4,NON REGULAR,8:48:00,193440,87561,55
260418C259,HCI,18-Apr-2026,PICKUP,BK8136LM,Deli Serdang,Sumatera Utara,Pertalite,4,Customer,1,1.1,3,1,49500,287038,Sumatera,DELI SERDANG,MINI VAN BOX,Internal,SumateraDELI SERDANGMINI VAN BOX,DALAM KOTA,,,,4,REGULAR,1:00:00,193440,44098,44
260418D100,HCI,18-Apr-2026,CDELC,BK8192MQ,Medan,Sumatera Utara,Solar,7.65,Store,26,8.55,10,2,60500,465825,Sumatera,MEDAN,CDE,Internal,SumateraMEDANCDE,DALAM KOTA,,,,4,REGULAR,6:56:00,193440,211885,51
260418D101,HCI,18-Apr-2026,CDELC,BK8146LM,Medan,Sumatera Utara,Solar,4.41,Store,14,8.74,10,1,30000,374937,Sumatera,MEDAN,CDE,Internal,SumateraMEDANCDE,DALAM KOTA,,,,4,REGULAR,4:09:00,193440,151497,28
260418D104,HCI,18-Apr-2026,CDELC,BK8806MH,Medan,Sumatera Utara,Solar,4.41,Store,12,8.67,10,1,55000,439028,Sumatera,MEDAN,CDE,Internal,SumateraMEDANCDE,DALAM KOTA,,,,4,REGULAR,7:16:00,193440,190588,30
260418D105,HCI,18-Apr-2026,CDELC,BK8031LM,Medan,Sumatera Utara,Solar,4.41,Store,15,8.13,10,2,45000,389534,Sumatera,MEDAN,CDE,Internal,SumateraMEDANCDE,DALAM KOTA,,,,4,REGULAR,3:34:00,193440,151094,30
260418C142,HCI,18-Apr-2026,CDELC,BK8646MS,Deli Serdang,Sumatera Utara,Solar,11.76,Customer,25,9.82,10,11,83500,762747,Sumatera,DELI SERDANG,CDE,Internal,SumateraDELI SERDANGCDE,DALAM KOTA,,,,4,REGULAR,7:37:00,386880,292367,74
260418C167,HCI,18-Apr-2026,CDELC,BK8803MH,Medan,Sumatera Utara,Solar,10.59,Customer,4,2.07,10,3,81000,561748,Sumatera,MEDAN,CDE,Internal,SumateraMEDANCDE,DALAM KOTA,,,,4,REGULAR,1107138:32:00,290160,190588,77
260418H052,HCI,18-Apr-2026,CDELC,BK8074MQ,Pematangsiantar,Sumatera Utara,Solar,29.41,HUB,20,5.72,10,3,421500,826825,Sumatera,PEMATANGSIANTAR,CDE,Internal,SumateraPEMATANGSIANTARCDE,LUAR KOTA,1300000,-473175,-36.40%,4,REGULAR,7:29:00,193440,211885,256
260418X062,HCI,18-Apr-2026,CDELC,BK8299MH,Medan,Sumatera Utara,Solar,2.94,Other Delivery,1,8.0,10,1,20000,413297,Sumatera,MEDAN,CDE,Internal,SumateraMEDANCDE,DALAM KOTA,,,,4,REGULAR,0:03:00,241800,151497,15
260418C158,HCI,18-Apr-2026,CDELC,BK8805MH,Medan,Sumatera Utara,Solar,5.88,Customer,14,7.52,10,11,45000,429028,Sumatera,MEDAN,CDE,Internal,SumateraMEDANCDE,DALAM KOTA,,,,4,REGULAR,5:48:00,193440,190588,51
260418C149,HCI,18-Apr-2026,CDELC,BK8172LM,Medan,Sumatera Utara,Solar,8.53,Customer,18,10.0,10,11,87000,431937,Sumatera,MEDAN,CDE,Internal,SumateraMEDANCDE,DALAM KOTA,,,,4,REGULAR,7:08:00,193440,151497,53
260418D117,FBI,18-Apr-2026,PICKUP,BK8136LM,Medan,Sumatera Utara,Pertalite,7.2,Store,13,2.66,3,4,92500,281678,Sumatera,MEDAN,MINI VAN BOX,Internal,SumateraMEDANMINI VAN BOX,DALAM KOTA,,,,4,REGULAR,4:54:00,145080,44098,82
260418D118,AHI,18-Apr-2026,PICKUP,A8330VX,Medan,Sumatera Utara,Pertalite,3,Store,10,2.89,3,4,35000,360967,Sumatera,MEDAN,MINI VAN BOX,Internal,SumateraMEDANMINI VAN BOX,DALAM KOTA,,,,4,REGULAR,6:21:00,241800,84167,43
260419X045,AHI,19-Apr-2026,CDELC,BK8803MH,Medan,Sumatera Utara,Solar,7.35,Other Delivery,3,4.13,10,3,64000,512508,Sumatera,MEDAN,CDE,Internal,SumateraMEDANCDE,DALAM KOTA,,,,4,REGULAR,5:34:00,257920,190588,47
260419C115,HCI,19-Apr-2026,CDELC,BK8647MS,Deli Serdang,Sumatera Utara,Solar,8.82,Customer,11,3.58,10,6,69500,748747,Sumatera,DELI SERDANG,CDE,Internal,SumateraDELI SERDANGCDE,DALAM KOTA,,,,4,REGULAR,6:43:00,386880,292367,54
260419C117,HCI,19-Apr-2026,CDELC,BK8804MH,Medan,Sumatera Utara,Solar,8.82,Customer,19,10.0,10,7,84000,468028,Sumatera,MEDAN,CDE,Internal,SumateraMEDANCDE,DALAM KOTA,,,,4,REGULAR,8:42:00,193440,190588,57
260419C118,HCI,19-Apr-2026,CDELC,BK8807MH,Medan,Sumatera Utara,Solar,7.35,Customer,13,4.16,10,7,57000,634468,Sumatera,MEDAN,CDE,Internal,SumateraMEDANCDE,DALAM KOTA,,,,4,REGULAR,7:04:00,386880,190588,49
260419C119,HCI,19-Apr-2026,CDELC,BK8806MH,Medan,Sumatera Utara,Solar,13.24,Customer,24,6.81,10,15,104500,681968,Sumatera,MEDAN,CDE,Internal,SumateraMEDANCDE,DALAM KOTA,,,,4,REGULAR,10:11:00,386880,190588,106
260419C120,HCI,19-Apr-2026,CDELC,BK8805MH,Medan,Sumatera Utara,Solar,14.71,Customer,16,9.19,10,10,100000,677468,Sumatera,MEDAN,CDE,Internal,SumateraMEDANCDE,DALAM KOTA,,,,4,REGULAR,8:29:00,386880,190588,93
260419C121,HCI,19-Apr-2026,CDELC,BK8309MS,Medan,Sumatera Utara,Solar,9.56,Customer,14,7.09,10,8,65000,737513,Sumatera,MEDAN,CDE,Internal,SumateraMEDANCDE,DALAM KOTA,,,,4,REGULAR,8:08:00,386880,285633,71
260419C122,HCI,19-Apr-2026,CDELC,BK8031LM,Medan,Sumatera Utara,Solar,8.82,Customer,11,7.87,10,4,60000,597974,Sumatera,MEDAN,CDE,Internal,SumateraMEDANCDE,DALAM KOTA,,,,4,REGULAR,8:49:00,386880,151094,69
260419C123,HCI,19-Apr-2026,CDELC,BK8099LM,Medan,Sumatera Utara,Solar,17.65,Customer,13,3.94,10,9,129000,691980,Sumatera,MEDAN,CDE,Internal,SumateraMEDANCDE,DALAM KOTA,,,,4,REGULAR,7:36:00,386880,176100,122
260419C124,HCI,19-Apr-2026,CDELC,BK8135LM,Medan,Sumatera Utara,Solar,15.59,Customer,15,7.01,10,9,138000,676377,Sumatera,MEDAN,CDE,Internal,SumateraMEDANCDE,DALAM KOTA,,,,4,REGULAR,9:45:00,386880,151497,124
260419C146,HCI,19-Apr-2026,PICKUP,BK8633MS,Medan,Sumatera Utara,Pertalite,8.9,Customer,7,3.0,3,5,104500,578941,Sumatera,MEDAN,PICKUP,Internal,SumateraMEDANPICKUP,DALAM KOTA,,,,4,REGULAR,7:56:00,386880,87561,98
260419H051,HCI,19-Apr-2026,CDELC,BK8074MQ,Pematangsiantar,Sumatera Utara,Solar,29.41,HUB,15,10.0,10,1,416000,821325,Sumatera,PEMATANGSIANTAR,CDE,Internal,SumateraPEMATANGSIANTARCDE,LUAR KOTA,1300000,-478675,-36.82%,4,REGULAR,5:19:00,193440,211885,228
260419X052,HCI,19-Apr-2026,CDELC,BK8047MQ,Medan,Sumatera Utara,Solar,5.15,Other Delivery,1,5.0,10,1,40000,509805,Sumatera,MEDAN,CDE,Internal,SumateraMEDANCDE,DALAM KOTA,,,,4,REGULAR,2:51:00,257920,211885,34
260419X053,HCI,19-Apr-2026,CDELC,BK8191MQ,Medan,Sumatera Utara,Solar,4.41,Other Delivery,1,5.0,10,1,55000,524805,Sumatera,MEDAN,CDE,Internal,SumateraMEDANCDE,DALAM KOTA,,,,4,REGULAR,4:55:00,257920,211885,32
260420D123,FBI,20-Apr-2026,PICKUP,A8330VX,Binjai,Sumatera Utara,Pertalite,7.7,Store,10,3.0,3,4,83000,425087,Sumatera,BINJAI,MINI VAN BOX,Internal,SumateraBINJAIMINI VAN BOX,DALAM KOTA,,,,4,REGULAR,5:54:00,257920,84167,81
260420D122,FBI,20-Apr-2026,PICKUP,BK8136LM,Medan,Sumatera Utara,Pertalite,4.7,Store,7,3.0,3,5,56000,261298,Sumatera,MEDAN,MINI VAN BOX,Internal,SumateraMEDANMINI VAN BOX,DALAM KOTA,,,,4,REGULAR,3:35:00,161200,44098,48
260420D006,AHI,20-Apr-2026,CDELC,BK8192MQ,Medan,Sumatera Utara,Solar,5.15,Store,64,10.0,10,1,35000,237663,,,CDE,Internal,CDE,DALAM KOTA,,,,4,REGULAR,2:14:00,96720,105943,37
260420D007,HCI,20-Apr-2026,CDELC,BK8172LM,Medan,Sumatera Utara,Solar,6.76,Store,56,8.46,10,2,62000,331189,,,CDE,Internal,CDE,DALAM KOTA,,,,4,REGULAR,4:02:00,193440,75749,45
260420D008,AHI,20-Apr-2026,CDELC,BK8871MS,Medan,Sumatera Utara,Solar,3.68,Store,72,9.03,10,1,25000,218440,,,CDE,Internal,CDE,DALAM KOTA,,,,4,REGULAR,3:25:00,193440,,32
260420D009,AHI,20-Apr-2026,PICKUP,BK8696MS,Medan,Sumatera Utara,Pertalite,3.2,Store,14,2.2,3,1,37000,183987,,,PICKUP,Internal,PICKUP,DALAM KOTA,,,,4,REGULAR,-0:26:00,96720,50267,33
260420D010,AHI,20-Apr-2026,CDELC,BK8146LM,Medan,Sumatera Utara,Solar,4.41,Store,80,8.67,10,1,45000,217469,,,CDE,Internal,CDE,DALAM KOTA,,,,4,REGULAR,-1:00:00,96720,75749,26
260420D012,HCI,20-Apr-2026,CDELC,BK8299MH,Medan,Sumatera Utara,Solar,6.32,Store,80,8.67,10,2,57000,401937,,,CDE,Internal,CDE,DALAM KOTA,,,,4,REGULAR,6:53:00,193440,151497,40
260420D069,HCI,20-Apr-2026,CDELC,BK8075MQ,Medan,Sumatera Utara,Solar,3.68,Store,38,10.0,10,1,25000,430325,,,CDE,Internal,CDE,DALAM KOTA,,,,4,REGULAR,11:47:00,193440,211885,24
260420D070,HCI,20-Apr-2026,CDELC,BK8112LM,Medan,Sumatera Utara,Solar,4.41,Store,19,2.98,10,1,30000,202267,,,CDE,Internal,CDE,DALAM KOTA,,,,4,REGULAR,2:41:00,96720,75547,32
260420D071,HCI,20-Apr-2026,CDELC,BK8646MS,Medan,Sumatera Utara,Solar,4.41,Store,38,8.31,10,2,45000,287903,,,CDE,Internal,CDE,DALAM KOTA,,,,4,REGULAR,3:49:00,96720,146183,29
260420D072,HCI,20-Apr-2026,CDELC,BK8009MI,Medan,Sumatera Utara,Solar,4.41,Store,22,9.37,10,1,45000,314189,,,CDE,Internal,CDE,DALAM KOTA,,,,4,REGULAR,-0:15:00,193440,75749,30
260420C218,HCI,20-Apr-2026,CDELC,BK8804MH,Medan,Sumatera Utara,Solar,10.29,Customer,25,9.08,10,17,80500,657968,,,CDE,Internal,CDE,DALAM KOTA,,,,4,REGULAR,9:20:00,386880,190588,89
260420C219,HCI,20-Apr-2026,CDELC,BK8803MH,Medan,Sumatera Utara,Solar,5.88,Customer,15,6.96,10,8,67000,355734,,,CDE,Internal,CDE,DALAM KOTA,,,,4,REGULAR,3:19:00,193440,95294,38
260420C220,HCI,20-Apr-2026,CDELC,BK8807MH,Medan,Sumatera Utara,Solar,8.09,Customer,17,7.62,10,11,89000,666468,,,CDE,Internal,CDE,DALAM KOTA,,,,4,REGULAR,9:07:00,386880,190588,55
260420C221,HCI,20-Apr-2026,CDELC,BK8309MS,Medan,Sumatera Utara,Solar,15.44,Customer,24,10.0,10,13,105000,584073,,,CDE,Internal,CDE,DALAM KOTA,,,,4,REGULAR,10:50:00,193440,285633,122
260420C222,HCI,20-Apr-2026,CDELC,BK8647MS,Medan,Sumatera Utara,Solar,9.56,Customer,23,5.69,10,13,78000,757247,,,CDE,Internal,CDE,DALAM KOTA,,,,4,REGULAR,7:30:00,386880,292367,62
260420C223,HCI,20-Apr-2026,CDELC,BK8141LM,Medan,Sumatera Utara,Solar,16.18,Customer,15,6.43,10,10,120500,658474,,,CDE,Internal,CDE,DALAM KOTA,,,,4,REGULAR,8:04:00,386880,151094,110
260420C224,HCI,20-Apr-2026,CDELC,BK8099LM,Medan,Sumatera Utara,Solar,11.76,Customer,13,10.0,10,9,95000,657980,,,CDE,Internal,CDE,DALAM KOTA,,,,4,REGULAR,-5:31:00,386880,176100,75
260420C227,HCI,20-Apr-2026,CDELC,BK8112LM,Medan,Sumatera Utara,Solar,9.26,Customer,11,4.44,10,7,78500,444207,,,CDE,Internal,CDE,DALAM KOTA,,,,4,REGULAR,5:41:00,290160,75547,65
260420C229,HCI,20-Apr-2026,CDELC,BK8146LM,Medan,Sumatera Utara,Solar,5.59,Customer,7,8.3,10,5,42000,407909,,,CDE,Internal,CDE,DALAM KOTA,,,,4,NON REGULAR,2:31:00,290160,75749,34
260420C232,HCI,20-Apr-2026,CDELC,BK8073MQ,Binjai,Sumatera Utara,Solar,11.91,Customer,13,10.0,10,9,81000,573823,,,CDE,Internal,CDE,DALAM KOTA,,,,4,REGULAR,8:00:00,386880,105943,97
260420C237,HCI,20-Apr-2026,CDELC,BK8191MQ,Medan,Sumatera Utara,Solar,11.76,Customer,12,7.08,10,11,80000,678765,,,CDE,Internal,CDE,DALAM KOTA,,,,4,REGULAR,-2:31:00,386880,211885,91
260420C240,HCI,20-Apr-2026,CDELC,BK8031LM,Medan,Sumatera Utara,Solar,8.09,Customer,14,6.23,10,9,70000,317814,,,CDE,Internal,CDE,DALAM KOTA,,,,4,REGULAR,6:14:00,96720,151094,62
260420C242,HCI,20-Apr-2026,CDELC,BK8192MQ,Medan,Sumatera Utara,Solar,5.88,Customer,4,8.42,10,2,40000,436103,,,CDE,Internal,CDE,DALAM KOTA,,,,4,REGULAR,3:00:00,290160,105943,47
260420C243,HCI,20-Apr-2026,CDELC,BK8871MS,Medan,Sumatera Utara,Solar,7.35,Customer,10,7.04,10,6,50000,340160,,,CDE,Internal,CDE,DALAM KOTA,,,,4,REGULAR,3:39:00,290160,,49
260420C244,HCI,20-Apr-2026,CDELC,BK8009MI,Medan,Sumatera Utara,Solar,9.85,Customer,11,6.17,10,9,67000,432909,,,CDE,Internal,CDE,DALAM KOTA,,,,4,REGULAR,7:23:00,290160,75749,65
260420C246,HCI,20-Apr-2026,CDELC,BK8805MH,Medan,Sumatera Utara,Solar,8.09,Customer,14,7.0,10,10,66000,450028,,,CDE,Internal,CDE,DALAM KOTA,,,,4,REGULAR,5:10:00,193440,190588,52
260420C247,HCI,20-Apr-2026,CDELC,BK8806MH,Medan,Sumatera Utara,Solar,9.56,Customer,10,8.66,10,7,65000,449028,,,CDE,Internal,CDE,DALAM KOTA,,,,4,REGULAR,5:26:00,193440,190588,66
260420C248,HCI,20-Apr-2026,CDELC,BK8803MH,Medan,Sumatera Utara,Solar,6.62,Customer,9,10.0,10,5,53500,342234,,,CDE,Internal,CDE,DALAM KOTA,,,,4,REGULAR,2:55:00,193440,95294,48
260420C249,HCI,20-Apr-2026,CDELC,BK8646MS,Medan,Sumatera Utara,,,Customer,17,10.0,10,10,3000,536063,,,CDE,Internal,CDE,DALAM KOTA,,,,4,REGULAR,1107190:54:00,386880,146183,-46836
260420C250,HCI,20-Apr-2026,CDELC,BK8135LM,Deli Serdang,Sumatera Utara,Solar,14.71,Customer,10,6.78,10,8,127500,665877,,,CDE,Internal,CDE,DALAM KOTA,,,,4,REGULAR,8:29:00,386880,151497,123
260420C251,HCI,20-Apr-2026,PICKUP,BK8633MS,Medan,Sumatera Utara,Pertalite,5.8,Customer,5,3.0,3,5,63000,344001,,,PICKUP,Internal,PICKUP,DALAM KOTA,,,,4,REGULAR,8:54:00,193440,87561,60
260420C252,HCI,20-Apr-2026,PICKUP,BK8696MS,Binjai,Sumatera Utara,Pertalite,7.8,Customer,3,3.0,3,3,106000,446427,,,PICKUP,Internal,PICKUP,DALAM KOTA,,,,4,REGULAR,5:24:00,290160,50267,74
260420C260,HCI,20-Apr-2026,CDELC,BK8172LM,Medan,Sumatera Utara,Solar,8.53,Customer,1,10.0,10,1,68500,337689,,,CDE,Internal,CDE,DALAM KOTA,,,,4,NON REGULAR,0:57:00,193440,75749,56
260420H059,HCI,20-Apr-2026,CDELC,BK8047MQ,Pematangsiantar,Sumatera Utara,Solar,30.15,HUB,21,10.0,10,1,401000,700383,,,CDE,Internal,CDE,LUAR KOTA,,,,4,REGULAR,5:21:00,193440,105943,229
260420H060,HCI,20-Apr-2026,CDELC,BK8074MQ,Pematangsiantar,Sumatera Utara,Solar,33.09,HUB,5,6.35,10,1,438000,746605,,,CDE,Internal,CDE,LUAR KOTA,,,,4,REGULAR,5:06:00,96720,211885,225
260420D110,HCI,20-Apr-2026,CDELC,BK8073MQ,Medan,Sumatera Utara,Solar,5.15,Store,38,10.0,10,1,35000,334383,Sumatera,MEDAN,CDE,Internal,SumateraMEDANCDE,DALAM KOTA,,,,4,REGULAR,-0:21:00,193440,105943,35
260420C265,HCI,20-Apr-2026,CDELC,BK8047MQ,Medan,Sumatera Utara,Solar,8.09,Customer,1,8.0,10,1,64000,363383,Sumatera,MEDAN,CDE,Internal,SumateraMEDANCDE,DALAM KOTA,,,,4,NON REGULAR,2:29:00,193440,105943,55
260420C327,HCI,20-Apr-2026,PICKUP,BK8136LM,Medan,Sumatera Utara,Pertalite,6.3,Customer,2,1.36,3,2,81500,222318,,,MINI VAN BOX,Internal,MINI VAN BOX,DALAM KOTA,,,,4,REGULAR,-0:11:00,96720,44098,63
260420D136,HCI,20-Apr-2026,CDELC,BK8813MG,Medan,Sumatera Utara,Solar,4.41,Store,1,8.0,10,1,30000,339194,,,CDE,Internal,CDE,DALAM KOTA,,,,4,NON REGULAR,0:22:00,161200,147994,26
260421D097,FBI,21-Apr-2026,PICKUP,A8330VX,Medan,Sumatera Utara,Pertalite,4,Store,6,2.88,3,4,45000,377243,,,MINI VAN BOX,Internal,MINI VAN BOX,DALAM KOTA,,,,4,REGULAR,8:48:00,290160,42083,40
260421D098,FBI,21-Apr-2026,PICKUP,BK8136LM,Medan,Sumatera Utara,Pertalite,7.4,Store,5,1.98,3,4,90500,275415,,,MINI VAN BOX,Internal,MINI VAN BOX,DALAM KOTA,,,,4,REGULAR,15:45:00,96720,88195,77
260421D002,AHI,21-Apr-2026,CDELC,BK8047MQ,Medan,Sumatera Utara,Solar,4.41,Store,88,8.33,10,2,50000,455325,,,CDE,Internal,CDE,DALAM KOTA,,,,4,REGULAR,9:11:00,193440,211885,35
260421D003,AHI,21-Apr-2026,CDELC,BK8146LM,Medan,Sumatera Utara,Solar,3.68,Store,82,8.11,10,1,25000,369937,,,CDE,Internal,CDE,DALAM KOTA,,,,4,REGULAR,0:26:00,193440,151497,23
260421C184,HCI,21-Apr-2026,CDELC,BK8803MH,Medan,Sumatera Utara,Solar,12.79,Customer,25,10.0,10,15,98000,482028,,,CDE,Internal,CDE,DALAM KOTA,,,,4,REGULAR,8:50:00,193440,190588,85
260421C185,HCI,21-Apr-2026,CDELC,BK8807MH,Medan,Sumatera Utara,Solar,8.24,Customer,24,4.26,10,8,76000,460028,,,CDE,Internal,CDE,DALAM KOTA,,,,4,REGULAR,7:18:00,193440,190588,54
260421C189,HCI,21-Apr-2026,CDELC,BK8804MH,Medan,Sumatera Utara,,,Customer,23,8.62,10,10,27500,604968,,,CDE,Internal,CDE,DALAM KOTA,,,,4,REGULAR,7:35:00,386880,190588,-183352
260421C191,HCI,21-Apr-2026,CDELC,BK8075MQ,Medan,Sumatera Utara,Solar,10.29,Customer,31,8.29,10,12,89000,687765,,,CDE,Internal,CDE,DALAM KOTA,,,,4,REGULAR,8:41:00,386880,211885,65
260421C193,HCI,21-Apr-2026,CDELC,BK8031LM,Medan,Sumatera Utara,Solar,10.29,Customer,10,4.51,10,9,86000,623974,,,CDE,Internal,CDE,DALAM KOTA,,,,4,REGULAR,7:08:00,386880,151094,80
260421C194,HCI,21-Apr-2026,CDELC,BK8135LM,Medan,Sumatera Utara,Solar,8.53,Customer,8,3.87,10,5,78000,422937,,,CDE,Internal,CDE,DALAM KOTA,,,,4,REGULAR,6:59:00,193440,151497,83
260421C196,HCI,21-Apr-2026,CDELC,BK8009MI,Binjai,Sumatera Utara,Solar,19.85,Customer,13,6.78,10,12,172000,710377,,,CDE,Internal,CDE,DALAM KOTA,,,,4,REGULAR,7:33:00,386880,151497,130
260421C197,HCI,21-Apr-2026,CDELC,BK8646MS,Medan,Sumatera Utara,,,Customer,11,10.0,10,8,15000,694247,,,CDE,Internal,CDE,DALAM KOTA,,,,4,REGULAR,7:33:00,386880,292367,-46928
260421C198,HCI,21-Apr-2026,CDELC,BK8309MS,Medan,Sumatera Utara,,,Customer,8,4.66,10,6,,382353,,,CDE,Internal,CDE,DALAM KOTA,,,,4,REGULAR,4:53:00,96720,285633,-74874
260421C200,HCI,21-Apr-2026,CDELC,BK8191MQ,Medan,Sumatera Utara,Solar,8.09,Customer,12,10.0,10,7,55000,653765,,,CDE,Internal,CDE,DALAM KOTA,,,,4,REGULAR,8:31:00,386880,211885,67
260421C201,HCI,21-Apr-2026,CDELC,BK8141LM,Medan,Sumatera Utara,Solar,9.56,Customer,19,6.83,10,14,73500,611474,,,CDE,Internal,CDE,DALAM KOTA,,,,4,REGULAR,6:24:00,386880,151094,74
260421C202,HCI,21-Apr-2026,CDELC,BK8073MQ,Deli Serdang,Sumatera Utara,Solar,8.24,Customer,16,8.71,10,11,64000,662765,,,CDE,Internal,CDE,DALAM KOTA,,,,4,REGULAR,7:31:00,386880,211885,58
260421C204,HCI,21-Apr-2026,PICKUP,BK8633MS,Medan,Sumatera Utara,Pertalite,7.3,Customer,8,3.0,3,7,87000,561441,,,PICKUP,Internal,PICKUP,DALAM KOTA,,,,4,REGULAR,8:27:00,386880,87561,59
260421H065,HCI,21-Apr-2026,CDELC,BK8871MS,Pematangsiantar,Sumatera Utara,Solar,29.41,HUB,11,9.26,10,2,416000,609440,,,CDE,Internal,CDE,LUAR KOTA,,,,4,REGULAR,8:02:00,193440,,249
260421C218,HCI,21-Apr-2026,CDELC,BK8172LM,Binjai,Sumatera Utara,Solar,13.24,Customer,3,6.1,10,2,157500,695877,,,CDE,Internal,CDE,DALAM KOTA,,,,4,NON REGULAR,5:59:00,386880,151497,136
260421D099,HCI,21-Apr-2026,CDELC,BK8299MH,Medan,Sumatera Utara,Solar,5.88,Store,47,10.0,10,1,49500,394437,,,CDE,Internal,CDE,DALAM KOTA,,,,4,REGULAR,8:59:00,193440,151497,51
260421D100,HCI,21-Apr-2026,CDELC,BK8805MH,Medan,Sumatera Utara,Solar,5.15,Store,83,10.0,10,1,39000,423028,,,CDE,Internal,CDE,DALAM KOTA,,,,4,REGULAR,9:34:00,193440,190588,32
260421D102,HCI,21-Apr-2026,CDELC,BK8806MH,Medan,Sumatera Utara,Solar,4.41,Store,67,10.0,10,1,30000,222014,Sumatera,MEDAN,CDE,Internal,SumateraMEDANCDE,DALAM KOTA,,,,4,REGULAR,2:50:00,96720,95294,30
260421D104,HCI,21-Apr-2026,CDELC,BK8647MS,Medan,Sumatera Utara,Solar,4.41,Store,76,10.0,10,1,55000,540807,,,CDE,Internal,CDE,DALAM KOTA,,,,4,REGULAR,7:58:00,193440,292367,31
260421H072,HCI,21-Apr-2026,CDELC,BK8074MQ,Pematangsiantar,Sumatera Utara,Solar,35.29,HUB,40,10.0,10,3,465000,870325,,,CDE,Internal,CDE,LUAR KOTA,,,,4,REGULAR,9:23:00,193440,211885,256
260421D107,AHI,21-Apr-2026,CDELC,BK8192MQ,Medan,Sumatera Utara,Solar,6.62,Store,62,10.0,10,3,60000,465325,,,CDE,Internal,CDE,DALAM KOTA,,,,4,REGULAR,7:55:00,193440,211885,41
260421D126,HCI,21-Apr-2026,CDELC,BK8099LM,Medan,Sumatera Utara,Solar,5.88,Store,3,10.0,10,3,50000,428210,,,CDE,Internal,CDE,DALAM KOTA,,,,4,REGULAR,6:39:00,290160,88050,38
260421C278,HCI,21-Apr-2026,PICKUP,BK8696MS,Medan,Sumatera Utara,Pertalite,6.4,Customer,2,0.83,3,2,97500,391473,,,PICKUP,Internal,PICKUP,DALAM KOTA,,,,4,REGULAR,6:16:00,193440,100533,57
260421C284,HCI,21-Apr-2026,CDELC,BK8813MG,Medan,Sumatera Utara,Solar,8.09,Customer,1,4.32,10,1,55000,299714,Sumatera,MEDAN,CDE,Internal,SumateraMEDANCDE,DALAM KOTA,,,,4,NON REGULAR,2:31:00,96720,147994,50
260421C292,HCI,21-Apr-2026,CDELC,BK8806MH,Medan,Sumatera Utara,,,Customer,2,1.12,10,2,,482174,,,CDE,Internal,CDE,DALAM KOTA,,,,4,NON REGULAR,-4:58:00,386880,95294,-197659
260421C294,HCI,21-Apr-2026,PICKUP,A8330VX,Medan,Sumatera Utara,Pertalite,1,Customer,1,0.25,3,1,10000,245523,,,MINI VAN BOX,Internal,MINI VAN BOX,DALAM KOTA,,,,4,REGULAR,0:02:00,193440,42083,8
260422X070,AHI,22-Apr-2026,CDELC,BK8141LM,Medan,Sumatera Utara,Solar,4.85,Other Delivery,1,10.0,10,1,33000,425894,,,CDE,Internal,CDE,DALAM KOTA,,,,4,REGULAR,6:39:00,241800,151094,30
260422D109,FBI,22-Apr-2026,PICKUP,A8330VX,Medan,Sumatera Utara,Pertalite,7.3,Store,8,2.98,3,6,89500,415467,,,MINI VAN BOX,Internal,MINI VAN BOX,DALAM KOTA,,,,4,REGULAR,6:51:00,241800,84167,73
260422D108,FBI,22-Apr-2026,PICKUP,BK8136LM,Medan,Sumatera Utara,Pertalite,11,Store,7,2.88,3,5,183500,513495,,,MINI VAN BOX,Internal,MINI VAN BOX,DALAM KOTA,,,,4,REGULAR,6:52:00,241800,88195,139
260422C169,HCI,22-Apr-2026,CDELC,BK8073MQ,Medan,Sumatera Utara,Solar,11.03,Customer,22,9.66,10,12,86000,684765,,,CDE,Internal,CDE,DALAM KOTA,,,,4,REGULAR,8:16:00,386880,211885,85
260422C170,HCI,22-Apr-2026,CDELC,BK8803MH,Medan,Sumatera Utara,Solar,9.56,Customer,27,6.2,10,17,111000,495028,,,CDE,Internal,CDE,DALAM KOTA,,,,4,REGULAR,9:20:00,193440,190588,61
260422C172,HCI,22-Apr-2026,CDELC,BK8807MH,Medan,Sumatera Utara,Solar,14.71,Customer,27,7.58,10,14,100000,677468,,,CDE,Internal,CDE,DALAM KOTA,,,,4,REGULAR,11:07:00,386880,190588,101
260422C173,HCI,22-Apr-2026,CDELC,BK8146LM,Medan,Sumatera Utara,Solar,8.82,Customer,18,4.2,10,12,70000,608377,,,CDE,Internal,CDE,DALAM KOTA,,,,4,REGULAR,7:01:00,386880,151497,58
260422C176,HCI,22-Apr-2026,CDELC,BK8172LM,Medan,Sumatera Utara,Solar,14.71,Customer,16,7.3,10,11,148500,686877,,,CDE,Internal,CDE,DALAM KOTA,,,,4,REGULAR,6:57:00,386880,151497,107
260422C177,HCI,22-Apr-2026,CDELC,BK8804MH,Medan,Sumatera Utara,Solar,10.29,Customer,8,9.02,10,5,70000,454028,,,CDE,Internal,CDE,DALAM KOTA,,,,4,REGULAR,7:04:00,193440,190588,71
260422C179,HCI,22-Apr-2026,CDELC,BK8031LM,Binjai,Sumatera Utara,Solar,11.03,Customer,9,2.64,10,6,107000,644974,,,CDE,Internal,CDE,DALAM KOTA,,,,4,REGULAR,5:26:00,386880,151094,100
260422C180,HCI,22-Apr-2026,CDELC,BK8309MS,Medan,Sumatera Utara,Solar,9.56,Customer,12,10.0,10,7,73000,745513,,,CDE,Internal,CDE,DALAM KOTA,,,,4,REGULAR,5:40:00,386880,285633,65
260422C181,HCI,22-Apr-2026,CDELC,BK8299MH,Medan,Sumatera Utara,Solar,14.49,Customer,11,7.54,10,8,98500,636877,,,CDE,Internal,CDE,DALAM KOTA,,,,4,REGULAR,5:20:00,386880,151497,104
260422C183,HCI,22-Apr-2026,CDELC,BK8647MS,Medan,Sumatera Utara,Solar,13.53,Customer,19,9.72,10,17,119500,798747,,,CDE,Internal,CDE,DALAM KOTA,,,,4,REGULAR,7:27:00,386880,292367,82
260422C185,HCI,22-Apr-2026,CDELC,BK8813MG,Deli Serdang,Sumatera Utara,Solar,13.97,Customer,13,5.87,10,9,95000,629874,,,CDE,Internal,CDE,DALAM KOTA,,,,4,REGULAR,7:27:00,386880,147994,90
260422C189,HCI,22-Apr-2026,CDELC,BK8646MS,Asahan,Sumatera Utara,Solar,30.59,Customer,7,3.08,10,3,358000,1037247,,,CDE,Internal,CDE,LUAR KOTA,,,,4,NON REGULAR,7:34:00,386880,292367,222
260422C191,HCI,22-Apr-2026,PICKUP,BK8633MS,Medan,Sumatera Utara,Pertalite,8.5,Customer,5,3.0,3,5,109500,583941,,,PICKUP,Internal,PICKUP,DALAM KOTA,,,,4,REGULAR,7:29:00,386880,87561,89
260422H047,HCI,22-Apr-2026,CDELC,BK8075MQ,Pematangsiantar,Sumatera Utara,Solar,34.85,HUB,39,9.4,10,3,475000,880325,,,CDE,Internal,CDE,LUAR KOTA,,,,4,REGULAR,8:43:00,193440,211885,261
260422C196,HCI,22-Apr-2026,CDELC,BK8806MH,Medan,Sumatera Utara,Solar,10.29,Customer,9,10.0,10,7,70000,647468,,,CDE,Internal,CDE,DALAM KOTA,,,,4,REGULAR,6:57:00,386880,190588,78
260422C197,HCI,22-Apr-2026,CDELC,BK8135LM,Medan,Sumatera Utara,Solar,5.88,Customer,5,9.2,10,2,40000,481657,Sumatera,MEDAN,CDE,Internal,SumateraMEDANCDE,DALAM KOTA,,,,4,REGULAR,4:02:00,290160,151497,38
260422C207,HCI,22-Apr-2026,CDELC,BK8047MQ,Simalungun,Sumatera Utara,Solar,29.41,Customer,2,10.0,10,2,405000,616885,,,CDE,Internal,CDE,LUAR KOTA,,,,4,NON REGULAR,8:14:00,0,211885,237
260422D114,HCI,22-Apr-2026,CDELC,BK8074MQ,Medan,Sumatera Utara,Solar,4.85,Store,36,9.48,10,1,33000,438325,Sumatera,MEDAN,CDE,Internal,SumateraMEDANCDE,DALAM KOTA,,,,4,REGULAR,8:29:00,193440,211885,29
260422D115,HCI,22-Apr-2026,CDELC,BK8191MQ,Medan,Sumatera Utara,Solar,3.82,Store,41,8.06,10,2,45500,450825,,,CDE,Internal,CDE,DALAM KOTA,,,,4,REGULAR,4:57:00,193440,211885,37
260422D116,HCI,22-Apr-2026,CDELC,BK8009MI,Medan,Sumatera Utara,Solar,4.41,Store,33,9.86,10,1,30000,374937,,,CDE,Internal,CDE,DALAM KOTA,,,,4,REGULAR,3:15:00,193440,151497,30
260422D117,HCI,22-Apr-2026,CDELC,BK8805MH,Medan,Sumatera Utara,Solar,5.15,Store,42,10.0,10,1,60000,444028,Sumatera,MEDAN,CDE,Internal,SumateraMEDANCDE,DALAM KOTA,,,,4,REGULAR,8:21:00,193440,190588,31
260422D120,AHI,22-Apr-2026,CDELC,BK8192MQ,Medan,Sumatera Utara,Solar,7.06,Store,61,10.0,10,3,66500,471825,,,CDE,Internal,CDE,DALAM KOTA,,,,4,REGULAR,7:40:00,193440,211885,44
260422D121,AHI,22-Apr-2026,CDELC,BK8099LM,Medan,Sumatera Utara,Solar,6.62,Store,38,10.0,10,2,60000,429540,,,CDE,Internal,CDE,DALAM KOTA,,,,4,REGULAR,4:16:00,193440,176100,43
260422D122,AHI,22-Apr-2026,PICKUP,BK8696MS,Medan,Sumatera Utara,Pertalite,3,Store,33,2.11,3,1,40000,237253,,,PICKUP,Internal,PICKUP,DALAM KOTA,,,,4,REGULAR,2:57:00,96720,100533,30
260422C210,HCI,22-Apr-2026,CDELC,BK8871MS,Medan,Sumatera Utara,Solar,3.68,Customer,1,5.42,10,1,25000,121720,,,CDE,Internal,CDE,DALAM KOTA,,,,4,NON REGULAR,2:10:00,96720,,22
260422D124,KLS,22-Apr-2026,CDELC,BK8871MS,Medan,Sumatera Utara,Solar,3.68,Store,7,8.65,11,1,25000,170080,,,CDE LONG CHASSIS,Internal,CDE LONG CHASSIS,DALAM KOTA,,,,4,REGULAR,2:04:00,145080,,32
260423X077,AHI,23-Apr-2026,PICKUP,BK8696MS,Medan,Sumatera Utara,Pertalite,7,Other Delivery,1,3.0,3,1,95000,437333,,,PICKUP,Internal,PICKUP,DALAM KOTA,,,,4,REGULAR,7:44:00,241800,100533,65
260423D098,FBI,23-Apr-2026,PICKUP,A8330VX,Medan,Sumatera Utara,Pertalite,7,Store,6,2.31,3,4,98500,424467,,,MINI VAN BOX,Internal,MINI VAN BOX,DALAM KOTA,,,,4,REGULAR,4:37:00,241800,84167,82
260423D097,FBI,23-Apr-2026,PICKUP,BK8136LM,Medan,Sumatera Utara,Pertalite,4.5,Store,12,2.7,3,4,50000,331635,,,MINI VAN BOX,Internal,MINI VAN BOX,DALAM KOTA,,,,4,REGULAR,4:28:00,193440,88195,41
260423C170,HCI,23-Apr-2026,CDELC,BK8309MS,Medan,Sumatera Utara,Solar,12.06,Customer,21,4.4,10,12,100500,773013,,,CDE,Internal,CDE,DALAM KOTA,,,,4,REGULAR,8:22:00,386880,285633,86
260423C172,HCI,23-Apr-2026,CDELC,BK8806MH,Medan,Sumatera Utara,Solar,6.62,Customer,15,9.51,10,11,73000,650468,,,CDE,Internal,CDE,DALAM KOTA,,,,4,REGULAR,7:42:00,386880,190588,46
260423C173,HCI,23-Apr-2026,CDELC,BK8047MQ,Medan,Sumatera Utara,,,Customer,26,5.46,10,12,5000,313605,,,CDE,Internal,CDE,DALAM KOTA,,,,4,REGULAR,7:29:00,96720,211885,-170792
260423C174,HCI,23-Apr-2026,CDELC,BK8172LM,Binjai,Sumatera Utara,Solar,19.85,Customer,11,6.71,10,10,176000,714377,,,CDE,Internal,CDE,DALAM KOTA,,,,4,REGULAR,9:07:00,386880,151497,133
260423C176,HCI,23-Apr-2026,CDELC,BK8646MS,Medan,Sumatera Utara,Solar,10.29,Customer,15,10.0,10,14,85000,764247,,,CDE,Internal,CDE,DALAM KOTA,,,,4,REGULAR,8:12:00,386880,292367,68
260423C180,HCI,23-Apr-2026,CDELC,BK8031LM,Medan,Sumatera Utara,Solar,12.5,Customer,13,4.08,10,12,101000,638974,,,CDE,Internal,CDE,DALAM KOTA,,,,4,REGULAR,7:55:00,386880,151094,88
260423C182,HCI,23-Apr-2026,CDELC,BK8146LM,Medan,Sumatera Utara,Solar,9.71,Customer,7,3.58,10,7,70000,608377,,,CDE,Internal,CDE,DALAM KOTA,,,,4,REGULAR,8:41:00,386880,151497,66
260423C183,HCI,23-Apr-2026,CDELC,BK8803MH,Medan,Sumatera Utara,Solar,11.03,Customer,16,4.8,10,13,99000,579748,,,CDE,Internal,CDE,DALAM KOTA,,,,4,REGULAR,6:21:00,290160,190588,82
260423C185,HCI,23-Apr-2026,CDELC,BK8805MH,Medan,Sumatera Utara,,,Customer,8,3.31,10,7,,577468,,,CDE,Internal,CDE,DALAM KOTA,,,,4,REGULAR,5:21:00,386880,190588,0
260423H049,HCI,23-Apr-2026,CDELC,BK8074MQ,Pematangsiantar,Sumatera Utara,Solar,33.82,HUB,25,10.0,10,2,446000,851325,,,CDE,Internal,CDE,LUAR KOTA,,,,4,REGULAR,8:06:00,193440,211885,236
260423C186,HCI,23-Apr-2026,PICKUP,BK8633MS,Medan,Sumatera Utara,Pertalite,9.6,Customer,5,3.0,3,5,121500,595941,,,PICKUP,Internal,PICKUP,DALAM KOTA,,,,4,REGULAR,8:54:00,386880,87561,94
260423D084,HCI,23-Apr-2026,CDELC,BK8192MQ,Medan,Sumatera Utara,Solar,7.35,Store,31,8.94,10,3,53500,458825,,,CDE,Internal,CDE,DALAM KOTA,,,,4,REGULAR,7:39:00,193440,211885,51
260423D088,AHI,23-Apr-2026,CDELC,BK8009MI,Medan,Sumatera Utara,Solar,6.62,Store,27,10.0,10,2,50000,394937,,,CDE,Internal,CDE,DALAM KOTA,,,,4,REGULAR,6:54:00,193440,151497,41
260423D089,AHI,23-Apr-2026,CDELC,BK8804MH,Medan,Sumatera Utara,Solar,5.15,Store,69,8.41,10,3,50000,434028,Sumatera,MEDAN,CDE,Internal,SumateraMEDANCDE,DALAM KOTA,,,,4,REGULAR,8:16:00,193440,190588,41
260423D091,AHI,23-Apr-2026,CDELC,BK8871MS,Medan,Sumatera Utara,Solar,5.15,Store,101,9.36,10,3,60000,253440,,,CDE,Internal,CDE,DALAM KOTA,,,,4,REGULAR,7:51:00,193440,,35
260423D092,AHI,23-Apr-2026,CDELC,BK8807MH,Medan,Sumatera Utara,Solar,2.94,Store,57,9.72,10,1,20000,404028,,,CDE,Internal,CDE,DALAM KOTA,,,,4,REGULAR,2:58:00,193440,190588,22
260423D093,AHI,23-Apr-2026,CDELC,BK8191MQ,Medan,Sumatera Utara,Solar,4.41,Store,9,10.0,10,1,35000,343605,,,CDE,Internal,CDE,DALAM KOTA,,,,4,REGULAR,2:43:00,96720,211885,36
260423D100,AHI,23-Apr-2026,CDELC,BK8141LM,Medan,Sumatera Utara,Solar,5.15,Store,105,10.0,10,1,50000,297814,,,CDE,Internal,CDE,DALAM KOTA,,,,4,REGULAR,4:10:00,96720,151094,34
260423D101,AHI,23-Apr-2026,CDELC,BK8135LM,Medan,Sumatera Utara,Solar,4.41,Store,72,8.59,10,1,30000,278217,,,CDE,Internal,CDE,DALAM KOTA,,,,4,REGULAR,2:34:00,96720,151497,35
260423C240,HCI,23-Apr-2026,CDELC,BK8099LM,Medan,Sumatera Utara,Solar,11.03,Customer,7,10.0,10,7,99000,661980,,,CDE,Internal,CDE,DALAM KOTA,,,,4,REGULAR,7:16:00,386880,176100,80
260423D109,HCI,23-Apr-2026,CDELC,BK8073MQ,Medan,Sumatera Utara,Solar,4.41,Store,1,10.0,10,1,30000,483685,,,CDE,Internal,CDE,DALAM KOTA,,,,4,REGULAR,3:34:00,241800,211885,34
260423X083,HCI,23-Apr-2026,CDELC,BK8647MS,Medan,Sumatera Utara,Solar,5.15,Other Delivery,1,8.0,11,1,38000,475447,,,CDE LONG CHASSIS,Internal,CDE LONG CHASSIS,DALAM KOTA,,,,4,REGULAR,0:41:00,145080,292367,39
260424L059,AHI,24-Apr-2026,CDELC,BK8074MQ,Pematangsiantar,Sumatera Utara,Solar,30.88,Store,76,9.69,10,1,426000,928045,,,CDE,Internal,CDE,LUAR KOTA,,,,4,REGULAR,8:50:00,290160,211885,236
260424D137,FBI,24-Apr-2026,PICKUP,BK8136LM,Medan,Sumatera Utara,Pertalite,5,Store,26,2.86,3,6,63000,203818,,,MINI VAN BOX,Internal,MINI VAN BOX,DALAM KOTA,,,,4,REGULAR,5:29:00,96720,44098,49
260424D136,FBI,24-Apr-2026,PICKUP,A8330VX,Medan,Sumatera Utara,Pertalite,8.75,Store,27,2.55,3,4,93500,371107,,,MINI VAN BOX,Internal,MINI VAN BOX,DALAM KOTA,,,,4,REGULAR,10:09:00,193440,84167,84
260424C163,HCI,24-Apr-2026,CDELC,BK8807MH,Medan,Sumatera Utara,Solar,13.97,Customer,19,7.35,10,13,102000,486028,,,CDE,Internal,CDE,DALAM KOTA,,,,4,REGULAR,9:06:00,193440,190588,100
260424C164,HCI,24-Apr-2026,CDELC,BK8871MS,Medan,Sumatera Utara,Solar,11.18,Customer,45,8.03,10,13,116000,309440,Sumatera,MEDAN,CDE,Internal,SumateraMEDANCDE,DALAM KOTA,,,,4,REGULAR,9:50:00,193440,,68
260424C165,HCI,24-Apr-2026,CDELC,BK8191MQ,Medan,Sumatera Utara,Solar,9.56,Customer,23,3.13,10,9,79000,484325,,,CDE,Internal,CDE,DALAM KOTA,,,,4,REGULAR,8:52:00,193440,211885,72
260424C166,HCI,24-Apr-2026,CDELC,BK8075MQ,Medan,Sumatera Utara,Solar,9.56,Customer,17,5.67,10,7,77000,482325,,,CDE,Internal,CDE,DALAM KOTA,,,,4,REGULAR,7:15:00,193440,211885,58
260424C171,HCI,24-Apr-2026,CDELC,BK8172LM,Medan,Sumatera Utara,Solar,12.5,Customer,11,3.88,10,9,115000,653377,,,CDE,Internal,CDE,DALAM KOTA,,,,4,REGULAR,6:55:00,386880,151497,103
260424C172,HCI,24-Apr-2026,CDELC,BK8813MG,Medan,Sumatera Utara,Solar,13.97,Customer,12,2.98,10,11,95000,629874,,,CDE,Internal,CDE,DALAM KOTA,,,,4,REGULAR,7:40:00,386880,147994,89
260424C173,HCI,24-Apr-2026,CDELC,BK8803MH,Langkat,Sumatera Utara,Solar,13.24,Customer,6,4.48,10,4,125000,702468,,,CDE,Internal,CDE,DALAM KOTA,,,,4,REGULAR,7:32:00,386880,190588,99
260424C176,HCI,24-Apr-2026,CDELC,BK8647MS,Medan,Sumatera Utara,Solar,17.65,Customer,19,10.0,10,15,135000,814247,,,CDE,Internal,CDE,DALAM KOTA,,,,4,REGULAR,8:21:00,386880,292367,3066
260424C177,HCI,24-Apr-2026,CDELC,BK8031LM,Medan,Sumatera Utara,Solar,10,Customer,9,5.52,10,8,68000,509254,,,CDE,Internal,CDE,DALAM KOTA,,,,4,REGULAR,7:41:00,290160,151094,71
260424C178,HCI,24-Apr-2026,CDELC,BK8009MI,Medan,Sumatera Utara,Solar,11.03,Customer,15,5.89,10,11,75000,613377,,,CDE,Internal,CDE,DALAM KOTA,,,,4,REGULAR,7:47:00,386880,151497,75
260424C179,HCI,24-Apr-2026,CDELC,BK8146LM,Deli Serdang,Sumatera Utara,Solar,25,Customer,10,1.86,10,8,214000,752377,,,CDE,Internal,CDE,DALAM KOTA,,,,4,REGULAR,8:24:00,386880,151497,2363635
260424C186,HCI,24-Apr-2026,PICKUP,BK8633MS,Medan,Sumatera Utara,Pertalite,7.3,Customer,4,3.0,3,4,86500,323721,,,PICKUP,Internal,PICKUP,DALAM KOTA,,,,4,REGULAR,6:25:00,193440,43781,68
260424C187,HCI,24-Apr-2026,CDELC,BK8646MS,Dairi,Sumatera Utara,Solar,42.65,Customer,4,3.91,10,2,290000,969247,,,CDE,Internal,CDE,LUAR KOTA,,,,4,NON REGULAR,12:51:00,386880,292367,308
260424C192,HCI,24-Apr-2026,PICKUP,BK8696MS,Medan,Sumatera Utara,Pertalite,14.3,Customer,2,2.63,3,2,316000,656427,,,PICKUP,Internal,PICKUP,DALAM KOTA,,,,4,REGULAR,5:27:00,290160,50267,179
260424D121,AHI,24-Apr-2026,CDELC,BK8099LM,Medan,Sumatera Utara,Solar,3.68,Store,99,9.95,10,1,25000,394540,,,CDE,Internal,CDE,DALAM KOTA,,,,4,REGULAR,7:18:00,193440,176100,26
260424D122,AHI,24-Apr-2026,CDELC,BK8804MH,Medan,Sumatera Utara,Solar,4.41,Store,87,10.0,10,1,30000,414028,,,CDE,Internal,CDE,DALAM KOTA,,,,4,REGULAR,7:53:00,193440,190588,32
260424D123,AHI,24-Apr-2026,CDELC,BK8192MQ,Medan,Sumatera Utara,Solar,6.62,Store,55,10.0,10,2,70000,475325,Sumatera,MEDAN,CDE,Internal,SumateraMEDANCDE,DALAM KOTA,,,,4,REGULAR,8:03:00,193440,211885,44
260424D124,AHI,24-Apr-2026,PICKUP,BK8696MS,Medan,Sumatera Utara,Pertalite,2.35,Store,42,2.54,3,1,28500,272207,,,PICKUP,Internal,PICKUP,DALAM KOTA,,,,4,REGULAR,2:07:00,193440,50267,30
260424D125,HCI,24-Apr-2026,CDELC,BK8073MQ,Medan,Sumatera Utara,Solar,2.94,Store,9,9.47,10,1,35000,334383,,,CDE,Internal,CDE,DALAM KOTA,,,,4,REGULAR,3:55:00,193440,105943,34
260424D126,HCI,24-Apr-2026,CDELC,BK8135LM,Medan,Sumatera Utara,Solar,4.41,Store,23,10.0,10,1,30000,278217,,,CDE,Internal,CDE,DALAM KOTA,,,,4,REGULAR,2:59:00,96720,151497,31
260424D127,HCI,24-Apr-2026,CDELC,BK8047MQ,Medan,Sumatera Utara,Solar,5.59,Store,15,10.0,10,1,45000,450325,,,CDE,Internal,CDE,DALAM KOTA,,,,4,REGULAR,9:43:00,193440,211885,35
260424D129,HCI,24-Apr-2026,CDELC,BK8806MH,Medan,Sumatera Utara,Solar,5.15,Store,13,10.0,10,2,50000,434028,,,CDE,Internal,CDE,DALAM KOTA,,,,4,REGULAR,9:25:00,193440,190588,38
260424H054,HCI,24-Apr-2026,CDELC,BK8309MS,Pematangsiantar,Sumatera Utara,Solar,29.56,HUB,14,7.76,10,2,417000,1089513,,,CDE,Internal,CDE,LUAR KOTA,,,,4,REGULAR,8:31:00,386880,285633,248
260424H059,HCI,24-Apr-2026,CDELC,BK8805MH,Pematangsiantar,Sumatera Utara,Solar,31.62,HUB,16,5.99,10,1,427000,811028,,,CDE,Internal,CDE,LUAR KOTA,,,,4,REGULAR,8:31:00,193440,190588,242
260424D138,AHI,24-Apr-2026,CDELC,BK8299MH,Deli Serdang,Sumatera Utara,Solar,5.88,Store,97,9.39,10,1,47000,295217,,,CDE,Internal,CDE,DALAM KOTA,,,,4,REGULAR,11:16:00,96720,151497,44
260424C272,HCI,24-Apr-2026,PICKUP,BK8633MS,Medan,Sumatera Utara,Pertalite,2.8,Customer,1,0.71,3,1,38000,275221,,,PICKUP,Internal,PICKUP,DALAM KOTA,,,,4,NON REGULAR,2:00:00,193440,43781,29
260424C273,HCI,24-Apr-2026,CDELC,BK8073MQ,Medan,Sumatera Utara,Solar,3.68,Customer,3,0.76,10,3,25000,517823,Sumatera,MEDAN,CDE,Internal,SumateraMEDANCDE,DALAM KOTA,,,,4,NON REGULAR,1:06:00,386880,105943,26
260424D152,HCI,24-Apr-2026,PICKUP,BK8136LM,Medan,Sumatera Utara,Pertalite,5,Store,1,3.0,3,1,50000,287538,Sumatera,MEDAN,MINI VAN BOX,Internal,SumateraMEDANMINI VAN BOX,DALAM KOTA,,,,4,REGULAR,1:32:00,193440,44098,42
260424D139,KLS,24-Apr-2026,CDELC,BK8141LM,Medan,Sumatera Utara,Solar,9.56,Store,9,8.34,10,4,79500,617474,,,CDE,Internal,CDE,DALAM KOTA,,,,4,REGULAR,7:06:00,386880,151094,59
260425D115,FBI,25-Apr-2026,PICKUP,A8330VX,Medan,Sumatera Utara,Pertalite,3.2,Store,24,1.77,3,5,37000,272523,,,MINI VAN BOX,Internal,MINI VAN BOX,DALAM KOTA,,,,4,REGULAR,6:03:00,193440,42083,33
260425D113,FBI,25-Apr-2026,PICKUP,BK8136LM,Medan,Sumatera Utara,Pertalite,9.5,Store,23,2.11,3,3,105000,386635,,,MINI VAN BOX,Internal,MINI VAN BOX,DALAM KOTA,,,,4,REGULAR,6:34:00,193440,88195,81
260425C172,HCI,25-Apr-2026,CDELC,BK8805MH,Medan,Sumatera Utara,Solar,17.65,Customer,26,10.0,10,15,126000,510028,,,CDE,Internal,CDE,DALAM KOTA,,,,4,REGULAR,10:17:00,193440,190588,111
260425C174,HCI,25-Apr-2026,CDELC,BK8309MS,Medan,Sumatera Utara,Solar,6.62,Customer,25,6.05,10,11,96000,768513,,,CDE,Internal,CDE,DALAM KOTA,,,,4,REGULAR,7:56:00,386880,285633,54
260425C176,HCI,25-Apr-2026,CDELC,BK8647MS,Medan,Sumatera Utara,Solar,8.82,Customer,14,6.52,10,9,65000,744247,,,CDE,Internal,CDE,DALAM KOTA,,,,4,REGULAR,7:42:00,386880,292367,53
260425C177,HCI,25-Apr-2026,CDELC,BK8009MI,Medan,Sumatera Utara,Solar,10.29,Customer,17,7.69,10,12,75000,613377,,,CDE,Internal,CDE,DALAM KOTA,,,,4,REGULAR,8:45:00,386880,151497,55
260425C178,HCI,25-Apr-2026,CDELC,BK8073MQ,Medan,Sumatera Utara,Solar,13.97,Customer,9,7.56,10,7,103000,701765,,,CDE,Internal,CDE,DALAM KOTA,,,,4,REGULAR,7:53:00,386880,211885,63
260425C179,HCI,25-Apr-2026,CDELC,BK8804MH,Medan,Sumatera Utara,Solar,13.24,Customer,14,6.79,10,11,103500,680968,,,CDE,Internal,CDE,DALAM KOTA,,,,4,REGULAR,9:25:00,386880,190588,100
260425C180,HCI,25-Apr-2026,CDELC,BK8099LM,Binjai,Sumatera Utara,Solar,12.5,Customer,5,4.56,10,4,88000,457540,,,CDE,Internal,CDE,DALAM KOTA,,,,4,REGULAR,4:54:00,193440,176100,102
260425C181,HCI,25-Apr-2026,CDELC,BK8191MQ,Medan,Sumatera Utara,Solar,19.12,Customer,13,6.01,10,9,217500,816265,,,CDE,Internal,CDE,DALAM KOTA,,,,4,REGULAR,8:57:00,386880,211885,145
260425C182,HCI,25-Apr-2026,CDELC,BK8146LM,Medan,Sumatera Utara,Solar,14.12,Customer,18,6.43,10,16,116000,654377,,,CDE,Internal,CDE,DALAM KOTA,,,,4,REGULAR,10:24:00,386880,151497,107
260425C184,HCI,25-Apr-2026,CDELC,BK8806MH,Karo,Sumatera Utara,Solar,26.47,Customer,6,3.29,10,4,180000,757468,,,CDE,Internal,CDE,DALAM KOTA,,,,4,REGULAR,10:59:00,386880,190588,190
260425C185,HCI,25-Apr-2026,CDELC,BK8172LM,Medan,Sumatera Utara,Solar,7.35,Customer,9,7.43,10,7,50000,394937,,,CDE,Internal,CDE,DALAM KOTA,,,,4,REGULAR,7:33:00,193440,151497,49
260425C186,HCI,25-Apr-2026,CDELC,BK8813MG,Medan,Sumatera Utara,Solar,13.97,Customer,14,6.13,10,12,100000,634874,,,CDE,Internal,CDE,DALAM KOTA,,,,4,REGULAR,7:17:00,386880,147994,96
260425C187,HCI,25-Apr-2026,CDELC,BK8807MH,Medan,Sumatera Utara,Solar,8.82,Customer,11,9.91,10,9,60000,637468,,,CDE,Internal,CDE,DALAM KOTA,,,,4,REGULAR,9:31:00,386880,190588,62
260425C188,HCI,25-Apr-2026,CDELC,BK8075MQ,Medan,Sumatera Utara,Solar,12.94,Customer,14,10.0,10,8,111000,709765,,,CDE,Internal,CDE,DALAM KOTA,,,,4,REGULAR,8:30:00,386880,211885,87
260425C189,HCI,25-Apr-2026,PICKUP,BK8696MS,Medan,Sumatera Utara,Pertalite,5.7,Customer,6,3.0,3,4,66000,553413,,,PICKUP,Internal,PICKUP,DALAM KOTA,,,,4,REGULAR,6:01:00,386880,100533,52
260425C196,HCI,25-Apr-2026,CDELC,BK8047MQ,Medan,Sumatera Utara,Solar,9.71,Customer,6,8.98,10,3,74000,543805,,,CDE,Internal,CDE,DALAM KOTA,,,,4,REGULAR,5:41:00,257920,211885,79
260425H049,HCI,25-Apr-2026,CDELC,BK8803MH,Pematangsiantar,Sumatera Utara,Solar,23.97,HUB,18,9.66,10,1,379000,763028,,,CDE,Internal,CDE,LUAR KOTA,,,,4,REGULAR,6:42:00,193440,190588,225
260425C197,HCI,25-Apr-2026,PICKUP,BK8633MS,Medan,Sumatera Utara,Pertalite,8.5,Customer,4,3.0,3,4,101000,575441,,,PICKUP,Internal,PICKUP,DALAM KOTA,,,,4,REGULAR,7:55:00,386880,87561,3016
260425D091,HCI,25-Apr-2026,CDELC,BK8192MQ,Medan,Sumatera Utara,Solar,5.59,Store,13,10.0,10,1,73000,478325,,,CDE,Internal,CDE,DALAM KOTA,,,,4,REGULAR,6:27:00,193440,211885,35
260425D092,HCI,25-Apr-2026,CDELC,BK8074MQ,Medan,Sumatera Utara,Solar,7.06,Store,16,10.0,10,3,58000,463325,,,CDE,Internal,CDE,DALAM KOTA,,,,4,REGULAR,6:35:00,193440,211885,46
260425D093,HCI,25-Apr-2026,CDELC,BK8299MH,Deli Serdang,Sumatera Utara,Solar,5.88,Store,6,9.79,10,1,49500,394437,Sumatera,DELI SERDANG,CDE,Internal,SumateraDELI SERDANGCDE,DALAM KOTA,,,,4,REGULAR,8:25:00,193440,151497,52
260425D123,HCI,25-Apr-2026,CDELC,BK8135LM,Deli Serdang,Sumatera Utara,Solar,5.15,Store,1,9.11,10,1,42000,278949,,,CDE,Internal,CDE,DALAM KOTA,,,,4,REGULAR,3:30:00,161200,75749,37
260425X062,HCI,25-Apr-2026,CDELC,BK8871MS,Medan,Sumatera Utara,Solar,8.82,Other Delivery,2,8.48,11,2,65000,355160,,,CDE LONG CHASSIS,Internal,CDE LONG CHASSIS,DALAM KOTA,,,,4,REGULAR,1:49:00,290160,,65
260425C268,HCI,25-Apr-2026,#N/A,A8330VX,Medan,Sumatera Utara,#N/A,2,Customer,2,2.77,3,2,20000,126563,,,VAN BOX,Internal,VAN BOX,DALAM KOTA,,,,4,NON REGULAR,2:36:00,64480,42083,20
260425C234,KLS,25-Apr-2026,FUSO,BK8815MG,Medan,Sumatera Utara,Solar,12.5,Customer,1,25.0,34,1,103500,650898,,,FUSO,Internal,FUSO,DALAM KOTA,,,,4,REGULAR,2:27:00,193440,353958,51
260426C131,HCI,26-Apr-2026,CDELC,BK8135LM,Medan,Sumatera Utara,Solar,11.76,Customer,8,5.57,10,6,88000,626377,,,CDE,Internal,CDE,DALAM KOTA,,,,4,REGULAR,6:59:00,386880,151497,138
260426C132,HCI,26-Apr-2026,CDELC,BK8646MS,Medan,Sumatera Utara,Solar,6.62,Customer,19,6.48,10,8,75000,560807,,,CDE,Internal,CDE,DALAM KOTA,,,,4,REGULAR,6:59:00,193440,292367,41
260426C133,HCI,26-Apr-2026,CDELC,BK8031LM,Medan,Sumatera Utara,Solar,10.29,Customer,15,4.91,10,11,70000,607974,,,CDE,Internal,CDE,DALAM KOTA,,,,4,REGULAR,8:13:00,386880,151094,93
260426C134,HCI,26-Apr-2026,CDELC,BK8075MQ,Medan,Sumatera Utara,Solar,12.5,Customer,18,6.42,10,9,90000,688765,,,CDE,Internal,CDE,DALAM KOTA,,,,4,REGULAR,7:37:00,386880,211885,76
260426C135,HCI,26-Apr-2026,CDELC,BK8099LM,Medan,Sumatera Utara,Solar,5.88,Customer,8,4.63,10,6,44000,606980,,,CDE,Internal,CDE,DALAM KOTA,,,,4,REGULAR,6:53:00,386880,176100,37
260426C136,HCI,26-Apr-2026,CDELC,BK8309MS,Binjai,Sumatera Utara,Solar,12.5,Customer,10,5.23,10,7,85000,757513,,,CDE,Internal,CDE,DALAM KOTA,,,,4,REGULAR,6:52:00,386880,285633,86
260426C137,HCI,26-Apr-2026,CDELC,BK8009MI,Medan,Sumatera Utara,Solar,11.76,Customer,9,6.24,10,6,95000,633377,,,CDE,Internal,CDE,DALAM KOTA,,,,4,REGULAR,5:43:00,386880,151497,79
260426C138,HCI,26-Apr-2026,CDELC,BK8871MS,Medan,Sumatera Utara,Solar,10.88,Customer,13,9.22,10,8,77000,463880,,,CDE,Internal,CDE,DALAM KOTA,,,,4,REGULAR,7:21:00,386880,,73
260426C139,HCI,26-Apr-2026,CDELC,BK8813MG,Deli Serdang,Sumatera Utara,Solar,9.12,Customer,3,4.39,10,2,62000,596874,,,CDE,Internal,CDE,DALAM KOTA,,,,4,REGULAR,5:44:00,386880,147994,71
260426C143,HCI,26-Apr-2026,PICKUP,BK8696MS,Medan,Sumatera Utara,Pertalite,6.8,Customer,5,3.0,3,4,76000,563413,,,PICKUP,Internal,PICKUP,DALAM KOTA,,,,4,REGULAR,6:57:00,386880,100533,76
260426C145,HCI,26-Apr-2026,PICKUP,BK8633MS,Medan,Sumatera Utara,Pertalite,6.8,Customer,6,3.0,3,4,72500,546941,,,PICKUP,Internal,PICKUP,DALAM KOTA,,,,4,REGULAR,7:03:00,386880,87561,83
260426H047,HCI,26-Apr-2026,CDELC,BK8074MQ,Pematangsiantar,Sumatera Utara,Solar,32.35,HUB,15,7.29,10,1,436000,841325,,,CDE,Internal,CDE,LUAR KOTA,,,,4,REGULAR,6:16:00,193440,211885,229
260426X065,HCI,26-Apr-2026,CDELC,BK8806MH,Medan,Sumatera Utara,Solar,6.03,Other Delivery,1,4.0,10,1,51000,499508,,,CDE,Internal,CDE,DALAM KOTA,,,,4,REGULAR,3:49:00,257920,190588,42
260426X066,HCI,26-Apr-2026,CDELC,BK8073MQ,Medan,Sumatera Utara,Solar,6.62,Other Delivery,4,10.0,10,4,55000,524805,,,CDE,Internal,CDE,DALAM KOTA,,,,4,REGULAR,3:04:00,257920,211885,45
260426X072,HCI,26-Apr-2026,CDELC,BK8047MQ,Medan,Sumatera Utara,Solar,3.68,Other Delivery,1,8.0,10,1,50000,519805,,,CDE,Internal,CDE,DALAM KOTA,,,,4,REGULAR,0:12:00,257920,211885,32
260427D093,FBI,27-Apr-2026,PICKUP,A8330VX,Medan,Sumatera Utara,Pertalite,8.6,Store,11,2.07,3,6,108000,482327,Sumatera,MEDAN,MINI VAN BOX,Internal,SumateraMEDANMINI VAN BOX,DALAM KOTA,,,,4,REGULAR,10:21:00,290160,84167,82
260427D092,FBI,27-Apr-2026,PICKUP,BK8136LM,Medan,Sumatera Utara,Pertalite,8.7,Store,11,1.14,3,4,126500,364038,,,MINI VAN BOX,Internal,MINI VAN BOX,DALAM KOTA,,,,4,REGULAR,4:24:00,193440,44098,98
260427D004,HCI,27-Apr-2026,CDELC,BK8192MQ,Medan,Sumatera Utara,Solar,5.29,Store,99,10.0,10,2,61000,466325,,,CDE,Internal,CDE,DALAM KOTA,,,,4,REGULAR,7:55:00,193440,211885,32
260427D005,AHI,27-Apr-2026,CDELC,BK8803MH,Medan,Sumatera Utara,Solar,5.15,Store,160,9.44,10,1,35000,227014,,,CDE,Internal,CDE,DALAM KOTA,,,,4,REGULAR,4:07:00,96720,95294,35
260427D006,HCI,27-Apr-2026,CDELC,BK8804MH,Medan,Sumatera Utara,Solar,4.26,Store,128,8.22,10,1,29000,221014,Sumatera,MEDAN,CDE,Internal,SumateraMEDANCDE,DALAM KOTA,,,,4,REGULAR,1:25:00,96720,95294,31
260427D007,AHI,27-Apr-2026,CDELC,BK8807MH,Medan,Sumatera Utara,Solar,5.15,Store,78,9.41,10,1,50000,338734,Sumatera,MEDAN,CDE,Internal,SumateraMEDANCDE,DALAM KOTA,,,,4,REGULAR,3:25:00,193440,95294,33
260427D009,AHI,27-Apr-2026,PICKUP,BK8696MS,Medan,Sumatera Utara,Pertalite,2.9,Store,42,1.28,3,1,39000,282707,Sumatera,MEDAN,PICKUP,Internal,SumateraMEDANPICKUP,DALAM KOTA,,,,4,REGULAR,2:46:00,193440,50267,30
260427D054,AHI,27-Apr-2026,CDELC,BK8805MH,Medan,Sumatera Utara,Solar,4.41,Store,146,9.09,10,1,50000,338734,Sumatera,MEDAN,CDE,Internal,SumateraMEDANCDE,DALAM KOTA,,,,4,REGULAR,3:40:00,193440,95294,30
260427D057,AHI,27-Apr-2026,CDELC,BK8191MQ,Deli Serdang,Sumatera Utara,Solar,4.41,Store,157,8.51,10,2,37000,239663,Sumatera,DELI SERDANG,CDE,Internal,SumateraDELI SERDANGCDE,DALAM KOTA,,,,4,REGULAR,3:32:00,96720,105943,39
260427D058,HCI,27-Apr-2026,CDELC,BK8647MS,Medan,Sumatera Utara,Solar,3.82,Store,36,9.42,10,1,26000,268903,Sumatera,MEDAN,CDE,Internal,SumateraMEDANCDE,DALAM KOTA,,,,4,REGULAR,2:38:00,96720,146183,23
260427D059,AHI,27-Apr-2026,CDELC,BK8146LM,Medan,Sumatera Utara,Solar,4.71,Store,79,8.91,10,2,50000,394937,Sumatera,MEDAN,CDE,Internal,SumateraMEDANCDE,DALAM KOTA,,,,4,REGULAR,4:38:00,193440,151497,35
260427D060,HCI,27-Apr-2026,CDELC,BK8299MH,Medan,Sumatera Utara,Solar,4.41,Store,23,8.85,10,1,30000,299189,Sumatera,MEDAN,CDE,Internal,SumateraMEDANCDE,DALAM KOTA,,,,4,REGULAR,2:24:00,193440,75749,31
260427C207,HCI,27-Apr-2026,CDELC,BK8047MQ,Deli Serdang,Sumatera Utara,Solar,11.91,Customer,20,4.14,10,12,92000,497325,Sumatera,DELI SERDANG,CDE,Internal,SumateraDELI SERDANGCDE,DALAM KOTA,,,,4,REGULAR,7:10:00,193440,211885,105
260427C208,HCI,27-Apr-2026,CDELC,BK8075MQ,Medan,Sumatera Utara,Solar,8.82,Customer,36,6.61,10,15,104000,702765,Sumatera,MEDAN,CDE,Internal,SumateraMEDANCDE,DALAM KOTA,,,,4,REGULAR,7:29:00,386880,211885,57
260427C209,HCI,27-Apr-2026,CDELC,BK8073MQ,Medan,Sumatera Utara,Solar,8.53,Customer,20,7.51,10,7,62000,660765,Sumatera,MEDAN,CDE,Internal,SumateraMEDANCDE,DALAM KOTA,,,,4,REGULAR,7:28:00,386880,211885,73
260427C210,HCI,27-Apr-2026,CDELC,BK8009MI,Medan,Sumatera Utara,Solar,8.82,Customer,17,10.0,10,10,70000,608377,Sumatera,MEDAN,CDE,Internal,SumateraMEDANCDE,DALAM KOTA,,,,4,REGULAR,8:01:00,386880,151497,54
260427C211,HCI,27-Apr-2026,CDELC,BK8309MS,Medan,Sumatera Utara,Solar,8.09,Customer,11,10.0,10,8,69500,742013,Sumatera,MEDAN,CDE,Internal,SumateraMEDANCDE,DALAM KOTA,,,,4,REGULAR,7:41:00,386880,285633,64
260427C212,HCI,27-Apr-2026,CDELC,BK8813MG,Medan,Sumatera Utara,Solar,8.09,Customer,9,10.0,10,8,55000,396434,Sumatera,MEDAN,CDE,Internal,SumateraMEDANCDE,DALAM KOTA,,,,4,REGULAR,3:59:00,193440,147994,58
260427C213,HCI,27-Apr-2026,CDELC,BK8805MH,Medan,Sumatera Utara,Solar,12.5,Customer,11,7.98,10,10,85000,567174,Sumatera,MEDAN,CDE,Internal,SumateraMEDANCDE,DALAM KOTA,,,,4,REGULAR,7:32:00,386880,95294,75
260427C214,HCI,27-Apr-2026,CDELC,BK8135LM,Medan,Sumatera Utara,Solar,16.18,Customer,12,8.04,10,10,150000,688377,Sumatera,MEDAN,CDE,Internal,SumateraMEDANCDE,DALAM KOTA,,,,4,REGULAR,9:50:00,386880,151497,144
260427C215,HCI,27-Apr-2026,CDELC,BK8803MH,Medan,Sumatera Utara,Solar,9.71,Customer,15,7.89,10,11,73000,555174,Sumatera,MEDAN,CDE,Internal,SumateraMEDANCDE,DALAM KOTA,,,,4,REGULAR,6:28:00,386880,95294,67
260427C216,HCI,27-Apr-2026,CDELC,BK8299MH,Medan,Sumatera Utara,Solar,7.27,Customer,6,1.95,10,5,50000,415909,Sumatera,MEDAN,CDE,Internal,SumateraMEDANCDE,DALAM KOTA,,,,4,REGULAR,3:05:00,290160,75749,59
260427C218,HCI,27-Apr-2026,CDELC,BK8804MH,Medan,Sumatera Utara,Solar,10.29,Customer,9,7.54,10,8,91500,476954,Sumatera,MEDAN,CDE,Internal,SumateraMEDANCDE,DALAM KOTA,,,,4,REGULAR,6:32:00,290160,95294,87
260427C219,HCI,27-Apr-2026,CDELC,BK8646MS,Medan,Sumatera Utara,Solar,17.65,Customer,21,10.0,10,11,145500,824747,Sumatera,MEDAN,CDE,Internal,SumateraMEDANCDE,DALAM KOTA,,,,4,REGULAR,9:18:00,386880,292367,124
260427C221,HCI,27-Apr-2026,CDELC,BK8031LM,Medan,Sumatera Utara,Solar,5.15,Customer,8,6.15,10,7,35000,303987,Sumatera,MEDAN,CDE,Internal,SumateraMEDANCDE,DALAM KOTA,,,,4,NON REGULAR,2:16:00,193440,75547,30
260427C222,HCI,27-Apr-2026,CDELC,BK8191MQ,Medan,Sumatera Utara,Solar,5.44,Customer,12,6.75,10,9,50000,349383,Sumatera,MEDAN,CDE,Internal,SumateraMEDANCDE,DALAM KOTA,,,,4,REGULAR,3:31:00,193440,105943,44
260427C223,HCI,27-Apr-2026,CDELC,BK8647MS,Medan,Sumatera Utara,Solar,11.76,Customer,11,3.71,10,9,87500,523843,Sumatera,MEDAN,CDE,Internal,SumateraMEDANCDE,DALAM KOTA,,,,4,REGULAR,4:35:00,290160,146183,70
260427C225,HCI,27-Apr-2026,CDELC,BK8031LM,Medan,Sumatera Utara,Solar,5.15,Customer,3,5.6,10,1,35000,303987,Sumatera,MEDAN,CDE,Internal,SumateraMEDANCDE,DALAM KOTA,,,,4,NON REGULAR,2:48:00,193440,75547,34
260427C226,HCI,27-Apr-2026,CDELC,BK8807MH,Deli Serdang,Sumatera Utara,Solar,8.09,Customer,9,2.73,10,8,63000,351734,Sumatera,DELI SERDANG,CDE,Internal,SumateraDELI SERDANGCDE,DALAM KOTA,,,,4,REGULAR,5:27:00,193440,95294,55
260427C227,HCI,27-Apr-2026,CDELC,BK8141LM,Deli Serdang,Sumatera Utara,Solar,21.62,Customer,10,7.89,10,6,190000,727974,Sumatera,DELI SERDANG,CDE,Internal,SumateraDELI SERDANGCDE,DALAM KOTA,,,,4,REGULAR,8:49:00,386880,151094,162
260427C228,HCI,27-Apr-2026,CDELC,BK8871MS,Medan,Sumatera Utara,Solar,10.74,Customer,3,10.0,10,2,85000,278440,Sumatera,MEDAN,CDE,Internal,SumateraMEDANCDE,DALAM KOTA,,,,4,NON REGULAR,7:55:00,193440,,78
260427C229,HCI,27-Apr-2026,CDELC,BK8099LM,Medan,Sumatera Utara,Solar,10.29,Customer,3,10.0,10,1,82000,548260,Sumatera,MEDAN,CDE,Internal,SumateraMEDANCDE,DALAM KOTA,,,,4,NON REGULAR,7:58:00,290160,176100,80
260427C238,HCI,27-Apr-2026,PICKUP,BK8633MS,Medan,Sumatera Utara,Pertalite,11.3,Customer,5,3.0,3,5,134500,371721,Sumatera,MEDAN,PICKUP,Internal,SumateraMEDANPICKUP,DALAM KOTA,,,,4,REGULAR,6:48:00,193440,43781,116
260427H057,HCI,27-Apr-2026,CDELC,BK8074MQ,Pematangsiantar,Sumatera Utara,Solar,36.76,HUB,21,8.24,10,1,475000,880325,Sumatera,PEMATANGSIANTAR,CDE,Internal,SumateraPEMATANGSIANTARCDE,LUAR KOTA,,,,4,REGULAR,9:01:00,193440,211885,259
260427H058,HCI,27-Apr-2026,CDELC,BK8806MH,Pematangsiantar,Sumatera Utara,Solar,33.82,HUB,22,8.52,10,2,449000,833028,Sumatera,PEMATANGSIANTAR,CDE,Internal,SumateraPEMATANGSIANTARCDE,LUAR KOTA,,,,4,REGULAR,8:02:00,193440,190588,255
260427C261,HCI,27-Apr-2026,PICKUP,BK8696MS,Medan,Sumatera Utara,Pertalite,7.6,Customer,3,3.0,3,2,80500,420927,Sumatera,MEDAN,PICKUP,Internal,SumateraMEDANPICKUP,DALAM KOTA,,,,4,REGULAR,5:35:00,290160,50267,96
260427C266,HCI,27-Apr-2026,PICKUP,BK8633MS,Medan,Sumatera Utara,Pertalite,5.4,Customer,6,1.58,3,6,62000,492661,Sumatera,MEDAN,PICKUP,Internal,SumateraMEDANPICKUP,DALAM KOTA,,,,4,REGULAR,-1:50:00,386880,43781,49
260427C331,HCI,27-Apr-2026,PICKUP,BK8136LM,Medan,Sumatera Utara,Pertalite,5.8,Customer,2,2.09,3,2,67000,304538,Sumatera,MEDAN,MINI VAN BOX,Internal,SumateraMEDANMINI VAN BOX,DALAM KOTA,,,,4,REGULAR,0:49:00,193440,44098,50
260427C305,KLS,27-Apr-2026,CDELC,BK8172LM,Medan,Sumatera Utara,Solar,10.29,Customer,4,8.8,10,5,74500,612877,Sumatera,MEDAN,CDE,Internal,SumateraMEDANCDE,DALAM KOTA,,,,4,REGULAR,6:47:00,386880,151497,65
260428D107,FBI,28-Apr-2026,PICKUP,BK8136LM,Medan,Sumatera Utara,Pertalite,4.5,Store,11,1.06,3,4,50000,326226,Sumatera,MEDAN,MINI VAN BOX,Internal,SumateraMEDANMINI VAN BOX,DALAM KOTA,,,,4,REGULAR,8:15:00,232128,44098,38
260428D108,FBI,28-Apr-2026,PICKUP,A8330VX,Medan,Sumatera Utara,Pertalite,8.5,Store,18,3.0,3,6,104000,420295,Sumatera,MEDAN,MINI VAN BOX,Internal,SumateraMEDANMINI VAN BOX,DALAM KOTA,,,,4,REGULAR,8:36:00,232128,84167,97
260428D063,AHI,28-Apr-2026,CDELC,BK8813MG,Medan,Sumatera Utara,Solar,3.68,Store,185,10.0,10,1,25000,195717,Sumatera,MEDAN,CDE,Internal,SumateraMEDANCDE,DALAM KOTA,,,,4,REGULAR,1:34:00,96720,73997,23
260428D064,AHI,28-Apr-2026,CDELC,BK8146LM,Medan,Sumatera Utara,Solar,3.68,Store,116,10.0,10,1,25000,294189,Sumatera,MEDAN,CDE,Internal,SumateraMEDANCDE,DALAM KOTA,,,,4,REGULAR,2:14:00,193440,75749,25
260428C188,HCI,28-Apr-2026,CDELC,BK8047MQ,Deli Serdang,Sumatera Utara,Solar,10.29,Customer,15,4.4,10,13,86500,685265,Sumatera,DELI SERDANG,CDE,Internal,SumateraDELI SERDANGCDE,DALAM KOTA,,,,4,REGULAR,8:12:00,386880,211885,72
260428C192,HCI,28-Apr-2026,CDELC,BK8309MS,Medan,Sumatera Utara,Solar,6.76,Customer,16,8.28,10,10,87000,662793,Sumatera,MEDAN,CDE,Internal,SumateraMEDANCDE,DALAM KOTA,,,,4,REGULAR,7:27:00,290160,285633,50
260428C193,HCI,28-Apr-2026,CDELC,BK8075MQ,Medan,Sumatera Utara,,,Customer,19,6.06,10,15,,598765,Sumatera,MEDAN,CDE,Internal,SumateraMEDANCDE,DALAM KOTA,,,,4,REGULAR,8:52:00,386880,211885,-177843
260428C194,HCI,28-Apr-2026,CDELC,BK8806MH,Medan,Sumatera Utara,Solar,11.03,Customer,16,4.53,10,8,75000,652468,Sumatera,MEDAN,CDE,Internal,SumateraMEDANCDE,DALAM KOTA,,,,4,REGULAR,8:19:00,386880,190588,69
260428C195,HCI,28-Apr-2026,CDELC,BK8099LM,Medan,Sumatera Utara,Solar,10.29,Customer,16,6.1,10,12,78000,640980,Sumatera,MEDAN,CDE,Internal,SumateraMEDANCDE,DALAM KOTA,,,,4,REGULAR,5:35:00,386880,176100,68
260428C196,HCI,28-Apr-2026,CDELC,BK8299MH,Medan,Sumatera Utara,Solar,7.35,Customer,6,3.4,10,6,50000,394937,Sumatera,MEDAN,CDE,Internal,SumateraMEDANCDE,DALAM KOTA,,,,4,REGULAR,6:57:00,193440,151497,52
260428C199,HCI,28-Apr-2026,CDELC,BK8009MI,Medan,Sumatera Utara,Solar,9.56,Customer,9,7.67,10,5,80000,424937,Sumatera,MEDAN,CDE,Internal,SumateraMEDANCDE,DALAM KOTA,,,,4,REGULAR,4:36:00,193440,151497,62
260428C200,HCI,28-Apr-2026,CDELC,BK8135LM,Medan,Sumatera Utara,Solar,9.56,Customer,13,4.25,10,7,70000,414937,Sumatera,MEDAN,CDE,Internal,SumateraMEDANCDE,DALAM KOTA,,,,4,REGULAR,7:16:00,193440,151497,62
260428C206,HCI,28-Apr-2026,CDELC,BK8073MQ,Binjai,Sumatera Utara,Solar,14.41,Customer,16,7.64,10,11,133000,731765,Sumatera,BINJAI,CDE,Internal,SumateraBINJAICDE,DALAM KOTA,,,,4,REGULAR,7:58:00,386880,211885,122
260428C208,HCI,28-Apr-2026,CDELC,BK8172LM,Medan,Sumatera Utara,Solar,10.15,Customer,11,4.56,10,6,84000,525657,Sumatera,MEDAN,CDE,Internal,SumateraMEDANCDE,DALAM KOTA,,,,4,REGULAR,7:45:00,290160,151497,70
260428C209,HCI,28-Apr-2026,CDELC,BK8646MS,Medan,Sumatera Utara,Solar,14.41,Customer,10,6.15,10,5,110000,595807,Sumatera,MEDAN,CDE,Internal,SumateraMEDANCDE,DALAM KOTA,,,,4,REGULAR,11:40:00,193440,292367,89
260428C210,HCI,28-Apr-2026,CDELC,BK8647MS,Medan,Sumatera Utara,Solar,8.09,Customer,1,7.55,10,1,55000,637527,Sumatera,MEDAN,CDE,Internal,SumateraMEDANCDE,DALAM KOTA,,,,4,NON REGULAR,7:24:00,290160,292367,47
260428D082,HCI,28-Apr-2026,CDELC,BK8807MH,Medan,Sumatera Utara,Solar,5.59,Store,45,9.08,10,2,43000,427028,Sumatera,MEDAN,CDE,Internal,SumateraMEDANCDE,DALAM KOTA,,,,4,REGULAR,3:29:00,193440,190588,40
260428C211,HCI,28-Apr-2026,CDELC,BK8191MQ,Medan,Sumatera Utara,Solar,9.56,Customer,19,7.27,10,16,70000,668765,Sumatera,MEDAN,CDE,Internal,SumateraMEDANCDE,DALAM KOTA,,,,4,REGULAR,7:30:00,386880,211885,79
260428C213,HCI,28-Apr-2026,CDELC,BK8803MH,Medan,Sumatera Utara,Solar,22.06,Customer,13,7.03,10,11,150000,727468,Sumatera,MEDAN,CDE,Internal,SumateraMEDANCDE,DALAM KOTA,,,,4,REGULAR,9:45:00,386880,190588,145
260428C214,HCI,28-Apr-2026,CDELC,BK8031LM,Medan,Sumatera Utara,Solar,6.62,Customer,6,6.76,10,4,45000,582974,Sumatera,MEDAN,CDE,Internal,SumateraMEDANCDE,DALAM KOTA,,,,4,REGULAR,3:56:00,386880,151094,53
260428D084,HCI,28-Apr-2026,CDELC,BK8871MS,Medan,Sumatera Utara,Solar,8.82,Store,15,10.0,10,2,60000,253440,Sumatera,MEDAN,CDE,Internal,SumateraMEDANCDE,DALAM KOTA,,,,4,REGULAR,6:31:00,193440,,74
260428D088,HCI,28-Apr-2026,CDELC,BK8192MQ,Medan,Sumatera Utara,Solar,6.47,Store,90,9.85,10,3,78000,483325,Sumatera,MEDAN,CDE,Internal,SumateraMEDANCDE,DALAM KOTA,,,,4,REGULAR,8:12:00,193440,211885,39
260428C238,HCI,28-Apr-2026,PICKUP,BK8633MS,Medan,Sumatera Utara,Pertalite,5,Customer,5,3.0,3,4,74500,297127,Sumatera,MEDAN,PICKUP,Internal,SumateraMEDANPICKUP,DALAM KOTA,,,,4,REGULAR,4:50:00,193440,29187,55
260428C244,HCI,28-Apr-2026,PICKUP,BK8633MS,Medan,Sumatera Utara,Pertalite,8,Customer,8,3.0,3,5,87000,503067,Sumatera,MEDAN,PICKUP,Internal,SumateraMEDANPICKUP,DALAM KOTA,,,,4,REGULAR,5:31:00,386880,29187,90
260428C245,HCI,28-Apr-2026,PICKUP,BK8696MS,Medan,Sumatera Utara,Pertalite,7.2,Customer,3,3.0,3,3,75500,415927,Sumatera,MEDAN,PICKUP,Internal,SumateraMEDANPICKUP,DALAM KOTA,,,,4,REGULAR,7:14:00,290160,50267,70
260428H075,HCI,28-Apr-2026,CDELC,BK8074MQ,Pematangsiantar,Sumatera Utara,Solar,34.56,HUB,15,9.99,10,3,496000,901325,Sumatera,PEMATANGSIANTAR,CDE,Internal,SumateraPEMATANGSIANTARCDE,LUAR KOTA,,,,4,REGULAR,8:36:00,193440,211885,252
260428C311,HCI,28-Apr-2026,PICKUP,BK8633MS,Medan,Sumatera Utara,Pertalite,5,Customer,1,0.28,3,1,65500,288127,Sumatera,MEDAN,PICKUP,Internal,SumateraMEDANPICKUP,DALAM KOTA,,,,4,NON REGULAR,1:51:00,193440,29187,54
260428C344,HCI,28-Apr-2026,CDELC,BK8146LM,Medan,Sumatera Utara,Solar,6.62,Customer,1,0.17,10,1,45000,217469,Sumatera,MEDAN,CDE,Internal,SumateraMEDANCDE,DALAM KOTA,,,,4,NON REGULAR,-4:14:00,96720,75749,50
260428C354,HCI,28-Apr-2026,PICKUP,BK8136LM,Medan,Sumatera Utara,Pertalite,6.47,Customer,1,0.51,3,1,54500,195318,Sumatera,MEDAN,MINI VAN BOX,Internal,SumateraMEDANMINI VAN BOX,DALAM KOTA,,,,4,NON REGULAR,0:02:00,96720,44098,50
260428C308,KLS,28-Apr-2026,CDELC,BK8141LM,Medan,Sumatera Utara,Solar,11.76,Customer,10,6.05,10,22,100000,541254,Sumatera,MEDAN,CDE,Internal,SumateraMEDANCDE,DALAM KOTA,,,,4,REGULAR,12:26:00,290160,151094,81
260427D144,KLS,28-Apr-2026,PICKUP,BK8696MS,Medan,Sumatera Utara,Pertalite,3.1,Store,1,3.0,3,1,31000,177987,Sumatera,MEDAN,PICKUP,Internal,SumateraMEDANPICKUP,DALAM KOTA,,,,4,REGULAR,11:19:00,96720,50267,31
260428D114,KLS,28-Apr-2026,CDELC,BK8804MH,Medan,Sumatera Utara,Solar,3.68,Store,1,10.0,10,1,25000,447716,Sumatera,MEDAN,CDE,Internal,SumateraMEDANCDE,DALAM KOTA,,,,4,REGULAR,5:44:00,232128,190588,31
260428D115,KLS,28-Apr-2026,CDELC,BK8805MH,Medan,Sumatera Utara,Solar,5.15,Store,1,10.0,10,1,35000,457716,Sumatera,MEDAN,CDE,Internal,SumateraMEDANCDE,DALAM KOTA,,,,4,REGULAR,3:05:00,232128,190588,31
260428D127,KLS,28-Apr-2026,CDELC,BK8813MG,Medan,Sumatera Utara,Solar,2.94,Store,1,0.1,10,1,20000,229405,Sumatera,MEDAN,CDE,Internal,SumateraMEDANCDE,DALAM KOTA,,,,4,REGULAR,4:13:00,135408,73997,31
260429L095,AHI,29-Apr-2026,CDELC,BK8074MQ,Pematangsiantar,Sumatera Utara,Solar,36.03,Store,46,9.14,10,2,512500,942005,Sumatera,PEMATANGSIANTAR,CDE,Internal,SumateraPEMATANGSIANTARCDE,LUAR KOTA,,,,4,REGULAR,8:43:00,217620,211885,264
260429L096,AHI,29-Apr-2026,CDELC,BK8646MS,Pematangsiantar,Sumatera Utara,Solar,29.41,Store,112,9.64,11,1,416000,925987,Sumatera,PEMATANGSIANTAR,CDE LONG CHASSIS,Internal,SumateraPEMATANGSIANTARCDE LONG CHASSIS,LUAR KOTA,,,,4,REGULAR,6:52:00,217620,292367,227
260429L083,AHI,29-Apr-2026,CDELC,BK8647MS,Pematangsiantar,Sumatera Utara,Solar,30.15,Store,103,10.13,11,2,466000,733083,Sumatera,PEMATANGSIANTAR,CDE LONG CHASSIS,Internal,SumateraPEMATANGSIANTARCDE LONG CHASSIS,LUAR KOTA,,,,4,REGULAR,5:58:00,120900,146183,226
260429D130,FBI,29-Apr-2026,PICKUP,A8330VX,Medan,Sumatera Utara,Pertalite,7,Store,11,3.0,3,5,83000,384787,Sumatera,MEDAN,MINI VAN BOX,Internal,SumateraMEDANMINI VAN BOX,DALAM KOTA,,,,4,REGULAR,5:44:00,217620,84167,59
260429L088,FBI,29-Apr-2026,PICKUP,BK8136LM,Pematangsiantar,Sumatera Utara,Pertalite,18.6,Store,6,2.06,3,2,445500,751315,Sumatera,PEMATANGSIANTAR,MINI VAN BOX,Internal,SumateraPEMATANGSIANTARMINI VAN BOX,LUAR KOTA,,,,4,REGULAR,20:10:00,217620,88195,242
260429D147,FBI,29-Apr-2026,CDELC,BK8075MQ,Binjai,Sumatera Utara,Solar,16.91,Store,8,9.13,10,4,185000,614505,Sumatera,BINJAI,CDE,Internal,SumateraBINJAICDE,DALAM KOTA,,,,4,REGULAR,8:36:00,217620,211885,105
260429C186,HCI,29-Apr-2026,CDELC,BK8871MS,Deli Serdang,Sumatera Utara,Solar,11.76,Customer,20,7.81,10,15,101000,487880,Sumatera,DELI SERDANG,CDE,Internal,SumateraDELI SERDANGCDE,DALAM KOTA,,,,4,REGULAR,8:12:00,386880,,87
260429C195,HCI,29-Apr-2026,CDELC,BK8172LM,Medan,Sumatera Utara,Solar,7.35,Customer,21,6.28,10,13,93000,631377,Sumatera,MEDAN,CDE,Internal,SumateraMEDANCDE,DALAM KOTA,,,,4,REGULAR,7:37:00,386880,151497,56
260429D084,AHI,29-Apr-2026,CDELC,BK8192MQ,Medan,Sumatera Utara,Solar,4.12,Store,60,8.89,10,1,28000,433325,Sumatera,MEDAN,CDE,Internal,SumateraMEDANCDE,DALAM KOTA,,,,4,REGULAR,9:16:00,193440,211885,25
260429D085,HCI,29-Apr-2026,CDELC,BK8807MH,Medan,Sumatera Utara,Solar,1.47,Store,30,8.98,10,1,10000,202014,Sumatera,MEDAN,CDE,Internal,SumateraMEDANCDE,DALAM KOTA,,,,4,REGULAR,-8:31:00,96720,95294,24
260429D086,AHI,29-Apr-2026,CDELC,BK8805MH,Medan,Sumatera Utara,Solar,5.15,Store,99,8.11,10,1,35000,322308,Sumatera,MEDAN,CDE,Internal,SumateraMEDANCDE,DALAM KOTA,,,,4,REGULAR,3:54:00,96720,190588,31
260429D087,HCI,29-Apr-2026,PICKUP,BK8696MS,Medan,Sumatera Utara,Pertalite,3.5,Store,39,2.18,3,1,45000,288707,Sumatera,MEDAN,PICKUP,Internal,SumateraMEDANPICKUP,DALAM KOTA,,,,4,REGULAR,2:24:00,193440,50267,30
260429D088,AHI,29-Apr-2026,CDELC,BK8009MI,Medan,Sumatera Utara,Solar,6.32,Store,134,8.57,10,1,50000,394937,Sumatera,MEDAN,CDE,Internal,SumateraMEDANCDE,DALAM KOTA,,,,4,REGULAR,4:09:00,193440,151497,40
260429C197,HCI,29-Apr-2026,CDELC,BK8806MH,Medan,Sumatera Utara,Solar,6.32,Customer,11,7.82,10,6,43000,523748,Sumatera,MEDAN,CDE,Internal,SumateraMEDANCDE,DALAM KOTA,,,,4,REGULAR,3:49:00,290160,190588,50
260429C198,HCI,29-Apr-2026,CDELC,BK8309MS,Medan,Sumatera Utara,Solar,16.18,Customer,20,10.0,10,15,180000,852513,Sumatera,MEDAN,CDE,Internal,SumateraMEDANCDE,DALAM KOTA,,,,4,REGULAR,9:18:00,386880,285633,143
260429C199,HCI,29-Apr-2026,CDELC,BK8099LM,Medan,Sumatera Utara,,,Customer,10,5.26,10,9,,562980,Sumatera,MEDAN,CDE,Internal,SumateraMEDANCDE,DALAM KOTA,,,,4,REGULAR,7:51:00,386880,176100,-186061
260429C200,HCI,29-Apr-2026,CDELC,BK8047MQ,Medan,Sumatera Utara,Solar,10.59,Customer,15,6.23,10,8,72000,574045,Sumatera,MEDAN,CDE,Internal,SumateraMEDANCDE,DALAM KOTA,,,,4,REGULAR,5:37:00,290160,211885,89
260429C201,HCI,29-Apr-2026,CDELC,BK8191MQ,Medan,Sumatera Utara,Solar,7.35,Customer,15,6.56,10,10,70000,668765,Sumatera,MEDAN,CDE,Internal,SumateraMEDANCDE,DALAM KOTA,,,,4,REGULAR,7:07:00,386880,211885,68
260429C202,HCI,29-Apr-2026,CDELC,BK8299MH,Medan,Sumatera Utara,Solar,13.24,Customer,8,4.04,10,5,105500,547157,Sumatera,MEDAN,CDE,Internal,SumateraMEDANCDE,DALAM KOTA,,,,4,REGULAR,7:42:00,290160,151497,85
260429D094,HCI,29-Apr-2026,CDELC,BK8135LM,Medan,Sumatera Utara,,,Store,179,9.52,10,1,3500,348437,Sumatera,MEDAN,CDE,Internal,SumateraMEDANCDE,DALAM KOTA,,,,4,REGULAR,5:20:00,193440,151497,-269012
260429D096,HCI,29-Apr-2026,CDELC,BK8804MH,Medan,Sumatera Utara,Solar,6.62,Store,38,8.37,10,3,59000,443028,Sumatera,MEDAN,CDE,Internal,SumateraMEDANCDE,DALAM KOTA,,,,4,REGULAR,6:32:00,193440,190588,43
260429C203,HCI,29-Apr-2026,CDELC,BK8146LM,Medan,Sumatera Utara,Solar,16.18,Customer,12,5.31,10,9,196500,734877,Sumatera,MEDAN,CDE,Internal,SumateraMEDANCDE,DALAM KOTA,,,,4,REGULAR,7:44:00,386880,151497,123
260429C205,HCI,29-Apr-2026,CDELC,BK8803MH,Medan,Sumatera Utara,,,Customer,18,9.1,10,11,,577468,Sumatera,MEDAN,CDE,Internal,SumateraMEDANCDE,DALAM KOTA,,,,4,REGULAR,8:24:00,386880,190588,-187183
260429C209,HCI,29-Apr-2026,CDELC,BK8073MQ,Samosir,Sumatera Utara,,,Customer,3,2.58,10,1,,405325,Sumatera,SAMOSIR,CDE,Internal,SumateraSAMOSIRCDE,LUAR KOTA,,,,4,REGULAR,7:42:00,193440,211885,-174871
260429H056,HCI,29-Apr-2026,CDELC,BK8807MH,Pematangsiantar,Sumatera Utara,Solar,28.53,HUB,16,8.56,10,1,475000,667014,Sumatera,PEMATANGSIANTAR,CDE,Internal,SumateraPEMATANGSIANTARCDE,LUAR KOTA,,,,4,REGULAR,6:04:00,96720,95294,228
260429C223,HCI,29-Apr-2026,PICKUP,BK8696MS,Medan,Sumatera Utara,Pertalite,6.1,Customer,2,2.37,3,2,65500,212487,Sumatera,MEDAN,PICKUP,Internal,SumateraMEDANPICKUP,DALAM KOTA,,,,4,REGULAR,4:05:00,96720,50267,64
260429D148,HCI,29-Apr-2026,CDELC,BK8813MG,Medan,Sumatera Utara,Solar,6.62,Store,70,8.74,10,4,80000,421434,Sumatera,MEDAN,CDE,Internal,SumateraMEDANCDE,DALAM KOTA,,,,4,REGULAR,8:29:00,193440,147994,47
260430D116,HCI,29-Apr-2026,CDELC,BK8647MS,Medan,Sumatera Utara,Solar,4.41,Store,10,9.37,11,1,40000,403803,Sumatera,MEDAN,CDE LONG CHASSIS,Internal,SumateraMEDANCDE LONG CHASSIS,DALAM KOTA,,,,4,REGULAR,4:03:00,217620,146183,33
260429C295,HCI,29-Apr-2026,PICKUP,BK8633MS,Medan,Sumatera Utara,Pertalite,5.2,Customer,1,1.39,3,1,73500,407441,Sumatera,MEDAN,PICKUP,Internal,SumateraMEDANPICKUP,DALAM KOTA,,,,4,NON REGULAR,-3:59:00,290160,43781,65
260429D152,KLS,29-Apr-2026,CDELC,BK8031LM,Medan,Sumatera Utara,Solar,3.68,Store,6,8.68,10,2,25000,296994,Sumatera,MEDAN,CDE,Internal,SumateraMEDANCDE,DALAM KOTA,,,,4,REGULAR,2:49:00,120900,151094,30
260429C262,KLS,29-Apr-2026,PICKUP,BK8633MS,Deli Serdang,Sumatera Utara,Pertalite,9.4,Customer,2,3.0,3,2,130500,561161,Sumatera,DELI SERDANG,PICKUP,Internal,SumateraDELI SERDANGPICKUP,DALAM KOTA,,,,4,REGULAR,7:17:00,386880,43781,129
260429C267,KLS,29-Apr-2026,CDELC,BK8141LM,Medan,Sumatera Utara,Solar,14.71,Customer,4,10.0,10,4,103000,640974,Sumatera,MEDAN,CDE,Internal,SumateraMEDANCDE,DALAM KOTA,,,,4,REGULAR,13:17:00,386880,151094,104
260430C199,HCI,30-Apr-2026,CDELC,BK8146LM,Medan,Sumatera Utara,Solar,6.62,Customer,9,4.06,10,8,45000,389937,Sumatera,MEDAN,CDE,Internal,SumateraMEDANCDE,DALAM KOTA,,,,4,REGULAR,3:55:00,193440,151497,46
260430C201,HCI,30-Apr-2026,CDELC,BK8191MQ,Medan,Sumatera Utara,Solar,13.24,Customer,20,10.0,10,12,90000,688765,Sumatera,MEDAN,CDE,Internal,SumateraMEDANCDE,DALAM KOTA,,,,4,REGULAR,7:36:00,386880,211885,117
260430C202,HCI,30-Apr-2026,CDELC,BK8647MS,Medan,Sumatera Utara,Solar,28.68,Customer,12,5.05,10,7,215000,700807,Sumatera,MEDAN,CDE,Internal,SumateraMEDANCDE,DALAM KOTA,,,,4,REGULAR,8:20:00,193440,292367,178
260430C203,HCI,30-Apr-2026,CDELC,BK8803MH,Medan,Sumatera Utara,Solar,14.41,Customer,14,5.92,10,10,143000,720468,Sumatera,MEDAN,CDE,Internal,SumateraMEDANCDE,DALAM KOTA,,,,4,REGULAR,8:18:00,386880,190588,121
260430C205,HCI,30-Apr-2026,CDELC,BK8099LM,Medan,Sumatera Utara,Solar,8.82,Customer,12,5.27,10,10,78500,544760,Sumatera,MEDAN,CDE,Internal,SumateraMEDANCDE,DALAM KOTA,,,,4,REGULAR,6:17:00,290160,176100,78
260430C206,HCI,30-Apr-2026,CDELC,BK8871MS,Medan,Sumatera Utara,Solar,12.21,Customer,11,10.0,10,7,93500,480380,Sumatera,MEDAN,CDE,Internal,SumateraMEDANCDE,DALAM KOTA,,,,4,REGULAR,7:29:00,386880,,100
260430C207,HCI,30-Apr-2026,CDELC,BK8141LM,Medan,Sumatera Utara,Solar,9.85,Customer,6,1.99,10,4,67000,432707,Sumatera,MEDAN,CDE,Internal,SumateraMEDANCDE,DALAM KOTA,,,,4,REGULAR,2:34:00,290160,75547,71
260430C208,HCI,30-Apr-2026,CDELC,BK8646MS,Medan,Sumatera Utara,Solar,5.15,Customer,11,10.0,10,7,51000,293903,Sumatera,MEDAN,CDE,Internal,SumateraMEDANCDE,DALAM KOTA,,,,4,REGULAR,4:46:00,96720,146183,38
260430C196,HCI,30-Apr-2026,CDELC,BK8807MH,Medan,Sumatera Utara,Solar,7.35,Customer,19,9.72,10,10,55000,632468,Sumatera,MEDAN,CDE,Internal,SumateraMEDANCDE,DALAM KOTA,,,,4,REGULAR,5:58:00,386880,190588,53
260430C210,HCI,30-Apr-2026,CDELC,BK8813MG,Medan,Sumatera Utara,Solar,6.62,Customer,4,1.52,10,3,51000,318437,Sumatera,MEDAN,CDE,Internal,SumateraMEDANCDE,DALAM KOTA,,,,4,REGULAR,2:14:00,193440,73997,43
260430C211,HCI,30-Apr-2026,CDELC,BK8805MH,Medan,Sumatera Utara,Solar,10.29,Customer,14,6.79,10,7,70000,455454,Sumatera,MEDAN,CDE,Internal,SumateraMEDANCDE,DALAM KOTA,,,,4,REGULAR,3:34:00,290160,95294,71
260430C216,HCI,30-Apr-2026,CDELC,BK8299MH,Simalungun,Sumatera Utara,Solar,26.47,Customer,2,6.0,10,1,484000,635497,Sumatera,SIMALUNGUN,CDE,Internal,SumateraSIMALUNGUNCDE,LUAR KOTA,,,,4,NON REGULAR,7:17:00,0,151497,227
260430C195,HCI,30-Apr-2026,CDELC,BK8075MQ,Medan,Sumatera Utara,Solar,9.56,Customer,19,9.56,10,8,65000,663765,Sumatera,MEDAN,CDE,Internal,SumateraMEDANCDE,DALAM KOTA,,,,4,REGULAR,7:19:00,386880,211885,60
260430C194,HCI,30-Apr-2026,CDELC,BK8309MS,Medan,Sumatera Utara,Solar,11.76,Customer,20,8.64,10,7,139500,812013,Sumatera,MEDAN,CDE,Internal,SumateraMEDANCDE,DALAM KOTA,,,,4,REGULAR,7:16:00,386880,285633,85
260430C296,KLS,30-Apr-2026,CDELC,BK8009MI,Deli Serdang,Sumatera Utara,Solar,14.71,Customer,5,10.0,10,3,106000,644377,Sumatera,DELI SERDANG,CDE,Internal,SumateraDELI SERDANGCDE,DALAM KOTA,,,,4,REGULAR,3:24:00,386880,151497,105
260430C319,HCI,30-Apr-2026,CDELC,BK8172LM,Medan,Sumatera Utara,Solar,5.88,Customer,2,2.68,10,2,40000,309189,Sumatera,MEDAN,CDE,Internal,SumateraMEDANCDE,DALAM KOTA,,,,4,NON REGULAR,2:35:00,193440,75749,42
260430C340,HCI,30-Apr-2026,PICKUP,A8330VX,Medan,Sumatera Utara,Pertalite,3.2,Customer,1,0.19,3,1,32000,267523,Sumatera,MEDAN,MINI VAN BOX,Internal,SumateraMEDANMINI VAN BOX,DALAM KOTA,,,,4,NON REGULAR,1:55:00,193440,42083,33
260430C193,HCI,30-Apr-2026,CDELC,BK8047MQ,Deli Serdang,Sumatera Utara,Solar,12.5,Customer,14,7.06,10,10,100000,698765,Sumatera,DELI SERDANG,CDE,Internal,SumateraDELI SERDANGCDE,DALAM KOTA,,,,4,REGULAR,9:27:00,386880,211885,73
260430D100,AHI,30-Apr-2026,CDELC,BK8192MQ,Medan,Sumatera Utara,Solar,7.35,Store,59,10.0,10,1,50000,252663,Sumatera,MEDAN,CDE,Internal,SumateraMEDANCDE,DALAM KOTA,,,,4,REGULAR,2:15:00,96720,105943,45
260430D102,AHI,30-Apr-2026,CDELC,BK8074MQ,Medan,Sumatera Utara,Solar,4.41,Store,66,8.57,10,1,40000,242663,Sumatera,MEDAN,CDE,Internal,SumateraMEDANCDE,DALAM KOTA,,,,4,REGULAR,2:14:00,96720,105943,30
260430D104,AHI,30-Apr-2026,CDELC,BK8073MQ,Medan,Sumatera Utara,Solar,4.41,Store,257,10.0,10,1,45000,353605,Sumatera,MEDAN,CDE,Internal,SumateraMEDANCDE,DALAM KOTA,,,,4,REGULAR,-10:14:00,96720,211885,34
260430D105,AHI,30-Apr-2026,CDELC,BK8135LM,Medan,Sumatera Utara,Solar,4.41,Store,52,8.59,10,2,46000,390937,Sumatera,MEDAN,CDE,Internal,SumateraMEDANCDE,DALAM KOTA,,,,4,REGULAR,1:24:00,193440,151497,40
260430D109,HCI,30-Apr-2026,CDELC,BK8112LM,Medan,Sumatera Utara,Solar,4.41,Store,72,8.62,10,3,50000,394534,Sumatera,MEDAN,CDE,Internal,SumateraMEDANCDE,DALAM KOTA,,,,4,REGULAR,7:53:00,193440,151094,36
260430D111,HCI,30-Apr-2026,CDELC,BK8192MQ,Medan,Sumatera Utara,Solar,4.41,Store,60,10.0,10,2,55000,257663,Sumatera,MEDAN,CDE,Internal,SumateraMEDANCDE,DALAM KOTA,,,,4,REGULAR,4:42:00,96720,105943,36
260430C209,HCI,30-Apr-2026,CDELC,BK8804MH,Medan,Sumatera Utara,Solar,8.24,Customer,7,3.82,10,6,69500,551674,Sumatera,MEDAN,CDE,Internal,SumateraMEDANCDE,DALAM KOTA,,,,4,REGULAR,8:18:00,386880,95294,69
260430C223,HCI,30-Apr-2026,PICKUP,BK8633MS,Medan,Sumatera Utara,Pertalite,12.7,Customer,6,3.0,3,4,183500,657941,Sumatera,MEDAN,PICKUP,Internal,SumateraMEDANPICKUP,DALAM KOTA,,,,4,REGULAR,8:20:00,386880,87561,147
260430C227,HCI,30-Apr-2026,PICKUP,BK8696MS,Medan,Sumatera Utara,Pertalite,2.4,Customer,2,1.45,3,1,30000,323973,Sumatera,MEDAN,PICKUP,Internal,SumateraMEDANPICKUP,DALAM KOTA,,,,4,REGULAR,1:40:00,193440,100533,26
260430D019,AHI,30-Apr-2026,CDELC,BK8805MH,Medan,Sumatera Utara,Solar,5.15,Store,85,9.71,10,1,35000,323734,Sumatera,MEDAN,CDE,Internal,SumateraMEDANCDE,DALAM KOTA,,,,4,REGULAR,2:07:00,193440,95294,35
260430D146,AHI,30-Apr-2026,CDELC,BK8172LM,Medan,Sumatera Utara,Solar,5.15,Store,13,10.0,10,1,50000,222469,Sumatera,MEDAN,CDE,Internal,SumateraMEDANCDE,DALAM KOTA,,,,4,REGULAR,3:45:00,96720,75749,33
260430D147,AHI,30-Apr-2026,CDELC,BK8141LM,Medan,Sumatera Utara,Solar,5.44,Store,1,8.0,10,1,47000,240760,Sumatera,MEDAN,CDE,Internal,SumateraMEDANCDE,DALAM KOTA,,,,4,REGULAR,1:12:00,118213,75547,21
260430D140,FBI,30-Apr-2026,PICKUP,BK8136LM,Medan,Sumatera Utara,Pertalite,4,Store,9,3.0,3,4,45000,348128,Sumatera,MEDAN,MINI VAN BOX,Internal,SumateraMEDANMINI VAN BOX,DALAM KOTA,,,,4,REGULAR,3:09:00,214933,88195,34
260430D141,FBI,30-Apr-2026,PICKUP,A8330VX,Deli Serdang,Sumatera Utara,Pertalite,9.6,Store,8,2.29,3,5,113500,370517,Sumatera,DELI SERDANG,MINI VAN BOX,Internal,SumateraDELI SERDANGMINI VAN BOX,DALAM KOTA,,,,4,REGULAR,11:03:00,214933,42083,103
260430D158,AHI,30-Apr-2026,CDELC,BK8806MH,Medan,Sumatera Utara,Solar,5.15,Store,1,8.0,10,1,50000,337308,Sumatera,MEDAN,CDE,Internal,SumateraMEDANCDE,DALAM KOTA,,,,4,REGULAR,3:07:00,96720,190588,40
260430D160,AHI,30-Apr-2026,CDELC,BK8031LM,Medan,Sumatera Utara,Solar,6.76,Store,2,9.1,10,2,65000,355480,Sumatera,MEDAN,CDE,Internal,SumateraMEDANCDE,DALAM KOTA,,,,4,REGULAR,5:51:00,214933,75547,47
260430D161,AHI,30-Apr-2026,CDELC,BK8074MQ,Medan,Sumatera Utara,Solar,4.41,Store,2,8.95,10,1,45000,269156,Sumatera,MEDAN,CDE,Internal,SumateraMEDANCDE,DALAM KOTA,,,,4,REGULAR,5:56:00,118213,105943,33
260430D143,AHI,30-Apr-2026,CDELC,BK8646MS,Medan,Sumatera Utara,Solar,3.82,Store,1,9.1,11,1,26000,387117,Sumatera,MEDAN,CDE LONG CHASSIS,Internal,SumateraMEDANCDE LONG CHASSIS,DALAM KOTA,,,,4,REGULAR,1:24:00,214933,146183,24
260430D151,AHI,30-Apr-2026,CDELC,BK8813MG,Medan,Sumatera Utara,Solar,4.41,Store,116,8.82,10,1,45000,237210,Sumatera,MEDAN,CDE,Internal,SumateraMEDANCDE,DALAM KOTA,,,,4,REGULAR,2:17:00,118213,73997,30
260430D148,AHI,30-Apr-2026,CDELC,BK8804MH,Medan,Sumatera Utara,Solar,4.41,Store,118,10.0,10,1,45000,258507,Sumatera,MEDAN,CDE,Internal,SumateraMEDANCDE,DALAM KOTA,,,,4,REGULAR,1:04:00,118213,95294,31
260430D139,AHI,30-Apr-2026,FUSO,BK8815MG,Medan,Sumatera Utara,Solar,6.62,Store,267,34.0,34,1,220000,788891,Sumatera,MEDAN,FUSO,Internal,SumateraMEDANFUSO,DALAM KOTA,,,,4,REGULAR,3:20:00,214933,353958,25
260502D064,AHI,2-May-2026,CDELC,BK8806MH,Medan,Sumatera Utara,Solar,3.68,Store,1,8.8,10,1,25000,433208,Sumatera,MEDAN,CDE,Internal,SumateraMEDANCDE,DALAM KOTA,,,,5,REGULAR,8:37:00,217620,190588,25
260502D059,FBI,2-May-2026,PICKUP,BK8136LM,Deli Serdang,Sumatera Utara,Pertalite,7.3,Store,10,3.0,3,4,90500,396315,Sumatera,DELI SERDANG,MINI VAN BOX,Internal,SumateraDELI SERDANGMINI VAN BOX,DALAM KOTA,,,,5,REGULAR,8:23:00,217620,88195,80
260502D060,FBI,2-May-2026,PICKUP,A8330VX,Medan,Sumatera Utara,Pertalite,7.8,Store,8,1.85,3,5,103000,362703,Sumatera,MEDAN,MINI VAN BOX,Internal,SumateraMEDANMINI VAN BOX,DALAM KOTA,,,,5,REGULAR,7:49:00,217620,42083,73
260502C182,HCI,2-May-2026,CDELC,BK8807MH,Deli Serdang,Sumatera Utara,Solar,15.44,Customer,17,5.24,10,12,119000,503028,Sumatera,DELI SERDANG,CDE,Internal,SumateraDELI SERDANGCDE,DALAM KOTA,,,,5,REGULAR,7:04:00,193440,190588,104
260502C183,HCI,2-May-2026,CDELC,BK8191MQ,Medan,Sumatera Utara,Solar,8.09,Customer,30,9.84,10,13,96000,598045,Sumatera,MEDAN,CDE,Internal,SumateraMEDANCDE,DALAM KOTA,,,,5,REGULAR,7:50:00,290160,211885,53
260502C184,HCI,2-May-2026,CDELC,BK8805MH,Medan,Sumatera Utara,Solar,11.76,Customer,25,7.74,10,11,95000,479028,Sumatera,MEDAN,CDE,Internal,SumateraMEDANCDE,DALAM KOTA,,,,5,REGULAR,8:40:00,193440,190588,76
260502C185,HCI,2-May-2026,CDELC,BK8647MS,Medan,Sumatera Utara,Solar,11.76,Customer,19,9.01,10,9,89000,574807,Sumatera,MEDAN,CDE,Internal,SumateraMEDANCDE,DALAM KOTA,,,,5,REGULAR,9:34:00,193440,292367,72
260502C186,HCI,2-May-2026,CDELC,BK8146LM,Medan,Sumatera Utara,Solar,9.56,Customer,9,7.49,10,7,65000,506657,Sumatera,MEDAN,CDE,Internal,SumateraMEDANCDE,DALAM KOTA,,,,5,REGULAR,1:09:00,290160,151497,65
260502C187,HCI,2-May-2026,CDELC,BK8172LM,Medan,Sumatera Utara,Solar,13.68,Customer,19,6.51,10,11,100000,638377,Sumatera,MEDAN,CDE,Internal,SumateraMEDANCDE,DALAM KOTA,,,,5,REGULAR,8:45:00,386880,151497,98
260502C188,HCI,2-May-2026,CDELC,BK8803MH,Medan,Sumatera Utara,Solar,19.12,Customer,17,8.1,10,11,209500,593528,Sumatera,MEDAN,CDE,Internal,SumateraMEDANCDE,DALAM KOTA,,,,5,REGULAR,8:30:00,193440,190588,157
260502C190,HCI,2-May-2026,CDELC,BK8047MQ,Medan,Sumatera Utara,Solar,11.76,Customer,16,8.1,10,11,84000,489325,Sumatera,MEDAN,CDE,Internal,SumateraMEDANCDE,DALAM KOTA,,,,5,REGULAR,8:27:00,193440,211885,77
260502C192,HCI,2-May-2026,CDELC,BK8099LM,Medan,Sumatera Utara,Solar,11.32,Customer,18,5.25,10,11,80000,642980,Sumatera,MEDAN,CDE,Internal,SumateraMEDANCDE,DALAM KOTA,,,,5,REGULAR,0:43:00,386880,176100,82
260502C194,HCI,2-May-2026,CDELC,BK8871MS,Deli Serdang,Sumatera Utara,Solar,11.03,Customer,8,10.0,10,7,75000,461880,Sumatera,DELI SERDANG,CDE,Internal,SumateraDELI SERDANGCDE,DALAM KOTA,,,,5,REGULAR,8:22:00,386880,,85
260502C198,HCI,2-May-2026,PICKUP,BK8633MS,Medan,Sumatera Utara,Pertalite,11.5,Customer,9,3.0,3,9,144500,618941,Sumatera,MEDAN,PICKUP,Internal,SumateraMEDANPICKUP,DALAM KOTA,,,,5,REGULAR,9:51:00,386880,87561,103
260502D035,AHI,2-May-2026,CDELC,BK8031LM,Medan,Sumatera Utara,Solar,3.68,Store,94,8.96,10,1,25000,272814,Sumatera,MEDAN,CDE,Internal,SumateraMEDANCDE,DALAM KOTA,,,,5,REGULAR,-8:31:00,96720,151094,25
260502D036,HCI,2-May-2026,PICKUP,BK8696MS,Medan,Sumatera Utara,Pertalite,7.9,Store,22,3.0,3,2,92500,386473,Sumatera,MEDAN,PICKUP,Internal,SumateraMEDANPICKUP,DALAM KOTA,,,,5,REGULAR,8:19:00,193440,100533,69
260502H041,HCI,2-May-2026,CDELC,BK8309MS,Pematangsiantar,Sumatera Utara,Solar,31.32,HUB,18,8.43,10,2,489000,968073,Sumatera,PEMATANGSIANTAR,CDE,Internal,SumateraPEMATANGSIANTARCDE,LUAR KOTA,,,,5,REGULAR,9:13:00,193440,285633,253
260502H043,HCI,2-May-2026,CDELC,BK8075MQ,Pematangsiantar,Sumatera Utara,Solar,28.68,HUB,7,8.83,10,2,456000,861325,Sumatera,PEMATANGSIANTAR,CDE,Internal,SumateraPEMATANGSIANTARCDE,LUAR KOTA,,,,5,REGULAR,7:44:00,193440,211885,234
260502D051,HCI,2-May-2026,CDELC,BK8192MQ,Deli Serdang,Sumatera Utara,Solar,5.88,Store,48,8.52,10,1,49500,454825,Sumatera,DELI SERDANG,CDE,Internal,SumateraDELI SERDANGCDE,DALAM KOTA,,,,5,REGULAR,9:20:00,193440,211885,42
260502D052,HCI,2-May-2026,CDELC,BK8073MQ,Medan,Sumatera Utara,Solar,2.94,Store,28,8.58,10,1,20000,222663,Sumatera,MEDAN,CDE,Internal,SumateraMEDANCDE,DALAM KOTA,,,,5,REGULAR,3:29:00,96720,105943,24
260502D053,HCI,2-May-2026,CDELC,BK8299MH,Medan,Sumatera Utara,Solar,5.88,Store,36,8.71,10,2,55000,399937,Sumatera,MEDAN,CDE,Internal,SumateraMEDANCDE,DALAM KOTA,,,,5,REGULAR,9:07:00,193440,151497,41
260502D056,HCI,2-May-2026,CDELC,BK8135LM,Medan,Sumatera Utara,Solar,4.41,Store,55,8.49,10,3,60000,404937,Sumatera,MEDAN,CDE,Internal,SumateraMEDANCDE,DALAM KOTA,,,,5,REGULAR,4:49:00,193440,151497,35
260502D066,HCI,2-May-2026,CDELC,BK8646MS,Medan,Sumatera Utara,Solar,4.41,Store,54,8.16,11,1,30000,539987,Sumatera,MEDAN,CDE LONG CHASSIS,Internal,SumateraMEDANCDE LONG CHASSIS,DALAM KOTA,,,,5,REGULAR,8:40:00,217620,292367,29
260502D065,HCI,2-May-2026,CDELC,BK8074MQ,Medan,Sumatera Utara,Solar,4.41,Store,51,8.35,10,1,30000,459505,Sumatera,MEDAN,CDE,Internal,SumateraMEDANCDE,DALAM KOTA,,,,5,REGULAR,9:23:00,217620,211885,25
260502D061,HCI,2-May-2026,CDELC,BK8141LM,Medan,Sumatera Utara,Solar,4.41,Store,33,8.81,10,1,50000,418714,Sumatera,MEDAN,CDE,Internal,SumateraMEDANCDE,DALAM KOTA,,,,5,REGULAR,8:47:00,217620,151094,33
260502D067,HCI,2-May-2026,CDELC,BK8009MI,Medan,Sumatera Utara,Solar,6.62,Store,2,9.1,10,1,59000,331397,Sumatera,MEDAN,CDE,Internal,SumateraMEDANCDE,DALAM KOTA,,,,5,REGULAR,4:08:00,120900,151497,45
260502C290,HCI,2-May-2026,CDELC,BK8073MQ,Medan,Sumatera Utara,Solar,5.88,Customer,3,0.77,10,3,43000,245663,Sumatera,MEDAN,CDE,Internal,SumateraMEDANCDE,DALAM KOTA,,,,5,NON REGULAR,0:36:00,96720,105943,36
260502C306,HCI,2-May-2026,PICKUP,A8330VX,Medan,Sumatera Utara,Pertalite,6.5,Customer,1,2.2,3,1,80500,340203,Sumatera,MEDAN,MINI VAN BOX,Internal,SumateraMEDANMINI VAN BOX,DALAM KOTA,,,,5,NON REGULAR,2:43:00,217620,42083,64
260503D077,FBI,3-May-2026,CDELC,BK8141LM,Medan,Sumatera Utara,Solar,10.29,Store,8,9.07,10,5,98000,481222,Sumatera,MEDAN,CDE,Internal,SumateraMEDANCDE,DALAM KOTA,,,,5,REGULAR,6:57:00,232128,151094,70
260503D076,FBI,3-May-2026,PICKUP,BK8136LM,Medan,Sumatera Utara,Pertalite,4.5,Store,3,2.21,3,2,45000,365323,Sumatera,MEDAN,MINI VAN BOX,Internal,SumateraMEDANMINI VAN BOX,DALAM KOTA,,,,5,REGULAR,6:50:00,232128,88195,43
260503C077,HCI,3-May-2026,CDELC,BK8075MQ,Deli Serdang,Sumatera Utara,Solar,9.26,Customer,16,6.51,10,8,70000,572045,Sumatera,DELI SERDANG,CDE,Internal,SumateraDELI SERDANGCDE,DALAM KOTA,,,,5,REGULAR,7:52:00,290160,211885,58
260503C078,HCI,3-May-2026,CDELC,BK8646MS,Medan,Sumatera Utara,Solar,8.82,Customer,26,5.18,10,11,90000,769247,Sumatera,MEDAN,CDE,Internal,SumateraMEDANCDE,DALAM KOTA,,,,5,REGULAR,7:16:00,386880,292367,56
260503C079,HCI,3-May-2026,CDELC,BK8647MS,Medan,Sumatera Utara,Solar,5.88,Customer,17,3.69,10,7,40000,429087,Sumatera,MEDAN,CDE,Internal,SumateraMEDANCDE,DALAM KOTA,,,,5,REGULAR,3:41:00,96720,292367,37
260503C080,HCI,3-May-2026,CDELC,BK8309MS,Medan,Sumatera Utara,Solar,6.62,Customer,19,5.63,10,6,50000,722513,Sumatera,MEDAN,CDE,Internal,SumateraMEDANCDE,DALAM KOTA,,,,5,REGULAR,6:46:00,386880,285633,49
260503C081,HCI,3-May-2026,CDELC,BK8073MQ,Medan,Sumatera Utara,Solar,10.29,Customer,16,10.0,10,10,70000,668765,Sumatera,MEDAN,CDE,Internal,SumateraMEDANCDE,DALAM KOTA,,,,5,REGULAR,9:21:00,386880,211885,78
260503C082,HCI,3-May-2026,CDELC,BK8135LM,Medan,Sumatera Utara,Solar,11.03,Customer,12,3.51,10,10,75000,613377,Sumatera,MEDAN,CDE,Internal,SumateraMEDANCDE,DALAM KOTA,,,,5,REGULAR,5:55:00,386880,151497,61
260503C083,HCI,3-May-2026,CDELC,BK8871MS,Binjai,Sumatera Utara,Solar,14.26,Customer,10,10.0,10,8,132000,518880,Sumatera,BINJAI,CDE,Internal,SumateraBINJAICDE,DALAM KOTA,,,,5,REGULAR,8:12:00,386880,,106
260503C084,HCI,3-May-2026,CDELC,BK8112LM,Medan,Sumatera Utara,Solar,9.56,Customer,11,6.25,10,8,70000,607974,Sumatera,MEDAN,CDE,Internal,SumateraMEDANCDE,DALAM KOTA,,,,5,REGULAR,6:50:00,386880,151094,62
260503C085,HCI,3-May-2026,CDELC,BK8099LM,Medan,Sumatera Utara,Solar,13.97,Customer,10,5.93,10,9,110500,673480,Sumatera,MEDAN,CDE,Internal,SumateraMEDANCDE,DALAM KOTA,,,,5,REGULAR,3:34:00,386880,176100,99
260503C089,HCI,3-May-2026,CDELC,BK8146LM,Medan,Sumatera Utara,Solar,11.76,Customer,7,4.05,10,6,89000,530657,Sumatera,MEDAN,CDE,Internal,SumateraMEDANCDE,DALAM KOTA,,,,5,REGULAR,6:42:00,290160,151497,81
260503C119,HCI,3-May-2026,CDELC,BK8807MH,Medan,Sumatera Utara,Solar,7.35,Customer,12,10.0,10,10,53000,630468,Sumatera,MEDAN,CDE,Internal,SumateraMEDANCDE,DALAM KOTA,,,,5,REGULAR,6:46:00,386880,190588,51
260503C121,HCI,3-May-2026,CDELC,BK8172LM,Medan,Sumatera Utara,Solar,12.5,Customer,9,7.27,10,7,88500,626877,Sumatera,MEDAN,CDE,Internal,SumateraMEDANCDE,DALAM KOTA,,,,5,REGULAR,7:01:00,386880,151497,85
260503C130,HCI,3-May-2026,CDELC,BK8191MQ,Deli Serdang,Sumatera Utara,Solar,16.32,Customer,13,4.88,10,9,111000,709765,Sumatera,DELI SERDANG,CDE,Internal,SumateraDELI SERDANGCDE,DALAM KOTA,,,,5,REGULAR,8:04:00,386880,211885,132
260503C131,HCI,3-May-2026,CDELC,BK8031LM,Medan,Sumatera Utara,Solar,2.94,Customer,2,6.17,10,1,20000,267814,Sumatera,MEDAN,CDE,Internal,SumateraMEDANCDE,DALAM KOTA,,,,5,NON REGULAR,2:54:00,96720,151094,30
260503C132,HCI,3-May-2026,CDELC,BK8009MI,Medan,Sumatera Utara,Solar,4.41,Customer,1,5.78,10,1,30000,278217,Sumatera,MEDAN,CDE,Internal,SumateraMEDANCDE,DALAM KOTA,,,,5,NON REGULAR,3:20:00,96720,151497,37
260503C134,HCI,3-May-2026,PICKUP,BK8696MS,Medan,Sumatera Utara,Pertalite,11.1,Customer,5,3.0,3.0,4,140000,627413,Sumatera,MEDAN,PICKUP,Internal,SumateraMEDANPICKUP,DALAM KOTA,,,,5,REGULAR,7:41:00,386880,100533,107
260503H052,HCI,3-May-2026,CDELC,BK8074MQ,Pematangsiantar,Sumatera Utara,Solar,29.12,HUB,21,6.59,10,2,459000,1057765,Sumatera,PEMATANGSIANTAR,CDE,Internal,SumateraPEMATANGSIANTARCDE,LUAR KOTA,,,,5,REGULAR,6:28:00,386880,211885,199
260503D081,HCI,3-May-2026,CDELC,BK8192MQ,Medan,Sumatera Utara,Solar,6.91,Store,4,10.0,10,3,77000,521013,Sumatera,MEDAN,CDE,Internal,SumateraMEDANCDE,DALAM KOTA,,,,5,REGULAR,6:55:00,232128,211885,46
260503X042,HCI,3-May-2026,CDELC,BK8047MQ,Medan,Sumatera Utara,Solar,6.18,Other Delivery,1,5.0,10,1,42000,486013,Sumatera,MEDAN,CDE,Internal,SumateraMEDANCDE,DALAM KOTA,,,,5,REGULAR,3:55:00,232128,211885,40
260503D099,HCI,3-May-2026,PICKUP,BK8633MS,Medan,Sumatera Utara,Pertalite,2.7,Store,2,2.64,3,1,32000,351689,Sumatera,MEDAN,PICKUP,Internal,SumateraMEDANPICKUP,DALAM KOTA,,,,5,REGULAR,4:41:00,232128,87561,29
260503C273,HCI,3-May-2026,#N/A,A8330VX,Medan,Sumatera Utara,#N/A,1.9,Customer,1,2.84,3,1,19000,199887,Sumatera,MEDAN,VAN BOX,Internal,SumateraMEDANVAN BOX,DALAM KOTA,,,,5,REGULAR,2:08:00,96720,84167,30
260504D137,FBI,4-May-2026,PICKUP,A8330VX,Medan,Sumatera Utara,Pertalite,7,Store,15,2.91,3,5,83000,457327,Sumatera,MEDAN,MINI VAN BOX,Internal,SumateraMEDANMINI VAN BOX,DALAM KOTA,,,,5,REGULAR,8:28:00,290160,84167,68
260504D138,FBI,4-May-2026,PICKUP,BK8136LM,Binjai,Sumatera Utara,Pertalite,11,Store,13,2.87,3,4,131500,413135,Sumatera,BINJAI,MINI VAN BOX,Internal,SumateraBINJAIMINI VAN BOX,DALAM KOTA,,,,5,REGULAR,7:02:00,193440,88195,108
260504D036,AHI,4-May-2026,CDELC,BK8805MH,Deli Serdang,Sumatera Utara,Solar,6.18,Store,89,10.0,10,1,51500,243514,Sumatera,DELI SERDANG,CDE,Internal,SumateraDELI SERDANGCDE,DALAM KOTA,,,,5,REGULAR,2:23:00,96720,95294,43
260504D037,AHI,4-May-2026,CDELC,BK8299MH,Medan,Sumatera Utara,Solar,3.68,Store,48,10.0,10,1,25000,369937,Sumatera,MEDAN,CDE,Internal,SumateraMEDANCDE,DALAM KOTA,,,,5,REGULAR,7:45:00,193440,151497,24
260504D038,HCI,4-May-2026,CDELC,BK8813MG,Medan,Sumatera Utara,Solar,5.88,Store,40,9.16,10,3,55000,396434,Sumatera,MEDAN,CDE,Internal,SumateraMEDANCDE,DALAM KOTA,,,,5,REGULAR,8:02:00,193440,147994,43
260504D040,HCI,4-May-2026,CDELC,BK8647MS,Medan,Sumatera Utara,Solar,5.88,Store,75,10.0,10,2,40000,282903,Sumatera,MEDAN,CDE,Internal,SumateraMEDANCDE,DALAM KOTA,,,,5,REGULAR,3:25:00,96720,146183,35
260504D041,HCI,4-May-2026,CDELC,BK8806MH,Medan,Sumatera Utara,Solar,4.41,Store,74,9.43,10,2,50000,337308,Sumatera,MEDAN,CDE,Internal,SumateraMEDANCDE,DALAM KOTA,,,,5,REGULAR,4:22:00,96720,190588,31
260504D042,HCI,4-May-2026,CDELC,BK8074MQ,Medan,Sumatera Utara,Solar,8.09,Store,96,10.0,10,3,55000,460325,Sumatera,MEDAN,CDE,Internal,SumateraMEDANCDE,DALAM KOTA,,,,5,REGULAR,8:07:00,193440,211885,54
260504D044,AHI,4-May-2026,CDELC,BK8192MQ,Medan,Sumatera Utara,Solar,5.88,Store,28,10.0,10,2,50000,455325,Sumatera,MEDAN,CDE,Internal,SumateraMEDANCDE,DALAM KOTA,,,,5,REGULAR,9:12:00,193440,211885,37
260504D045,AHI,4-May-2026,PICKUP,BK8696MS,Medan,Sumatera Utara,Pertalite,5.1,Store,19,2.03,3,2,56000,493147,Sumatera,MEDAN,PICKUP,Internal,SumateraMEDANPICKUP,DALAM KOTA,,,,5,REGULAR,4:19:00,386880,50267,54
260504D047,HCI,4-May-2026,CDELC,BK8803MH,Medan,Sumatera Utara,Solar,3.68,Store,40,9.61,10,1,25000,313734,Sumatera,MEDAN,CDE,Internal,SumateraMEDANCDE,DALAM KOTA,,,,5,REGULAR,3:26:00,193440,95294,24
260504C170,HCI,4-May-2026,CDELC,BK8646MS,Medan,Sumatera Utara,Solar,14.71,Customer,30,6.98,10,15,118000,797247,Sumatera,MEDAN,CDE,Internal,SumateraMEDANCDE,DALAM KOTA,,,,5,REGULAR,8:52:00,386880,292367,91
260504C171,HCI,4-May-2026,CDELC,BK8031LM,Medan,Sumatera Utara,Solar,8.09,Customer,15,5.3,10,9,65000,409534,Sumatera,MEDAN,CDE,Internal,SumateraMEDANCDE,DALAM KOTA,,,,5,REGULAR,7:04:00,193440,151094,53
260504C173,HCI,4-May-2026,CDELC,BK8047MQ,Medan,Sumatera Utara,Solar,6.62,Customer,40,4.86,10,7,65000,567045,Sumatera,MEDAN,CDE,Internal,SumateraMEDANCDE,DALAM KOTA,,,,5,REGULAR,7:25:00,290160,211885,40
260504C176,HCI,4-May-2026,CDELC,BK8146LM,Medan,Sumatera Utara,Solar,2.94,Customer,20,4.04,10,9,24000,368937,Sumatera,MEDAN,CDE,Internal,SumateraMEDANCDE,DALAM KOTA,,,,5,REGULAR,5:37:00,193440,151497,34
260504C177,HCI,4-May-2026,CDELC,BK8075MQ,Medan,Sumatera Utara,Solar,10.29,Customer,33,9.34,10,13,75000,673765,Sumatera,MEDAN,CDE,Internal,SumateraMEDANCDE,DALAM KOTA,,,,5,REGULAR,8:29:00,386880,211885,64
260504C180,HCI,4-May-2026,CDELC,BK8647MS,Medan,Sumatera Utara,Solar,8.82,Customer,7,3.54,10,6,91000,430623,Sumatera,MEDAN,CDE,Internal,SumateraMEDANCDE,DALAM KOTA,,,,5,REGULAR,3:41:00,193440,146183,72
260504C181,HCI,4-May-2026,CDELC,BK8009MI,Binjai,Sumatera Utara,Solar,17.94,Customer,10,5.8,10,9,150000,688377,Sumatera,BINJAI,CDE,Internal,SumateraBINJAICDE,DALAM KOTA,,,,5,REGULAR,7:27:00,386880,151497,139
260504C182,HCI,4-May-2026,CDELC,BK8871MS,Medan,Sumatera Utara,,,Customer,12,8.53,10,11,,193440,Sumatera,MEDAN,CDE,Internal,SumateraMEDANCDE,DALAM KOTA,,,,5,REGULAR,7:10:00,193440,,-21388
260504C186,HCI,4-May-2026,CDELC,BK8803MH,Medan,Sumatera Utara,Solar,9.26,Customer,10,3.83,10,7,78000,560174,Sumatera,MEDAN,CDE,Internal,SumateraMEDANCDE,DALAM KOTA,,,,5,REGULAR,5:57:00,386880,95294,68
260504C188,HCI,4-May-2026,CDELC,BK8172LM,Medan,Sumatera Utara,,,Customer,14,8.03,10,10,,538377,Sumatera,MEDAN,CDE,Internal,SumateraMEDANCDE,DALAM KOTA,,,,5,REGULAR,6:12:00,386880,151497,-115212
260504C189,HCI,4-May-2026,CDELC,BK8191MQ,Medan,Sumatera Utara,Solar,5.15,Customer,4,7.69,10,4,35000,334383,Sumatera,MEDAN,CDE,Internal,SumateraMEDANCDE,DALAM KOTA,,,,5,NON REGULAR,2:51:00,193440,105943,39
260504C190,HCI,4-May-2026,CDELC,BK8099LM,Medan,Sumatera Utara,,,Customer,12,7.17,10,10,13500,383040,Sumatera,MEDAN,CDE,Internal,SumateraMEDANCDE,DALAM KOTA,,,,5,REGULAR,8:29:00,193440,176100,-186474
260504C191,HCI,4-May-2026,CDELC,BK8804MH,Medan,Sumatera Utara,Solar,8.82,Customer,16,6.99,10,9,80000,465454,Sumatera,MEDAN,CDE,Internal,SumateraMEDANCDE,DALAM KOTA,,,,5,REGULAR,6:37:00,290160,95294,69
260504C192,HCI,4-May-2026,CDELC,BK8805MH,Medan,Sumatera Utara,Solar,8.82,Customer,10,6.54,10,7,60000,445454,Sumatera,MEDAN,CDE,Internal,SumateraMEDANCDE,DALAM KOTA,,,,5,REGULAR,4:59:00,290160,95294,50
260504C193,HCI,4-May-2026,CDELC,BK8135LM,Tebing Tinggi,Sumatera Utara,,,Customer,8,3.84,10,5,54500,496157,Sumatera,TEBING TINGGI,CDE,Internal,SumateraTEBING TINGGICDE,DALAM KOTA,,,,5,REGULAR,2:41:00,290160,151497,-269227
260504C208,HCI,4-May-2026,PICKUP,BK8633MS,Medan,Sumatera Utara,Pertalite,7.5,Customer,6,3.0,3,5,88500,562941,Sumatera,MEDAN,PICKUP,Internal,SumateraMEDANPICKUP,DALAM KOTA,,,,5,REGULAR,11:32:00,386880,87561,63
260504C209,HCI,4-May-2026,PICKUP,BK8696MS,Medan,Sumatera Utara,Pertalite,3.1,Customer,3,1.95,3,3,46000,483147,Sumatera,MEDAN,PICKUP,Internal,SumateraMEDANPICKUP,DALAM KOTA,,,,5,NON REGULAR,5:36:00,386880,50267,30
260504C213,HCI,4-May-2026,CDELC,BK8309MS,Langkat,Sumatera Utara,,,Customer,4,10.0,10,3,84000,756513,Sumatera,LANGKAT,CDE,Internal,SumateraLANGKATCDE,DALAM KOTA,,,,5,NON REGULAR,6:46:00,386880,285633,-76138
260504H060,HCI,4-May-2026,CDELC,BK8807MH,Pematangsiantar,Sumatera Utara,,,HUB,17,10.0,10,2,219000,603028,Sumatera,PEMATANGSIANTAR,CDE,Internal,SumateraPEMATANGSIANTARCDE,LUAR KOTA,,,,5,REGULAR,9:17:00,193440,190588,-184843
260504C216,HCI,4-May-2026,CDELC,BK8141LM,Medan,Sumatera Utara,Solar,5.88,Customer,6,5.13,10,5,45000,389534,Sumatera,MEDAN,CDE,Internal,SumateraMEDANCDE,DALAM KOTA,,,,5,REGULAR,1:36:00,193440,151094,35
260504C221,HCI,4-May-2026,CDELC,BK8191MQ,Medan,Sumatera Utara,,,Customer,4,1.24,10,4,,396103,Sumatera,MEDAN,CDE,Internal,SumateraMEDANCDE,DALAM KOTA,,,,5,NON REGULAR,3:38:00,290160,105943,-164623
260504H064,HCI,4-May-2026,CDELC,BK8073MQ,Pematangsiantar,Sumatera Utara,Solar,29.41,HUB,53,10.0,10,1,431000,836325,Sumatera,PEMATANGSIANTAR,CDE,Internal,SumateraPEMATANGSIANTARCDE,LUAR KOTA,,,,5,REGULAR,9:19:00,193440,211885,252
260504D088,HCI,4-May-2026,CDELC,BK8804MH,Medan,Sumatera Utara,Solar,5.88,Store,8,8.23,10,1,55000,440454,Sumatera,MEDAN,CDE,Internal,SumateraMEDANCDE,DALAM KOTA,,,,5,REGULAR,739:32:00,290160,95294,38
260505C191,HCI,5-May-2026,CDELC,BK8646MS,Medan,Sumatera Utara,Solar,10.88,Customer,18,6.19,10,9,92000,577807,Sumatera,MEDAN,CDE,Internal,SumateraMEDANCDE,DALAM KOTA,,,,5,REGULAR,9:26:00,193440,292367,66
260505C192,HCI,5-May-2026,CDELC,BK8009MI,Medan,Sumatera Utara,Solar,11.47,Customer,9,5.2,10,7,88500,357689,Sumatera,MEDAN,CDE,Internal,SumateraMEDANCDE,DALAM KOTA,,,,5,REGULAR,6:03:00,193440,75749,87
260505C194,HCI,5-May-2026,CDELC,BK8804MH,Medan,Sumatera Utara,Solar,25.88,Customer,13,10.0,10,8,200000,777468,Sumatera,MEDAN,CDE,Internal,SumateraMEDANCDE,DALAM KOTA,,,,5,REGULAR,13:00:00,386880,190588,203
260505C195,HCI,5-May-2026,CDELC,BK8299MH,Medan,Sumatera Utara,Solar,14.71,Customer,14,6.3,10,11,108500,646877,Sumatera,MEDAN,CDE,Internal,SumateraMEDANCDE,DALAM KOTA,,,,5,REGULAR,8:24:00,386880,151497,97
260505C198,HCI,5-May-2026,CDELC,BK8141LM,Binjai,Sumatera Utara,Solar,13.24,Customer,6,6.62,10,6,122000,487707,Sumatera,BINJAI,CDE,Internal,SumateraBINJAICDE,DALAM KOTA,,,,5,REGULAR,4:58:00,290160,75547,99
260505C199,HCI,5-May-2026,CDELC,BK8807MH,Medan,Sumatera Utara,Solar,6.62,Customer,9,4.28,10,6,45000,430454,Sumatera,MEDAN,CDE,Internal,SumateraMEDANCDE,DALAM KOTA,,,,5,REGULAR,4:26:00,290160,95294,54
260505C200,HCI,5-May-2026,CDELC,BK8099LM,Medan,Sumatera Utara,Solar,9.56,Customer,16,4.71,10,11,80000,642980,Sumatera,MEDAN,CDE,Internal,SumateraMEDANCDE,DALAM KOTA,,,,5,REGULAR,7:55:00,386880,176100,77
260505C201,HCI,5-May-2026,CDELC,BK8191MQ,Medan,Sumatera Utara,Solar,10.29,Customer,13,8.3,10,11,70000,668765,Sumatera,MEDAN,CDE,Internal,SumateraMEDANCDE,DALAM KOTA,,,,5,REGULAR,9:34:00,386880,211885,90
260505C203,HCI,5-May-2026,CDELC,BK8805MH,Medan,Sumatera Utara,Solar,8.82,Customer,10,2.18,10,7,66000,451454,Sumatera,MEDAN,CDE,Internal,SumateraMEDANCDE,DALAM KOTA,,,,5,REGULAR,4:35:00,290160,95294,56
260505C204,HCI,5-May-2026,CDELC,BK8647MS,Medan,Sumatera Utara,Solar,7.35,Customer,14,6.39,10,11,69500,505843,Sumatera,MEDAN,CDE,Internal,SumateraMEDANCDE,DALAM KOTA,,,,5,REGULAR,4:41:00,290160,146183,47
260505C205,HCI,5-May-2026,CDELC,BK8135LM,Medan,Sumatera Utara,Solar,6.62,Customer,15,5.01,10,10,45000,583377,Sumatera,MEDAN,CDE,Internal,SumateraMEDANCDE,DALAM KOTA,,,,5,REGULAR,8:00:00,386880,151497,49
260505C206,HCI,5-May-2026,CDELC,BK8813MG,Deli Serdang,Sumatera Utara,Solar,5.88,Customer,7,3.95,10,4,48000,315437,Sumatera,DELI SERDANG,CDE,Internal,SumateraDELI SERDANGCDE,DALAM KOTA,,,,5,REGULAR,2:44:00,193440,73997,50
260505C210,HCI,5-May-2026,PICKUP,BK8633MS,Medan,Sumatera Utara,Pertalite,3.6,Customer,5,3.0,3,3,40000,180501,Sumatera,MEDAN,PICKUP,Internal,SumateraMEDANPICKUP,DALAM KOTA,,,,5,REGULAR,3:30:00,96720,43781,39
260505C213,HCI,5-May-2026,CDELC,BK8807MH,Medan,Sumatera Utara,Solar,2.94,Customer,4,7.29,10,3,20000,308734,Sumatera,MEDAN,CDE,Internal,SumateraMEDANCDE,DALAM KOTA,,,,5,NON REGULAR,2:48:00,193440,95294,24
260505C189,HCI,5-May-2026,CDELC,BK8047MQ,Medan,Sumatera Utara,Solar,7.35,Customer,16,8.91,10,8,50000,455325,Sumatera,MEDAN,CDE,Internal,SumateraMEDANCDE,DALAM KOTA,,,,5,REGULAR,5:50:00,193440,211885,52
260505C314,HCI,5-May-2026,PICKUP,BK8136LM,Medan,Sumatera Utara,Pertalite,7.1,Customer,3,1.72,3,2,71000,308538,Sumatera,MEDAN,MINI VAN BOX,Internal,SumateraMEDANMINI VAN BOX,DALAM KOTA,,,,5,REGULAR,5:31:00,193440,44098,71
260505C316,HCI,5-May-2026,PICKUP,A8330VX,Medan,Sumatera Utara,Pertalite,2.6,Customer,2,1.07,3,2,26000,261523,Sumatera,MEDAN,MINI VAN BOX,Internal,SumateraMEDANMINI VAN BOX,DALAM KOTA,,,,5,NON REGULAR,0:47:00,193440,42083,14
260505C187,HCI,5-May-2026,CDELC,BK8172LM,Medan,Sumatera Utara,Solar,11.76,Customer,19,6.3,10,9,100000,638377,Sumatera,MEDAN,CDE,Internal,SumateraMEDANCDE,DALAM KOTA,,,,5,REGULAR,10:31:00,386880,151497,97
260505C293,HCI,5-May-2026,PICKUP,BK8696MS,Medan,Sumatera Utara,Pertalite,4.3,Customer,1,1.69,3,1,50500,390927,Sumatera,MEDAN,PICKUP,Internal,SumateraMEDANPICKUP,DALAM KOTA,,,,5,REGULAR,3:00:00,290160,50267,50
260505D106,HCI,5-May-2026,CDELC,BK8009MI,Medan,Sumatera Utara,Solar,4.41,Store,35,9.22,10,1,30000,299189,Sumatera,MEDAN,CDE,Internal,SumateraMEDANCDE,DALAM KOTA,,,,5,REGULAR,3:05:00,193440,75749,32
260505D103,HCI,5-May-2026,CDELC,BK8805MH,Deli Serdang,Sumatera Utara,Solar,6.91,Store,54,8.12,10,3,50500,242514,Sumatera,DELI SERDANG,CDE,Internal,SumateraDELI SERDANGCDE,DALAM KOTA,,,,5,REGULAR,2:21:00,96720,95294,49
260505C186,HCI,5-May-2026,CDELC,BK8031LM,Medan,Sumatera Utara,Solar,7.5,Customer,18,4.01,10,10,78000,615974,Sumatera,MEDAN,CDE,Internal,SumateraMEDANCDE,DALAM KOTA,,,,5,REGULAR,7:22:00,386880,151094,53
260505D119,AHI,5-May-2026,CDELC,BK8309MS,Medan,Sumatera Utara,Solar,2.21,Store,33,10.0,10,1,19000,401353,Sumatera,MEDAN,CDE,Internal,SumateraMEDANCDE,DALAM KOTA,,,,5,REGULAR,3:44:00,96720,285633,35
260505D120,AHI,5-May-2026,CDELC,BK8192MQ,Medan,Sumatera Utara,Solar,6.62,Store,15,10.0,10,1,45000,450325,Sumatera,MEDAN,CDE,Internal,SumateraMEDANCDE,DALAM KOTA,,,,5,REGULAR,8:55:00,193440,211885,40
260505D121,AHI,5-May-2026,CDELC,BK8141LM,Medan,Sumatera Utara,Solar,5.15,Store,22,10.0,10,1,35000,207267,Sumatera,MEDAN,CDE,Internal,SumateraMEDANCDE,DALAM KOTA,,,,5,REGULAR,0:11:00,96720,75547,35
260505D122,AHI,5-May-2026,CDELC,BK8075MQ,Medan,Sumatera Utara,Solar,5.88,Store,67,9.61,10,3,58000,463325,Sumatera,MEDAN,CDE,Internal,SumateraMEDANCDE,DALAM KOTA,,,,5,REGULAR,5:35:00,193440,211885,39
260505D124,AHI,5-May-2026,PICKUP,BK8633MS,Medan,Sumatera Utara,Pertalite,5.2,Store,98,3.0,3,3,57000,294221,Sumatera,MEDAN,PICKUP,Internal,SumateraMEDANPICKUP,DALAM KOTA,,,,5,REGULAR,4:00:00,193440,43781,62
260505D125,AHI,5-May-2026,CDELC,BK8813MG,Medan,Sumatera Utara,Solar,4.41,Store,156,10.0,10,2,50000,220717,Sumatera,MEDAN,CDE,Internal,SumateraMEDANCDE,DALAM KOTA,,,,5,REGULAR,3:43:00,96720,73997,30
260505D126,AHI,5-May-2026,CDELC,BK8647MS,Medan,Sumatera Utara,Solar,6.62,Store,22,8.63,10,2,55000,297903,Sumatera,MEDAN,CDE,Internal,SumateraMEDANCDE,DALAM KOTA,,,,5,REGULAR,2:57:00,96720,146183,40
260505D127,AHI,5-May-2026,CDELC,BK8146LM,Medan,Sumatera Utara,Solar,5.15,Store,66,10.0,10,1,50000,298217,Sumatera,MEDAN,CDE,Internal,SumateraMEDANCDE,DALAM KOTA,,,,5,REGULAR,4:35:00,96720,151497,47
260505C185,HCI,5-May-2026,CDELC,BK8073MQ,Medan,Sumatera Utara,Solar,10.15,Customer,22,6.95,10,13,77000,675765,Sumatera,MEDAN,CDE,Internal,SumateraMEDANCDE,DALAM KOTA,,,,5,REGULAR,7:47:00,386880,211885,92
260505H071,HCI,5-May-2026,CDELC,BK8871MS,Pematangsiantar,Sumatera Utara,Solar,29.41,HUB,19,7.6,10,5,467500,660940,Sumatera,PEMATANGSIANTAR,CDE,Internal,SumateraPEMATANGSIANTARCDE,LUAR KOTA,,,,5,REGULAR,8:32:00,193440,,258
260505H073,HCI,5-May-2026,CDELC,BK8803MH,Pematangsiantar,Sumatera Utara,Solar,26.47,HUB,26,8.01,10,2,441000,728308,Sumatera,PEMATANGSIANTAR,CDE,Internal,SumateraPEMATANGSIANTARCDE,LUAR KOTA,,,,5,REGULAR,6:13:00,96720,190588,229
260505D110,FBI,5-May-2026,PICKUP,BK8136LM,Medan,Sumatera Utara,Pertalite,6.3,Store,9,2.23,3,4,80500,285798,Sumatera,MEDAN,MINI VAN BOX,Internal,SumateraMEDANMINI VAN BOX,DALAM KOTA,,,,5,REGULAR,5:15:00,161200,44098,72
260505D111,FBI,5-May-2026,PICKUP,A8330VX,Medan,Sumatera Utara,Pertalite,3.5,Store,10,2.84,3,4,40000,340003,Sumatera,MEDAN,MINI VAN BOX,Internal,SumateraMEDANMINI VAN BOX,DALAM KOTA,,,,5,REGULAR,10:03:00,257920,42083,34
260505D105,HCI,5-May-2026,CDELC,BK8806MH,Medan,Sumatera Utara,Solar,4.41,Store,43,7.87,10,1,30000,414028,Sumatera,MEDAN,CDE,Internal,SumateraMEDANCDE,DALAM KOTA,,,,5,REGULAR,9:48:00,193440,190588,27
260505D137,AHI,5-May-2026,PICKUP,BK8696MS,Medan,Sumatera Utara,Pertalite,3.7,Store,2,1.29,3,2,57000,300707,Sumatera,MEDAN,PICKUP,Internal,SumateraMEDANPICKUP,DALAM KOTA,,,,5,REGULAR,6:47:00,193440,50267,38
260505L074,AHI,5-May-2026,CDELC,BK8074MQ,Pematangsiantar,Sumatera Utara,Solar,32.35,Store,74,8.04,10,3,478000,947805,Sumatera,PEMATANGSIANTAR,CDE,Internal,SumateraPEMATANGSIANTARCDE,LUAR KOTA,,,,5,REGULAR,5:33:00,257920,211885,237
260506D111,AHI,6-May-2026,FUSO,BK8815MG,Medan,Sumatera Utara,Solar,15.44,Store,589,34.0,34,2,286500,861532,Sumatera,MEDAN,FUSO,Internal,SumateraMEDANFUSO,DALAM KOTA,,,,5,REGULAR,10:26:00,221074,353958,63
260506D107,FBI,6-May-2026,CDELC,BK8099LM,Medan,Sumatera Utara,Solar,14.71,Store,6,8.34,10,3,142500,539674,Sumatera,MEDAN,CDE,Internal,SumateraMEDANCDE,DALAM KOTA,,,,5,REGULAR,6:55:00,221074,176100,121
260506D108,FBI,6-May-2026,PICKUP,BK8136LM,Medan,Sumatera Utara,Pertalite,11.8,Store,10,3.0,3,6,158000,467269,Sumatera,MEDAN,MINI VAN BOX,Internal,SumateraMEDANMINI VAN BOX,DALAM KOTA,,,,5,REGULAR,15:09:00,221074,88195,137
260506C176,HCI,6-May-2026,CDELC,BK8073MQ,Deli Serdang,Sumatera Utara,Solar,13.24,Customer,17,8.45,10,9,97000,695765,Sumatera,DELI SERDANG,CDE,Internal,SumateraDELI SERDANGCDE,DALAM KOTA,,,,5,REGULAR,8:40:00,386880,211885,96
260506C177,HCI,6-May-2026,CDELC,BK8805MH,Medan,Sumatera Utara,Solar,7.06,Customer,19,3.49,10,8,77000,461028,Sumatera,MEDAN,CDE,Internal,SumateraMEDANCDE,DALAM KOTA,,,,5,REGULAR,7:07:00,193440,190588,36
260506C179,HCI,6-May-2026,CDELC,BK8806MH,Medan,Sumatera Utara,Solar,8.09,Customer,25,6.45,10,11,64000,448028,Sumatera,MEDAN,CDE,Internal,SumateraMEDANCDE,DALAM KOTA,,,,5,REGULAR,4:58:00,193440,190588,54
260506C182,HCI,6-May-2026,CDELC,BK8309MS,Medan,Sumatera Utara,Solar,9.56,Customer,24,4.84,10,9,77000,556073,Sumatera,MEDAN,CDE,Internal,SumateraMEDANCDE,DALAM KOTA,,,,5,REGULAR,9:06:00,193440,285633,78
260506C183,HCI,6-May-2026,CDELC,BK8646MS,Medan,Sumatera Utara,Solar,13.97,Customer,14,10.0,10,10,109000,788247,Sumatera,MEDAN,CDE,Internal,SumateraMEDANCDE,DALAM KOTA,,,,5,REGULAR,7:30:00,386880,292367,90
260506C184,HCI,6-May-2026,CDELC,BK8172LM,Medan,Sumatera Utara,Solar,14.71,Customer,14,3.21,10,12,119500,657877,Sumatera,MEDAN,CDE,Internal,SumateraMEDANCDE,DALAM KOTA,,,,5,REGULAR,7:51:00,386880,151497,95
260506C185,HCI,6-May-2026,CDELC,BK8647MS,Binjai,Sumatera Utara,Solar,16.91,Customer,6,3.52,10,5,177500,856747,Sumatera,BINJAI,CDE,Internal,SumateraBINJAICDE,DALAM KOTA,,,,5,REGULAR,7:35:00,386880,292367,132
260506C186,HCI,6-May-2026,CDELC,BK8031LM,Medan,Sumatera Utara,Solar,10.29,Customer,10,2.66,10,8,79000,616974,Sumatera,MEDAN,CDE,Internal,SumateraMEDANCDE,DALAM KOTA,,,,5,REGULAR,6:25:00,386880,151094,74
260506C189,HCI,6-May-2026,CDELC,BK8047MQ,Medan,Sumatera Utara,Solar,22.79,Customer,10,7.97,10,7,155000,753765,Sumatera,MEDAN,CDE,Internal,SumateraMEDANCDE,DALAM KOTA,,,,5,REGULAR,8:14:00,386880,211885,184
260506C190,HCI,6-May-2026,CDELC,BK8299MH,Medan,Sumatera Utara,Solar,9.56,Customer,16,5.51,10,11,70000,608377,Sumatera,MEDAN,CDE,Internal,SumateraMEDANCDE,DALAM KOTA,,,,5,REGULAR,7:02:00,386880,151497,65
260506C191,HCI,6-May-2026,CDELC,BK8807MH,Medan,Sumatera Utara,Solar,9.56,Customer,13,4.89,10,10,68000,452028,Sumatera,MEDAN,CDE,Internal,SumateraMEDANCDE,DALAM KOTA,,,,5,REGULAR,7:00:00,193440,190588,60
260506C192,HCI,6-May-2026,PICKUP,BK8633MS,Medan,Sumatera Utara,Pertalite,11.8,Customer,6,3.0,3,6,142000,616441,Sumatera,MEDAN,PICKUP,Internal,SumateraMEDANPICKUP,DALAM KOTA,,,,5,REGULAR,-2:41:00,386880,87561,107
260506C193,HCI,6-May-2026,CDELC,BK8075MQ,Deli Serdang,Sumatera Utara,Solar,8.82,Customer,7,2.76,10,5,60000,262663,Sumatera,DELI SERDANG,CDE,Internal,SumateraDELI SERDANGCDE,DALAM KOTA,,,,5,REGULAR,4:52:00,96720,105943,62
260506C198,HCI,6-May-2026,CDELC,BK8135LM,Medan,Sumatera Utara,Solar,4.41,Customer,8,3.41,10,5,30000,374937,Sumatera,MEDAN,CDE,Internal,SumateraMEDANCDE,DALAM KOTA,,,,5,REGULAR,3:59:00,193440,151497,37
260506C199,HCI,6-May-2026,CDELC,BK8813MG,Medan,Sumatera Utara,Solar,3.53,Customer,4,3.33,10,2,30000,371434,Sumatera,MEDAN,CDE,Internal,SumateraMEDANCDE,DALAM KOTA,,,,5,NON REGULAR,2:20:00,193440,147994,31
260506C200,HCI,6-May-2026,PICKUP,BK8696MS,Medan,Sumatera Utara,Pertalite,16.32,Customer,6,3.0,3,3,187000,674413,Sumatera,MEDAN,PICKUP,Internal,SumateraMEDANPICKUP,DALAM KOTA,,,,5,REGULAR,-1:07:00,386880,100533,142
260506H049,HCI,6-May-2026,CDELC,BK8871MS,Pematangsiantar,Sumatera Utara,Solar,30.15,HUB,26,10.0,10,1,466000,659440,Sumatera,PEMATANGSIANTAR,CDE,Internal,SumateraPEMATANGSIANTARCDE,LUAR KOTA,,,,5,REGULAR,8:28:00,193440,,230
260506H050,HCI,6-May-2026,CDELC,BK8074MQ,Pematangsiantar,Sumatera Utara,Solar,37.5,HUB,10,3.94,10,1,516000,921325,Sumatera,PEMATANGSIANTAR,CDE,Internal,SumateraPEMATANGSIANTARCDE,LUAR KOTA,,,,5,REGULAR,7:48:00,193440,211885,249
260506C205,HCI,6-May-2026,CDELC,BK8191MQ,Medan,Sumatera Utara,Solar,5.15,Customer,15,8.61,10,8,44000,449325,Sumatera,MEDAN,CDE,Internal,SumateraMEDANCDE,DALAM KOTA,,,,5,REGULAR,-4:48:00,193440,211885,46
260506D093,AHI,6-May-2026,CDELC,BK8146LM,Medan,Sumatera Utara,Solar,10.29,Store,12,10.0,10,1,85000,429937,Sumatera,MEDAN,CDE,Internal,SumateraMEDANCDE,DALAM KOTA,,,,5,REGULAR,7:50:00,193440,151497,68
260506D095,HCI,6-May-2026,CDELC,BK8803MH,Medan,Sumatera Utara,Solar,5.88,Store,52,10.0,10,6,60000,444028,Sumatera,MEDAN,CDE,Internal,SumateraMEDANCDE,DALAM KOTA,,,,5,REGULAR,-1:34:00,193440,190588,39
260506D099,AHI,6-May-2026,CDELC,BK8804MH,Medan,Sumatera Utara,Solar,5.59,Store,92,10.0,10,3,45000,237014,Sumatera,MEDAN,CDE,Internal,SumateraMEDANCDE,DALAM KOTA,,,,5,REGULAR,3:08:00,96720,95294,57
260506D109,FBI,6-May-2026,#N/A,A8330VX,Pematangsiantar,Sumatera Utara,#N/A,20.7,Store,15,2.47,3,3,467500,745107,Sumatera,PEMATANGSIANTAR,VAN BOX,Internal,SumateraPEMATANGSIANTARVAN BOX,LUAR KOTA,,,,5,REGULAR,6:48:00,193440,84167,241
260506D113,HCI,6-May-2026,CDELC,BK8192MQ,Medan,Sumatera Utara,Solar,7.35,Store,51,8.81,10,3,55000,460325,Sumatera,MEDAN,CDE,Internal,SumateraMEDANCDE,DALAM KOTA,,,,5,REGULAR,7:54:00,193440,211885,45
260506X058,HCI,6-May-2026,CDELC,BK8009MI,Deli Serdang,Sumatera Utara,Solar,3.24,Other Delivery,1,8.0,10,1,22000,394571,Sumatera,DELI SERDANG,CDE,Internal,SumateraDELI SERDANGCDE,DALAM KOTA,,,,5,REGULAR,7:10:00,221074,151497,16
260506X060,HCI,6-May-2026,CDELC,BK8112LM,Medan,Sumatera Utara,Solar,1.91,Other Delivery,1,0.55,10,1,13000,385168,Sumatera,MEDAN,CDE,Internal,SumateraMEDANCDE,DALAM KOTA,,,,5,REGULAR,9:03:00,221074,151094,15
260506D147,HCI,6-May-2026,CDELC,BK8804MH,Medan,Sumatera Utara,Solar,2.21,Store,1,8.0,10,1,15000,331368,Sumatera,MEDAN,CDE,Internal,SumateraMEDANCDE,DALAM KOTA,,,,5,NON REGULAR,1:45:00,221074,95294,25
260506C299,HCI,6-May-2026,CDELC,BK8075MQ,Deli Serdang,Sumatera Utara,Solar,2.94,Customer,3,3.16,10,1,20000,512823,Sumatera,DELI SERDANG,CDE,Internal,SumateraDELI SERDANGCDE,DALAM KOTA,,,,5,NON REGULAR,1107571:08:00,386880,105943,21
260506D117,KLS,6-May-2026,CDELC,BK8141LM,Medan,Sumatera Utara,,,Store,4,10.0,10,3,5000,377168,Sumatera,MEDAN,CDE,Internal,SumateraMEDANCDE,DALAM KOTA,,,,5,REGULAR,9:42:00,221074,151094,27
260507D129,FBI,7-May-2026,PICKUP,A8330VX,Deli Serdang,Sumatera Utara,Pertalite,6.3,Store,6,2.1,3,4,80500,422587,Sumatera,DELI SERDANG,MINI VAN BOX,Internal,SumateraDELI SERDANGMINI VAN BOX,DALAM KOTA,,,,5,REGULAR,7:41:00,257920,84167,75
260507D127,FBI,7-May-2026,PICKUP,BK8136LM,Medan,Sumatera Utara,Pertalite,5,Store,7,2.39,3,3,55000,401115,Sumatera,MEDAN,MINI VAN BOX,Internal,SumateraMEDANMINI VAN BOX,DALAM KOTA,,,,5,REGULAR,5:00:00,257920,88195,34
260507C192,HCI,7-May-2026,CDELC,BK8804MH,Medan,Sumatera Utara,,,Customer,21,10.0,10,13,13000,397028,Sumatera,MEDAN,CDE,Internal,SumateraMEDANCDE,DALAM KOTA,,,,5,REGULAR,8:31:00,193440,190588,-184397
260507C193,HCI,7-May-2026,CDELC,BK8806MH,Medan,Sumatera Utara,,,Customer,15,4.03,10,7,38000,422028,Sumatera,MEDAN,CDE,Internal,SumateraMEDANCDE,DALAM KOTA,,,,5,REGULAR,5:56:00,193440,190588,-198638
260507C194,HCI,7-May-2026,CDELC,BK8146LM,Medan,Sumatera Utara,,,Customer,17,4.88,10,9,,538377,Sumatera,MEDAN,CDE,Internal,SumateraMEDANCDE,DALAM KOTA,,,,5,REGULAR,2:48:00,386880,151497,-263428
260507C195,HCI,7-May-2026,CDELC,BK8047MQ,Medan,Sumatera Utara,Solar,12.5,Customer,22,4.92,10,9,90000,688765,Sumatera,MEDAN,CDE,Internal,SumateraMEDANCDE,DALAM KOTA,,,,5,REGULAR,8:40:00,386880,211885,96
260507C197,HCI,7-May-2026,CDELC,BK8099LM,Karo,Sumatera Utara,Solar,27.5,Customer,15,10.0,10,9,198000,760980,Sumatera,KARO,CDE,Internal,SumateraKAROCDE,DALAM KOTA,,,,5,REGULAR,12:25:00,386880,176100,210
260507C199,HCI,7-May-2026,CDELC,BK8299MH,Medan,Sumatera Utara,Solar,8.24,Customer,9,5.26,10,7,56000,304217,Sumatera,MEDAN,CDE,Internal,SumateraMEDANCDE,DALAM KOTA,,,,5,REGULAR,4:01:00,96720,151497,76
260507C203,HCI,7-May-2026,CDELC,BK8805MH,Medan,Sumatera Utara,,,Customer,12,7.01,10,4,,384028,Sumatera,MEDAN,CDE,Internal,SumateraMEDANCDE,DALAM KOTA,,,,5,REGULAR,5:51:00,193440,190588,-175244
260507C207,HCI,7-May-2026,CDELC,BK8646MS,Medan,Sumatera Utara,Solar,12.5,Customer,16,7.34,10,12,85000,764247,Sumatera,MEDAN,CDE,Internal,SumateraMEDANCDE,DALAM KOTA,,,,5,REGULAR,9:16:00,386880,292367,85
260507C212,HCI,7-May-2026,PICKUP,BK8633MS,Medan,Sumatera Utara,Pertalite,11.4,Customer,5,3.0,3,5,181000,462001,Sumatera,MEDAN,PICKUP,Internal,SumateraMEDANPICKUP,DALAM KOTA,,,,5,REGULAR,8:23:00,193440,87561,132
260507D096,AHI,7-May-2026,CDELC,BK8073MQ,Medan,Sumatera Utara,Solar,5.88,Store,44,10.0,10,2,43500,448825,Sumatera,MEDAN,CDE,Internal,SumateraMEDANCDE,DALAM KOTA,,,,5,REGULAR,5:39:00,193440,211885,50
260507D098,AHI,7-May-2026,CDELC,BK8191MQ,Medan,Sumatera Utara,Solar,3.68,Store,37,10.0,10,1,25000,430325,Sumatera,MEDAN,CDE,Internal,SumateraMEDANCDE,DALAM KOTA,,,,5,REGULAR,2:27:00,193440,211885,35
260507D101,AHI,7-May-2026,CDELC,BK8647MS,Medan,Sumatera Utara,Solar,4.41,Store,65,10.0,10,3,30000,419087,Sumatera,MEDAN,CDE,Internal,SumateraMEDANCDE,DALAM KOTA,,,,5,REGULAR,5:21:00,96720,292367,31
260507D102,AHI,7-May-2026,PICKUP,BK8696MS,Medan,Sumatera Utara,Pertalite,3.5,Store,17,1.98,3,1,45000,288707,Sumatera,MEDAN,PICKUP,Internal,SumateraMEDANPICKUP,DALAM KOTA,,,,5,REGULAR,3:34:00,193440,50267,36
260507D103,AHI,7-May-2026,CDELC,BK8807MH,Medan,Sumatera Utara,,,Store,68,8.7,10,2,25000,409028,Sumatera,MEDAN,CDE,Internal,SumateraMEDANCDE,DALAM KOTA,,,,5,REGULAR,2:15:00,193440,190588,-185237
260507D106,AHI,7-May-2026,CDELC,BK8192MQ,Medan,Sumatera Utara,Solar,7.94,Store,74,8.7,10,5,77500,482825,Sumatera,MEDAN,CDE,Internal,SumateraMEDANCDE,DALAM KOTA,,,,5,REGULAR,7:43:00,193440,211885,48
260507D112,AHI,7-May-2026,CDELC,BK8009MI,Medan,Sumatera Utara,Solar,6.62,Store,53,10.0,10,2,50000,298217,Sumatera,MEDAN,CDE,Internal,SumateraMEDANCDE,DALAM KOTA,,,,5,REGULAR,4:57:00,96720,151497,48
260507H057,HCI,7-May-2026,CDELC,BK8871MS,Pematangsiantar,Sumatera Utara,Solar,25,HUB,12,2.29,10,2,431000,624440,Sumatera,PEMATANGSIANTAR,CDE,Internal,SumateraPEMATANGSIANTARCDE,LUAR KOTA,,,,5,REGULAR,7:07:00,193440,,230
260507C219,HCI,7-May-2026,CDELC,BK8803MH,Medan,Sumatera Utara,Solar,3.68,Customer,4,10.0,10,2,25000,409028,Sumatera,MEDAN,CDE,Internal,SumateraMEDANCDE,DALAM KOTA,,,,5,NON REGULAR,2:51:00,193440,190588,27
260507H061,HCI,7-May-2026,CDELC,BK8074MQ,Pematangsiantar,Sumatera Utara,Solar,30.88,HUB,1,10.0,10,1,477500,882825,Sumatera,PEMATANGSIANTAR,CDE,Internal,SumateraPEMATANGSIANTARCDE,LUAR KOTA,,,,5,REGULAR,7:58:00,193440,211885,260
260507C257,HCI,7-May-2026,CDELC,BK8031LM,Medan,Sumatera Utara,Solar,8.68,Customer,3,10.0,10,3,66000,507254,Sumatera,MEDAN,CDE,Internal,SumateraMEDANCDE,DALAM KOTA,,,,5,NON REGULAR,4:29:00,290160,151094,70
260507X044,HCI,7-May-2026,CDELC,BK8309MS,Deli Serdang,Sumatera Utara,,,Other Delivery,1,8.0,10,1,6000,549553,Sumatera,DELI SERDANG,CDE,Internal,SumateraDELI SERDANGCDE,DALAM KOTA,,,,5,REGULAR,4:34:00,257920,285633,21
260507C288,HCI,7-May-2026,PICKUP,BK8696MS,Medan,Sumatera Utara,Pertalite,5,Customer,2,1.1,3,2,60000,497147,Sumatera,MEDAN,PICKUP,Internal,SumateraMEDANPICKUP,DALAM KOTA,,,,5,NON REGULAR,4:17:00,386880,50267,51
260508D098,FBI,8-May-2026,PICKUP,A8330VX,Medan,Sumatera Utara,Pertalite,5.1,Store,15,2.73,3,4,55000,355003,Sumatera,MEDAN,MINI VAN BOX,Internal,SumateraMEDANMINI VAN BOX,DALAM KOTA,,,,5,REGULAR,7:11:00,257920,42083,48
260508D099,FBI,8-May-2026,PICKUP,BK8136LM,Binjai,Sumatera Utara,Pertalite,9.4,Store,14,2.83,3,4,140500,389895,Sumatera,BINJAI,MINI VAN BOX,Internal,SumateraBINJAIMINI VAN BOX,DALAM KOTA,,,,5,REGULAR,4:42:00,161200,88195,100
260508H011,HCI,8-May-2026,FUSO,BK8815MG,Pekanbaru,Riau,,,HUB,75,34.0,34,1,,1127718,Sumatera,PEKANBARU,FUSO,Internal,SumateraPEKANBARUFUSO,LUAR KOTA,,,,5,REGULAR,-1107606:24:00,773760,353958,-564071
260508C178,HCI,8-May-2026,CDELC,BK8803MH,Medan,Sumatera Utara,Solar,8.82,Customer,23,4.58,10,9,67000,644468,Sumatera,MEDAN,CDE,Internal,SumateraMEDANCDE,DALAM KOTA,,,,5,REGULAR,7:31:00,386880,190588,60
260508C179,HCI,8-May-2026,CDELC,BK8646MS,Medan,Sumatera Utara,Solar,8.82,Customer,18,6.45,10,10,116000,795247,Sumatera,MEDAN,CDE,Internal,SumateraMEDANCDE,DALAM KOTA,,,,5,REGULAR,8:36:00,386880,292367,53
260508C182,HCI,8-May-2026,CDELC,BK8309MS,Medan,Sumatera Utara,,,Customer,24,7.52,10,12,,672513,Sumatera,MEDAN,CDE,Internal,SumateraMEDANCDE,DALAM KOTA,,,,5,REGULAR,9:08:00,386880,285633,-76517
260508C183,HCI,8-May-2026,CDELC,BK8073MQ,Medan,Sumatera Utara,Solar,11.03,Customer,26,6.88,10,10,85000,683765,Sumatera,MEDAN,CDE,Internal,SumateraMEDANCDE,DALAM KOTA,,,,5,REGULAR,8:46:00,386880,211885,68
260508C184,HCI,8-May-2026,CDELC,BK8871MS,Medan,Sumatera Utara,Solar,10,Customer,16,9.44,10,9,81000,467880,Sumatera,MEDAN,CDE,Internal,SumateraMEDANCDE,DALAM KOTA,,,,5,REGULAR,8:50:00,386880,,72
260508C186,HCI,8-May-2026,CDELC,BK8172LM,Medan,Sumatera Utara,Solar,15.44,Customer,14,6.62,10,9,125000,663377,Sumatera,MEDAN,CDE,Internal,SumateraMEDANCDE,DALAM KOTA,,,,5,REGULAR,8:03:00,386880,151497,93
260508C187,HCI,8-May-2026,CDELC,BK8075MQ,Binjai,Sumatera Utara,Solar,16.18,Customer,16,8.7,10,12,125000,723765,Sumatera,BINJAI,CDE,Internal,SumateraBINJAICDE,DALAM KOTA,,,,5,REGULAR,8:14:00,386880,211885,99
260508C188,HCI,8-May-2026,CDELC,BK8047MQ,Medan,Sumatera Utara,Solar,7.35,Customer,6,10.0,10,3,50000,455325,Sumatera,MEDAN,CDE,Internal,SumateraMEDANCDE,DALAM KOTA,,,,5,NON REGULAR,3:44:00,193440,211885,40
260508C190,HCI,8-May-2026,CDELC,BK8146LM,Medan,Sumatera Utara,Solar,10.29,Customer,12,7.22,10,6,74000,612377,Sumatera,MEDAN,CDE,Internal,SumateraMEDANCDE,DALAM KOTA,,,,5,REGULAR,7:22:00,386880,151497,71
260508C191,HCI,8-May-2026,CDELC,BK8805MH,Medan,Sumatera Utara,Solar,6.47,Customer,14,7.44,10,9,55000,439028,Sumatera,MEDAN,CDE,Internal,SumateraMEDANCDE,DALAM KOTA,,,,5,REGULAR,3:16:00,193440,190588,45
260508C192,HCI,8-May-2026,CDELC,BK8135LM,Medan,Sumatera Utara,Solar,10.29,Customer,15,5.28,10,11,70000,511657,Sumatera,MEDAN,CDE,Internal,SumateraMEDANCDE,DALAM KOTA,,,,5,REGULAR,6:53:00,290160,151497,92
260508C193,HCI,8-May-2026,CDELC,BK8031LM,Deli Serdang,Sumatera Utara,Solar,11.03,Customer,7,4.77,10,4,75000,516254,Sumatera,DELI SERDANG,CDE,Internal,SumateraDELI SERDANGCDE,DALAM KOTA,,,,5,REGULAR,3:35:00,290160,151094,92
260508C194,HCI,8-May-2026,PICKUP,BK8633MS,Medan,Sumatera Utara,Pertalite,9.7,Customer,8,2.86,3,7,127000,408001,Sumatera,MEDAN,PICKUP,Internal,SumateraMEDANPICKUP,DALAM KOTA,,,,5,REGULAR,7:27:00,193440,87561,100
260508C196,HCI,8-May-2026,PICKUP,BK8696MS,Medan,Sumatera Utara,Pertalite,3.3,Customer,2,2.5,3,1,39500,379927,Sumatera,MEDAN,PICKUP,Internal,SumateraMEDANPICKUP,DALAM KOTA,,,,5,REGULAR,2:17:00,290160,50267,43
260508H056,HCI,8-May-2026,CDELC,BK8647MS,Pematangsiantar,Sumatera Utara,Solar,38.24,HUB,82,6.97,10,2,536000,1021807,Sumatera,PEMATANGSIANTAR,CDE,Internal,SumateraPEMATANGSIANTARCDE,LUAR KOTA,,,,5,REGULAR,10:23:00,193440,292367,252
260508C214,HCI,8-May-2026,CDELC,BK8191MQ,Medan,Sumatera Utara,Solar,6.32,Customer,2,9.24,10,1,50000,358605,Sumatera,MEDAN,CDE,Internal,SumateraMEDANCDE,DALAM KOTA,,,,5,NON REGULAR,2:32:00,96720,211885,62
260508D100,AHI,8-May-2026,CDELC,BK8009MI,Medan,Sumatera Utara,Solar,5.88,Store,167,10.0,10,3,45000,293217,Sumatera,MEDAN,CDE,Internal,SumateraMEDANCDE,DALAM KOTA,,,,5,REGULAR,6:07:00,96720,151497,39
260508D101,HCI,8-May-2026,CDELC,BK8806MH,Medan,Sumatera Utara,Solar,5.88,Store,84,10.0,10,4,58500,345808,Sumatera,MEDAN,CDE,Internal,SumateraMEDANCDE,DALAM KOTA,,,,5,REGULAR,5:41:00,96720,190588,42
260508D102,AHI,8-May-2026,CDELC,BK8192MQ,Medan,Sumatera Utara,Solar,9.56,Store,168,9.56,10,4,80000,485325,Sumatera,MEDAN,CDE,Internal,SumateraMEDANCDE,DALAM KOTA,,,,5,REGULAR,9:36:00,193440,211885,51
260508D103,HCI,8-May-2026,CDELC,BK8804MH,Medan,Sumatera Utara,,,Store,84,10.0,10,4,,384028,Sumatera,MEDAN,CDE,Internal,SumateraMEDANCDE,DALAM KOTA,,,,5,REGULAR,7:17:00,193440,190588,-184514
260508D104,AHI,8-May-2026,PICKUP,BK8696MS,Medan,Sumatera Utara,Pertalite,4.6,Store,82,2.6,3,2,54500,298207,Sumatera,MEDAN,PICKUP,Internal,SumateraMEDANPICKUP,DALAM KOTA,,,,5,REGULAR,5:29:00,193440,50267,45
260508C291,HCI,8-May-2026,PICKUP,A8330VX,Medan,Sumatera Utara,Pertalite,5.4,Customer,1,0.32,3,1,54000,289523,Sumatera,MEDAN,MINI VAN BOX,Internal,SumateraMEDANMINI VAN BOX,DALAM KOTA,,,,5,NON REGULAR,1:53:00,193440,42083,45
260508C250,KLS,8-May-2026,CDELC,BK8299MH,Medan,Sumatera Utara,Solar,13.24,Customer,9,9.9,10,9,107500,549157,Sumatera,MEDAN,CDE,Internal,SumateraMEDANCDE,DALAM KOTA,,,,5,REGULAR,7:24:00,290160,151497,95
260508D105,KLS,8-May-2026,CDELC,BK8074MQ,Medan,Sumatera Utara,Solar,7.35,Store,2,8.96,10,1,53500,523305,Sumatera,MEDAN,CDE,Internal,SumateraMEDANCDE,DALAM KOTA,,,,5,REGULAR,10:03:00,257920,211885,47
260509C188,HCI,9-May-2026,CDELC,BK8146LM,Medan,Sumatera Utara,,,Customer,12,6.65,10,8,4500,542877,Sumatera,MEDAN,CDE,Internal,SumateraMEDANCDE,DALAM KOTA,,,,5,REGULAR,7:32:00,386880,151497,-263555
260509C189,HCI,9-May-2026,CDELC,BK8099LM,Medan,Sumatera Utara,Solar,12.5,Customer,9,4.59,10,7,120000,682980,Sumatera,MEDAN,CDE,Internal,SumateraMEDANCDE,DALAM KOTA,,,,5,REGULAR,6:24:00,386880,176100,86
260509C190,HCI,9-May-2026,CDELC,BK8009MI,Binjai,Sumatera Utara,,,Customer,13,5.38,10,9,19000,557377,Sumatera,BINJAI,CDE,Internal,SumateraBINJAICDE,DALAM KOTA,,,,5,REGULAR,7:26:00,386880,151497,-265121
260509C191,HCI,9-May-2026,CDELC,BK8813MG,Medan,Sumatera Utara,Solar,12.65,Customer,12,5.43,10,13,105000,639874,Sumatera,MEDAN,CDE,Internal,SumateraMEDANCDE,DALAM KOTA,,,,5,REGULAR,5:49:00,386880,147994,87
260509C194,HCI,9-May-2026,CDELC,BK8073MQ,Medan,Sumatera Utara,,,Customer,14,8.94,10,12,10000,608765,Sumatera,MEDAN,CDE,Internal,SumateraMEDANCDE,DALAM KOTA,,,,5,REGULAR,7:32:00,386880,211885,-176138
260509C195,HCI,9-May-2026,CDELC,BK8031LM,Medan,Sumatera Utara,Solar,8.09,Customer,9,8.02,10,12,64500,602474,Sumatera,MEDAN,CDE,Internal,SumateraMEDANCDE,DALAM KOTA,,,,5,REGULAR,6:15:00,386880,151094,62
260509C196,HCI,9-May-2026,CDELC,BK8172LM,Medan,Sumatera Utara,Solar,8.09,Customer,7,3.88,10,5,64000,602377,Sumatera,MEDAN,CDE,Internal,SumateraMEDANCDE,DALAM KOTA,,,,5,REGULAR,6:54:00,386880,151497,54
260509C197,HCI,9-May-2026,CDELC,BK8805MH,Deli Serdang,Sumatera Utara,,,Customer,11,3.55,10,8,,577468,Sumatera,DELI SERDANG,CDE,Internal,SumateraDELI SERDANGCDE,DALAM KOTA,,,,5,REGULAR,2:53:00,386880,190588,-198740
260509C201,HCI,9-May-2026,PICKUP,BK8633MS,Medan,Sumatera Utara,Pertalite,8.1,Customer,6,3.0,3,6,96000,570441,Sumatera,MEDAN,PICKUP,Internal,SumateraMEDANPICKUP,DALAM KOTA,,,,5,REGULAR,8:33:00,386880,87561,73
260509C187,HCI,9-May-2026,CDELC,BK8047MQ,Medan,Sumatera Utara,Solar,10.29,Customer,28,7.56,10,10,84000,682765,Sumatera,MEDAN,CDE,Internal,SumateraMEDANCDE,DALAM KOTA,,,,5,REGULAR,8:42:00,386880,211885,79
260509C215,HCI,9-May-2026,CDELC,BK8075MQ,Medan,Sumatera Utara,Solar,1.47,Customer,5,5.89,10,1,10000,318605,Sumatera,MEDAN,CDE,Internal,SumateraMEDANCDE,DALAM KOTA,,,,5,NON REGULAR,1:37:00,96720,211885,9
260509C216,HCI,9-May-2026,CDELC,BK8309MS,Medan,Sumatera Utara,Solar,4.41,Customer,1,10.0,10,1,30000,509073,Sumatera,MEDAN,CDE,Internal,SumateraMEDANCDE,DALAM KOTA,,,,5,NON REGULAR,6:23:00,193440,285633,28
260509C220,HCI,9-May-2026,CDELC,BK8647MS,Medan,Sumatera Utara,,,Customer,1,10.0,10,1,,679247,Sumatera,MEDAN,CDE,Internal,SumateraMEDANCDE,DALAM KOTA,,,,5,NON REGULAR,0:32:00,386880,292367,-33985
260509D094,HCI,9-May-2026,CDELC,BK8135LM,Medan,Sumatera Utara,Solar,5.88,Store,17,10.0,10,5,65000,409937,Sumatera,MEDAN,CDE,Internal,SumateraMEDANCDE,DALAM KOTA,,,,5,REGULAR,7:05:00,193440,151497,45
260509D096,HCI,9-May-2026,CDELC,BK8192MQ,Medan,Sumatera Utara,Solar,8.82,Store,21,10.0,10,2,75000,480325,Sumatera,MEDAN,CDE,Internal,SumateraMEDANCDE,DALAM KOTA,,,,5,REGULAR,6:43:00,193440,211885,55
260509C186,HCI,9-May-2026,CDELC,BK8803MH,Medan,Sumatera Utara,,,Customer,23,6.1,10,8,,577468,Sumatera,MEDAN,CDE,Internal,SumateraMEDANCDE,DALAM KOTA,,,,5,REGULAR,4:25:00,386880,190588,-198992
260509C185,HCI,9-May-2026,CDELC,BK8299MH,Medan,Sumatera Utara,Solar,8.82,Customer,33,4.98,10,14,99000,637377,Sumatera,MEDAN,CDE,Internal,SumateraMEDANCDE,DALAM KOTA,,,,5,REGULAR,7:32:00,386880,151497,55
260509H051,HCI,9-May-2026,CDELC,BK8806MH,Pematangsiantar,Sumatera Utara,Solar,25.74,HUB,19,8.51,10,1,436000,820028,Sumatera,PEMATANGSIANTAR,CDE,Internal,SumateraPEMATANGSIANTARCDE,LUAR KOTA,,,,5,REGULAR,7:29:00,193440,190588,228
260509C183,HCI,9-May-2026,CDELC,BK8807MH,Medan,Sumatera Utara,,,Customer,20,9.68,10,14,13500,590968,Sumatera,MEDAN,CDE,Internal,SumateraMEDANCDE,DALAM KOTA,,,,5,REGULAR,7:17:00,386880,190588,-185271
260509D122,FBI,9-May-2026,PICKUP,A8330VX,Medan,Sumatera Utara,Pertalite,5.4,Store,19,1.97,3,4,66000,440327,Sumatera,MEDAN,MINI VAN BOX,Internal,SumateraMEDANMINI VAN BOX,DALAM KOTA,,,,5,REGULAR,3:31:00,290160,84167,66
260509D124,FBI,9-May-2026,PICKUP,BK8136LM,Medan,Sumatera Utara,Pertalite,5,Store,21,1.62,3,3,55000,336635,Sumatera,MEDAN,MINI VAN BOX,Internal,SumateraMEDANMINI VAN BOX,DALAM KOTA,,,,5,REGULAR,5:10:00,193440,88195,43
260509L093,AHI,9-May-2026,CDELC,BK8191MQ,Pematangsiantar,Sumatera Utara,,,Store,1,9.0,10,1,,405325,Sumatera,PEMATANGSIANTAR,CDE,Internal,SumateraPEMATANGSIANTARCDE,LUAR KOTA,,,,5,REGULAR,-1107634:37:00,193440,211885,-164927
260510C122,HCI,10-May-2026,CDELC,BK8099LM,Medan,Sumatera Utara,Solar,12.5,Customer,16,3.58,10,7,105500,668480,Sumatera,MEDAN,CDE,Internal,SumateraMEDANCDE,DALAM KOTA,,,,5,REGULAR,7:29:00,386880,176100,95
260510C123,HCI,10-May-2026,CDELC,BK8075MQ,Medan,Sumatera Utara,Solar,8.24,Customer,23,4.67,10,6,85000,683765,Sumatera,MEDAN,CDE,Internal,SumateraMEDANCDE,DALAM KOTA,,,,5,REGULAR,7:24:00,386880,211885,54
260510C124,HCI,10-May-2026,CDELC,BK8141LM,Medan,Sumatera Utara,Solar,8.82,Customer,14,4.57,10,8,64000,601974,Sumatera,MEDAN,CDE,Internal,SumateraMEDANCDE,DALAM KOTA,,,,5,REGULAR,6:53:00,386880,151094,56
260510C125,HCI,10-May-2026,CDELC,BK8031LM,Medan,Sumatera Utara,Solar,8.82,Customer,15,2.22,10,4,60000,597974,Sumatera,MEDAN,CDE,Internal,SumateraMEDANCDE,DALAM KOTA,,,,5,REGULAR,6:22:00,386880,151094,60
260510C127,HCI,10-May-2026,CDELC,BK8172LM,Medan,Sumatera Utara,Solar,16.18,Customer,7,3.43,10,6,110000,648377,Sumatera,MEDAN,CDE,Internal,SumateraMEDANCDE,DALAM KOTA,,,,5,REGULAR,6:29:00,386880,151497,108
260510C129,HCI,10-May-2026,CDELC,BK8806MH,Medan,Sumatera Utara,Solar,10.29,Customer,10,8.18,10,7,73000,650468,Sumatera,MEDAN,CDE,Internal,SumateraMEDANCDE,DALAM KOTA,,,,5,REGULAR,8:19:00,386880,190588,84
260510C131,HCI,10-May-2026,CDELC,BK8871MS,Medan,Sumatera Utara,Solar,9.56,Customer,10,8.52,10,5,74000,267440,Sumatera,MEDAN,CDE,Internal,SumateraMEDANCDE,DALAM KOTA,,,,5,REGULAR,6:48:00,193440,,63
260510C133,HCI,10-May-2026,CDELC,BK8803MH,Medan,Sumatera Utara,Solar,8.09,Customer,12,6.6,10,5,55000,535748,Sumatera,MEDAN,CDE,Internal,SumateraMEDANCDE,DALAM KOTA,,,,5,NON REGULAR,3:16:00,290160,190588,54
260510C134,HCI,10-May-2026,PICKUP,BK8696MS,Deli Serdang,Sumatera Utara,Pertalite,7.8,Customer,6,3.0,3,6,81500,568913,Sumatera,DELI SERDANG,PICKUP,Internal,SumateraDELI SERDANGPICKUP,DALAM KOTA,,,,5,REGULAR,6:53:00,386880,100533,92
260510H049,HCI,10-May-2026,CDELC,BK8646MS,Pematangsiantar,Sumatera Utara,Solar,30.88,HUB,16,7.24,10,2,471000,956807,Sumatera,PEMATANGSIANTAR,CDE,Internal,SumateraPEMATANGSIANTARCDE,LUAR KOTA,,,,5,REGULAR,7:35:00,193440,292367,219
260510H050,HCI,10-May-2026,CDELC,BK8074MQ,Pematangsiantar,Sumatera Utara,Solar,30.15,HUB,4,7.34,10,1,466000,871325,Sumatera,PEMATANGSIANTAR,CDE,Internal,SumateraPEMATANGSIANTARCDE,LUAR KOTA,,,,5,REGULAR,1:34:00,193440,211885,236
260510X052,HCI,10-May-2026,CDELC,BK8047MQ,Medan,Sumatera Utara,Solar,5.88,Other Delivery,1,8.0,10,1,44000,449325,Sumatera,MEDAN,CDE,Internal,SumateraMEDANCDE,DALAM KOTA,,,,5,REGULAR,0:19:00,193440,211885,37
260510X053,HCI,10-May-2026,CDELC,BK8805MH,Medan,Sumatera Utara,Solar,8.38,Other Delivery,2,8.0,10,2,77000,557748,Sumatera,MEDAN,CDE,Internal,SumateraMEDANCDE,DALAM KOTA,,,,5,REGULAR,0:24:00,290160,190588,51
260511D123,AHI,11-May-2026,CDELC,BK8803MH,Medan,Sumatera Utara,Solar,3.24,Store,2,8.13,10,1,22000,300463,Sumatera,MEDAN,CDE,Internal,SumateraMEDANCDE,DALAM KOTA,,,,5,REGULAR,2:32:00,214933,63529,22
260511D094,AHI,11-May-2026,CDELC,BK8073MQ,Medan,Sumatera Utara,Solar,5.15,Store,1,8.51,10,1,45000,365876,Sumatera,MEDAN,CDE,Internal,SumateraMEDANCDE,DALAM KOTA,,,,5,REGULAR,3:21:00,214933,105943,36
260511D095,AHI,11-May-2026,CDELC,BK8299MH,Medan,Sumatera Utara,Solar,5.88,Store,161,8.55,10,1,50000,340682,Sumatera,MEDAN,CDE,Internal,SumateraMEDANCDE,DALAM KOTA,,,,5,REGULAR,2:16:00,214933,75749,38
260511D093,AHI,11-May-2026,CDELC,BK8309MS,Medan,Sumatera Utara,Solar,5.88,Store,57,8.98,10,1,50000,311030,Sumatera,MEDAN,CDE,Internal,SumateraMEDANCDE,DALAM KOTA,,,,5,REGULAR,1:06:00,118213,142817,32
260511D122,AHI,11-May-2026,CDELC,BK8804MH,Medan,Sumatera Utara,Solar,6.32,Store,279,8.79,10,2,43000,448521,Sumatera,MEDAN,CDE,Internal,SumateraMEDANCDE,DALAM KOTA,,,,5,REGULAR,3:15:00,214933,190588,59
260511D105,FBI,11-May-2026,PICKUP,A8330VX,Medan,Sumatera Utara,Pertalite,6.1,Store,19,1.63,3,5,70000,369100,Sumatera,MEDAN,MINI VAN BOX,Internal,SumateraMEDANMINI VAN BOX,DALAM KOTA,,,,5,REGULAR,4:52:00,214933,84167,51
260511D107,FBI,11-May-2026,PICKUP,BK8136LM,Medan,Sumatera Utara,Pertalite,9.75,Store,18,1.58,3,4,119000,422128,Sumatera,MEDAN,MINI VAN BOX,Internal,SumateraMEDANMINI VAN BOX,DALAM KOTA,,,,5,REGULAR,7:02:00,214933,88195,98
260511D053,AHI,11-May-2026,CDELC,BK8192MQ,Medan,Sumatera Utara,Solar,4.41,Store,89,8.22,10,3,30000,338605,Sumatera,MEDAN,CDE,Internal,SumateraMEDANCDE,DALAM KOTA,,,,5,REGULAR,4:31:00,96720,211885,30
260511D055,AHI,11-May-2026,FUSO,BK8815MG,Medan,Sumatera Utara,Solar,12.5,Store,74,27.47,34,1,260000,710678,Sumatera,MEDAN,FUSO,Internal,SumateraMEDANFUSO,DALAM KOTA,,,,5,REGULAR,1:03:00,96720,353958,49
260511D057,AHI,11-May-2026,CDELC,BK8135LM,Medan,Sumatera Utara,Solar,6.62,Store,47,9.52,10,2,50000,394937,Sumatera,MEDAN,CDE,Internal,SumateraMEDANCDE,DALAM KOTA,,,,5,REGULAR,6:47:00,193440,151497,40
260511D058,HCI,11-May-2026,PICKUP,BK8633MS,Medan,Sumatera Utara,Pertalite,3.2,Store,26,2.62,3,2,37000,274221,Sumatera,MEDAN,PICKUP,Internal,SumateraMEDANPICKUP,DALAM KOTA,,,,5,REGULAR,2:51:00,193440,43781,32
260511D059,AHI,11-May-2026,CDELC,BK8647MS,Medan,Sumatera Utara,Solar,4.71,Store,41,9.63,10,1,42000,284903,Sumatera,MEDAN,CDE,Internal,SumateraMEDANCDE,DALAM KOTA,,,,5,REGULAR,2:15:00,96720,146183,29
260511D060,AHI,11-May-2026,CDELC,BK8191MQ,Medan,Sumatera Utara,Solar,5.15,Store,85,9.52,10,3,50000,358605,Sumatera,MEDAN,CDE,Internal,SumateraMEDANCDE,DALAM KOTA,,,,5,REGULAR,5:37:00,96720,211885,37
260511D061,AHI,11-May-2026,CDELC,BK8807MH,Medan,Sumatera Utara,Solar,5.15,Store,20,9.61,10,1,50000,338734,Sumatera,MEDAN,CDE,Internal,SumateraMEDANCDE,DALAM KOTA,,,,5,REGULAR,3:26:00,193440,95294,33
260511D062,HCI,11-May-2026,CDELC,BK8813MG,Medan,Sumatera Utara,Solar,4.85,Store,173,9.71,10,2,40000,284714,Sumatera,MEDAN,CDE,Internal,SumateraMEDANCDE,DALAM KOTA,,,,5,REGULAR,2:49:00,96720,147994,45
260511D067,HCI,11-May-2026,CDELC,BK8146LM,Medan,Sumatera Utara,Solar,4.41,Store,34,8.75,10,1,50000,222469,Sumatera,MEDAN,CDE,Internal,SumateraMEDANCDE,DALAM KOTA,,,,5,REGULAR,3:26:00,96720,75749,35
260511C220,HCI,11-May-2026,CDELC,BK8075MQ,Deli Serdang,Sumatera Utara,Solar,11.76,Customer,24,7.3,10,11,89500,688265,Sumatera,DELI SERDANG,CDE,Internal,SumateraDELI SERDANGCDE,DALAM KOTA,,,,5,REGULAR,7:17:00,386880,211885,71
260511C223,HCI,11-May-2026,CDELC,BK8031LM,Medan,Sumatera Utara,Solar,8.82,Customer,14,7.73,10,10,99000,636974,Sumatera,MEDAN,CDE,Internal,SumateraMEDANCDE,DALAM KOTA,,,,5,REGULAR,7:15:00,386880,151094,57
260511C224,HCI,11-May-2026,CDELC,BK8805MH,Medan,Sumatera Utara,Solar,4.41,Customer,10,2.1,10,5,30000,414028,Sumatera,MEDAN,CDE,Internal,SumateraMEDANCDE,DALAM KOTA,,,,5,REGULAR,2:53:00,193440,190588,33
260511C225,HCI,11-May-2026,CDELC,BK8646MS,Medan,Sumatera Utara,Solar,10.29,Customer,16,7.33,10,14,89000,768247,Sumatera,MEDAN,CDE,Internal,SumateraMEDANCDE,DALAM KOTA,,,,5,REGULAR,8:06:00,386880,292367,63
260511C226,HCI,11-May-2026,CDELC,BK8141LM,Medan,Sumatera Utara,Solar,5.88,Customer,7,9.04,10,4,40000,481254,Sumatera,MEDAN,CDE,Internal,SumateraMEDANCDE,DALAM KOTA,,,,5,REGULAR,5:07:00,290160,151094,39
260511C227,HCI,11-May-2026,CDELC,BK8871MS,Medan,Sumatera Utara,Solar,16.18,Customer,15,5.25,10,11,117000,503880,Sumatera,MEDAN,CDE,Internal,SumateraMEDANCDE,DALAM KOTA,,,,5,REGULAR,8:06:00,386880,,122
260511C228,HCI,11-May-2026,CDELC,BK8099LM,Medan,Sumatera Utara,Solar,11.03,Customer,13,5.87,10,8,80000,642980,Sumatera,MEDAN,CDE,Internal,SumateraMEDANCDE,DALAM KOTA,,,,5,REGULAR,8:28:00,386880,176100,75
260511C229,HCI,11-May-2026,CDELC,BK8807MH,Binjai,Sumatera Utara,Solar,6.62,Customer,9,3.91,10,4,49000,337734,Sumatera,BINJAI,CDE,Internal,SumateraBINJAICDE,DALAM KOTA,,,,5,NON REGULAR,3:39:00,193440,95294,64
260511C232,HCI,11-May-2026,CDELC,BK8172LM,Medan,Sumatera Utara,Solar,15.44,Customer,7,5.77,10,4,118000,656377,Sumatera,MEDAN,CDE,Internal,SumateraMEDANCDE,DALAM KOTA,,,,5,REGULAR,6:48:00,386880,151497,105
260511C233,HCI,11-May-2026,CDELC,BK8647MS,Deli Serdang,Sumatera Utara,Solar,10.29,Customer,11,10.0,10,8,83000,519343,Sumatera,DELI SERDANG,CDE,Internal,SumateraDELI SERDANGCDE,DALAM KOTA,,,,5,REGULAR,5:08:00,290160,146183,85
260511C234,HCI,11-May-2026,CDELC,BK8803MH,Medan,Sumatera Utara,Solar,5.88,Customer,9,3.4,10,6,40000,393689,Sumatera,MEDAN,CDE,Internal,SumateraMEDANCDE,DALAM KOTA,,,,5,REGULAR,4:17:00,290160,63529,40
260511C235,HCI,11-May-2026,CDELC,BK8073MQ,Medan,Sumatera Utara,Solar,4.41,Customer,11,5.35,10,7,38000,434103,Sumatera,MEDAN,CDE,Internal,SumateraMEDANCDE,DALAM KOTA,,,,5,REGULAR,3:46:00,290160,105943,34
260511C236,HCI,11-May-2026,CDELC,BK8299MH,Medan,Sumatera Utara,Solar,11.76,Customer,21,5.67,10,13,102500,565129,Sumatera,MEDAN,CDE,Internal,SumateraMEDANCDE,DALAM KOTA,,,,5,REGULAR,7:05:00,386880,75749,75
260511C237,HCI,11-May-2026,CDELC,BK8806MH,Medan,Sumatera Utara,Solar,10.29,Customer,14,10.0,10,9,77500,654968,Sumatera,MEDAN,CDE,Internal,SumateraMEDANCDE,DALAM KOTA,,,,5,REGULAR,8:22:00,386880,190588,81
260511C238,HCI,11-May-2026,CDELC,BK8309MS,Deli Serdang,Sumatera Utara,Solar,20.59,Customer,10,6.76,10,8,145000,577977,Sumatera,DELI SERDANG,CDE,Internal,SumateraDELI SERDANGCDE,DALAM KOTA,,,,5,REGULAR,7:19:00,290160,142817,132
260511C246,HCI,11-May-2026,PICKUP,BK8696MS,Medan,Sumatera Utara,Pertalite,5.6,Customer,4,3.0,3,4,56000,493147,Sumatera,MEDAN,PICKUP,Internal,SumateraMEDANPICKUP,DALAM KOTA,,,,5,REGULAR,6:13:00,386880,50267,54
260511C247,HCI,11-May-2026,PICKUP,BK8696MS,Medan,Sumatera Utara,Pertalite,5.88,Customer,1,3.0,3,1,44000,481147,Sumatera,MEDAN,PICKUP,Internal,SumateraMEDANPICKUP,DALAM KOTA,,,,5,REGULAR,-2:57:00,386880,50267,31
260511H053,HCI,11-May-2026,CDELC,BK8047MQ,Pematangsiantar,Sumatera Utara,Solar,35.29,HUB,13,7.9,10,3,501000,712885,Sumatera,PEMATANGSIANTAR,CDE,Internal,SumateraPEMATANGSIANTARCDE,LUAR KOTA,,,,5,REGULAR,8:16:00,0,211885,278
260511C269,HCI,11-May-2026,PICKUP,BK8633MS,Medan,Sumatera Utara,Pertalite,13.38,Customer,4,3.0,3,4,123500,457441,Sumatera,MEDAN,PICKUP,Internal,SumateraMEDANPICKUP,DALAM KOTA,,,,5,REGULAR,5:59:00,290160,43781,99
260511H056,HCI,11-May-2026,CDELC,BK8074MQ,Pematangsiantar,Sumatera Utara,Solar,29.41,HUB,16,7.92,10,1,476000,881325,Sumatera,PEMATANGSIANTAR,CDE,Internal,SumateraPEMATANGSIANTARCDE,LUAR KOTA,,,,5,REGULAR,8:30:00,193440,211885,253
260511C337,HCI,11-May-2026,CDELC,BK8803MH,Medan,Sumatera Utara,Solar,5,Customer,2,2.52,10,2,42500,492909,Sumatera,MEDAN,CDE,Internal,SumateraMEDANCDE,DALAM KOTA,,,,5,NON REGULAR,2:24:00,386880,63529,34
260511C339,HCI,11-May-2026,CDELC,BK8146LM,Medan,Sumatera Utara,Solar,5.15,Customer,4,0.98,10,2,50000,415909,Sumatera,MEDAN,CDE,Internal,SumateraMEDANCDE,DALAM KOTA,,,,5,REGULAR,0:06:00,290160,75749,50
260511D155,HCI,11-May-2026,CDELC,BK8009MI,Medan,Sumatera Utara,Solar,4.41,Store,2,10.0,10,2,40000,330682,Sumatera,MEDAN,CDE,Internal,SumateraMEDANCDE,DALAM KOTA,,,,5,REGULAR,1:56:00,214933,75749,31
260511C317,KLS,11-May-2026,CDELC,BK8009MI,Medan,Sumatera Utara,Solar,8.09,Customer,6,8.8,10,6,69500,360182,Sumatera,MEDAN,CDE,Internal,SumateraMEDANCDE,DALAM KOTA,,,,5,REGULAR,7:04:00,214933,75749,57
260512D133,AHI,12-May-2026,CDELC,BK8099LM,Medan,Sumatera Utara,Solar,5.15,Store,6,9.09,10,1,35000,268130,Sumatera,MEDAN,CDE,Internal,SumateraMEDANCDE,DALAM KOTA,,,,5,REGULAR,1:29:00,145080,88050,35
260511D154,FBI,12-May-2026,PICKUP,BK8136LM,Medan,Sumatera Utara,Pertalite,6.1,Store,11,3.0,3,4,71000,260178,Sumatera,MEDAN,MINI VAN BOX,Internal,SumateraMEDANMINI VAN BOX,DALAM KOTA,,,,5,REGULAR,4:20:00,145080,44098,69
260512D129,FBI,12-May-2026,PICKUP,A8330VX,Medan,Sumatera Utara,Pertalite,4.71,Store,8,1.52,3,4,37000,320883,Sumatera,MEDAN,MINI VAN BOX,Internal,SumateraMEDANMINI VAN BOX,DALAM KOTA,,,,5,REGULAR,4:36:00,241800,42083,33
260512D085,AHI,12-May-2026,CDELC,BK8813MG,Medan,Sumatera Utara,Solar,4.56,Store,67,9.63,10,1,31000,275714,Sumatera,MEDAN,CDE,Internal,SumateraMEDANCDE,DALAM KOTA,,,,5,REGULAR,3:16:00,96720,147994,32
260512D088,AHI,12-May-2026,PICKUP,BK8696MS,Medan,Sumatera Utara,Pertalite,2.8,Store,40,2.85,3,1,38000,184987,Sumatera,MEDAN,PICKUP,Internal,SumateraMEDANPICKUP,DALAM KOTA,,,,5,REGULAR,-0:45:00,96720,50267,26
260512D090,HCI,12-May-2026,CDELC,BK8192MQ,Medan,Sumatera Utara,Solar,5.15,Store,44,8.18,10,2,50000,358605,Sumatera,MEDAN,CDE,Internal,SumateraMEDANCDE,DALAM KOTA,,,,5,REGULAR,3:24:00,96720,211885,35
260512D092,AHI,12-May-2026,CDELC,BK8191MQ,Deli Serdang,Sumatera Utara,Solar,4.41,Store,75,10.0,10,2,37000,442325,Sumatera,DELI SERDANG,CDE,Internal,SumateraDELI SERDANGCDE,DALAM KOTA,,,,5,REGULAR,4:24:00,193440,211885,40
260512D093,AHI,12-May-2026,CDELC,BK8804MH,Medan,Sumatera Utara,Solar,3.68,Store,74,8.85,10,1,25000,409028,Sumatera,MEDAN,CDE,Internal,SumateraMEDANCDE,DALAM KOTA,,,,5,REGULAR,2:40:00,193440,190588,24
260512D096,AHI,12-May-2026,CDELC,BK8074MQ,Medan,Sumatera Utara,Solar,5.15,Store,85,8.18,10,2,35000,440325,Sumatera,MEDAN,CDE,Internal,SumateraMEDANCDE,DALAM KOTA,,,,5,REGULAR,5:36:00,193440,211885,31
260512D097,HCI,12-May-2026,CDELC,BK8073MQ,Medan,Sumatera Utara,Solar,8.09,Store,58,8.85,10,4,73000,478325,Sumatera,MEDAN,CDE,Internal,SumateraMEDANCDE,DALAM KOTA,,,,5,REGULAR,8:00:00,193440,211885,54
260512D098,HCI,12-May-2026,CDELC,BK8803MH,Medan,Sumatera Utara,Solar,5.88,Store,111,8.78,10,3,55000,439028,Sumatera,MEDAN,CDE,Internal,SumateraMEDANCDE,DALAM KOTA,,,,5,REGULAR,8:03:00,193440,190588,38
260512C207,HCI,12-May-2026,CDELC,BK8647MS,Deli Serdang,Sumatera Utara,Solar,17.65,Customer,23,8.97,10,14,134500,813747,Sumatera,DELI SERDANG,CDE,Internal,SumateraDELI SERDANGCDE,DALAM KOTA,,,,5,REGULAR,7:46:00,386880,292367,114
260512C208,HCI,12-May-2026,CDELC,BK8646MS,Medan,Sumatera Utara,Solar,8.82,Customer,26,5.96,11,12,85000,764247,Sumatera,MEDAN,CDE LONG CHASSIS,Internal,SumateraMEDANCDE LONG CHASSIS,DALAM KOTA,,,,5,REGULAR,7:24:00,386880,292367,54
260512C209,HCI,12-May-2026,CDELC,BK8806MH,Medan,Sumatera Utara,Solar,11.32,Customer,26,5.15,10,14,85000,662468,Sumatera,MEDAN,CDE,Internal,SumateraMEDANCDE,DALAM KOTA,,,,5,REGULAR,7:32:00,386880,190588,75
260512C210,HCI,12-May-2026,CDELC,BK8047MQ,Medan,Sumatera Utara,Solar,8.82,Customer,27,10.0,10,10,84000,682765,Sumatera,MEDAN,CDE,Internal,SumateraMEDANCDE,DALAM KOTA,,,,5,REGULAR,7:54:00,386880,211885,60
260512C211,HCI,12-May-2026,CDELC,BK8135LM,Medan,Sumatera Utara,Solar,5.15,Customer,10,8.58,10,7,35000,283217,Sumatera,MEDAN,CDE,Internal,SumateraMEDANCDE,DALAM KOTA,,,,5,REGULAR,0:01:00,96720,151497,39
260512C212,HCI,12-May-2026,CDELC,BK8141LM,Medan,Sumatera Utara,Solar,11.76,Customer,11,3.92,10,7,80000,521254,Sumatera,MEDAN,CDE,Internal,SumateraMEDANCDE,DALAM KOTA,,,,5,REGULAR,4:58:00,290160,151094,77
260512C213,HCI,12-May-2026,CDELC,BK8172LM,Medan,Sumatera Utara,Solar,6.62,Customer,8,1.87,10,6,45000,314189,Sumatera,MEDAN,CDE,Internal,SumateraMEDANCDE,DALAM KOTA,,,,5,REGULAR,3:11:00,193440,75749,53
260512C214,HCI,12-May-2026,CDELC,BK8099LM,Binjai,Sumatera Utara,Solar,12.5,Customer,8,10.0,10,4,153000,337770,Sumatera,BINJAI,CDE,Internal,SumateraBINJAICDE,DALAM KOTA,,,,5,REGULAR,5:35:00,96720,88050,110
260512C215,HCI,12-May-2026,CDELC,BK8031LM,Medan,Sumatera Utara,Solar,10.29,Customer,19,6.53,10,9,75000,612974,Sumatera,MEDAN,CDE,Internal,SumateraMEDANCDE,DALAM KOTA,,,,5,REGULAR,7:12:00,386880,151094,73
260512C216,HCI,12-May-2026,CDELC,BK8309MS,Medan,Sumatera Utara,Solar,13.24,Customer,13,10.0,10,11,135500,808013,Sumatera,MEDAN,CDE,Internal,SumateraMEDANCDE,DALAM KOTA,,,,5,REGULAR,7:15:00,386880,285633,97
260512C221,HCI,12-May-2026,CDELC,BK8807MH,Medan,Sumatera Utara,Solar,12.21,Customer,10,8.27,10,9,101000,678468,Sumatera,MEDAN,CDE,Internal,SumateraMEDANCDE,DALAM KOTA,,,,5,REGULAR,7:12:00,386880,190588,73
260512C222,HCI,12-May-2026,CDELC,BK8871MS,Medan,Sumatera Utara,Solar,13.24,Customer,20,5.96,10,17,108000,494880,Sumatera,MEDAN,CDE,Internal,SumateraMEDANCDE,DALAM KOTA,,,,5,REGULAR,8:45:00,386880,,80
260512C224,HCI,12-May-2026,CDELC,BK8299MH,Deli Serdang,Sumatera Utara,Solar,10.29,Customer,9,7.15,10,7,78000,422937,Sumatera,DELI SERDANG,CDE,Internal,SumateraDELI SERDANGCDE,DALAM KOTA,,,,5,NON REGULAR,3:53:00,193440,151497,80
260512C226,HCI,12-May-2026,CDELC,BK8146LM,Medan,Sumatera Utara,Solar,5,Customer,7,5.79,10,4,34000,475657,Sumatera,MEDAN,CDE,Internal,SumateraMEDANCDE,DALAM KOTA,,,,5,REGULAR,-5:07:00,290160,151497,39
260512C232,HCI,12-May-2026,PICKUP,BK8696MS,Medan,Sumatera Utara,Pertalite,6.8,Customer,4,3.0,3,4,83000,423427,Sumatera,MEDAN,PICKUP,Internal,SumateraMEDANPICKUP,DALAM KOTA,,,,5,REGULAR,-5:03:00,290160,50267,68
260512C233,HCI,12-May-2026,PICKUP,BK8633MS,Medan,Sumatera Utara,Pertalite,12.1,Customer,5,3.0,3,4,126000,600441,Sumatera,MEDAN,PICKUP,Internal,SumateraMEDANPICKUP,DALAM KOTA,,,,5,REGULAR,8:43:00,386880,87561,108
260512H066,HCI,12-May-2026,CDELC,BK8075MQ,Pematangsiantar,Sumatera Utara,Solar,30.88,HUB,22,9.23,10,1,471000,779605,Sumatera,PEMATANGSIANTAR,CDE,Internal,SumateraPEMATANGSIANTARCDE,LUAR KOTA,,,,5,REGULAR,5:44:00,96720,211885,227
260512C266,HCI,12-May-2026,PICKUP,A8330VX,Medan,Sumatera Utara,Pertalite,4,Customer,1,0.21,3,1,50500,189303,Sumatera,MEDAN,MINI VAN BOX,Internal,SumateraMEDANMINI VAN BOX,DALAM KOTA,,,,5,NON REGULAR,-1:40:00,96720,42083,49
260512D130,AHI,12-May-2026,CDELC,BK8805MH,Medan,Sumatera Utara,Solar,5.15,Store,81,8.54,10,1,50000,434028,Sumatera,MEDAN,CDE,Internal,SumateraMEDANCDE,DALAM KOTA,,,,5,REGULAR,0:10:00,193440,190588,31
260512C325,HCI,12-May-2026,CDELC,BK8172LM,Binjai,Sumatera Utara,,,Customer,6,4.46,10,6,44000,506629,Sumatera,BINJAI,CDE,Internal,SumateraBINJAICDE,DALAM KOTA,,,,5,REGULAR,4:23:00,386880,75749,-115896
260512C328,HCI,12-May-2026,PICKUP,BK8136LM,Medan,Sumatera Utara,Pertalite,3.1,Customer,1,1.1,3,1,35000,272538,Sumatera,MEDAN,MINI VAN BOX,Internal,SumateraMEDANMINI VAN BOX,DALAM KOTA,,,,5,NON REGULAR,0:02:00,193440,44098,27
260512D132,KLS,12-May-2026,CDELC,BK8009MI,Medan,Sumatera Utara,Solar,12.5,Store,6,8.85,10,5,104000,497297,Sumatera,MEDAN,CDE,Internal,SumateraMEDANCDE,DALAM KOTA,,,,5,REGULAR,7:11:00,241800,151497,81
260513D112,FBI,13-May-2026,CDELC,BK8099LM,Binjai,Sumatera Utara,Solar,13.38,Store,10,8.41,10,4,139500,547728,Sumatera,BINJAI,CDE,Internal,SumateraBINJAICDE,DALAM KOTA,,,,5,REGULAR,4:41:00,232128,176100,105
260513C230,FBI,13-May-2026,PICKUP,A8330VX,Pematangsiantar,Sumatera Utara,Pertalite,21,Customer,16,1.58,3,2,472500,788795,Sumatera,PEMATANGSIANTAR,MINI VAN BOX,Internal,SumateraPEMATANGSIANTARMINI VAN BOX,LUAR KOTA,,,,5,REGULAR,8:07:00,232128,84167,247
260513D110,FBI,13-May-2026,PICKUP,BK8136LM,Medan,Sumatera Utara,Pertalite,7.5,Store,17,1.9,3,5,88000,408323,Sumatera,MEDAN,MINI VAN BOX,Internal,SumateraMEDANMINI VAN BOX,DALAM KOTA,,,,5,REGULAR,7:14:00,232128,88195,77
260513C172,HCI,13-May-2026,CDELC,BK8805MH,Deli Serdang,Sumatera Utara,Solar,11.62,Customer,14,6.41,10,12,92500,669968,Sumatera,DELI SERDANG,CDE,Internal,SumateraDELI SERDANGCDE,DALAM KOTA,,,,5,REGULAR,7:56:00,386880,190588,80
260513C173,HCI,13-May-2026,CDELC,BK8646MS,Medan,Sumatera Utara,Solar,6.62,Customer,15,5.2,10,12,98000,777247,Sumatera,MEDAN,CDE,Internal,SumateraMEDANCDE,DALAM KOTA,,,,5,REGULAR,7:18:00,386880,292367,42
260513C174,HCI,13-May-2026,CDELC,BK8309MS,Medan,Sumatera Utara,Solar,5.44,Customer,16,5.54,10,5,44000,523073,Sumatera,MEDAN,CDE,Internal,SumateraMEDANCDE,DALAM KOTA,,,,5,REGULAR,3:42:00,193440,285633,34
260513C175,HCI,13-May-2026,CDELC,BK8807MH,Medan,Sumatera Utara,Solar,11.76,Customer,15,7.05,10,15,85000,662468,Sumatera,MEDAN,CDE,Internal,SumateraMEDANCDE,DALAM KOTA,,,,5,REGULAR,8:31:00,386880,190588,78
260513C176,HCI,13-May-2026,CDELC,BK8009MI,Medan,Sumatera Utara,Solar,4.41,Customer,8,2.27,10,4,30000,299189,Sumatera,MEDAN,CDE,Internal,SumateraMEDANCDE,DALAM KOTA,,,,5,NON REGULAR,4:19:00,193440,75749,40
260513C177,HCI,13-May-2026,CDELC,BK8803MH,Medan,Sumatera Utara,Solar,5.88,Customer,6,7.18,10,4,40000,327308,Sumatera,MEDAN,CDE,Internal,SumateraMEDANCDE,DALAM KOTA,,,,5,REGULAR,1:37:00,96720,190588,54
260513C178,HCI,13-May-2026,CDELC,BK8813MG,Medan,Sumatera Utara,Solar,14.85,Customer,8,2.99,10,5,116500,577377,Sumatera,MEDAN,CDE,Internal,SumateraMEDANCDE,DALAM KOTA,,,,5,REGULAR,7:54:00,386880,73997,119
260513C179,HCI,13-May-2026,CDELC,BK8647MS,Medan,Sumatera Utara,Solar,9.56,Customer,17,6.59,10,7,65000,744247,Sumatera,MEDAN,CDE,Internal,SumateraMEDANCDE,DALAM KOTA,,,,5,REGULAR,7:47:00,386880,292367,72
260513C181,HCI,13-May-2026,CDELC,BK8073MQ,Medan,Sumatera Utara,Solar,10.29,Customer,7,9.54,10,4,80500,283163,Sumatera,MEDAN,CDE,Internal,SumateraMEDANCDE,DALAM KOTA,,,,5,REGULAR,5:14:00,96720,105943,94
260513C182,HCI,13-May-2026,CDELC,BK8075MQ,Deli Serdang,Sumatera Utara,Solar,7.35,Customer,10,7.06,10,9,61000,263663,Sumatera,DELI SERDANG,CDE,Internal,SumateraDELI SERDANGCDE,DALAM KOTA,,,,5,REGULAR,10:45:00,96720,105943,79
260513C185,HCI,13-May-2026,CDELC,BK8031LM,Medan,Sumatera Utara,Solar,3.82,Customer,11,4.19,10,8,56000,303814,Sumatera,MEDAN,CDE,Internal,SumateraMEDANCDE,DALAM KOTA,,,,5,REGULAR,5:09:00,96720,151094,46
260513C186,HCI,13-May-2026,CDELC,BK8299MH,Medan,Sumatera Utara,Solar,8.82,Customer,12,4.6,10,8,74500,419437,Sumatera,MEDAN,CDE,Internal,SumateraMEDANCDE,DALAM KOTA,,,,5,REGULAR,5:09:00,193440,151497,60
260513C187,HCI,13-May-2026,CDELC,BK8172LM,Deli Serdang,Sumatera Utara,,,Customer,10,3.19,10,6,,344937,Sumatera,DELI SERDANG,CDE,Internal,SumateraDELI SERDANGCDE,DALAM KOTA,,,,5,NON REGULAR,1:54:00,193440,151497,-116079
260513C197,HCI,13-May-2026,PICKUP,BK8633MS,Medan,Sumatera Utara,Pertalite,6,Customer,6,3.0,3,5,60000,534441,Sumatera,MEDAN,PICKUP,Internal,SumateraMEDANPICKUP,DALAM KOTA,,,,5,REGULAR,6:49:00,386880,87561,61
260513D074,HCI,13-May-2026,CDELC,BK8192MQ,Medan,Sumatera Utara,Solar,5.88,Store,38,8.98,10,2,40000,445325,Sumatera,MEDAN,CDE,Internal,SumateraMEDANCDE,DALAM KOTA,,,,5,REGULAR,7:49:00,193440,211885,39
260513D075,AHI,13-May-2026,CDELC,BK8073MQ,Medan,Sumatera Utara,Solar,2.94,Store,32,9.39,10,1,20000,222663,Sumatera,MEDAN,CDE,Internal,SumateraMEDANCDE,DALAM KOTA,,,,5,REGULAR,0:26:00,96720,105943,25
260513D076,AHI,13-May-2026,FUSO,BK8815MG,Medan,Sumatera Utara,Solar,13.97,Store,126,28.28,34,1,270000,817398,Sumatera,MEDAN,FUSO,Internal,SumateraMEDANFUSO,DALAM KOTA,,,,5,REGULAR,2:04:00,193440,353958,57
260513D079,AHI,13-May-2026,CDELC,BK8075MQ,Medan,Sumatera Utara,Solar,4.41,Store,22,10.0,10,1,30000,232663,Sumatera,MEDAN,CDE,Internal,SumateraMEDANCDE,DALAM KOTA,,,,5,REGULAR,3:09:00,96720,105943,31
260513D080,HCI,13-May-2026,PICKUP,BK8696MS,Medan,Sumatera Utara,Pertalite,5.6,Store,18,2.71,3,2,66000,359973,Sumatera,MEDAN,PICKUP,Internal,SumateraMEDANPICKUP,DALAM KOTA,,,,5,REGULAR,5:23:00,193440,100533,63
260513D081,AHI,13-May-2026,CDELC,BK8871MS,Medan,Sumatera Utara,Solar,8.09,Store,25,8.39,10,2,65000,258440,Sumatera,MEDAN,CDE,Internal,SumateraMEDANCDE,DALAM KOTA,,,,5,REGULAR,7:04:00,193440,,67
260513D083,AHI,13-May-2026,CDELC,BK8191MQ,Medan,Sumatera Utara,Solar,5.15,Store,17,8.64,10,1,35000,440325,Sumatera,MEDAN,CDE,Internal,SumateraMEDANCDE,DALAM KOTA,,,,5,REGULAR,9:08:00,193440,211885,27
260513D085,AHI,13-May-2026,CDELC,BK8813MG,Deli Serdang,Sumatera Utara,Solar,4.71,Store,20,9.04,10,1,41500,308937,Sumatera,DELI SERDANG,CDE,Internal,SumateraDELI SERDANGCDE,DALAM KOTA,,,,5,REGULAR,2:52:00,193440,73997,42
260513D086,HCI,13-May-2026,CDELC,BK8047MQ,Medan,Sumatera Utara,,,Store,18,10.0,10,1,3500,408825,Sumatera,MEDAN,CDE,Internal,SumateraMEDANCDE,DALAM KOTA,,,,5,REGULAR,0:46:00,193440,211885,-172309
260513D087,HCI,13-May-2026,CDELC,BK8009MI,Medan,Sumatera Utara,Solar,3.68,Store,29,8.87,10,1,25000,197469,Sumatera,MEDAN,CDE,Internal,SumateraMEDANCDE,DALAM KOTA,,,,5,REGULAR,0:56:00,96720,75749,24
260513D089,HCI,13-May-2026,CDELC,BK8806MH,Medan,Sumatera Utara,Solar,4.41,Store,15,9.29,10,1,45000,237014,Sumatera,MEDAN,CDE,Internal,SumateraMEDANCDE,DALAM KOTA,,,,5,REGULAR,3:13:00,96720,95294,30
260513D090,HCI,13-May-2026,CDELC,BK8146LM,Medan,Sumatera Utara,,,Store,27,9.37,10,3,15000,359937,Sumatera,MEDAN,CDE,Internal,SumateraMEDANCDE,DALAM KOTA,,,,5,REGULAR,4:49:00,193440,151497,-263794
260513H048,HCI,13-May-2026,CDELC,BK8074MQ,Pematangsiantar,Sumatera Utara,Solar,28.97,HUB,26,10.0,10,1,458000,766605,Sumatera,PEMATANGSIANTAR,CDE,Internal,SumateraPEMATANGSIANTARCDE,LUAR KOTA,,,,5,REGULAR,3:35:00,96720,211885,229
260513D113,HCI,13-May-2026,CDELC,BK8804MH,Medan,Sumatera Utara,Solar,7.06,Store,3,8.38,10,2,58000,480716,Sumatera,MEDAN,CDE,Internal,SumateraMEDANCDE,DALAM KOTA,,,,5,REGULAR,24:33:00,232128,190588,43
260513C283,HCI,13-May-2026,CDELC,BK8806MH,Medan,Sumatera Utara,Solar,7.65,Customer,1,8.0,10,1,83000,468454,Sumatera,MEDAN,CDE,Internal,SumateraMEDANCDE,DALAM KOTA,,,,5,REGULAR,2:11:00,290160,95294,66
260512C334,KLS,13-May-2026,CDELC,BK8141LM,Medan,Sumatera Utara,Solar,19.12,Customer,7,10.0,10,9,155500,693474,Sumatera,MEDAN,CDE,Internal,SumateraMEDANCDE,DALAM KOTA,,,,5,REGULAR,8:14:00,386880,151094,129
260513D122,KLS,13-May-2026,CDELC,BK8135LM,Medan,Sumatera Utara,Solar,5.15,Store,8,8.8,10,1,35000,418625,Sumatera,MEDAN,CDE,Internal,SumateraMEDANCDE,DALAM KOTA,,,,5,REGULAR,3:11:00,232128,151497,31
260514D124,AHI,14-May-2026,CDELC,BK8191MQ,Medan,Sumatera Utara,Solar,6.62,Store,7,9.07,10,2,69000,522685,Sumatera,MEDAN,CDE,Internal,SumateraMEDANCDE,DALAM KOTA,,,,5,REGULAR,8:41:00,241800,211885,41
260513D135,FBI,14-May-2026,PICKUP,A8330VX,Medan,Sumatera Utara,Pertalite,6.7,Store,10,1.11,3,4,82500,269663,Sumatera,MEDAN,MINI VAN BOX,Internal,SumateraMEDANMINI VAN BOX,DALAM KOTA,,,,5,REGULAR,5:07:00,145080,42083,79
260514D123,FBI,14-May-2026,PICKUP,BK8136LM,Medan,Sumatera Utara,Pertalite,7,Store,10,1.57,3,4,75000,404995,Sumatera,MEDAN,MINI VAN BOX,Internal,SumateraMEDANMINI VAN BOX,DALAM KOTA,,,,5,REGULAR,6:43:00,241800,88195,60
260514C144,HCI,14-May-2026,CDELC,BK8146LM,Deli Serdang,Sumatera Utara,Solar,8.82,Customer,10,1.72,10,6,69500,511157,Sumatera,DELI SERDANG,CDE,Internal,SumateraDELI SERDANGCDE,DALAM KOTA,,,,5,REGULAR,4:33:00,290160,151497,75
260514C145,HCI,14-May-2026,CDELC,BK8299MH,Medan,Sumatera Utara,Solar,8.38,Customer,22,3.03,10,8,101000,639377,Sumatera,MEDAN,CDE,Internal,SumateraMEDANCDE,DALAM KOTA,,,,5,REGULAR,8:12:00,386880,151497,53
260514C146,HCI,14-May-2026,CDELC,BK8803MH,Medan,Sumatera Utara,Solar,9.41,Customer,17,10.0,10,8,74000,651468,Sumatera,MEDAN,CDE,Internal,SumateraMEDANCDE,DALAM KOTA,,,,5,REGULAR,7:18:00,386880,190588,65
260514C147,HCI,14-May-2026,CDELC,BK8646MS,Medan,Sumatera Utara,Solar,15.44,Customer,24,7.99,10,13,148500,634307,Sumatera,MEDAN,CDE,Internal,SumateraMEDANCDE,DALAM KOTA,,,,5,REGULAR,6:41:00,193440,292367,93
260514C148,HCI,14-May-2026,CDELC,BK8804MH,Medan,Sumatera Utara,Solar,13.97,Customer,22,7.94,10,14,95000,672468,Sumatera,MEDAN,CDE,Internal,SumateraMEDANCDE,DALAM KOTA,,,,5,REGULAR,4:41:00,386880,190588,127
260514C149,HCI,14-May-2026,CDELC,BK8805MH,Medan,Sumatera Utara,Solar,2.21,Customer,3,10.0,10,2,15000,399028,Sumatera,MEDAN,CDE,Internal,SumateraMEDANCDE,DALAM KOTA,,,,5,NON REGULAR,1:14:00,193440,190588,14
260514C150,HCI,14-May-2026,CDELC,BK8047MQ,Medan,Sumatera Utara,Solar,19.12,Customer,22,6.15,10,13,155000,753765,Sumatera,MEDAN,CDE,Internal,SumateraMEDANCDE,DALAM KOTA,,,,5,REGULAR,8:04:00,386880,211885,136
260514C153,HCI,14-May-2026,CDELC,BK8806MH,Medan,Sumatera Utara,Solar,11.76,Customer,15,9.08,10,9,84000,371308,Sumatera,MEDAN,CDE,Internal,SumateraMEDANCDE,DALAM KOTA,,,,5,REGULAR,6:23:00,96720,190588,82
260514C154,HCI,14-May-2026,CDELC,BK8031LM,Medan,Sumatera Utara,Solar,8.82,Customer,10,2.76,10,7,63500,601474,Sumatera,MEDAN,CDE,Internal,SumateraMEDANCDE,DALAM KOTA,,,,5,REGULAR,7:02:00,386880,151094,66
260514C163,HCI,14-May-2026,PICKUP,BK8696MS,Medan,Sumatera Utara,Pertalite,10.8,Customer,5,3.0,3,3,163000,456973,Sumatera,MEDAN,PICKUP,Internal,SumateraMEDANPICKUP,DALAM KOTA,,,,5,NON REGULAR,6:01:00,193440,100533,108
260514D079,AHI,14-May-2026,CDELC,BK8871MS,Medan,Sumatera Utara,Solar,5.15,Store,84,8.73,10,1,45000,141720,Sumatera,MEDAN,CDE,Internal,SumateraMEDANCDE,DALAM KOTA,,,,5,REGULAR,0:39:00,96720,,34
260514D080,HCI,14-May-2026,CDELC,BK8075MQ,Medan,Sumatera Utara,Solar,5.88,Store,60,8.63,10,4,73000,478325,Sumatera,MEDAN,CDE,Internal,SumateraMEDANCDE,DALAM KOTA,,,,5,REGULAR,8:59:00,193440,211885,42
260514D081,HCI,14-May-2026,CDELC,BK8647MS,Medan,Sumatera Utara,Solar,3.68,Store,37,9.37,10,1,25000,414087,Sumatera,MEDAN,CDE,Internal,SumateraMEDANCDE,DALAM KOTA,,,,5,REGULAR,1:56:00,96720,292367,23
260514D082,HCI,14-May-2026,CDELC,BK8172LM,Medan,Sumatera Utara,Solar,4.41,Store,19,8.71,10,1,30000,374937,Sumatera,MEDAN,CDE,Internal,SumateraMEDANCDE,DALAM KOTA,,,,5,REGULAR,7:07:00,193440,151497,32
260514D085,HCI,14-May-2026,CDELC,BK8309MS,Medan,Sumatera Utara,Solar,4.71,Store,29,8.01,10,1,50000,529073,Sumatera,MEDAN,CDE,Internal,SumateraMEDANCDE,DALAM KOTA,,,,5,REGULAR,3:37:00,193440,285633,35
260514H046,HCI,14-May-2026,CDELC,BK8074MQ,Pematangsiantar,Sumatera Utara,Solar,26.47,HUB,16,8.96,10,1,441000,846325,Sumatera,PEMATANGSIANTAR,CDE,Internal,SumateraPEMATANGSIANTARCDE,LUAR KOTA,,,,5,REGULAR,6:54:00,193440,211885,229
260514C187,HCI,14-May-2026,PICKUP,BK8633MS,Medan,Sumatera Utara,Pertalite,5.8,Customer,4,2.94,3,4,61500,535941,Sumatera,MEDAN,PICKUP,Internal,SumateraMEDANPICKUP,DALAM KOTA,,,,5,REGULAR,6:53:00,386880,87561,58
260514D127,AHI,14-May-2026,CDELC,BK8099LM,Medan,Sumatera Utara,Solar,5.15,Store,2,8.0,10,1,45000,414540,Sumatera,MEDAN,CDE,Internal,SumateraMEDANCDE,DALAM KOTA,,,,5,REGULAR,-8:27:00,193440,176100,34
260514D140,HCI,14-May-2026,CDELC,BK8192MQ,Medan,Sumatera Utara,Solar,7.35,Store,14,8.87,10,2,81000,486325,Sumatera,MEDAN,CDE,Internal,SumateraMEDANCDE,DALAM KOTA,,,,5,REGULAR,6:22:00,193440,211885,52
260514D152,HCI,14-May-2026,CDELC,BK8135LM,Medan,Sumatera Utara,Solar,3.68,Store,24,8.92,10,1,25000,369937,Sumatera,MEDAN,CDE,Internal,SumateraMEDANCDE,DALAM KOTA,,,,5,REGULAR,1:35:00,193440,151497,31
260514D125,HCI,14-May-2026,PICKUP,A8330VX,Binjai,Sumatera Utara,Pertalite,2.5,Store,2,3.0,3,1,30000,217163,Sumatera,BINJAI,MINI VAN BOX,Internal,SumateraBINJAIMINI VAN BOX,DALAM KOTA,,,,5,REGULAR,1:23:00,145080,42083,31
