LC,OWNER,Delivery Date,Type Armada,Nopol,Jalur,Area,Fuel's Type,Qty Fuel,Type Delivery,DO,CBM,Capacity Armada,DP,UJP,Total Cost,Pulau,Destination,Jenis Armada,Type,Key,Shipment Area,Cost Ext,Gap Cost Int - Ext,% Saving,Month,Kategori,TAT,Prof Fee,Sewa Armada
260102C018,KLS,1/2/2026,CDDLC,A8976XY,Jakarta Utara,Jabodetabek,,,Customer,,16.0,16.0,1,,609603,Jawa,JAKARTA UTARA,CDD LONG CHASSIS,Internal,JabodetabekJAKARTA UTARACDD LONG CHASSIS,Dalam Kota,,,,1,REGULAR,-1104590:32:00,515120,94483
260102H001,KLS,1/2/2026,CDDLC,A8976XY,Jakarta Barat,Jabodetabek,Solar,15.37,HUB,201,14.51,16.0,5,182016,534059,Jawa,JAKARTA BARAT,CDD LONG CHASSIS,Internal,JabodetabekJAKARTA BARATCDD LONG CHASSIS,Dalam Kota,,,,1,REGULAR,8:02:00,257560,94483
260102C017,KLS,1/2/2026,CDDLC,A8288YX,Tangerang,Jabodetabek,Solar,9.26,Customer,1,2.2,16.0,1,90968,537495,Jawa,TANGERANG,CDD LONG CHASSIS,Internal,JabodetabekTANGERANGCDD LONG CHASSIS,Dalam Kota,,,,1,REGULAR,4:51:00,257560,188967
260102C004,KLS,1/2/2026,MVB,A8983VB,Bekasi,Jabodetabek,Pertalite,8.6,Customer,19,2.11,5,1,134500,523460,Jawa,BEKASI,MINI VAN BOX,Internal,JabodetabekBEKASIMINI VAN BOX,Dalam Kota,,,,1,REGULAR,6:07:00,257560,131400
260102C006,KLS,1/2/2026,MVB,B9642SCE,Bogor,Jabodetabek,Pertalite,18.58,Customer,20,0.95,5,1,258300,608627,Jawa,BOGOR,MINI VAN BOX,Internal,JabodetabekBOGORMINI VAN BOX,Dalam Kota,,,,1,REGULAR,10:26:00,257560,92767
260102C012,KLS,1/2/2026,CDELC,A8159ZC,Bekasi,Jabodetabek,Solar,14.25,Customer,21,3.04,11,1,100900,541327,Jawa,BEKASI,CDE LONG CHASSIS,Internal,JabodetabekBEKASICDE LONG CHASSIS,Dalam Kota,,,,1,REGULAR,7:10:00,257560,182867
260102C008,KLS,1/2/2026,MVB,A8373VC,Jakarta Timur,Jabodetabek,Pertalite,10.62,Customer,12,0.64,5.0,1,190700,#N/A,Jawa,JAKARTA TIMUR,MINI VAN BOX,Internal,JabodetabekJAKARTA TIMURMINI VAN BOX,Dalam Kota,,,,1,REGULAR,8:07:00,257560,#N/A
260102C005,KLS,1/2/2026,CDELC,A8098ZH,Karawang,Jabodetabek,Solar,16.33,Customer,21,1.25,11.0,1,199544,678271,Jawa,KARAWANG,CDE LONG CHASSIS,Internal,JabodetabekKARAWANGCDE LONG CHASSIS,Dalam Kota,,,,1,REGULAR,7:07:00,257560,221167
260102C010,KLS,1/2/2026,CDELC,A8486VC,Jakarta Utara,Jabodetabek,Solar,19.96,Customer,17,1.64,8.0,1,261728,#N/A,Jawa,JAKARTA UTARA,CDE PICKUP,Internal,JabodetabekJAKARTA UTARACDE PICKUP,Dalam Kota,,,,1,REGULAR,7:15:00,257560,#N/A
260102C009,KLS,1/2/2026,MVB,A8553VB,Jakarta Timur,Jabodetabek,Pertalite,10.46,Customer,13,5.0,5.0,1,144600,533560,Jawa,JAKARTA TIMUR,MINI VAN BOX,Internal,JabodetabekJAKARTA TIMURMINI VAN BOX,Dalam Kota,,,,1,REGULAR,4:56:00,257560,131400
260102C013,KLS,1/2/2026,MVB,B9320SCE,Bogor,Jabodetabek,Pertalite,11.29,Customer,11,0.66,5.0,1,165900,509600,Jawa,BOGOR,MINI VAN BOX,Internal,JabodetabekBOGORMINI VAN BOX,Dalam Kota,,,,1,REGULAR,5:15:00,257560,86140
260102C011,KLS,1/2/2026,CDELC,A8505VC,Karawang,Jabodetabek,Solar,11.37,Customer,4,11.0,11.0,1,120816,#N/A,Jawa,KARAWANG,CDE LONG CHASSIS,Internal,JabodetabekKARAWANGCDE LONG CHASSIS,Dalam Kota,,,,1,REGULAR,5:37:00,257560,#N/A
260102L001,KLS,1/2/2026,CDDLC,A8908XY,Bandung,Jawa Barat,,,Store,40,7.5,16.0,1,806000,1232280,Jawa,BANDUNG,CDD LONG CHASSIS,Internal,Jawa BaratBANDUNGCDD LONG CHASSIS,Luar Kota,,,,1,REGULAR,8:45:00,257560,168720
260102C003,KLS,1/2/2026,MVB,A8304VC,Bekasi,Jabodetabek,Pertalite,8.09,Customer,14,5.0,5.0,1,129900,#N/A,Jawa,BEKASI,MINI VAN BOX,Internal,JabodetabekBEKASIMINI VAN BOX,Dalam Kota,,,,1,REGULAR,6:18:00,257560,#N/A
260102C007,KLS,1/2/2026,MVB,A8876ZX,Depok,Jabodetabek,Pertalite,17.1,Customer,23,1.61,5.0,1,284500,604136,Jawa,DEPOK,MINI VAN BOX,Internal,JabodetabekDEPOKMINI VAN BOX,Dalam Kota,,,,1,REGULAR,52:27:00,257560,62076
260102C014,KLS,1/2/2026,CDELC,B9044BRO,Jakarta Barat,Jabodetabek,Solar,13.54,Customer,1,1.41,11.0,1,150072,578496,Jawa,JAKARTA BARAT,CDE LONG CHASSIS,Internal,JabodetabekJAKARTA BARATCDE LONG CHASSIS,Dalam Kota,,,,1,REGULAR,5:34:00,257560,170864
260102C015,KLS,1/2/2026,CDELC,A8476VC,Tangerang,Jabodetabek,Solar,9.91,Customer,1,5.26,11.0,1,86388,#N/A,Jawa,TANGERANG,CDE LONG CHASSIS,Internal,JabodetabekTANGERANGCDE LONG CHASSIS,Dalam Kota,,,,1,REGULAR,4:57:00,257560,#N/A
260102C002,KLS,1/2/2026,CDELC,A8520VC,Jakarta Utara,Jabodetabek,Solar,15.61,Customer,1,5.83,11.0,1,179148,#N/A,Jawa,JAKARTA UTARA,CDE LONG CHASSIS,Internal,JabodetabekJAKARTA UTARACDE LONG CHASSIS,Dalam Kota,,,,1,REGULAR,8:33:00,257560,#N/A
251231L005,KLS,1/2/2026,MVB,A8017VC,Sukabumi,Jawa Barat,Pertalite,22.44,Store,15,2.01,5.0,1,415400,958660,Jawa,SUKABUMI,MINI VAN BOX,Internal,Jawa BaratSUKABUMIMINI VAN BOX,Luar Kota,,,,1,REGULAR,10:23:00,257560,285700
260102S010,KLS,1/2/2026,CDELC,A8020VC,Jakarta Barat,Jabodetabek,Solar,8.1,Customer via Hub,20,1.37,11.0,6,69080,354780,Jawa,JAKARTA BARAT,CDE LONG CHASSIS,Internal,JabodetabekJAKARTA BARATCDE LONG CHASSIS,Dalam Kota,,,,1,REGULAR,7:03:00,,285700
260102S006,KLS,1/2/2026,MVB,A8437ZH,Tangerang,Jabodetabek,Pertalite,7.92,Customer via Hub,17,0.85,5.0,8,252200,362800,Jawa,TANGERANG,MINI VAN BOX,Internal,JabodetabekTANGERANGMINI VAN BOX,Dalam Kota,,,,1,REGULAR,7:52:00,,110600
260102S005,KLS,1/2/2026,CDELC,A8481ZH,Tangerang,Jabodetabek,Solar,9.56,Customer via Hub,23,1.89,11.0,5,136008,357175,Jawa,TANGERANG,CDE LONG CHASSIS,Internal,JabodetabekTANGERANGCDE LONG CHASSIS,Dalam Kota,,,,1,REGULAR,7:35:00,,221167
260102S001,KLS,1/2/2026,CDELC,A8717VB,Jakarta Utara,Jabodetabek,,,Customer via Hub,12,11.0,11.0,6,,285700,Jawa,JAKARTA UTARA,CDE LONG CHASSIS,Internal,JabodetabekJAKARTA UTARACDE LONG CHASSIS,Dalam Kota,,,,1,REGULAR,7:20:00,,285700
260102S003,KLS,1/2/2026,CDELC,A8757VB,Cilegon,Banten,Solar,24.87,Customer via Hub,12,4.75,11.0,5,300116,585816,Jawa,CILEGON,CDE LONG CHASSIS,Internal,BantenCILEGONCDE LONG CHASSIS,Dalam Kota,,,,1,REGULAR,9:27:00,,285700
260102S004,KLS,1/2/2026,CDELC,A8759VB,Tangerang,Jabodetabek,Solar,135.09,Customer via Hub,12,11.0,11.0,3,918590,1204290,Jawa,TANGERANG,CDE LONG CHASSIS,Internal,JabodetabekTANGERANGCDE LONG CHASSIS,Dalam Kota,,,,1,REGULAR,7:14:00,,285700
260102S012,KLS,1/2/2026,CDELC,A8910VB,Jakarta Pusat,Jabodetabek,Solar,8.09,Customer via Hub,11,2.26,11.0,4,104512,390212,Jawa,JAKARTA PUSAT,CDE LONG CHASSIS,Internal,JabodetabekJAKARTA PUSATCDE LONG CHASSIS,Dalam Kota,,,,1,REGULAR,5:17:00,,285700
260102S009,KLS,1/2/2026,CDELC,A8912VB,Jakarta Selatan,Jabodetabek,Solar,10.33,Customer via Hub,25,1.74,11.0,7,138744,404037,Jawa,JAKARTA SELATAN,CDE LONG CHASSIS,Internal,JabodetabekJAKARTA SELATANCDE LONG CHASSIS,Dalam Kota,,,,1,REGULAR,8:13:00,,265293
260102S007,KLS,1/2/2026,MVB,B9710SCE,Jakarta Selatan,Jabodetabek,Pertalite,7.4,Customer via Hub,21,0.52,5.0,8,135000,#N/A,Jawa,JAKARTA SELATAN,MINI VAN BOX,Internal,JabodetabekJAKARTA SELATANMINI VAN BOX,Dalam Kota,,,,1,REGULAR,7:19:00,,#N/A
260103C007,KLS,1/3/2026,CDELC,A8476VC,Purwakarta,Jawa Barat,Solar,18.3,Customer,19,1.53,11.0,4,247940,#N/A,Jawa,PURWAKARTA,CDE LONG CHASSIS,Internal,Jawa BaratPURWAKARTACDE LONG CHASSIS,Dalam Kota,,,,1,REGULAR,5:19:00,515120,#N/A
260103C002,KLS,1/3/2026,MVB,B9642SCE,Bogor,Jabodetabek,Pertalite,15.14,Customer,21,2.78,5.0,4,192400,800287,Jawa,BOGOR,MINI VAN BOX,Internal,JabodetabekBOGORMINI VAN BOX,Dalam Kota,,,,1,REGULAR,6:37:00,515120,92767
260103C008,KLS,1/3/2026,MVB,A8983VB,Bekasi,Jabodetabek,Pertalite,7.97,Customer,23,2.58,5.0,7,127200,773720,Jawa,BEKASI,MINI VAN BOX,Internal,JabodetabekBEKASIMINI VAN BOX,Dalam Kota,,,,1,REGULAR,6:29:00,515120,131400
260103C011,KLS,1/3/2026,CDELC,A8505VC,Jakarta Pusat,Jabodetabek,Solar,14.84,Customer,7,11.0,11.0,3,172912,#N/A,Jawa,JAKARTA PUSAT,CDE LONG CHASSIS,Internal,JabodetabekJAKARTA PUSATCDE LONG CHASSIS,Dalam Kota,,,,1,REGULAR,5:58:00,515120,#N/A
260103C010,KLS,1/3/2026,MVB,A8373VC,Jakarta Timur,Jabodetabek,Pertalite,8.46,Customer,5,0.61,5.0,2,143600,#N/A,Jawa,JAKARTA TIMUR,MINI VAN BOX,Internal,JabodetabekJAKARTA TIMURMINI VAN BOX,Dalam Kota,,,,1,REGULAR,5:25:00,515120,#N/A
260103C005,KLS,1/3/2026,MVB,B9320SCE,Jakarta Timur,Jabodetabek,Pertalite,10.39,Customer,15,2.1,5.0,4,152900,754160,Jawa,JAKARTA TIMUR,MINI VAN BOX,Internal,JabodetabekJAKARTA TIMURMINI VAN BOX,Dalam Kota,,,,1,REGULAR,5:59:00,515120,86140
260103C003,KLS,1/3/2026,MVB,A8304VC,Depok,Jabodetabek,Pertalite,10.48,Customer,11,1.31,5.0,3,214800,#N/A,Jawa,DEPOK,MINI VAN BOX,Internal,JabodetabekDEPOKMINI VAN BOX,Dalam Kota,,,,1,REGULAR,5:45:00,515120,#N/A
260103C001,KLS,1/3/2026,MVB,A8017VC,Jakarta Utara,Jabodetabek,Pertalite,8.36,Customer,15,2.54,5.0,3,144600,945420,Jawa,JAKARTA UTARA,MINI VAN BOX,Internal,JabodetabekJAKARTA UTARAMINI VAN BOX,Dalam Kota,,,,1,REGULAR,6:05:00,515120,285700
260103C014,KLS,1/3/2026,CDELC,A8339ZS,Cilegon,Banten,Solar,28.99,Customer,18,4.06,8.0,2,478632,1259352,Jawa,CILEGON,CDE PICKUP,Internal,BantenCILEGONCDE PICKUP,Dalam Kota,,,,1,REGULAR,6:37:00,515120,265600
260103C009,KLS,1/3/2026,MVB,A8876ZX,Bekasi,Jabodetabek,Pertalite,5.33,Customer,13,1.32,5.0,2,58300,635496,Jawa,BEKASI,MINI VAN BOX,Internal,JabodetabekBEKASIMINI VAN BOX,Dalam Kota,,,,1,REGULAR,5:10:00,515120,62076
260103C012,KLS,1/3/2026,CDELC,A8520VC,Jakarta Selatan,Jabodetabek,Solar,15.21,Customer,12,4.07,11.0,4,158428,#N/A,Jawa,JAKARTA SELATAN,CDE LONG CHASSIS,Internal,JabodetabekJAKARTA SELATANCDE LONG CHASSIS,Dalam Kota,,,,1,REGULAR,7:12:00,515120,#N/A
260103H001,KLS,1/3/2026,CDDLC,A8976XY,Jakarta Barat,Jabodetabek,Solar,14.96,HUB,109,16.0,16.0,3,179728,626255,Jawa,JAKARTA BARAT,CDD LONG CHASSIS,Internal,JabodetabekJAKARTA BARATCDD LONG CHASSIS,Dalam Kota,,,,1,REGULAR,6:08:00,257560,188967
260103L001,KLS,1/3/2026,CDDLC,A8908XY,Cirebon,Jawa Barat,Solar,46.99,Store,27,2.45,16.0,1,792500,1218780,Jawa,CIREBON,CDD LONG CHASSIS,Internal,Jawa BaratCIREBONCDD LONG CHASSIS,Luar Kota,,,,1,REGULAR,11:59:00,257560,168720
260103S003,KLS,1/3/2026,CDELC,A8020VC,Tangerang,Jabodetabek,Solar,11.04,Customer via Hub,25,2.12,11.0,7,128072,413772,Jawa,TANGERANG,CDE LONG CHASSIS,Internal,JabodetabekTANGERANGCDE LONG CHASSIS,Dalam Kota,,,,1,REGULAR,7:18:00,,285700
260103S004,KLS,1/3/2026,CDELC,A8481ZH,Jakarta Selatan,Jabodetabek,Solar,10.67,Customer via Hub,15,2.9,11.0,5,89564,310731,Jawa,JAKARTA SELATAN,CDE LONG CHASSIS,Internal,JabodetabekJAKARTA SELATANCDE LONG CHASSIS,Dalam Kota,,,,1,REGULAR,6:20:00,,221167
260103S006,KLS,1/3/2026,CDELC,A8717VB,Jakarta Utara,Jabodetabek,,,Customer via Hub,20,1.53,11.0,7,72500,358200,Jawa,JAKARTA UTARA,CDE LONG CHASSIS,Internal,JabodetabekJAKARTA UTARACDE LONG CHASSIS,Dalam Kota,,,,1,REGULAR,6:50:00,,285700
260103S002,KLS,1/3/2026,CDELC,A8910VB,Tangerang,Jabodetabek,Solar,7276,Customer via Hub,26,8.87,11.0,5,135036,420736,Jawa,TANGERANG,CDE LONG CHASSIS,Internal,JabodetabekTANGERANGCDE LONG CHASSIS,Dalam Kota,,,,1,REGULAR,6:18:00,,285700
260103S001,KLS,1/3/2026,CDELC,A8912VB,Cilegon,Banten,Solar,7140,Customer via Hub,20,2.92,11.0,5,195460,460753,Jawa,CILEGON,CDE LONG CHASSIS,Internal,BantenCILEGONCDE LONG CHASSIS,Dalam Kota,,,,1,REGULAR,6:36:00,,265293
260105C003,KLS,1/5/2026,CDELC,A8098ZH,Bekasi,Jabodetabek,Solar,15.7,Customer,22,2.21,11.0,8,161260,897547,Jawa,BEKASI,CDE LONG CHASSIS,Internal,JabodetabekBEKASICDE LONG CHASSIS,Dalam Kota,,,,1,REGULAR,8:01:00,515120,221167
260105C035,KLS,1/5/2026,PICKUP,A8721ZV,Bekasi,Jabodetabek,Pertalite,11.37,Customer,2,0.36,3.0,1,113700,734653,Jawa,BEKASI,PICKUP,Internal,JabodetabekBEKASIPICKUP,Dalam Kota,,,,1,REGULAR,4:46:00,515120,105833
260105C036,KLS,1/5/2026,CDELC,A8432ZS,Jakarta Timur,Jabodetabek,Solar,9.79,Customer,1,11.0,11.0,1,85572,857742,Jawa,JAKARTA TIMUR,CDE LONG CHASSIS,Internal,JabodetabekJAKARTA TIMURCDE LONG CHASSIS,Dalam Kota,,,,1,REGULAR,3:16:00,515120,257050
260105C016,KLS,1/5/2026,MVB,A8304VC,Bekasi,Jabodetabek,Pertalite,8.82,Customer,13,5.0,5.0,8,88200,#N/A,Jawa,BEKASI,MINI VAN BOX,Internal,JabodetabekBEKASIMINI VAN BOX,Dalam Kota,,,,1,REGULAR,6:13:00,515120,#N/A
260105C005,KLS,1/5/2026,CDELC,A8479VC,Bogor,Jabodetabek,Solar,20.94,Customer,6,5.73,11.0,4,309892,1125012,Jawa,BOGOR,CDE LONG CHASSIS,Internal,JabodetabekBOGORCDE LONG CHASSIS,Dalam Kota,,,,1,REGULAR,9:34:00,515120,300000
260105C011,KLS,1/5/2026,CDELC,A8520VC,Bekasi,Jabodetabek,Solar,15.5,Customer,18,1.39,11.0,8,164900,#N/A,Jawa,BEKASI,CDE LONG CHASSIS,Internal,JabodetabekBEKASICDE LONG CHASSIS,Dalam Kota,,,,1,REGULAR,8:27:00,515120,#N/A
260105C015,KLS,1/5/2026,CDELC,A8505VC,Karawang,Jabodetabek,Solar,15.98,Customer,27,2.98,11.0,14,125164,#N/A,Jawa,KARAWANG,CDE LONG CHASSIS,Internal,JabodetabekKARAWANGCDE LONG CHASSIS,Dalam Kota,,,,1,REGULAR,8:43:00,515120,#N/A
260105C004,KLS,1/5/2026,CDDLC,A8961VB,Bogor,Jabodetabek,Solar,24.4,Customer,23,9.1,13.0,11,308920,1136673,Jawa,BOGOR,CDD PICK UP,Internal,JabodetabekBOGORCDD PICK UP,Dalam Kota,,,,1,REGULAR,8:53:00,515120,312633
260105C018,KLS,1/5/2026,CDDLC,A8908XY,Bekasi,Jabodetabek,Solar,9.13,Customer,27,6.64,16.0,12,62084,745924,Jawa,BEKASI,CDD LONG CHASSIS,Internal,JabodetabekBEKASICDD LONG CHASSIS,Dalam Kota,,,,1,REGULAR,6:49:00,515120,168720
260105C017,KLS,1/5/2026,CDELC,A8159ZC,Bekasi,Jabodetabek,Solar,13.88,Customer,23,6.6,11.0,10,108384,806371,Jawa,BEKASI,CDE LONG CHASSIS,Internal,JabodetabekBEKASICDE LONG CHASSIS,Dalam Kota,,,,1,REGULAR,8:10:00,515120,182867
260105C014,KLS,1/5/2026,CDELC,A8476VC,Karawang,Jabodetabek,Solar,17.07,Customer,28,11.0,11.0,9,170076,#N/A,Jawa,KARAWANG,CDE LONG CHASSIS,Internal,JabodetabekKARAWANGCDE LONG CHASSIS,Dalam Kota,,,,1,REGULAR,8:56:00,515120,#N/A
260105C019,KLS,1/5/2026,MOTOR,B5709BLU,Bekasi,Jabodetabek,Pertalite,2,Customer,15,0.14,0.14,10,20000,292610,Jawa,BEKASI,MOTOR BOX,Internal,JabodetabekBEKASIMOTOR BOX,Dalam Kota,,,,1,REGULAR,7:31:00,257560,15050
260105C029,KLS,1/5/2026,CDELC,A8486VC,Tangerang,Jabodetabek,Solar,22.25,Customer,2,6.65,8.0,2,311300,#N/A,Jawa,TANGERANG,CDE PICKUP,Internal,JabodetabekTANGERANGCDE PICKUP,Dalam Kota,,,,1,REGULAR,9:49:00,257560,#N/A
260105C022,KLS,1/5/2026,CDELC,B9044BRO,Jakarta Utara,Jabodetabek,Solar,16,Customer,12,11.0,11.0,5,175800,604224,Jawa,JAKARTA UTARA,CDE LONG CHASSIS,Internal,JabodetabekJAKARTA UTARACDE LONG CHASSIS,Dalam Kota,,,,1,REGULAR,7:25:00,257560,170864
260105C006,KLS,1/5/2026,CDELC,A8002XW,Depok,Jabodetabek,Solar,17.68,Customer,32,3.92,11.0,11,228224,638251,Jawa,DEPOK,CDE LONG CHASSIS,Internal,JabodetabekDEPOKCDE LONG CHASSIS,Dalam Kota,,,,1,REGULAR,7:38:00,257560,152467
260105C027,KLS,1/5/2026,MVB,B9642SCE,Jakarta Timur,Jabodetabek,Pertalite,11.4,Customer,8,5.0,5.0,4,184000,534327,Jawa,JAKARTA TIMUR,MINI VAN BOX,Internal,JabodetabekJAKARTA TIMURMINI VAN BOX,Dalam Kota,,,,1,REGULAR,8:54:00,257560,92767
260105C033,KLS,1/5/2026,WINGBOX,B9068BEN,Bekasi,Jabodetabek,Solar,12.25,Customer,1,42.0,42.0,1,118800,461792,Jawa,BEKASI,WINGBOX,Internal,JabodetabekBEKASIWINGBOX,Dalam Kota,,,,1,REGULAR,5:59:00,257560,85432
260105C030,KLS,1/5/2026,CDDLC,A8288YX,Bekasi,Jabodetabek,Solar,11.29,Customer,11,16.0,16.0,9,76772,523299,Jawa,BEKASI,CDD LONG CHASSIS,Internal,JabodetabekBEKASICDD LONG CHASSIS,Dalam Kota,,,,1,REGULAR,6:11:00,257560,188967
260105L001,KLS,1/5/2026,CDDLC,A8976XY,Bandung,Jawa Barat,Solar,68,Store,65,11.01,16.0,1,804000,1250527,Jawa,BANDUNG,CDD LONG CHASSIS,Internal,Jawa BaratBANDUNGCDD LONG CHASSIS,Luar Kota,,,,1,REGULAR,8:51:00,257560,188967
260105C001,KLS,1/5/2026,CDDLC,B9190SDB,Jakarta Pusat,Jabodetabek,Solar,15.76,Customer,1,13.0,13.0,1,178668,632461,Jawa,JAKARTA PUSAT,CDD PICK UP,Internal,JabodetabekJAKARTA PUSATCDD PICK UP,Dalam Kota,,,,1,REGULAR,7:13:00,257560,196233
260105C026,KLS,1/5/2026,MVB,B9320SCE,Bekasi,Jabodetabek,Pertalite,7.7,Customer,14,2.67,5.0,10,77000,420700,Jawa,BEKASI,MINI VAN BOX,Internal,JabodetabekBEKASIMINI VAN BOX,Dalam Kota,,,,1,REGULAR,8:34:00,257560,86140
260105C008,KLS,1/5/2026,MVB,A8373VC,Jakarta Timur,Jabodetabek,Pertalite,11.47,Customer,9,0.68,5.0,5,175200,#N/A,Jawa,JAKARTA TIMUR,MINI VAN BOX,Internal,JabodetabekJAKARTA TIMURMINI VAN BOX,Dalam Kota,,,,1,REGULAR,8:10:00,257560,#N/A
260105C031,KLS,1/5/2026,MVB,A8876ZX,Karawang,Jabodetabek,Pertalite,9.54,Customer,36,0.55,5.0,13,111900,431536,Jawa,KARAWANG,MINI VAN BOX,Internal,JabodetabekKARAWANGMINI VAN BOX,Dalam Kota,,,,1,REGULAR,9:20:00,257560,62076
260105C034,KLS,1/5/2026,MVB,A8983VB,Karawang,Jabodetabek,Pertalite,11.11,Customer,6,5.0,5.0,3,154600,543560,Jawa,KARAWANG,MINI VAN BOX,Internal,JabodetabekKARAWANGMINI VAN BOX,Dalam Kota,,,,1,REGULAR,5:38:00,257560,131400
260105C024,KLS,1/5/2026,CDELC,A8503ZX,Bogor,Jabodetabek,Solar,19.52,Customer,22,2.02,8.0,4,202736,612763,Jawa,BOGOR,CDE,Internal,JabodetabekBOGORCDE,Dalam Kota,,,,1,REGULAR,8:57:00,257560,152467
260105C013,KLS,1/5/2026,MVB,A8504ZX,Karawang,Jabodetabek,Pertalite,16.53,Customer,10,5.0,5.0,4,264300,595960,Jawa,KARAWANG,MINI VAN BOX,Internal,JabodetabekKARAWANGMINI VAN BOX,Dalam Kota,,,,1,REGULAR,8:52:00,257560,74100
260105H001,KLS,1/5/2026,WINGBOX,B9068BEN,Jakarta Barat,Jabodetabek,Solar,27.91,HUB,269,42.0,42.0,6,267788,610780,Jawa,JAKARTA BARAT,WINGBOX,Internal,JabodetabekJAKARTA BARATWINGBOX,Dalam Kota,,,,1,REGULAR,43:18:00,257560,85432
260105C007,KLS,1/5/2026,MVB,A8017VC,Jakarta Utara,Jabodetabek,Pertalite,10.82,Customer,12,0.64,5.0,5,172200,715460,Jawa,JAKARTA UTARA,MINI VAN BOX,Internal,JabodetabekJAKARTA UTARAMINI VAN BOX,Dalam Kota,,,,1,REGULAR,7:12:00,257560,285700
260105C023,KLS,1/5/2026,CDELC,A8048ZX,Purwakarta,Jawa Barat,Solar,18.94,Customer,21,2.41,11.0,6,196792,606819,Jawa,PURWAKARTA,CDE LONG CHASSIS,Internal,Jawa BaratPURWAKARTACDE LONG CHASSIS,Dalam Kota,,,,1,REGULAR,35:34:00,257560,152467
260105C009,KLS,1/5/2026,MVB,A8553VB,Jakarta Timur,Jabodetabek,Pertalite,11.65,Customer,12,5.0,5.0,5,164500,553460,Jawa,JAKARTA TIMUR,MINI VAN BOX,Internal,JabodetabekJAKARTA TIMURMINI VAN BOX,Dalam Kota,,,,1,REGULAR,8:37:00,257560,131400
260105S013,KLS,1/5/2026,CDELC,A8020VC,Jakarta Utara,Jabodetabek,Solar,13.98,Customer via Hub,16,9.2,11.0,2,112064,397764,Jawa,JAKARTA UTARA,CDE LONG CHASSIS,Internal,JabodetabekJAKARTA UTARACDE LONG CHASSIS,Dalam Kota,,,,1,REGULAR,8:51:00,,285700
260105S010,KLS,1/5/2026,MVB,A8437ZH,Jakarta Selatan,Jabodetabek,Pertalite,8.83,Customer via Hub,15,2.72,5.0,5,171300,281900,Jawa,JAKARTA SELATAN,MINI VAN BOX,Internal,JabodetabekJAKARTA SELATANMINI VAN BOX,Dalam Kota,,,,1,REGULAR,7:05:00,,110600
260105S003,KLS,1/5/2026,CDELC,A8481ZH,Cilegon,Banten,Solar,24.74,Customer via Hub,27,6.69,11.0,3,295716,516883,Jawa,CILEGON,CDE LONG CHASSIS,Internal,BantenCILEGONCDE LONG CHASSIS,Dalam Kota,,,,1,REGULAR,9:59:00,,221167
260105S009,KLS,1/5/2026,MVB,A8537ZF,Tangerang,Jabodetabek,Pertalite,8.5,Customer via Hub,12,0.53,5.0,5,153500,264100,Jawa,TANGERANG,MINI VAN BOX,Internal,JabodetabekTANGERANGMINI VAN BOX,Dalam Kota,,,,1,REGULAR,6:29:00,,110600
260105S005,KLS,1/5/2026,CDELC,A8717VB,Tangerang,Jabodetabek,Solar,19.13,Customer via Hub,24,2.88,11.0,3,211584,497284,Jawa,TANGERANG,CDE LONG CHASSIS,Internal,JabodetabekTANGERANGCDE LONG CHASSIS,Dalam Kota,,,,1,REGULAR,11:36:00,,285700
260105S011,KLS,1/5/2026,CDELC,A8721VB,Jakarta Selatan,Jabodetabek,,,Customer via Hub,9,2.67,11.0,3,45000,330700,Jawa,JAKARTA SELATAN,CDE LONG CHASSIS,Internal,JabodetabekJAKARTA SELATANCDE LONG CHASSIS,Dalam Kota,,,,1,REGULAR,11:12:00,,285700
260105S007,KLS,1/5/2026,CDELC,A8757VB,Tangerang,Jabodetabek,Solar,16.19,Customer via Hub,14,3.07,11.0,1,182592,468292,Jawa,TANGERANG,CDE LONG CHASSIS,Internal,JabodetabekTANGERANGCDE LONG CHASSIS,Dalam Kota,,,,1,REGULAR,9:20:00,,285700
260105S001,KLS,1/5/2026,CDELC,A8759VB,Jakarta Pusat,Jabodetabek,Solar,127.27,Customer via Hub,22,3.83,11.0,5,147545,433245,Jawa,JAKARTA PUSAT,CDE LONG CHASSIS,Internal,JabodetabekJAKARTA PUSATCDE LONG CHASSIS,Dalam Kota,,,,1,REGULAR,9:53:00,,285700
260105S004,KLS,1/5/2026,CDELC,A8801XZ,Serang,Banten,Solar,7053.45,Customer via Hub,17,1.25,8.0,4,213676,364409,Jawa,SERANG,CDE PICKUP,Internal,BantenSERANGCDE PICKUP,Dalam Kota,,,,1,REGULAR,11:01:00,,150733
260105S008,KLS,1/5/2026,CDELC,A8910VB,Tangerang,Jabodetabek,Solar,17.5,Customer via Hub,17,1.8,11.0,3,36605,322305,Jawa,TANGERANG,CDE LONG CHASSIS,Internal,JabodetabekTANGERANGCDE LONG CHASSIS,Dalam Kota,,,,1,REGULAR,7:40:00,,285700
260105S006,KLS,1/5/2026,CDELC,A8912VB,Tangerang,Jabodetabek,Solar,6995.5,Customer via Hub,24,3.62,11.0,5,171928,437221,Jawa,TANGERANG,CDE LONG CHASSIS,Internal,JabodetabekTANGERANGCDE LONG CHASSIS,Dalam Kota,,,,1,REGULAR,10:23:00,,265293
260105S012,KLS,1/5/2026,MVB,B9710SCE,Jakarta Barat,Jabodetabek,Pertalite,7.74,Customer via Hub,52,4.4,5.0,8,77410,#N/A,Jawa,JAKARTA BARAT,MINI VAN BOX,Internal,JabodetabekJAKARTA BARATMINI VAN BOX,Dalam Kota,,,,1,REGULAR,6:32:00,,#N/A
260106C014,KLS,1/6/2026,CDDLC,A8288YX,Bekasi,Jabodetabek,Solar,12.56,Customer,12,2.29,16.0,9,85408,789495,Jawa,BEKASI,CDD LONG CHASSIS,Internal,JabodetabekBEKASICDD LONG CHASSIS,Dalam Kota,,,,1,REGULAR,6:14:00,515120,188967
260106C005,KLS,1/6/2026,CDELC,A8505VC,Karawang,Jabodetabek,Solar,17.05,Customer,16,1.28,11.0,8,132440,#N/A,Jawa,KARAWANG,CDE LONG CHASSIS,Internal,JabodetabekKARAWANGCDE LONG CHASSIS,Dalam Kota,,,,1,REGULAR,6:45:00,515120,#N/A
260106C012,KLS,1/6/2026,CDELC,A8098ZH,Jakarta Timur,Jabodetabek,Solar,13.4,Customer,6,2.49,11.0,4,139120,875407,Jawa,JAKARTA TIMUR,CDE LONG CHASSIS,Internal,JabodetabekJAKARTA TIMURCDE LONG CHASSIS,Dalam Kota,,,,1,REGULAR,7:16:00,515120,221167
260106C010,KLS,1/6/2026,MVB,A8017VC,Jakarta Utara,Jabodetabek,Pertalite,13.16,Customer,12,0.76,5.0,6,195600,996420,Jawa,JAKARTA UTARA,MINI VAN BOX,Internal,JabodetabekJAKARTA UTARAMINI VAN BOX,Dalam Kota,,,,1,REGULAR,8:08:00,515120,285700
260106C004,KLS,1/6/2026,CDELC,A8476VC,Karawang,Jabodetabek,Solar,16.7,Customer,24,11.0,11.0,11,167560,#N/A,Jawa,KARAWANG,CDE LONG CHASSIS,Internal,JabodetabekKARAWANGCDE LONG CHASSIS,Dalam Kota,,,,1,REGULAR,9:38:00,515120,#N/A
260106C024,KLS,1/6/2026,FUSO,A8313YX,Serang,Banten,Solar,59.92,Customer,1,34.0,34.0,1,731456,1594334,Jawa,SERANG,FUSO,Internal,BantenSERANGFUSO,Dalam Kota,,,,1,REGULAR,12:27:00,515120,347758
260106C016,KLS,1/6/2026,CDDLC,A8908XY,Bekasi,Jabodetabek,Solar,8.6,Customer,21,16.0,16.0,8,58480,742320,Jawa,BEKASI,CDD LONG CHASSIS,Internal,JabodetabekBEKASICDD LONG CHASSIS,Dalam Kota,,,,1,REGULAR,5:35:00,515120,168720
260106C026,KLS,1/6/2026,MVB,A8983VB,Karawang,Jabodetabek,Pertalite,9.21,Customer,11,5.0,5.0,8,135600,782120,Jawa,KARAWANG,MINI VAN BOX,Internal,JabodetabekKARAWANGMINI VAN BOX,Dalam Kota,,,,1,REGULAR,4:59:00,515120,131400
260106C011,KLS,1/6/2026,CDELC,B9044BRO,Jakarta Utara,Jabodetabek,Solar,15.6,Customer,7,11.0,11.0,5,236080,922064,Jawa,JAKARTA UTARA,CDE LONG CHASSIS,Internal,JabodetabekJAKARTA UTARACDE LONG CHASSIS,Dalam Kota,,,,1,REGULAR,9:16:00,515120,170864
260106C002,KLS,1/6/2026,CDELC,A8048ZX,Karawang,Jabodetabek,Solar,18.43,Customer,39,2.36,11.0,6,198824,866411,Jawa,KARAWANG,CDE LONG CHASSIS,Internal,JabodetabekKARAWANGCDE LONG CHASSIS,Dalam Kota,,,,1,REGULAR,8:24:00,515120,152467
260106C017,KLS,1/6/2026,CDELC,A8159ZC,Bekasi,Jabodetabek,Solar,16.35,Customer,11,4.47,11.0,8,130180,828167,Jawa,BEKASI,CDE LONG CHASSIS,Internal,JabodetabekBEKASICDE LONG CHASSIS,Dalam Kota,,,,1,REGULAR,9:28:00,515120,182867
260106C019,KLS,1/6/2026,MOTOR,B5709BLU,Bekasi,Jabodetabek,Pertalite,2.17,Customer,10,0.14,0.14,8,21700,294310,Jawa,BEKASI,MOTOR BOX,Internal,JabodetabekBEKASIMOTOR BOX,Dalam Kota,,,,1,REGULAR,7:40:00,257560,15050
260106C028,KLS,1/6/2026,MVB,A8304VC,Jakarta Pusat,Jabodetabek,Pertalite,8.64,Customer,2,5.0,5.0,2,124400,#N/A,Jawa,JAKARTA PUSAT,MINI VAN BOX,Internal,JabodetabekJAKARTA PUSATMINI VAN BOX,Dalam Kota,,,,1,REGULAR,4:17:00,257560,#N/A
260106C007,KLS,1/6/2026,MVB,A8304VC,Bogor,Jabodetabek,Pertalite,15.63,Customer,8,5.0,5.0,4,214800,#N/A,Jawa,BOGOR,MINI VAN BOX,Internal,JabodetabekBOGORMINI VAN BOX,Dalam Kota,,,,1,REGULAR,6:17:00,257560,#N/A
260106C009,KLS,1/6/2026,CDDLC,A8961VB,Jakarta Utara,Jabodetabek,Solar,13.22,Customer,5,7.81,13.0,3,256396,826589,Jawa,JAKARTA UTARA,CDD PICK UP,Internal,JabodetabekJAKARTA UTARACDD PICK UP,Dalam Kota,,,,1,REGULAR,9:05:00,257560,312633
260106C027,KLS,1/6/2026,CDDLC,A8976XY,Purwakarta,Jawa Barat,Solar,12.82,Customer,1,3.0,16.0,1,168176,614703,Jawa,PURWAKARTA,CDD LONG CHASSIS,Internal,Jawa BaratPURWAKARTACDD LONG CHASSIS,Dalam Kota,,,,1,REGULAR,5:51:00,257560,188967
260106C008,KLS,1/6/2026,CDELC,A8503ZX,Depok,Jabodetabek,Solar,17.08,Customer,6,8.0,8.0,4,187144,597171,Jawa,DEPOK,CDE,Internal,JabodetabekDEPOKCDE,Dalam Kota,,,,1,REGULAR,6:28:00,257560,152467
260106C003,KLS,1/6/2026,MVB,B9320SCE,Purwakarta,Jawa Barat,Pertalite,15.08,Customer,7,5.0,5.0,5,219300,563000,Jawa,PURWAKARTA,MINI VAN BOX,Internal,Jawa BaratPURWAKARTAMINI VAN BOX,Dalam Kota,,,,1,REGULAR,8:06:00,257560,86140
260106L001,KLS,1/6/2026,MVB,A8373VC,Sukabumi,Jawa Barat,Pertalite,22.36,Store,21,0.54,5.0,1,397600,#N/A,Jawa,SUKABUMI,MINI VAN BOX,Internal,Jawa BaratSUKABUMIMINI VAN BOX,Luar Kota,,,,1,REGULAR,9:52:00,257560,#N/A
260106C022,KLS,1/6/2026,CDELC,A8486VC,Subang,Jawa Barat,Solar,19.95,Customer,1,6.0,8.0,1,407660,#N/A,Jawa,SUBANG,CDE PICKUP,Internal,Jawa BaratSUBANGCDE PICKUP,DALAM KOTA,,,,1,NON REGULAR,5:48:00,257560,#N/A
260106D001,KLS,1/6/2026,CDELC,A8520VC,Jakarta Barat,Jabodetabek,Solar,16.4,Store,4,7.56,11.0,2,237520,#N/A,Jawa,JAKARTA BARAT,CDE LONG CHASSIS,Internal,JabodetabekJAKARTA BARATCDE LONG CHASSIS,Dalam Kota,,,,1,REGULAR,7:01:00,257560,#N/A
260106C013,KLS,1/6/2026,CDELC,A8002XW,Bekasi,Jabodetabek,Solar,15.86,Customer,20,3.86,11.0,7,184348,594375,Jawa,BEKASI,CDE LONG CHASSIS,Internal,JabodetabekBEKASICDE LONG CHASSIS,Dalam Kota,,,,1,REGULAR,9:24:00,257560,152467
260106C018,KLS,1/6/2026,WINGBOX,B9068BEN,Serang,Banten,Solar,63.48,Customer,1,32.39,42.0,1,690664,1119088,Jawa,SERANG,WINGBOX,Internal,BantenSERANGWINGBOX,Dalam Kota,,,,1,REGULAR,15:46:00,257560,170864
260106H001,KLS,1/6/2026,WINGBOX,B9061BEN,Jakarta Barat,Jabodetabek,Solar,29.22,HUB,98,42.0,42.0,4,280696,709120,Jawa,JAKARTA BARAT,WINGBOX,Internal,JabodetabekJAKARTA BARATWINGBOX,Dalam Kota,,,,1,REGULAR,7:48:00,257560,170864
260106C006,KLS,1/6/2026,MVB,A8504ZX,Bogor,Jabodetabek,Pertalite,11.8,Customer,8,1.33,5.0,3,157500,489160,Jawa,BOGOR,MINI VAN BOX,Internal,JabodetabekBOGORMINI VAN BOX,Dalam Kota,,,,1,REGULAR,8:58:00,257560,74100
260106C025,KLS,1/6/2026,CDELC,A8339ZS,Jakarta Utara,Jabodetabek,Solar,14.07,Customer,3,4.4,8.0,2,187676,710836,Jawa,JAKARTA UTARA,CDE PICKUP,Internal,JabodetabekJAKARTA UTARACDE PICKUP,Dalam Kota,,,,1,REGULAR,6:45:00,257560,265600
260106C020,KLS,1/6/2026,CDDLC,B9190SDB,Tangerang,Jabodetabek,Solar,35.76,Customer,2,4.79,13.0,1,514168,967961,Jawa,TANGERANG,CDD PICK UP,Internal,JabodetabekTANGERANGCDD PICK UP,Dalam Kota,,,,1,REGULAR,11:08:00,257560,196233
260107C009,KLS,1/7/2026,MVB,A8553VB,Jakarta Timur,Jabodetabek,Pertalite,11.6,Customer,6,0.98,5.0,5,157000,803520,Jawa,JAKARTA TIMUR,MINI VAN BOX,Internal,JabodetabekJAKARTA TIMURMINI VAN BOX,Dalam Kota,,,,1,REGULAR,6:24:00,515120,131400
260107C020,KLS,1/7/2026,CDDLC,A8288YX,Bekasi,Jabodetabek,Solar,11.16,Customer,14,4.0,16.0,10,75888,779975,Jawa,BEKASI,CDD LONG CHASSIS,Internal,JabodetabekBEKASICDD LONG CHASSIS,Dalam Kota,,,,1,REGULAR,6:29:00,515120,188967
260107C016,KLS,1/7/2026,CDELC,A8520VC,Bekasi,Jabodetabek,Solar,19.61,Customer,10,11.0,11.0,4,219348,#N/A,Jawa,BEKASI,CDE LONG CHASSIS,Internal,JabodetabekBEKASICDE LONG CHASSIS,Dalam Kota,,,,1,REGULAR,9:19:00,515120,#N/A
260107C005,KLS,1/7/2026,CDELC,A8098ZH,Karawang,Jabodetabek,Solar,17.2,Customer,11,11.0,11.0,6,215460,951747,Jawa,KARAWANG,CDE LONG CHASSIS,Internal,JabodetabekKARAWANGCDE LONG CHASSIS,Dalam Kota,,,,1,REGULAR,9:59:00,515120,221167
260107C010,KLS,1/7/2026,CDDLC,A8976XY,Bekasi,Jabodetabek,Solar,11.6,Customer,14,16.0,16.0,9,78880,782967,Jawa,BEKASI,CDD LONG CHASSIS,Internal,JabodetabekBEKASICDD LONG CHASSIS,Dalam Kota,,,,1,REGULAR,7:09:00,515120,188967
260107C008,KLS,1/7/2026,CDELC,A8002XW,Bekasi,Jabodetabek,Solar,12.55,Customer,5,11.0,11.0,4,104340,771927,Jawa,BEKASI,CDE LONG CHASSIS,Internal,JabodetabekBEKASICDE LONG CHASSIS,Dalam Kota,,,,1,REGULAR,7:38:00,515120,152467
260107C017,KLS,1/7/2026,CDELC,A8159ZC,Bekasi,Jabodetabek,Solar,10.61,Customer,10,2.24,11.0,3,82148,780135,Jawa,BEKASI,CDE LONG CHASSIS,Internal,JabodetabekBEKASICDE LONG CHASSIS,Dalam Kota,,,,1,REGULAR,6:02:00,515120,182867
260107C018,KLS,1/7/2026,CDELC,A8505VC,Karawang,Jabodetabek,Solar,14.19,Customer,14,11.0,11.0,9,129492,#N/A,Jawa,KARAWANG,CDE LONG CHASSIS,Internal,JabodetabekKARAWANGCDE LONG CHASSIS,Dalam Kota,,,,1,REGULAR,6:51:00,515120,#N/A
260107C011,KLS,1/7/2026,CDDLC,A8908XY,Bekasi,Jabodetabek,Solar,5.83,Customer,7,16.0,16.0,2,39644,723484,Jawa,BEKASI,CDD LONG CHASSIS,Internal,JabodetabekBEKASICDD LONG CHASSIS,Dalam Kota,,,,1,REGULAR,5:53:00,515120,168720
260107C029,KLS,1/7/2026,MVB,A8304VC,Karawang,Jabodetabek,Pertalite,8.97,Customer,7,5.0,5.0,4,133200,#N/A,Jawa,KARAWANG,MINI VAN BOX,Internal,JabodetabekKARAWANGMINI VAN BOX,Dalam Kota,,,,1,REGULAR,4:44:00,515120,#N/A
260107H001,KLS,1/7/2026,WINGBOX,B9068BEN,Jakarta Barat,Jabodetabek,Solar,29.56,HUB,102,18.62,42.0,1,283500,711924,Jawa,JAKARTA BARAT,WINGBOX,Internal,JabodetabekJAKARTA BARATWINGBOX,Dalam Kota,,,,1,REGULAR,6:20:00,257560,170864
260107C032,KLS,1/7/2026,MVB,A8304VC,Karawang,Jabodetabek,Pertalite,5.01,Customer,1,5.0,5.0,1,83100,#N/A,Jawa,KARAWANG,MINI VAN BOX,Internal,JabodetabekKARAWANGMINI VAN BOX,Dalam Kota,,,,1,REGULAR,2:10:00,257560,#N/A
260107C026,KLS,1/7/2026,MOTOR,B5709BLU,Bekasi,Jabodetabek,Pertalite,1.79,Customer,8,0.14,0.14,5,17900,290510,Jawa,BEKASI,MOTOR BOX,Internal,JabodetabekBEKASIMOTOR BOX,Dalam Kota,,,,1,REGULAR,7:16:00,257560,15050
260107C030,KLS,1/7/2026,CDDLC,A8961VB,Bekasi,Jabodetabek,Solar,11.39,Customer,4,13.0,13.0,4,77452,647645,Jawa,BEKASI,CDD PICK UP,Internal,JabodetabekBEKASICDD PICK UP,Dalam Kota,,,,1,REGULAR,4:10:00,257560,312633
260107C006,KLS,1/7/2026,MVB,B9320SCE,Bogor,Jabodetabek,Pertalite,14.19,Customer,5,5.0,5.0,5,200900,544600,Jawa,BOGOR,MINI VAN BOX,Internal,JabodetabekBOGORMINI VAN BOX,Dalam Kota,,,,1,REGULAR,6:20:00,257560,86140
260107C025,KLS,1/7/2026,CDELC,A8432ZS,Bogor,Jabodetabek,Solar,17.91,Customer,7,11.0,11.0,3,163288,677898,Jawa,BOGOR,CDE LONG CHASSIS,Internal,JabodetabekBOGORCDE LONG CHASSIS,Dalam Kota,,,,1,REGULAR,7:28:00,257560,257050
260107C014,KLS,1/7/2026,CDELC,B9044BRO,Jakarta Utara,Jabodetabek,Solar,15.59,Customer,15,11.0,11.0,9,157012,585436,Jawa,JAKARTA UTARA,CDE LONG CHASSIS,Internal,JabodetabekJAKARTA UTARACDE LONG CHASSIS,Dalam Kota,,,,1,REGULAR,8:36:00,257560,170864
260107L001,KLS,1/7/2026,CDDLC,A8486VC,Bandung,Jawa Barat,Solar,29.96,Store,46,7.66,13.0,1,809500,#N/A,Jawa,BANDUNG,CDD PICK UP,Internal,Jawa BaratBANDUNGCDD PICK UP,Luar Kota,,,,1,REGULAR,12:54:00,257560,#N/A
260107C031,KLS,1/7/2026,CDELC,A8339ZS,Jakarta Barat,Jabodetabek,Solar,15.18,Customer,8,5.4,8.0,2,154224,677384,Jawa,JAKARTA BARAT,CDE PICKUP,Internal,JabodetabekJAKARTA BARATCDE PICKUP,Dalam Kota,,,,1,REGULAR,5:55:00,257560,265600
260107C019,KLS,1/7/2026,MVB,A8876ZX,Jakarta Utara,Jabodetabek,Pertalite,10.48,Customer,2,2.2,5.0,2,191800,511436,Jawa,JAKARTA UTARA,MINI VAN BOX,Internal,JabodetabekJAKARTA UTARAMINI VAN BOX,Dalam Kota,,,,1,REGULAR,5:50:00,257560,62076
260107C003,KLS,1/7/2026,CDELC,A8048ZX,Purwakarta,Jawa Barat,Solar,24.9,Customer,6,11.0,11.0,5,315320,725347,Jawa,PURWAKARTA,CDE LONG CHASSIS,Internal,Jawa BaratPURWAKARTACDE LONG CHASSIS,Dalam Kota,,,,1,REGULAR,8:27:00,257560,152467
260107C004,KLS,1/7/2026,CDELC,A8476VC,Karawang,Jabodetabek,Solar,13.68,Customer,8,11.0,11.0,6,147024,#N/A,Jawa,KARAWANG,CDE LONG CHASSIS,Internal,JabodetabekKARAWANGCDE LONG CHASSIS,Dalam Kota,,,,1,REGULAR,7:57:00,257560,#N/A
260107C013,KLS,1/7/2026,MVB,B9642SCE,Bogor,Jabodetabek,Pertalite,10.08,Customer,5,1.45,5.0,4,144300,494627,Jawa,BOGOR,MINI VAN BOX,Internal,JabodetabekBOGORMINI VAN BOX,Dalam Kota,,,,1,REGULAR,6:37:00,257560,92767
260107C007,KLS,1/7/2026,MVB,A8983VB,Depok,Jabodetabek,Pertalite,9.96,Customer,11,0.89,5.0,4,175100,564060,Jawa,DEPOK,MINI VAN BOX,Internal,JabodetabekDEPOKMINI VAN BOX,Dalam Kota,,,,1,REGULAR,6:54:00,257560,131400
260107C024,KLS,1/7/2026,MVB,A8017VC,Jakarta Utara,Jabodetabek,Pertalite,10.43,Customer,5,0.81,5.0,3,167300,710560,Jawa,JAKARTA UTARA,MINI VAN BOX,Internal,JabodetabekJAKARTA UTARAMINI VAN BOX,Dalam Kota,,,,1,REGULAR,7:03:00,257560,285700
260107S008,KLS,1/7/2026,CDELC,A8020VC,Jakarta Barat,Jabodetabek,Solar,8.83,Customer via Hub,9,11.0,11.0,2,120544,406244,Jawa,JAKARTA BARAT,CDE LONG CHASSIS,Internal,JabodetabekJAKARTA BARATCDE LONG CHASSIS,Dalam Kota,,,,1,REGULAR,6:56:00,,285700
260107S011,KLS,1/7/2026,MVB,A8437ZH,Tangerang,Jabodetabek,,,Customer via Hub,5,4.63,5.0,1,42500,153100,Jawa,TANGERANG,MINI VAN BOX,Internal,JabodetabekTANGERANGMINI VAN BOX,Dalam Kota,,,,1,REGULAR,4:50:00,,110600
260107S002,KLS,1/7/2026,CDELC,A8481ZH,Cilegon,Banten,Solar,24.41,Customer via Hub,16,2.06,11.0,4,300500,521667,Jawa,CILEGON,CDE LONG CHASSIS,Internal,BantenCILEGONCDE LONG CHASSIS,Dalam Kota,,,,1,REGULAR,10:00:00,,221167
260107S003,KLS,1/7/2026,MVB,A8537ZF,Serang,Banten,Pertalite,9.6,Customer via Hub,9,0.69,5.0,4,164500,275100,Jawa,SERANG,MINI VAN BOX,Internal,BantenSERANGMINI VAN BOX,Dalam Kota,,,,1,REGULAR,5:29:00,,110600
260107S007,KLS,1/7/2026,CDELC,A8757VB,Tangerang,Jabodetabek,Dexlite,1.17,Customer via Hub,5,1.77,11.0,2,87990,373690,Jawa,TANGERANG,CDE LONG CHASSIS,Internal,JabodetabekTANGERANGCDE LONG CHASSIS,Dalam Kota,,,,1,REGULAR,9:32:00,,285700
260107S005,KLS,1/7/2026,CDELC,A8759VB,Jakarta Pusat,Jabodetabek,Solar,9.81,Customer via Hub,13,11.0,11.0,2,124216,409916,Jawa,JAKARTA PUSAT,CDE LONG CHASSIS,Internal,JabodetabekJAKARTA PUSATCDE LONG CHASSIS,Dalam Kota,,,,1,REGULAR,6:46:00,,285700
260107S009,KLS,1/7/2026,CDELC,A8910VB,Tangerang,Jabodetabek,Solar,12.22,Customer via Hub,9,4.35,11.0,4,153108,438808,Jawa,TANGERANG,CDE LONG CHASSIS,Internal,JabodetabekTANGERANGCDE LONG CHASSIS,Dalam Kota,,,,1,REGULAR,7:21:00,,285700
260107S004,KLS,1/7/2026,CDELC,A8912VB,Tangerang,Jabodetabek,Solar,14.7,Customer via Hub,7,11.0,11.0,3,519960,785253,Jawa,TANGERANG,CDE LONG CHASSIS,Internal,JabodetabekTANGERANGCDE LONG CHASSIS,Dalam Kota,,,,1,REGULAR,10:36:00,,265293
260107S006,KLS,1/7/2026,MVB,B9710SCE,Jakarta Selatan,Jabodetabek,Pertalite,6.89,Customer via Hub,7,5.0,5.0,5,129900,#N/A,Jawa,JAKARTA SELATAN,MINI VAN BOX,Internal,JabodetabekJAKARTA SELATANMINI VAN BOX,Dalam Kota,,,,1,REGULAR,6:18:00,,#N/A
260108C005,KLS,1/8/2026,CDELC,A8002XW,Bekasi,Jabodetabek,Solar,13.04,Customer,11,11.0,11.0,4,169672,837259,Jawa,BEKASI,CDE LONG CHASSIS,Internal,JabodetabekBEKASICDE LONG CHASSIS,Dalam Kota,,,,1,REGULAR,7:28:00,515120,152467
260108C014,KLS,1/8/2026,CDELC,A8048ZX,Karawang,Jabodetabek,Solar,16.38,Customer,19,1.32,11.0,8,182884,850471,Jawa,KARAWANG,CDE LONG CHASSIS,Internal,JabodetabekKARAWANGCDE LONG CHASSIS,Dalam Kota,,,,1,REGULAR,7:50:00,515120,152467
260108C017,KLS,1/8/2026,CDELC,A8520VC,Karawang,Jabodetabek,Solar,14.19,Customer,8,1.6,11.0,8,150492,#N/A,Jawa,KARAWANG,CDE LONG CHASSIS,Internal,JabodetabekKARAWANGCDE LONG CHASSIS,Dalam Kota,,,,1,REGULAR,7:42:00,515120,#N/A
260108C013,KLS,1/8/2026,MVB,A8304VC,Bekasi,Jabodetabek,Pertalite,10.69,Customer,10,5.0,5.0,5,164400,#N/A,Jawa,BEKASI,MINI VAN BOX,Internal,JabodetabekBEKASIMINI VAN BOX,Dalam Kota,,,,1,REGULAR,7:44:00,515120,#N/A
260108C019,KLS,1/8/2026,CDELC,A8505VC,Karawang,Jabodetabek,Solar,14.35,Customer,23,1.42,11.0,10,130580,#N/A,Jawa,KARAWANG,CDE LONG CHASSIS,Internal,JabodetabekKARAWANGCDE LONG CHASSIS,Dalam Kota,,,,1,REGULAR,7:37:00,515120,#N/A
260108C008,KLS,1/8/2026,MVB,B9320SCE,Jakarta Utara,Jabodetabek,Pertalite,13.07,Customer,21,1.36,5.0,12,208700,809960,Jawa,JAKARTA UTARA,MINI VAN BOX,Internal,JabodetabekJAKARTA UTARAMINI VAN BOX,Dalam Kota,,,,1,REGULAR,9:07:00,515120,86140
260108C026,KLS,1/8/2026,CDDLC,A8961VB,Tangerang,Jabodetabek,Solar,27.52,Customer,2,5.1,13.0,2,333636,1161389,Jawa,TANGERANG,CDD PICK UP,Internal,JabodetabekTANGERANGCDD PICK UP,Dalam Kota,,,,1,REGULAR,6:44:00,515120,312633
260108C016,KLS,1/8/2026,CDELC,A8159ZC,Bekasi,Jabodetabek,Solar,9.82,Customer,16,2.66,11.0,7,66776,764763,Jawa,BEKASI,CDE LONG CHASSIS,Internal,JabodetabekBEKASICDE LONG CHASSIS,Dalam Kota,,,,1,REGULAR,6:36:00,515120,182867
260108C018,KLS,1/8/2026,CDDLC,A8908XY,Bekasi,Jabodetabek,Solar,10.67,Customer,12,16.0,16.0,5,82556,766396,Jawa,BEKASI,CDD LONG CHASSIS,Internal,JabodetabekBEKASICDD LONG CHASSIS,Dalam Kota,,,,1,REGULAR,6:03:00,515120,168720
260108C006,KLS,1/8/2026,MVB,A8373VC,Depok,Jabodetabek,Pertalite,13.49,Customer,15,2.81,5.0,6,200400,#N/A,Jawa,DEPOK,MINI VAN BOX,Internal,JabodetabekDEPOKMINI VAN BOX,Dalam Kota,,,,1,REGULAR,32:56:00,515120,#N/A
260108C003,KLS,1/8/2026,CDELC,A8432ZS,Bogor,Jabodetabek,Solar,18.05,Customer,7,10.5,11.0,5,167240,939410,Jawa,BOGOR,CDE LONG CHASSIS,Internal,JabodetabekBOGORCDE LONG CHASSIS,Dalam Kota,,,,1,REGULAR,8:14:00,515120,257050
260108C007,KLS,1/8/2026,CDELC,A8339ZS,Jakarta Timur,Jabodetabek,Solar,12.21,Customer,2,4.7,8.0,1,151028,931748,Jawa,JAKARTA TIMUR,CDE PICKUP,Internal,JabodetabekJAKARTA TIMURCDE PICKUP,Dalam Kota,,,,1,REGULAR,5:50:00,515120,265600
260108C002,KLS,1/8/2026,CDELC,A8098ZH,Jakarta Timur,Jabodetabek,Solar,15.02,Customer,11,11.0,11.0,9,161636,897923,Jawa,JAKARTA TIMUR,CDE LONG CHASSIS,Internal,JabodetabekJAKARTA TIMURCDE LONG CHASSIS,Dalam Kota,,,,1,REGULAR,8:52:00,515120,221167
260108C030,KLS,1/8/2026,MVB,B9642SCE,Karawang,Jabodetabek,Pertalite,6.58,Customer,1,5.0,5.0,1,82300,643803,Jawa,KARAWANG,MINI VAN BOX,Internal,JabodetabekKARAWANGMINI VAN BOX,Dalam Kota,,,,1,NON REGULAR,2:53:00,515120,46383
260108C012,KLS,1/8/2026,CDELC,B9044BRO,Bekasi,Jabodetabek,Solar,10.11,Customer,20,11.0,11.0,11,68748,754732,Jawa,BEKASI,CDE LONG CHASSIS,Internal,JabodetabekBEKASICDE LONG CHASSIS,Dalam Kota,,,,1,REGULAR,6:52:00,515120,170864
260108C021,KLS,1/8/2026,CDDLC,B9190SDB,Tangerang,Jabodetabek,Solar,27.95,Customer,1,13.0,13.0,1,342060,795853,Jawa,TANGERANG,CDD PICK UP,Internal,JabodetabekTANGERANGCDD PICK UP,Dalam Kota,,,,1,REGULAR,7:26:00,257560,196233
260108C004,KLS,1/8/2026,MVB,B9642SCE,Bogor,Jabodetabek,Pertalite,16.01,Customer,12,1.25,5.0,6,209100,513043,Jawa,BOGOR,MINI VAN BOX,Internal,JabodetabekBOGORMINI VAN BOX,Dalam Kota,,,,1,REGULAR,6:47:00,257560,46383
260108C028,KLS,1/8/2026,CDELC,A8503ZX,Jakarta Barat,Jabodetabek,Solar,14.07,Customer,10,5.72,8.0,2,155176,565203,Jawa,JAKARTA BARAT,CDE,Internal,JabodetabekJAKARTA BARATCDE,Dalam Kota,,,,1,REGULAR,6:19:00,257560,152467
260108H003,KLS,1/8/2026,WINGBOX,B9068BEN,Jakarta Barat,Jabodetabek,Solar,29.4,HUB,150,42.0,42.0,7,281920,710344,Jawa,JAKARTA BARAT,WINGBOX,Internal,JabodetabekJAKARTA BARATWINGBOX,Dalam Kota,,,,1,REGULAR,8:02:00,257560,170864
260108L001,KLS,1/8/2026,MVB,A8983VB,Sukabumi,Jawa Barat,Pertalite,21.31,Store,10,0.59,5.0,1,384100,773060,Jawa,SUKABUMI,MINI VAN BOX,Internal,Jawa BaratSUKABUMIMINI VAN BOX,Luar Kota,,,,1,REGULAR,8:06:00,257560,131400
260108C015,KLS,1/8/2026,MVB,A8504ZX,Purwakarta,Jawa Barat,Pertalite,14.44,Customer,11,0.72,5.0,5,239400,571060,Jawa,PURWAKARTA,MINI VAN BOX,Internal,Jawa BaratPURWAKARTAMINI VAN BOX,Dalam Kota,,,,1,REGULAR,7:48:00,257560,74100
260108C023,KLS,1/8/2026,CDELC,A8486VC,Jakarta Utara,Jabodetabek,Solar,15.56,Customer,3,1.26,8.0,2,335308,#N/A,Jawa,JAKARTA UTARA,CDE PICKUP,Internal,JabodetabekJAKARTA UTARACDE PICKUP,Dalam Kota,,,,1,REGULAR,6:38:00,257560,#N/A
260108C011,KLS,1/8/2026,MVB,A8553VB,Bekasi,Jabodetabek,Pertalite,8.42,Customer,8,5.0,5.0,4,124200,513160,Jawa,BEKASI,MINI VAN BOX,Internal,JabodetabekBEKASIMINI VAN BOX,Dalam Kota,,,,1,REGULAR,6:04:00,257560,131400
260108C010,KLS,1/8/2026,MOTOR,B5709BLU,Bekasi,Jabodetabek,Pertalite,0.91,Customer,2,0.14,0.14,2,9100,281710,Jawa,BEKASI,MOTOR BOX,Internal,JabodetabekBEKASIMOTOR BOX,Dalam Kota,,,,1,REGULAR,6:27:00,257560,15050
260108S013,KLS,1/8/2026,CDELC,A8020VC,Jakarta Barat,Jabodetabek,Solar,11.03,Customer via Hub,15,4.24,11.0,4,143504,429204,Jawa,JAKARTA BARAT,CDE LONG CHASSIS,Internal,JabodetabekJAKARTA BARATCDE LONG CHASSIS,Dalam Kota,,,,1,REGULAR,7:44:00,,285700
260108S004,KLS,1/8/2026,MVB,A8437ZH,Tangerang,Jabodetabek,Pertalite,8.91,Customer via Hub,12,0.71,5.0,4,192600,303200,Jawa,TANGERANG,MINI VAN BOX,Internal,JabodetabekTANGERANGMINI VAN BOX,Dalam Kota,,,,1,REGULAR,8:28:00,,110600
260108S002,KLS,1/8/2026,CDELC,A8481ZH,Cilegon,Banten,Solar,7109.78,Customer via Hub,11,2.82,11.0,3,253476,474643,Jawa,CILEGON,CDE LONG CHASSIS,Internal,BantenCILEGONCDE LONG CHASSIS,Dalam Kota,,,,1,REGULAR,7:12:00,,221167
260108S008,KLS,1/8/2026,MVB,A8537ZF,Tangerang,Jabodetabek,Pertalite,12.9,Customer via Hub,9,0.79,5.0,6,245500,356100,Jawa,TANGERANG,MINI VAN BOX,Internal,JabodetabekTANGERANGMINI VAN BOX,Dalam Kota,,,,1,REGULAR,7:48:00,,110600
260108S012,KLS,1/8/2026,CDELC,A8717VB,Jakarta Utara,Jabodetabek,Solar,14.71,Customer via Hub,8,11.0,11.0,4,174528,460228,Jawa,JAKARTA UTARA,CDE LONG CHASSIS,Internal,JabodetabekJAKARTA UTARACDE LONG CHASSIS,Dalam Kota,,,,1,REGULAR,8:31:00,,285700
260108S006,KLS,1/8/2026,CDELC,A8721VB,Tangerang,Jabodetabek,,,Customer via Hub,9,3.83,11.0,2,42000,327700,Jawa,TANGERANG,CDE LONG CHASSIS,Internal,JabodetabekTANGERANGCDE LONG CHASSIS,Dalam Kota,,,,1,REGULAR,8:29:00,,285700
260108S007,KLS,1/8/2026,CDELC,A8757VB,Tangerang,Jabodetabek,Solar,12.79,Customer via Hub,9,11.0,11.0,5,146972,432672,Jawa,TANGERANG,CDE LONG CHASSIS,Internal,JabodetabekTANGERANGCDE LONG CHASSIS,Dalam Kota,,,,1,REGULAR,8:23:00,,285700
260108S005,KLS,1/8/2026,CDELC,A8759VB,Tangerang,Jabodetabek,Solar,17.65,Customer via Hub,17,11.0,11.0,6,190020,475720,Jawa,TANGERANG,CDE LONG CHASSIS,Internal,JabodetabekTANGERANGCDE LONG CHASSIS,Dalam Kota,,,,1,REGULAR,9:11:00,,285700
260108S003,KLS,1/8/2026,CDELC,A8801XZ,Serang,Banten,Solar,6872.53,Customer via Hub,7,0.86,8.0,5,161588,312321,Jawa,SERANG,CDE PICKUP,Internal,BantenSERANGCDE PICKUP,Dalam Kota,,,,1,REGULAR,8:38:00,,150733
260108S011,KLS,1/8/2026,CDELC,A8910VB,Jakarta Pusat,Jabodetabek,Solar,11.92,Customer via Hub,24,11.0,11.0,3,144556,430256,Jawa,JAKARTA PUSAT,CDE LONG CHASSIS,Internal,JabodetabekJAKARTA PUSATCDE LONG CHASSIS,Dalam Kota,,,,1,REGULAR,7:50:00,,285700
260108S010,KLS,1/8/2026,CDELC,A8912VB,Jakarta Selatan,Jabodetabek,Solar,10.3,Customer via Hub,10,11.0,11.0,6,104040,369333,Jawa,JAKARTA SELATAN,CDE LONG CHASSIS,Internal,JabodetabekJAKARTA SELATANCDE LONG CHASSIS,Dalam Kota,,,,1,REGULAR,8:55:00,,265293
260108S009,KLS,1/8/2026,MVB,B9710SCE,Jakarta Selatan,Jabodetabek,Pertalite,8.9,Customer via Hub,12,0.51,5.0,7,148000,#N/A,Jawa,JAKARTA SELATAN,MINI VAN BOX,Internal,JabodetabekJAKARTA SELATANMINI VAN BOX,Dalam Kota,,,,1,REGULAR,7:57:00,,#N/A
260109C017,KLS,1/9/2026,CDELC,A8048ZX,Bekasi,Jabodetabek,Solar,10.78,Customer,10,3.13,11.0,8,73304,740891,Jawa,BEKASI,CDE LONG CHASSIS,Internal,JabodetabekBEKASICDE LONG CHASSIS,Dalam Kota,,,,1,REGULAR,6:48:00,515120,152467
260109C007,KLS,1/9/2026,CDDLC,A8961VB,Bogor,Jabodetabek,Solar,32.61,Customer,9,10.19,13.0,8,286248,1114001,Jawa,BOGOR,CDD PICK UP,Internal,JabodetabekBOGORCDD PICK UP,Dalam Kota,,,,1,REGULAR,10:26:00,515120,312633
260109C005,KLS,1/9/2026,CDELC,A8505VC,Karawang,Jabodetabek,Solar,11.95,Customer,24,11.0,11.0,9,122260,#N/A,Jawa,KARAWANG,CDE LONG CHASSIS,Internal,JabodetabekKARAWANGCDE LONG CHASSIS,Dalam Kota,,,,1,REGULAR,7:00:00,515120,#N/A
260109C023,KLS,1/9/2026,MVB,B9320SCE,Karawang,Jabodetabek,Pertalite,12.35,Customer,17,1.7,5.0,4,177500,778760,Jawa,KARAWANG,MINI VAN BOX,Internal,JabodetabekKARAWANGMINI VAN BOX,Dalam Kota,,,,1,REGULAR,8:48:00,515120,86140
260109C015,KLS,1/9/2026,CDELC,A8503ZX,Bekasi,Jabodetabek,Solar,13.61,Customer,35,1.75,8.0,7,140048,807635,Jawa,BEKASI,CDE,Internal,JabodetabekBEKASICDE,Dalam Kota,,,,1,REGULAR,8:45:00,515120,152467
260109C020,KLS,1/9/2026,CDELC,A8520VC,Bekasi,Jabodetabek,Solar,9.42,Customer,14,11.0,11.0,7,64056,#N/A,Jawa,BEKASI,CDE LONG CHASSIS,Internal,JabodetabekBEKASICDE LONG CHASSIS,Dalam Kota,,,,1,REGULAR,5:14:00,515120,#N/A
260109C030,KLS,1/9/2026,PICKUP,A8721ZV,Bekasi,Jabodetabek,Pertalite,13.05,Customer,6,3.0,3.0,4,163500,784453,Jawa,BEKASI,PICKUP,Internal,JabodetabekBEKASIPICKUP,Dalam Kota,,,,1,REGULAR,5:57:00,515120,105833
260109C024,KLS,1/9/2026,CDELC,A8339ZS,Jakarta Timur,Jabodetabek,Solar,18.34,Customer,9,8.0,8.0,4,219712,1000432,Jawa,JAKARTA TIMUR,CDE PICKUP,Internal,JabodetabekJAKARTA TIMURCDE PICKUP,Dalam Kota,,,,1,REGULAR,8:39:00,515120,265600
260109C019,KLS,1/9/2026,CDELC,A8159ZC,Bekasi,Jabodetabek,Solar,14.68,Customer,15,2.16,11.0,7,126824,824811,Jawa,BEKASI,CDE LONG CHASSIS,Internal,JabodetabekBEKASICDE LONG CHASSIS,Dalam Kota,,,,1,REGULAR,6:57:00,515120,182867
260109C009,KLS,1/9/2026,CDELC,A8002XW,Depok,Jabodetabek,Solar,16.67,Customer,36,1.27,11.0,9,220856,888443,Jawa,DEPOK,CDE LONG CHASSIS,Internal,JabodetabekDEPOKCDE LONG CHASSIS,Dalam Kota,,,,1,REGULAR,7:29:00,515120,152467
260109C004,KLS,1/9/2026,CDELC,A8098ZH,Purwakarta,Jawa Barat,Solar,20.08,Customer,21,3.28,11.0,9,190544,926831,Jawa,PURWAKARTA,CDE LONG CHASSIS,Internal,Jawa BaratPURWAKARTACDE LONG CHASSIS,Dalam Kota,,,,1,REGULAR,10:48:00,515120,221167
260109C018,KLS,1/9/2026,CDELC,A8476VC,Karawang,Jabodetabek,Solar,23.48,Customer,26,3.34,11.0,9,385164,#N/A,Jawa,KARAWANG,CDE LONG CHASSIS,Internal,JabodetabekKARAWANGCDE LONG CHASSIS,Dalam Kota,,,,1,REGULAR,10:34:00,515120,#N/A
260109C031,KLS,1/9/2026,MVB,A8304VC,Karawang,Jabodetabek,Pertalite,11.21,Customer,10,5.0,5.0,5,182600,#N/A,Jawa,KARAWANG,MINI VAN BOX,Internal,JabodetabekKARAWANGMINI VAN BOX,Dalam Kota,,,,1,REGULAR,6:03:00,515120,#N/A
260109C002,KLS,1/9/2026,MVB,A8983VB,Bekasi,Jabodetabek,Pertalite,9.63,Customer,17,5.0,5.0,5,154300,543260,Jawa,BEKASI,MINI VAN BOX,Internal,JabodetabekBEKASIMINI VAN BOX,Dalam Kota,,,,1,REGULAR,7:55:00,257560,131400
260109C011,KLS,1/9/2026,CDELC,A8486VC,Jakarta Utara,Jabodetabek,Solar,16.5,Customer,2,4.91,8.0,1,262700,#N/A,Jawa,JAKARTA UTARA,CDE PICKUP,Internal,JabodetabekJAKARTA UTARACDE PICKUP,Dalam Kota,,,,1,REGULAR,6:40:00,257560,#N/A
260109C026,KLS,1/9/2026,WINGBOX,B9068BEN,Cilegon,Banten,Solar,77.09,Customer,2,15.24,42.0,2,878712,1307136,Jawa,CILEGON,WINGBOX,Internal,BantenCILEGONWINGBOX,Dalam Kota,,,,1,REGULAR,16:35:00,257560,170864
260109C006,KLS,1/9/2026,CDELC,A8432ZS,Bogor,Jabodetabek,Solar,18.99,Customer,23,3.47,11.0,2,195132,709742,Jawa,BOGOR,CDE LONG CHASSIS,Internal,JabodetabekBOGORCDE LONG CHASSIS,Dalam Kota,,,,1,REGULAR,8:21:00,257560,257050
260109C025,KLS,1/9/2026,MVB,A8553VB,Jakarta Timur,Jabodetabek,Pertalite,9.94,Customer,3,5.0,5.0,2,118400,507360,Jawa,JAKARTA TIMUR,MINI VAN BOX,Internal,JabodetabekJAKARTA TIMURMINI VAN BOX,Dalam Kota,,,,1,REGULAR,8:43:00,257560,131400
260109C016,KLS,1/9/2026,MOTOR,B5709BLU,Bekasi,Jabodetabek,Pertalite,1.11,Customer,5,0.14,0.14,5,11100,283710,Jawa,BEKASI,MOTOR BOX,Internal,JabodetabekBEKASIMOTOR BOX,Dalam Kota,,,,1,REGULAR,5:23:00,257560,15050
260109H001,KLS,1/9/2026,WINGBOX,B9064BEN,Jakarta Barat,Jabodetabek,Solar,31.14,HUB,320,15.65,42.0,3,293752,722176,Jawa,JAKARTA BARAT,WINGBOX,Internal,JabodetabekJAKARTA BARATWINGBOX,Dalam Kota,,,,1,REGULAR,6:59:00,257560,170864
260109C014,KLS,1/9/2026,CDELC,B9044BRO,Jakarta Utara,Jabodetabek,Solar,12.43,Customer,6,1.4,11.0,4,151524,579948,Jawa,JAKARTA UTARA,CDE LONG CHASSIS,Internal,JabodetabekJAKARTA UTARACDE LONG CHASSIS,Dalam Kota,,,,1,REGULAR,6:43:00,257560,170864
260109C008,KLS,1/9/2026,MVB,B9642SCE,Bogor,Jabodetabek,Pertalite,10.88,Customer,15,3.24,5.0,5,169300,519627,Jawa,BOGOR,MINI VAN BOX,Internal,JabodetabekBOGORMINI VAN BOX,Dalam Kota,,,,1,REGULAR,8:32:00,257560,92767
260109L001,KLS,1/9/2026,CDDLC,A8908XY,Bandung,Jawa Barat,Solar,27.27,Store,67,7.08,16.0,1,805000,1231280,Jawa,BANDUNG,CDD LONG CHASSIS,Internal,Jawa BaratBANDUNGCDD LONG CHASSIS,Luar Kota,,,,1,REGULAR,8:08:00,257560,168720
260109C013,KLS,1/9/2026,MVB,A8017VC,Jakarta Utara,Jabodetabek,Pertalite,12.08,Customer,25,5.0,5.0,5,200800,744060,Jawa,JAKARTA UTARA,MINI VAN BOX,Internal,JabodetabekJAKARTA UTARAMINI VAN BOX,Dalam Kota,,,,1,REGULAR,8:22:00,257560,285700
260109C010,KLS,1/9/2026,MVB,A8373VC,Jakarta Timur,Jabodetabek,Pertalite,10.78,Customer,23,5.0,5.0,7,189300,#N/A,Jawa,JAKARTA TIMUR,MINI VAN BOX,Internal,JabodetabekJAKARTA TIMURMINI VAN BOX,Dalam Kota,,,,1,REGULAR,7:22:00,257560,#N/A
260109C029,KLS,1/9/2026,CDDLC,B9190SDB,Jakarta Utara,Jabodetabek,Solar,29.42,Customer,2,12.0,13.0,2,437500,891293,Jawa,JAKARTA UTARA,CDD PICK UP,Internal,JabodetabekJAKARTA UTARACDD PICK UP,Dalam Kota,,,,1,REGULAR,12:44:00,257560,196233
260109S009,KLS,1/9/2026,CDELC,A8020VC,Jakarta Utara,Jabodetabek,Solar,14.71,Customer via Hub,39,1.82,11.0,5,152028,437728,Jawa,JAKARTA UTARA,CDE LONG CHASSIS,Internal,JabodetabekJAKARTA UTARACDE LONG CHASSIS,Dalam Kota,,,,1,REGULAR,7:28:00,,285700
260109S011,KLS,1/9/2026,MVB,A8437ZH,Jakarta Selatan,Jabodetabek,Pertalite,10,Customer via Hub,29,0.76,5.0,7,68000,178600,Jawa,JAKARTA SELATAN,MINI VAN BOX,Internal,JabodetabekJAKARTA SELATANMINI VAN BOX,Dalam Kota,,,,1,REGULAR,7:03:00,,110600
260109S002,KLS,1/9/2026,CDELC,A8481ZH,Cilegon,Banten,,,Customer via Hub,21,1.65,11.0,6,,221167,Jawa,CILEGON,CDE LONG CHASSIS,Internal,BantenCILEGONCDE LONG CHASSIS,Dalam Kota,,,,1,REGULAR,10:16:00,,221167
260109S008,KLS,1/9/2026,MVB,A8537ZF,Tangerang,Jabodetabek,Pertalite,10.11,Customer via Hub,24,0.54,5.0,7,170100,280700,Jawa,TANGERANG,MINI VAN BOX,Internal,JabodetabekTANGERANGMINI VAN BOX,Dalam Kota,,,,1,REGULAR,8:03:00,,110600
260109S013,KLS,1/9/2026,CDELC,A8717VB,Jakarta Barat,Jabodetabek,Solar,11.77,Customer via Hub,31,1.65,11.0,6,180536,466236,Jawa,JAKARTA BARAT,CDE LONG CHASSIS,Internal,JabodetabekJAKARTA BARATCDE LONG CHASSIS,Dalam Kota,,,,1,REGULAR,9:12:00,,285700
260109S004,KLS,1/9/2026,CDELC,A8721VB,Jakarta Barat,Jabodetabek,,,Customer via Hub,19,11.0,11.0,5,37000,322700,Jawa,JAKARTA BARAT,CDE LONG CHASSIS,Internal,JabodetabekJAKARTA BARATCDE LONG CHASSIS,Dalam Kota,,,,1,REGULAR,6:39:00,,285700
260109S007,KLS,1/9/2026,CDELC,A8757VB,Tangerang,Jabodetabek,Solar,12.65,Customer via Hub,15,11.0,11.0,6,104520,390220,Jawa,TANGERANG,CDE LONG CHASSIS,Internal,JabodetabekTANGERANGCDE LONG CHASSIS,Dalam Kota,,,,1,REGULAR,8:04:00,,285700
260109S012,KLS,1/9/2026,CDELC,A8759VB,Jakarta Pusat,Jabodetabek,Solar,14.81,Customer via Hub,24,5.81,11.0,5,165240,450940,Jawa,JAKARTA PUSAT,CDE LONG CHASSIS,Internal,JabodetabekJAKARTA PUSATCDE LONG CHASSIS,Dalam Kota,,,,1,REGULAR,10:12:00,,285700
260109S003,KLS,1/9/2026,CDELC,A8801XZ,Serang,Banten,Solar,6842.95,Customer via Hub,13,1.5,8.0,5,221516,372249,Jawa,SERANG,CDE PICKUP,Internal,BantenSERANGCDE PICKUP,Dalam Kota,,,,1,REGULAR,9:43:00,,150733
260109S006,KLS,1/9/2026,CDELC,A8910VB,Tangerang,Jabodetabek,Solar,14.67,Customer via Hub,48,2.2,11.0,7,35588,321288,Jawa,TANGERANG,CDE LONG CHASSIS,Internal,JabodetabekTANGERANGCDE LONG CHASSIS,Dalam Kota,,,,1,REGULAR,9:08:00,,285700
260109S005,KLS,1/9/2026,CDELC,A8912VB,Tangerang,Jabodetabek,Solar,11.86,Customer via Hub,16,11.0,11.0,2,120648,385941,Jawa,TANGERANG,CDE LONG CHASSIS,Internal,JabodetabekTANGERANGCDE LONG CHASSIS,Dalam Kota,,,,1,REGULAR,8:35:00,,265293
260109S010,KLS,1/9/2026,MVB,B9710SCE,Jakarta Selatan,Jabodetabek,Pertalite,9,Customer via Hub,33,1.89,5.0,9,182000,#N/A,Jawa,JAKARTA SELATAN,MINI VAN BOX,Internal,JabodetabekJAKARTA SELATANMINI VAN BOX,Dalam Kota,,,,1,REGULAR,9:02:00,,#N/A
260110C006,KLS,1/10/2026,MVB,B9642SCE,Bekasi,Jabodetabek,Pertalite,8.32,Customer,29,1.11,5.0,5,102200,710087,Jawa,BEKASI,MINI VAN BOX,Internal,JabodetabekBEKASIMINI VAN BOX,Dalam Kota,,,,1,REGULAR,6:08:00,515120,92767
260110C005,KLS,1/10/2026,CDELC,A8503ZX,Jakarta Utara,Jabodetabek,Solar,10.93,Customer,26,8.0,8.0,4,142324,809911,Jawa,JAKARTA UTARA,CDE,Internal,JabodetabekJAKARTA UTARACDE,Dalam Kota,,,,1,REGULAR,5:41:00,515120,152467
260110C003,KLS,1/10/2026,MVB,A8983VB,Jakarta Timur,Jabodetabek,Pertalite,10.12,Customer,24,3.44,5.0,4,185200,831720,Jawa,JAKARTA TIMUR,MINI VAN BOX,Internal,JabodetabekJAKARTA TIMURMINI VAN BOX,Dalam Kota,,,,1,REGULAR,5:54:00,515120,131400
260110C007,KLS,1/10/2026,CDELC,A8476VC,Karawang,Jabodetabek,Solar,16.27,Customer,37,1.43,11.0,5,172636,#N/A,Jawa,KARAWANG,CDE LONG CHASSIS,Internal,JabodetabekKARAWANGCDE LONG CHASSIS,Dalam Kota,,,,1,REGULAR,5:26:00,515120,#N/A
260110C010,KLS,1/10/2026,CDDLC,A8961VB,Jakarta Utara,Jabodetabek,Solar,10.54,Customer,5,5.33,13.0,3,196672,1024425,Jawa,JAKARTA UTARA,CDD PICK UP,Internal,JabodetabekJAKARTA UTARACDD PICK UP,Dalam Kota,,,,1,REGULAR,6:04:00,515120,312633
260110C002,KLS,1/10/2026,CDELC,A8432ZS,Bogor,Jabodetabek,Solar,17.16,Customer,22,6.36,11.0,4,239188,1011358,Jawa,BOGOR,CDE LONG CHASSIS,Internal,JabodetabekBOGORCDE LONG CHASSIS,Dalam Kota,,,,1,REGULAR,6:34:00,515120,257050
260110C008,KLS,1/10/2026,CDELC,A8505VC,Jakarta Utara,Jabodetabek,Solar,15.95,Customer,13,11.0,11.0,5,194960,#N/A,Jawa,JAKARTA UTARA,CDE LONG CHASSIS,Internal,JabodetabekJAKARTA UTARACDE LONG CHASSIS,Dalam Kota,,,,1,REGULAR,6:00:00,515120,#N/A
260110C004,KLS,1/10/2026,MVB,A8304VC,Jakarta Timur,Jabodetabek,Pertalite,9.9,Customer,22,0.66,5.0,6,162000,#N/A,Jawa,JAKARTA TIMUR,MINI VAN BOX,Internal,JabodetabekJAKARTA TIMURMINI VAN BOX,Dalam Kota,,,,1,REGULAR,6:30:00,515120,#N/A
260110C009,KLS,1/10/2026,MVB,A8017VC,Tangerang,Jabodetabek,Pertalite,12.64,Customer,5,1.13,5.0,2,189900,733160,Jawa,TANGERANG,MINI VAN BOX,Internal,JabodetabekTANGERANGMINI VAN BOX,Dalam Kota,,,,1,REGULAR,8:06:00,257560,285700
260110H001,KLS,1/10/2026,CDELC,A8520VC,Jakarta Barat,Jabodetabek,Solar,15.32,HUB,192,6.86,11.0,3,162176,#N/A,Jawa,JAKARTA BARAT,CDE LONG CHASSIS,Internal,JabodetabekJAKARTA BARATCDE LONG CHASSIS,Dalam Kota,,,,1,REGULAR,8:24:00,257560,#N/A
260110S003,KLS,1/10/2026,CDELC,A8020VC,Tangerang,Jabodetabek,Solar,13.53,Customer via Hub,38,1.79,11.0,10,168504,454204,Jawa,TANGERANG,CDE LONG CHASSIS,Internal,JabodetabekTANGERANGCDE LONG CHASSIS,Dalam Kota,,,,1,REGULAR,7:47:00,,285700
260110S004,KLS,1/10/2026,MVB,A8537ZF,Tangerang,Jabodetabek,Pertalite,24.55,Customer via Hub,28,0.68,5.0,8,153800,264400,Jawa,TANGERANG,MINI VAN BOX,Internal,JabodetabekTANGERANGMINI VAN BOX,Dalam Kota,,,,1,REGULAR,6:54:00,,110600
260110S001,KLS,1/10/2026,CDELC,A8717VB,Jakarta Barat,Jabodetabek,Solar,13.24,Customer via Hub,28,1.13,11.0,9,125532,411232,Jawa,JAKARTA BARAT,CDE LONG CHASSIS,Internal,JabodetabekJAKARTA BARATCDE LONG CHASSIS,Dalam Kota,,,,1,REGULAR,6:03:00,,285700
260110S006,KLS,1/10/2026,CDELC,A8757VB,Jakarta Pusat,Jabodetabek,Solar,12.94,Customer via Hub,26,1.43,11.0,7,122992,408692,Jawa,JAKARTA PUSAT,CDE LONG CHASSIS,Internal,JabodetabekJAKARTA PUSATCDE LONG CHASSIS,Dalam Kota,,,,1,REGULAR,6:47:00,,285700
260110S002,KLS,1/10/2026,CDELC,A8910VB,Tangerang,Jabodetabek,,,Customer via Hub,44,1.5,11.0,5,,285700,Jawa,TANGERANG,CDE LONG CHASSIS,Internal,JabodetabekTANGERANGCDE LONG CHASSIS,Dalam Kota,,,,1,REGULAR,14:09:00,,285700
260110S005,KLS,1/10/2026,MVB,B9710SCE,Jakarta Selatan,Jabodetabek,Pertalite,8.5,Customer via Hub,28,1.38,5.0,10,177000,#N/A,Jawa,JAKARTA SELATAN,MINI VAN BOX,Internal,JabodetabekJAKARTA SELATANMINI VAN BOX,Dalam Kota,,,,1,REGULAR,9:12:00,,#N/A
260112C004,KLS,1/12/2026,CDELC,A8432ZS,Bogor,Jabodetabek,Solar,32.88,Customer,14,6.2,11.0,10,387084,1159254,Jawa,BOGOR,CDE LONG CHASSIS,Internal,JabodetabekBOGORCDE LONG CHASSIS,Dalam Kota,,,,1,REGULAR,13:46:00,515120,257050
260112C016,KLS,1/12/2026,MVB,A8983VB,Bekasi,Jabodetabek,Pertalite,12.6,Customer,13,5.0,5.0,6,197000,843520,Jawa,BEKASI,MINI VAN BOX,Internal,JabodetabekBEKASIMINI VAN BOX,Dalam Kota,,,,1,REGULAR,8:34:00,515120,131400
260112C003,KLS,1/12/2026,CDELC,A8520VC,Bekasi,Jabodetabek,Solar,12.89,Customer,36,9.26,11.0,7,146152,#N/A,Jawa,BEKASI,CDE LONG CHASSIS,Internal,JabodetabekBEKASICDE LONG CHASSIS,Dalam Kota,,,,1,REGULAR,10:14:00,515120,#N/A
260112C021,KLS,1/12/2026,CDELC,A8159ZC,Bekasi,Jabodetabek,Solar,9.25,Customer,18,2.14,11.0,3,62900,760887,Jawa,BEKASI,CDE LONG CHASSIS,Internal,JabodetabekBEKASICDE LONG CHASSIS,Dalam Kota,,,,1,REGULAR,6:31:00,515120,182867
260112C022,KLS,1/12/2026,CDDLC,A8976XY,Jakarta Utara,Jabodetabek,Solar,15.52,Customer,1,16.0,16.0,1,185036,889123,Jawa,JAKARTA UTARA,CDD LONG CHASSIS,Internal,JabodetabekJAKARTA UTARACDD LONG CHASSIS,Dalam Kota,,,,1,REGULAR,9:36:00,515120,188967
260112C011,KLS,1/12/2026,CDELC,A8505VC,Karawang,Jabodetabek,Solar,14.38,Customer,15,11.0,11.0,8,114284,#N/A,Jawa,KARAWANG,CDE LONG CHASSIS,Internal,JabodetabekKARAWANGCDE LONG CHASSIS,Dalam Kota,,,,1,REGULAR,5:43:00,515120,#N/A
260112C012,KLS,1/12/2026,MVB,A8504ZX,Karawang,Jabodetabek,Pertalite,12.64,Customer,7,2.73,5.0,6,180400,769620,Jawa,KARAWANG,MINI VAN BOX,Internal,JabodetabekKARAWANGMINI VAN BOX,Dalam Kota,,,,1,REGULAR,6:40:00,515120,74100
260112C009,KLS,1/12/2026,CDELC,A8048ZX,Purwakarta,Jawa Barat,Solar,24.4,Customer,13,11.0,11.0,8,284920,952507,Jawa,PURWAKARTA,CDE LONG CHASSIS,Internal,Jawa BaratPURWAKARTACDE LONG CHASSIS,Dalam Kota,,,,1,REGULAR,9:18:00,515120,152467
260112C018,KLS,1/12/2026,CDDLC,A8288YX,Bekasi,Jabodetabek,Solar,13.15,Customer,15,5.98,16.0,14,89420,793507,Jawa,BEKASI,CDD LONG CHASSIS,Internal,JabodetabekBEKASICDD LONG CHASSIS,Dalam Kota,,,,1,REGULAR,8:49:00,515120,188967
260112C017,KLS,1/12/2026,MVB,B9320SCE,Bekasi,Jabodetabek,Pertalite,10.51,Customer,13,0.87,5.0,9,117100,718360,Jawa,BEKASI,MINI VAN BOX,Internal,JabodetabekBEKASIMINI VAN BOX,Dalam Kota,,,,1,REGULAR,6:20:00,515120,86140
260112C014,KLS,1/12/2026,CDELC,A8476VC,Jakarta Utara,Jabodetabek,Solar,18.9,Customer,4,9.33,11.0,5,183520,#N/A,Jawa,JAKARTA UTARA,CDE LONG CHASSIS,Internal,JabodetabekJAKARTA UTARACDE LONG CHASSIS,Dalam Kota,,,,1,REGULAR,9:41:00,515120,#N/A
260112H001,KLS,1/12/2026,WINGBOX,B9068BEN,Jakarta Barat,Jabodetabek,Solar,39.85,HUB,166,18.01,42.0,4,348980,777404,Jawa,JAKARTA BARAT,WINGBOX,Internal,JabodetabekJAKARTA BARATWINGBOX,Dalam Kota,,,,1,REGULAR,9:21:00,257560,170864
260112C028,KLS,1/12/2026,MVB,A8304VC,Bekasi,Jabodetabek,Pertalite,7.86,Customer,4,5.0,5.0,3,78600,#N/A,Jawa,BEKASI,MINI VAN BOX,Internal,JabodetabekBEKASIMINI VAN BOX,Dalam Kota,,,,1,REGULAR,5:25:00,257560,#N/A
260112C019,KLS,1/12/2026,MVB,A8553VB,Bekasi,Jabodetabek,Pertalite,12.23,Customer,11,0.57,5.0,9,122300,511260,Jawa,BEKASI,MINI VAN BOX,Internal,JabodetabekBEKASIMINI VAN BOX,Dalam Kota,,,,1,REGULAR,9:01:00,257560,131400
260112C029,KLS,1/12/2026,PICKUP,A8721ZV,Karawang,Jabodetabek,Pertalite,12.98,Customer,6,3.0,3.0,3,139800,503193,Jawa,KARAWANG,PICKUP,Internal,JabodetabekKARAWANGPICKUP,Dalam Kota,,,,1,REGULAR,4:52:00,257560,105833
260112L001,KLS,1/12/2026,CDDLC,A8486VC,Cirebon,Jawa Barat,,,Store,80,13.0,13.0,1,797500,#N/A,Jawa,CIREBON,CDD PICK UP,Internal,Jawa BaratCIREBONCDD PICK UP,Luar Kota,,,,1,REGULAR,11:50:00,257560,#N/A
260112C015,KLS,1/12/2026,MVB,A8017VC,Jakarta Utara,Jabodetabek,Pertalite,12.91,Customer,3,5.0,5.0,4,181100,724360,Jawa,JAKARTA UTARA,MINI VAN BOX,Internal,JabodetabekJAKARTA UTARAMINI VAN BOX,Dalam Kota,,,,1,REGULAR,9:22:00,257560,285700
260112C024,KLS,1/12/2026,CDELC,A8503ZX,Depok,Jabodetabek,Solar,17.21,Customer,36,4.03,8.0,10,266528,676555,Jawa,DEPOK,CDE,Internal,JabodetabekDEPOKCDE,Dalam Kota,,,,1,REGULAR,9:29:00,257560,152467
260112C013,KLS,1/12/2026,CDELC,B9044BRO,Jakarta Utara,Jabodetabek,Solar,19.66,Customer,5,1.98,11.0,5,323688,752112,Jawa,JAKARTA UTARA,CDE LONG CHASSIS,Internal,JabodetabekJAKARTA UTARACDE LONG CHASSIS,Dalam Kota,,,,1,REGULAR,12:43:00,257560,170864
260112C006,KLS,1/12/2026,MVB,B9642SCE,Bogor,Jabodetabek,Pertalite,11.27,Customer,13,1.31,5.0,7,169200,519527,Jawa,BOGOR,MINI VAN BOX,Internal,JabodetabekBOGORMINI VAN BOX,Dalam Kota,,,,1,REGULAR,9:02:00,257560,92767
260112C020,KLS,1/12/2026,CDELC,A8339ZS,Jakarta Timur,Jabodetabek,Solar,26.73,Customer,1,3.55,8.0,1,404264,927424,Jawa,JAKARTA TIMUR,CDE PICKUP,Internal,JabodetabekJAKARTA TIMURCDE PICKUP,Dalam Kota,,,,1,REGULAR,9:09:00,257560,265600
260112C023,KLS,1/12/2026,MVB,A8373VC,Jakarta Timur,Jabodetabek,Pertalite,11.23,Customer,12,0.78,5.0,5,160800,#N/A,Jawa,JAKARTA TIMUR,MINI VAN BOX,Internal,JabodetabekJAKARTA TIMURMINI VAN BOX,Dalam Kota,,,,1,REGULAR,56:52:00,257560,#N/A
260112C005,KLS,1/12/2026,CDELC,A8002XW,Bogor,Jabodetabek,Solar,28.64,Customer,36,2.28,11.0,5,342752,752779,Jawa,BOGOR,CDE LONG CHASSIS,Internal,JabodetabekBOGORCDE LONG CHASSIS,Dalam Kota,,,,1,REGULAR,12:19:00,257560,152467
260112C010,KLS,1/12/2026,CDELC,A8098ZH,Karawang,Jabodetabek,Solar,20.58,Customer,41,5.12,11.0,10,217944,954231,Jawa,KARAWANG,CDE LONG CHASSIS,Internal,JabodetabekKARAWANGCDE LONG CHASSIS,Dalam Kota,,,,1,REGULAR,11:24:00,515120,221167
260112S012,KLS,1/12/2026,CDELC,A8020VC,Jakarta Barat,Jabodetabek,Solar,14.71,Customer via Hub,15,3.86,11.0,2,144028,429728,Jawa,JAKARTA BARAT,CDE LONG CHASSIS,Internal,JabodetabekJAKARTA BARATCDE LONG CHASSIS,Dalam Kota,,,,1,REGULAR,9:44:00,,285700
260112S004,KLS,1/12/2026,MVB,A8437ZH,Tangerang,Jabodetabek,Pertalite,10.19,Customer via Hub,31,2.03,5.0,3,101900,212500,Jawa,TANGERANG,MINI VAN BOX,Internal,JabodetabekTANGERANGMINI VAN BOX,Dalam Kota,,,,1,REGULAR,6:47:00,,110600
260112S002,KLS,1/12/2026,CDELC,A8481ZH,Cilegon,Banten,,,Customer via Hub,24,2.17,11.0,4,,221167,Jawa,CILEGON,CDE LONG CHASSIS,Internal,BantenCILEGONCDE LONG CHASSIS,Dalam Kota,,,,1,REGULAR,10:37:00,,221167
260112S007,KLS,1/12/2026,MVB,A8537ZF,Tangerang,Jabodetabek,Pertalite,10.75,Customer via Hub,2,5.0,5.0,1,149500,260100,Jawa,TANGERANG,MINI VAN BOX,Internal,JabodetabekTANGERANGMINI VAN BOX,Dalam Kota,,,,1,REGULAR,7:57:00,,110600
260112S010,KLS,1/12/2026,CDELC,A8717VB,Jakarta Utara,Jabodetabek,Solar,15.45,Customer via Hub,9,2.28,11.0,1,129060,414760,Jawa,JAKARTA UTARA,CDE LONG CHASSIS,Internal,JabodetabekJAKARTA UTARACDE LONG CHASSIS,Dalam Kota,,,,1,REGULAR,9:33:00,,285700
260112S005,KLS,1/12/2026,CDELC,A8721VB,Tangerang,Jabodetabek,,,Customer via Hub,12,1.13,11.0,2,17000,302700,Jawa,TANGERANG,CDE LONG CHASSIS,Internal,JabodetabekTANGERANGCDE LONG CHASSIS,Dalam Kota,,,,1,REGULAR,8:12:00,,285700
260112S006,KLS,1/12/2026,CDELC,A8759VB,Tangerang,Jabodetabek,Solar,18.98,Customer via Hub,9,1.97,11.0,2,199564,485264,Jawa,TANGERANG,CDE LONG CHASSIS,Internal,JabodetabekTANGERANGCDE LONG CHASSIS,Dalam Kota,,,,1,REGULAR,8:49:00,,285700
260112S003,KLS,1/12/2026,CDELC,A8801XZ,Serang,Banten,Solar,6877.07,Customer via Hub,18,1.35,8.0,2,161656,312389,Jawa,SERANG,CDE PICKUP,Internal,BantenSERANGCDE PICKUP,Dalam Kota,,,,1,REGULAR,7:26:00,,150733
260112S009,KLS,1/12/2026,CDELC,A8910VB,Jakarta Pusat,Jabodetabek,Solar,15.17,Customer via Hub,17,4.01,11.0,3,35591,321291,Jawa,JAKARTA PUSAT,CDE LONG CHASSIS,Internal,JabodetabekJAKARTA PUSATCDE LONG CHASSIS,Dalam Kota,,,,1,REGULAR,9:46:00,,285700
260112S008,KLS,1/12/2026,CDELC,A8912VB,Jakarta Barat,Jabodetabek,Solar,10.65,Customer via Hub,8,1.31,11.0,2,110920,376213,Jawa,JAKARTA BARAT,CDE LONG CHASSIS,Internal,JabodetabekJAKARTA BARATCDE LONG CHASSIS,Dalam Kota,,,,1,REGULAR,7:18:00,,265293
260112S014,KLS,1/12/2026,MVB,B9710SCE,Tangerang,Jabodetabek,Pertalite,7.85,Customer via Hub,6,0.6,5.0,2,137000,#N/A,Jawa,TANGERANG,MINI VAN BOX,Internal,JabodetabekTANGERANGMINI VAN BOX,Dalam Kota,,,,1,REGULAR,7:14:00,,#N/A
260113C018,KLS,1/13/2026,CDELC,B9044BRO,Jakarta Utara,Jabodetabek,Solar,24.73,Customer,18,1.54,11.0,8,285164,971148,Jawa,JAKARTA UTARA,CDE LONG CHASSIS,Internal,JabodetabekJAKARTA UTARACDE LONG CHASSIS,Dalam Kota,,,,1,REGULAR,12:26:00,515120,170864
260113C014,KLS,1/13/2026,CDELC,A8520VC,Bekasi,Jabodetabek,Solar,14.39,Customer,15,2.89,11.0,9,129352,#N/A,Jawa,BEKASI,CDE LONG CHASSIS,Internal,JabodetabekBEKASICDE LONG CHASSIS,Dalam Kota,,,,1,REGULAR,12:03:00,515120,#N/A
260113C023,KLS,1/13/2026,CDELC,A8432ZS,Jakarta Utara,Jabodetabek,Solar,14.31,Customer,1,1.97,11.0,1,138308,910478,Jawa,JAKARTA UTARA,CDE LONG CHASSIS,Internal,JabodetabekJAKARTA UTARACDE LONG CHASSIS,Dalam Kota,,,,1,REGULAR,12:18:00,515120,257050
260113C013,KLS,1/13/2026,CDELC,A8505VC,Bekasi,Jabodetabek,Solar,16.37,Customer,23,2.3,11.0,9,197816,#N/A,Jawa,BEKASI,CDE LONG CHASSIS,Internal,JabodetabekBEKASICDE LONG CHASSIS,Dalam Kota,,,,1,REGULAR,9:37:00,515120,#N/A
260113C011,KLS,1/13/2026,CDELC,A8159ZC,Bekasi,Jabodetabek,Solar,11.22,Customer,10,5.19,11.0,5,115296,813283,Jawa,BEKASI,CDE LONG CHASSIS,Internal,JabodetabekBEKASICDE LONG CHASSIS,Dalam Kota,,,,1,REGULAR,6:27:00,515120,182867
260113C004,KLS,1/13/2026,CDDLC,B9190SDB,Bekasi,Jabodetabek,Solar,8.22,Customer,9,13.0,13.0,7,55896,767249,Jawa,BEKASI,CDD PICK UP,Internal,JabodetabekBEKASICDD PICK UP,Dalam Kota,,,,1,REGULAR,120:01:00,515120,196233
260113C020,KLS,1/13/2026,MOTOR,B5709BLU,Bekasi,Jabodetabek,Pertalite,1.41,Customer,5,0.14,0.14,4,14100,544270,Jawa,BEKASI,MOTOR BOX,Internal,JabodetabekBEKASIMOTOR BOX,Dalam Kota,,,,1,REGULAR,6:32:00,515120,15050
260113C017,KLS,1/13/2026,MVB,A8017VC,Jakarta Utara,Jabodetabek,Pertalite,14.76,Customer,10,0.98,5.0,6,213600,1014420,Jawa,JAKARTA UTARA,MINI VAN BOX,Internal,JabodetabekJAKARTA UTARAMINI VAN BOX,Dalam Kota,,,,1,REGULAR,10:05:00,515120,285700
260113C001,KLS,1/13/2026,CDELC,A8503ZX,Depok,Jabodetabek,Solar,19.94,Customer,26,2.25,8.0,11,250592,918179,Jawa,DEPOK,CDE,Internal,JabodetabekDEPOKCDE,Dalam Kota,,,,1,REGULAR,8:21:00,515120,152467
260113C008,KLS,1/13/2026,CDELC,A8486VC,Bogor,Jabodetabek,Solar,25.32,Customer,21,4.71,8.0,8,273676,#N/A,Jawa,BOGOR,CDE PICKUP,Internal,JabodetabekBOGORCDE PICKUP,Dalam Kota,,,,1,REGULAR,9:53:00,515120,#N/A
260113C015,KLS,1/13/2026,CDELC,A8048ZX,Jakarta Timur,Jabodetabek,Solar,16.63,Customer,18,3.69,11.0,11,168084,835671,Jawa,JAKARTA TIMUR,CDE LONG CHASSIS,Internal,JabodetabekJAKARTA TIMURCDE LONG CHASSIS,Dalam Kota,,,,1,REGULAR,10:46:00,515120,152467
260113L004,KLS,1/13/2026,CDDLC,A8908XY,Surabaya,Jawa Timur,,,Store,51,9.67,16.0,1,3125000,5860361,Jawa,SURABAYA,CDD LONG CHASSIS,Internal,Jawa TimurSURABAYACDD LONG CHASSIS,Luar Kota,,,,1,REGULAR,65:37:00,2060480,674881
260113C022,KLS,1/13/2026,CDELC,A8339ZS,Jakarta Utara,Jabodetabek,Solar,16.26,Customer,5,1.47,8.0,3,245568,768728,Jawa,JAKARTA UTARA,CDE PICKUP,Internal,JabodetabekJAKARTA UTARACDE PICKUP,Dalam Kota,,,,1,REGULAR,7:51:00,257560,265600
260113C006,KLS,1/13/2026,MVB,A8504ZX,Purwakarta,Jawa Barat,Pertalite,14.34,Customer,6,5.0,5.0,6,203900,535560,Jawa,PURWAKARTA,MINI VAN BOX,Internal,Jawa BaratPURWAKARTAMINI VAN BOX,Dalam Kota,,,,1,REGULAR,9:35:00,257560,74100
260113C021,KLS,1/13/2026,WINGBOX,B9068BEN,Jakarta Utara,Jabodetabek,Solar,29.36,Customer,1,42.0,42.0,1,272648,615640,Jawa,JAKARTA UTARA,WINGBOX,Internal,JabodetabekJAKARTA UTARAWINGBOX,Dalam Kota,,,,1,REGULAR,9:39:00,257560,85432
260113C010,KLS,1/13/2026,MVB,A8983VB,Karawang,Jabodetabek,Pertalite,7.84,Customer,12,0.64,5.0,8,111400,500360,Jawa,KARAWANG,MINI VAN BOX,Internal,JabodetabekKARAWANGMINI VAN BOX,Dalam Kota,,,,1,REGULAR,6:24:00,257560,131400
260113C005,KLS,1/13/2026,PICKUP,A8721ZV,Bogor,Jabodetabek,Pertalite,16.03,Customer,4,3.0,3.0,3,291300,654693,Jawa,BOGOR,PICKUP,Internal,JabodetabekBOGORPICKUP,Dalam Kota,,,,1,REGULAR,7:00:00,257560,105833
260113L002,KLS,1/13/2026,CDDLC,A8288YX,Bandung,Jawa Barat,Solar,36.36,Store,93,16.0,16.0,1,820000,1266527,Jawa,BANDUNG,CDD LONG CHASSIS,Internal,Jawa BaratBANDUNGCDD LONG CHASSIS,Luar Kota,,,,1,REGULAR,11:00:00,257560,188967
260113C019,KLS,1/13/2026,CDDLC,A8976XY,Jakarta Utara,Jabodetabek,Solar,25.51,Customer,1,16.0,16.0,1,345968,792495,Jawa,JAKARTA UTARA,CDD LONG CHASSIS,Internal,JabodetabekJAKARTA UTARACDD LONG CHASSIS,Dalam Kota,,,,1,REGULAR,12:02:00,257560,188967
260113C012,KLS,1/13/2026,CDELC,A8098ZH,Bekasi,Jabodetabek,Solar,6.96,Customer,15,3.46,11.0,6,47328,526055,Jawa,BEKASI,CDE LONG CHASSIS,Internal,JabodetabekBEKASICDE LONG CHASSIS,Dalam Kota,,,,1,REGULAR,7:05:00,257560,221167
260113C002,KLS,1/13/2026,MVB,B9642SCE,Karawang,Jabodetabek,Pertalite,12.82,Customer,31,3.74,5.0,3,196200,546527,Jawa,KARAWANG,MINI VAN BOX,Internal,JabodetabekKARAWANGMINI VAN BOX,Dalam Kota,,,,1,REGULAR,7:00:00,257560,92767
260113H001,KLS,1/13/2026,WINGBOX,B9068BEN,Jakarta Barat,Jabodetabek,Solar,28.88,HUB,247,23.31,42.0,2,278384,621376,Jawa,JAKARTA BARAT,WINGBOX,Internal,JabodetabekJAKARTA BARATWINGBOX,Dalam Kota,,,,1,REGULAR,5:59:00,257560,85432
260113C009,KLS,1/13/2026,CDELC,A8476VC,Karawang,Jabodetabek,Solar,11.88,Customer,7,11.0,11.0,5,134784,#N/A,Jawa,KARAWANG,CDE LONG CHASSIS,Internal,JabodetabekKARAWANGCDE LONG CHASSIS,Dalam Kota,,,,1,REGULAR,6:46:00,257560,#N/A
260113L001,KLS,1/13/2026,MVB,B9320SCE,Sukabumi,Jawa Barat,Pertalite,23.53,Store,27,2.91,5.0,1,356300,700000,Jawa,SUKABUMI,MINI VAN BOX,Internal,Jawa BaratSUKABUMIMINI VAN BOX,Luar Kota,,,,1,REGULAR,10:40:00,257560,86140
260113C016,KLS,1/13/2026,MVB,A8373VC,Jakarta Timur,Jabodetabek,Pertalite,11.9,Customer,16,0.78,5.0,6,199500,#N/A,Jawa,JAKARTA TIMUR,MINI VAN BOX,Internal,JabodetabekJAKARTA TIMURMINI VAN BOX,Dalam Kota,,,,1,REGULAR,9:22:00,257560,#N/A
260113C025,KLS,1/13/2026,CDELC,A8002XW,Bekasi,Jabodetabek,Solar,10.57,Customer,4,11.0,11.0,3,71876,481903,Jawa,BEKASI,CDE LONG CHASSIS,Internal,JabodetabekBEKASICDE LONG CHASSIS,Dalam Kota,,,,1,REGULAR,4:53:00,257560,152467
260113C007,KLS,1/13/2026,MVB,A8304VC,Bogor,Jabodetabek,Pertalite,14.63,Customer,19,0.67,5.0,5,220800,#N/A,Jawa,BOGOR,MINI VAN BOX,Internal,JabodetabekBOGORMINI VAN BOX,Dalam Kota,,,,1,REGULAR,7:32:00,257560,#N/A
260113C026,KLS,1/13/2026,MVB,A8553VB,Karawang,Jabodetabek,Pertalite,6.12,Customer,5,5.0,5.0,3,94200,483160,Jawa,KARAWANG,MINI VAN BOX,Internal,JabodetabekKARAWANGMINI VAN BOX,Dalam Kota,,,,1,REGULAR,3:43:00,257560,131400
260113S008,KLS,1/13/2026,CDELC,A8020VC,Jakarta Utara,Jabodetabek,Solar,18.38,Customer via Hub,15,11.0,11.0,5,221484,507184,Jawa,JAKARTA UTARA,CDE LONG CHASSIS,Internal,JabodetabekJAKARTA UTARACDE LONG CHASSIS,Dalam Kota,,,,1,REGULAR,11:36:00,,285700
260113S006,KLS,1/13/2026,MVB,A8437ZH,Tangerang,Jabodetabek,Pertalite,9.5,Customer via Hub,17,1.64,5.0,7,95,110695,Jawa,TANGERANG,MINI VAN BOX,Internal,JabodetabekTANGERANGMINI VAN BOX,Dalam Kota,,,,1,REGULAR,8:56:00,,110600
260113S002,KLS,1/13/2026,CDELC,A8481ZH,Cilegon,Banten,,,Customer via Hub,28,5.83,11.0,7,,221167,Jawa,CILEGON,CDE LONG CHASSIS,Internal,BantenCILEGONCDE LONG CHASSIS,Dalam Kota,,,,1,REGULAR,9:15:00,,221167
260113S009,KLS,1/13/2026,MVB,A8537ZF,Tangerang,Jabodetabek,Pertalite,11,Customer via Hub,56,2.45,5.0,7,110000,220600,Jawa,TANGERANG,MINI VAN BOX,Internal,JabodetabekTANGERANGMINI VAN BOX,Dalam Kota,,,,1,REGULAR,8:58:00,,110600
260113S013,KLS,1/13/2026,CDELC,A8717VB,Jakarta Barat,Jabodetabek,Solar,16.16,Customer via Hub,20,2.36,11.0,5,176888,462588,Jawa,JAKARTA BARAT,CDE LONG CHASSIS,Internal,JabodetabekJAKARTA BARATCDE LONG CHASSIS,Dalam Kota,,,,1,REGULAR,9:47:00,,285700
260113S011,KLS,1/13/2026,CDELC,A8721VB,Jakarta Selatan,Jabodetabek,,,Customer via Hub,17,1.56,11.0,6,9000,294700,Jawa,JAKARTA SELATAN,CDE LONG CHASSIS,Internal,JabodetabekJAKARTA SELATANCDE LONG CHASSIS,Dalam Kota,,,,1,REGULAR,7:35:00,,285700
260113S007,KLS,1/13/2026,CDELC,A8757VB,Tangerang,Jabodetabek,Solar,19.85,Customer via Hub,23,1.46,11.0,9,201480,487180,Jawa,TANGERANG,CDE LONG CHASSIS,Internal,JabodetabekTANGERANGCDE LONG CHASSIS,Dalam Kota,,,,1,REGULAR,22:43:00,,285700
260113S012,KLS,1/13/2026,CDELC,A8759VB,Jakarta Pusat,Jabodetabek,Solar,7004,Customer via Hub,19,2.38,11.0,5,167556,453256,Jawa,JAKARTA PUSAT,CDE LONG CHASSIS,Internal,JabodetabekJAKARTA PUSATCDE LONG CHASSIS,Dalam Kota,,,,1,REGULAR,23:02:00,,285700
260113S003,KLS,1/13/2026,CDELC,A8910VB,Serang,Banten,,,Customer via Hub,17,4.52,11.0,3,,285700,Jawa,SERANG,CDE LONG CHASSIS,Internal,BantenSERANGCDE LONG CHASSIS,Dalam Kota,,,,1,REGULAR,22:32:00,,285700
260113S005,KLS,1/13/2026,CDELC,A8912VB,Tangerang,Jabodetabek,Solar,14.11,Customer via Hub,17,5.7,11.0,4,175948,441241,Jawa,TANGERANG,CDE LONG CHASSIS,Internal,JabodetabekTANGERANGCDE LONG CHASSIS,Dalam Kota,,,,1,REGULAR,10:26:00,,265293
260113S010,KLS,1/13/2026,MVB,B9710SCE,Jakarta Selatan,Jabodetabek,Pertalite,9.29,Customer via Hub,25,1.76,5.0,8,167900,#N/A,Jawa,JAKARTA SELATAN,MINI VAN BOX,Internal,JabodetabekJAKARTA SELATANMINI VAN BOX,Dalam Kota,,,,1,REGULAR,8:32:00,,#N/A
260114C003,KLS,1/14/2026,CDELC,A8048ZX,Bogor,Jabodetabek,Solar,24,Customer,5,11.0,11.0,4,352700,1020287,Jawa,BOGOR,CDE LONG CHASSIS,Internal,JabodetabekBOGORCDE LONG CHASSIS,Dalam Kota,,,,1,REGULAR,6:36:00,515120,152467
260114C014,KLS,1/14/2026,CDELC,A8098ZH,Purwakarta,Jawa Barat,Solar,19.18,Customer,14,3.13,11.0,9,218924,955211,Jawa,PURWAKARTA,CDE LONG CHASSIS,Internal,Jawa BaratPURWAKARTACDE LONG CHASSIS,Dalam Kota,,,,1,REGULAR,8:13:00,515120,221167
260114C016,KLS,1/14/2026,CDDLC,A8976XY,Karawang,Jabodetabek,Solar,19.58,Customer,12,16.0,16.0,9,173644,877731,Jawa,KARAWANG,CDD LONG CHASSIS,Internal,JabodetabekKARAWANGCDD LONG CHASSIS,Dalam Kota,,,,1,REGULAR,10:36:00,515120,188967
260114C011,KLS,1/14/2026,CDELC,A8159ZC,Bekasi,Jabodetabek,Solar,10.22,Customer,8,3.07,11.0,6,69496,767483,Jawa,BEKASI,CDE LONG CHASSIS,Internal,JabodetabekBEKASICDE LONG CHASSIS,Dalam Kota,,,,1,REGULAR,6:12:00,515120,182867
260114C002,KLS,1/14/2026,CDELC,A8503ZX,Depok,Jabodetabek,Solar,17.76,Customer,16,4.66,8.0,5,216768,884355,Jawa,DEPOK,CDE,Internal,JabodetabekDEPOKCDE,Dalam Kota,,,,1,REGULAR,8:39:00,515120,152467
260114C019,KLS,1/14/2026,CDELC,A8339ZS,Bogor,Jabodetabek,Solar,19.7,Customer,9,2.22,8.0,6,182960,963680,Jawa,BOGOR,CDE PICKUP,Internal,JabodetabekBOGORCDE PICKUP,Dalam Kota,,,,1,REGULAR,8:53:00,515120,265600
260114C006,KLS,1/14/2026,CDELC,B9044BRO,Jakarta Utara,Jabodetabek,Solar,13.72,Customer,2,11.0,11.0,3,156296,842280,Jawa,JAKARTA UTARA,CDE LONG CHASSIS,Internal,JabodetabekJAKARTA UTARACDE LONG CHASSIS,Dalam Kota,,,,1,REGULAR,7:11:00,515120,170864
260114C018,KLS,1/14/2026,CDELC,A8486VC,Bekasi,Jabodetabek,Solar,5.6,Customer,9,8.0,8.0,4,38080,#N/A,Jawa,BEKASI,CDE PICKUP,Internal,JabodetabekBEKASICDE PICKUP,Dalam Kota,,,,1,REGULAR,6:34:00,515120,#N/A
260114C017,KLS,1/14/2026,CDELC,A8505VC,Karawang,Jabodetabek,Solar,16.48,Customer,21,11.0,11.0,12,128564,#N/A,Jawa,KARAWANG,CDE LONG CHASSIS,Internal,JabodetabekKARAWANGCDE LONG CHASSIS,Dalam Kota,,,,1,REGULAR,7:05:00,515120,#N/A
260114C008,KLS,1/14/2026,CDDLC,A8288YX,Bekasi,Jabodetabek,Solar,13.16,Customer,9,2.14,16.0,7,89488,793575,Jawa,BEKASI,CDD LONG CHASSIS,Internal,JabodetabekBEKASICDD LONG CHASSIS,Dalam Kota,,,,1,REGULAR,6:24:00,515120,188967
260114C005,KLS,1/14/2026,MVB,A8017VC,Jakarta Utara,Jabodetabek,Pertalite,13.77,Customer,8,0.73,5.0,5,214700,757960,Jawa,JAKARTA UTARA,MINI VAN BOX,Internal,JabodetabekJAKARTA UTARAMINI VAN BOX,Dalam Kota,,,,1,REGULAR,8:58:00,257560,285700
260114C028,KLS,1/14/2026,CDDLC,B9190SDB,Jakarta Utara,Jabodetabek,Solar,23.24,Customer,1,13.0,13.0,1,293032,746825,Jawa,JAKARTA UTARA,CDD PICK UP,Internal,JabodetabekJAKARTA UTARACDD PICK UP,Dalam Kota,,,,1,REGULAR,8:34:00,257560,196233
260114C013,KLS,1/14/2026,MOTOR,B5709BLU,Bekasi,Jabodetabek,Pertalite,1.55,Customer,11,0.14,0.14,7,15500,288110,Jawa,BEKASI,MOTOR BOX,Internal,JabodetabekBEKASIMOTOR BOX,Dalam Kota,,,,1,REGULAR,7:00:00,257560,15050
260114C023,KLS,1/14/2026,MVB,A8504ZX,Subang,Jawa Barat,Pertalite,18.92,Customer,4,0.71,5.0,4,359200,690860,Jawa,SUBANG,MINI VAN BOX,Internal,Jawa BaratSUBANGMINI VAN BOX,DALAM KOTA,,,,1,REGULAR,22:44:00,257560,74100
260114C004,KLS,1/14/2026,PICKUP,A8721ZV,Bogor,Jabodetabek,Pertalite,11.15,Customer,7,2.05,3.0,6,155000,518393,Jawa,BOGOR,PICKUP,Internal,JabodetabekBOGORPICKUP,Dalam Kota,,,,1,REGULAR,8:00:00,257560,105833
260114C007,KLS,1/14/2026,MVB,A8304VC,Bekasi,Jabodetabek,Pertalite,7.57,Customer,8,5.0,5.0,4,92200,#N/A,Jawa,BEKASI,MINI VAN BOX,Internal,JabodetabekBEKASIMINI VAN BOX,Dalam Kota,,,,1,REGULAR,5:52:00,257560,#N/A
260114C027,KLS,1/14/2026,MVB,B9642SCE,Karawang,Jabodetabek,Pertalite,7.71,Customer,5,5.0,5.0,4,120600,470927,Jawa,KARAWANG,MINI VAN BOX,Internal,JabodetabekKARAWANGMINI VAN BOX,Dalam Kota,,,,1,REGULAR,5:08:00,257560,92767
260114C009,KLS,1/14/2026,MVB,A8373VC,Jakarta Timur,Jabodetabek,Pertalite,12.24,Customer,7,5.0,5.0,4,162400,#N/A,Jawa,JAKARTA TIMUR,MINI VAN BOX,Internal,JabodetabekJAKARTA TIMURMINI VAN BOX,Dalam Kota,,,,1,REGULAR,8:15:00,257560,#N/A
260114C015,KLS,1/14/2026,MVB,B9320SCE,Purwakarta,Jawa Barat,Pertalite,11.86,Customer,7,5.0,5.0,5,172600,516300,Jawa,PURWAKARTA,MINI VAN BOX,Internal,Jawa BaratPURWAKARTAMINI VAN BOX,Dalam Kota,,,,1,REGULAR,7:46:00,257560,86140
260114C022,KLS,1/14/2026,MVB,A8553VB,Jakarta Timur,Jabodetabek,Pertalite,8.33,Customer,4,5.0,5.0,4,128800,517760,Jawa,JAKARTA TIMUR,MINI VAN BOX,Internal,JabodetabekJAKARTA TIMURMINI VAN BOX,Dalam Kota,,,,1,REGULAR,6:44:00,257560,131400
260114H001,KLS,1/14/2026,WINGBOX,B9068BEN,Jakarta Barat,Jabodetabek,Solar,30.5,HUB,93,15.47,42.0,5,285400,713824,Jawa,JAKARTA BARAT,WINGBOX,Internal,JabodetabekJAKARTA BARATWINGBOX,Dalam Kota,,,,1,REGULAR,8:53:00,257560,170864
260114C026,KLS,1/14/2026,MVB,A8876ZX,Bekasi,Jabodetabek,Pertalite,7.79,Customer,4,5.0,5.0,3,77900,397536,Jawa,BEKASI,MINI VAN BOX,Internal,JabodetabekBEKASIMINI VAN BOX,Dalam Kota,,,,1,REGULAR,5:15:00,257560,62076
260114C021,KLS,1/14/2026,CDELC,A8520VC,Bekasi,Jabodetabek,Solar,14.43,Customer,8,5.2,11.0,6,149624,#N/A,Jawa,BEKASI,CDE LONG CHASSIS,Internal,JabodetabekBEKASICDE LONG CHASSIS,Dalam Kota,,,,1,REGULAR,12:07:00,515120,#N/A
260114S009,KLS,1/14/2026,CDELC,A8020VC,Jakarta Barat,Jabodetabek,Solar,12.95,Customer via Hub,12,2.88,11.0,4,160060,445760,Jawa,JAKARTA BARAT,CDE LONG CHASSIS,Internal,JabodetabekJAKARTA BARATCDE LONG CHASSIS,Dalam Kota,,,,1,REGULAR,10:00:00,,285700
260114S010,KLS,1/14/2026,MVB,A8437ZH,Tangerang,Jabodetabek,Pertalite,11300,Customer via Hub,5,0.75,5.0,3,109800,220400,Jawa,TANGERANG,MINI VAN BOX,Internal,JabodetabekTANGERANGMINI VAN BOX,Dalam Kota,,,,1,REGULAR,6:06:00,,110600
260114S002,KLS,1/14/2026,CDELC,A8481ZH,Cilegon,Banten,,,Customer via Hub,15,2.32,11.0,3,256000,477167,Jawa,CILEGON,CDE LONG CHASSIS,Internal,BantenCILEGONCDE LONG CHASSIS,Dalam Kota,,,,1,REGULAR,5:40:00,,221167
260114S011,KLS,1/14/2026,CDELC,A8717VB,Jakarta Utara,Jabodetabek,Solar,17.65,Customer via Hub,4,1.57,11.0,3,180520,466220,Jawa,JAKARTA UTARA,CDE LONG CHASSIS,Internal,JabodetabekJAKARTA UTARACDE LONG CHASSIS,Dalam Kota,,,,1,REGULAR,7:59:00,,285700
260114S006,KLS,1/14/2026,CDELC,A8721VB,Tangerang,Jabodetabek,,,Customer via Hub,17,2.92,11.0,4,34000,319700,Jawa,TANGERANG,CDE LONG CHASSIS,Internal,JabodetabekTANGERANGCDE LONG CHASSIS,Dalam Kota,,,,1,REGULAR,8:09:00,,285700
260114S005,KLS,1/14/2026,CDELC,A8757VB,Tangerang,Jabodetabek,Solar,9.55,Customer via Hub,5,11.0,11.0,2,123440,409140,Jawa,TANGERANG,CDE LONG CHASSIS,Internal,JabodetabekTANGERANGCDE LONG CHASSIS,Dalam Kota,,,,1,REGULAR,9:26:00,,285700
260114S004,KLS,1/14/2026,CDELC,A8759VB,Tangerang,Jabodetabek,Solar,24.74,Customer via Hub,7,1.64,11.0,4,253210,538910,Jawa,TANGERANG,CDE LONG CHASSIS,Internal,JabodetabekTANGERANGCDE LONG CHASSIS,Dalam Kota,,,,1,REGULAR,9:44:00,,285700
260114S003,KLS,1/14/2026,CDELC,A8801XZ,Serang,Banten,Solar,7054.11,Customer via Hub,9,8.0,8.0,3,220528,371261,Jawa,SERANG,CDE PICKUP,Internal,BantenSERANGCDE PICKUP,Dalam Kota,,,,1,REGULAR,9:56:00,,150733
260114S008,KLS,1/14/2026,CDELC,A8910VB,Jakarta Pusat,Jabodetabek,Solar,1.83,Customer via Hub,11,1.23,11.0,3,23011,308711,Jawa,JAKARTA PUSAT,CDE LONG CHASSIS,Internal,JabodetabekJAKARTA PUSATCDE LONG CHASSIS,Dalam Kota,,,,1,REGULAR,8:29:00,,285700
260114S007,KLS,1/14/2026,CDELC,A8912VB,Jakarta Selatan,Jabodetabek,Solar,8.65,Customer via Hub,4,11.0,11.0,2,109820,375113,Jawa,JAKARTA SELATAN,CDE LONG CHASSIS,Internal,JabodetabekJAKARTA SELATANCDE LONG CHASSIS,Dalam Kota,,,,1,REGULAR,6:27:00,,265293
260115C003,KLS,1/15/2026,MVB,B9642SCE,Bogor,Jabodetabek,Pertalite,15.75,Customer,3,5.0,5.0,2,231000,838887,Jawa,BOGOR,MINI VAN BOX,Internal,JabodetabekBOGORMINI VAN BOX,Dalam Kota,,,,1,REGULAR,6:46:00,515120,92767
260115C014,KLS,1/15/2026,MVB,A8304VC,Bekasi,Jabodetabek,Pertalite,13.77,Customer,9,1.83,5.0,7,164700,#N/A,Jawa,BEKASI,MINI VAN BOX,Internal,JabodetabekBEKASIMINI VAN BOX,Dalam Kota,,,,1,REGULAR,9:27:00,515120,#N/A
260115C007,KLS,1/15/2026,CDDLC,A8961VB,Bekasi,Jabodetabek,Solar,19.49,Customer,12,3.07,13.0,6,132532,960285,Jawa,BEKASI,CDD PICK UP,Internal,JabodetabekBEKASICDD PICK UP,Dalam Kota,,,,1,REGULAR,71:53:00,515120,312633
260115C008,KLS,1/15/2026,CDELC,A8159ZC,Bekasi,Jabodetabek,Solar,9.64,Customer,15,11.0,11.0,6,82552,780539,Jawa,BEKASI,CDE LONG CHASSIS,Internal,JabodetabekBEKASICDE LONG CHASSIS,Dalam Kota,,,,1,REGULAR,5:47:00,515120,182867
260115C006,KLS,1/15/2026,CDELC,A8432ZS,Jakarta Timur,Jabodetabek,Solar,16.9,Customer,14,4.78,11.0,9,154920,927090,Jawa,JAKARTA TIMUR,CDE LONG CHASSIS,Internal,JabodetabekJAKARTA TIMURCDE LONG CHASSIS,Dalam Kota,,,,1,REGULAR,9:41:00,515120,257050
260115C010,KLS,1/15/2026,CDELC,A8505VC,Karawang,Jabodetabek,Solar,12.96,Customer,20,11.0,11.0,5,104628,#N/A,Jawa,KARAWANG,CDE LONG CHASSIS,Internal,JabodetabekKARAWANGCDE LONG CHASSIS,Dalam Kota,,,,1,REGULAR,5:55:00,515120,#N/A
260115C013,KLS,1/15/2026,CDELC,A8048ZX,Purwakarta,Jawa Barat,Solar,36.01,Customer,22,11.0,11.0,10,498868,1166455,Jawa,PURWAKARTA,CDE LONG CHASSIS,Internal,Jawa BaratPURWAKARTACDE LONG CHASSIS,Dalam Kota,,,,1,REGULAR,10:38:00,515120,152467
260115C015,KLS,1/15/2026,CDELC,A8520VC,Bekasi,Jabodetabek,Solar,13.45,Customer,14,3.59,11.0,10,176960,#N/A,Jawa,BEKASI,CDE LONG CHASSIS,Internal,JabodetabekBEKASICDE LONG CHASSIS,Dalam Kota,,,,1,REGULAR,8:50:00,515120,#N/A
260115C002,KLS,1/15/2026,CDELC,A8503ZX,Depok,Jabodetabek,Solar,16.84,Customer,10,1.95,8.0,8,231512,899099,Jawa,DEPOK,CDE,Internal,JabodetabekDEPOKCDE,Dalam Kota,,,,1,REGULAR,8:03:00,515120,152467
260115C012,KLS,1/15/2026,CDELC,A8098ZH,Karawang,Jabodetabek,Solar,18.83,Customer,23,2.28,11.0,11,270044,1006331,Jawa,KARAWANG,CDE LONG CHASSIS,Internal,JabodetabekKARAWANGCDE LONG CHASSIS,Dalam Kota,,,,1,REGULAR,9:28:00,515120,221167
260115C005,KLS,1/15/2026,CDELC,B9044BRO,Jakarta Utara,Jabodetabek,Solar,16.91,Customer,5,11.0,11.0,4,173988,602412,Jawa,JAKARTA UTARA,CDE LONG CHASSIS,Internal,JabodetabekJAKARTA UTARACDE LONG CHASSIS,Dalam Kota,,,,1,REGULAR,10:37:00,257560,170864
260115C027,KLS,1/15/2026,CDELC,A8002XW,Tangerang,Jabodetabek,Solar,26.14,Customer,1,11.0,11.0,1,306252,716279,Jawa,TANGERANG,CDE LONG CHASSIS,Internal,JabodetabekTANGERANGCDE LONG CHASSIS,Dalam Kota,,,,1,REGULAR,9:26:00,257560,152467
260115H001,KLS,1/15/2026,WINGBOX,B9068BEN,Jakarta Barat,Jabodetabek,Solar,30.12,HUB,149,15.68,42.0,2,282816,711240,Jawa,JAKARTA BARAT,WINGBOX,Internal,JabodetabekJAKARTA BARATWINGBOX,Dalam Kota,,,,1,REGULAR,13:12:00,257560,170864
260115C016,KLS,1/15/2026,MVB,A8373VC,Jakarta Timur,Jabodetabek,Pertalite,11.41,Customer,7,5.0,5.0,6,207100,#N/A,Jawa,JAKARTA TIMUR,MINI VAN BOX,Internal,JabodetabekJAKARTA TIMURMINI VAN BOX,Dalam Kota,,,,1,REGULAR,8:35:00,257560,#N/A
260115C026,KLS,1/15/2026,MVB,A8504ZX,Karawang,Jabodetabek,Pertalite,7.37,Customer,11,5.0,5.0,3,90200,421860,Jawa,KARAWANG,MINI VAN BOX,Internal,JabodetabekKARAWANGMINI VAN BOX,Dalam Kota,,,,1,REGULAR,4:58:00,257560,74100
260115C021,KLS,1/15/2026,MOTOR,B5709BLU,Bekasi,Jabodetabek,Pertalite,1.26,Customer,6,0.14,0.14,4,12600,285210,Jawa,BEKASI,MOTOR BOX,Internal,JabodetabekBEKASIMOTOR BOX,Dalam Kota,,,,1,REGULAR,5:39:00,257560,15050
260115C004,KLS,1/15/2026,MVB,A8017VC,Jakarta Utara,Jabodetabek,Pertalite,13.47,Customer,12,5.0,5.0,9,201700,744960,Jawa,JAKARTA UTARA,MINI VAN BOX,Internal,JabodetabekJAKARTA UTARAMINI VAN BOX,Dalam Kota,,,,1,REGULAR,9:15:00,257560,285700
260115C018,KLS,1/15/2026,CDELC,A8476VC,Karawang,Jabodetabek,Solar,14.86,Customer,4,11.0,11.0,3,171548,#N/A,Jawa,KARAWANG,CDE LONG CHASSIS,Internal,JabodetabekKARAWANGCDE LONG CHASSIS,Dalam Kota,,,,1,REGULAR,33:21:00,257560,#N/A
260115C017,KLS,1/15/2026,MVB,B9320SCE,Bogor,Jabodetabek,Pertalite,10.52,Customer,7,5.0,5.0,6,148700,492400,Jawa,BOGOR,MINI VAN BOX,Internal,JabodetabekBOGORMINI VAN BOX,Dalam Kota,,,,1,REGULAR,7:06:00,257560,86140
260115C025,KLS,1/15/2026,CDELC,A8486VC,Jakarta Utara,Jabodetabek,Solar,16.85,Customer,7,1.25,8.0,3,234580,#N/A,Jawa,JAKARTA UTARA,CDE PICKUP,Internal,JabodetabekJAKARTA UTARACDE PICKUP,Dalam Kota,,,,1,REGULAR,8:50:00,257560,#N/A
260114L001,KLS,1/15/2026,CDDLC,A8976XY,Bandung,Jawa Barat,Solar,24.85,Store,49,2.92,16.0,1,801000,1247527,Jawa,BANDUNG,CDD LONG CHASSIS,Internal,Jawa BaratBANDUNGCDD LONG CHASSIS,Luar Kota,,,,1,REGULAR,8:27:00,257560,188967
260115L001,KLS,1/15/2026,MVB,A8983VB,Sukabumi,Jawa Barat,Pertalite,23.75,Store,1,5.0,5.0,1,408500,797460,Jawa,SUKABUMI,MINI VAN BOX,Internal,Jawa BaratSUKABUMIMINI VAN BOX,Luar Kota,,,,1,REGULAR,9:13:00,257560,131400
260115C009,KLS,1/15/2026,PICKUP,A8721ZV,Bekasi,Jabodetabek,Pertalite,4.39,Customer,7,0.74,3.0,4,43900,407293,Jawa,BEKASI,PICKUP,Internal,JabodetabekBEKASIPICKUP,Dalam Kota,,,,1,REGULAR,6:13:00,257560,105833
260115C023,KLS,1/15/2026,MVB,A8876ZX,Bogor,Jabodetabek,Pertalite,16.94,Customer,11,1.04,5.0,5,235400,555036,Jawa,BOGOR,MINI VAN BOX,Internal,JabodetabekBOGORMINI VAN BOX,Dalam Kota,,,,1,REGULAR,10:56:00,257560,62076
260115C024,KLS,1/15/2026,CDDLC,B9190SDB,Serang,Banten,Solar,30.21,Customer,1,3.98,13.0,1,494428,1205781,Jawa,SERANG,CDD PICK UP,Internal,BantenSERANGCDD PICK UP,Dalam Kota,,,,1,REGULAR,10:12:00,515120,196233
260115S011,KLS,1/15/2026,CDELC,A8020VC,Jakarta Utara,Jabodetabek,Solar,15.44,Customer via Hub,10,11.0,11.0,6,141996,427696,Jawa,JAKARTA UTARA,CDE LONG CHASSIS,Internal,JabodetabekJAKARTA UTARACDE LONG CHASSIS,Dalam Kota,,,,1,REGULAR,9:19:00,,285700
260115S003,KLS,1/15/2026,MVB,A8437ZH,Jakarta Selatan,Jabodetabek,Pertalite,9.2,Customer via Hub,11,5.0,5.0,7,113000,223600,Jawa,JAKARTA SELATAN,MINI VAN BOX,Internal,JabodetabekJAKARTA SELATANMINI VAN BOX,Dalam Kota,,,,1,REGULAR,11:16:00,,110600
260115S002,KLS,1/15/2026,CDELC,A8481ZH,Cilegon,Banten,,,Customer via Hub,17,1.25,11.0,5,270000,491167,Jawa,CILEGON,CDE LONG CHASSIS,Internal,BantenCILEGONCDE LONG CHASSIS,Dalam Kota,,,,1,REGULAR,10:35:00,,221167
260115S009,KLS,1/15/2026,MVB,A8537ZF,Tangerang,Jabodetabek,Pertalite,10.8,Customer via Hub,13,5.0,5.0,9,159500,270100,Jawa,TANGERANG,MINI VAN BOX,Internal,JabodetabekTANGERANGMINI VAN BOX,Dalam Kota,,,,1,REGULAR,9:03:00,,110600
260115S006,KLS,1/15/2026,CDELC,A8717VB,Jakarta Barat,Jabodetabek,Solar,20.58,Customer via Hub,11,1.97,11.0,5,213444,499144,Jawa,JAKARTA BARAT,CDE LONG CHASSIS,Internal,JabodetabekJAKARTA BARATCDE LONG CHASSIS,Dalam Kota,,,,1,REGULAR,12:13:00,,285700
260115S012,KLS,1/15/2026,CDELC,A8721VB,Jakarta Selatan,Jabodetabek,,,Customer via Hub,13,11.0,11.0,6,72000,357700,Jawa,JAKARTA SELATAN,CDE LONG CHASSIS,Internal,JabodetabekJAKARTA SELATANCDE LONG CHASSIS,Dalam Kota,,,,1,REGULAR,9:11:00,,285700
260115S013,KLS,1/15/2026,CDELC,A8757VB,Jakarta Pusat,Jabodetabek,Solar,16.03,Customer via Hub,10,11.0,11.0,4,145504,431204,Jawa,JAKARTA PUSAT,CDE LONG CHASSIS,Internal,JabodetabekJAKARTA PUSATCDE LONG CHASSIS,Dalam Kota,,,,1,REGULAR,11:24:00,,285700
260115S008,KLS,1/15/2026,CDELC,A8759VB,Tangerang,Jabodetabek,Solar,25.54,Customer via Hub,15,3.99,11.0,6,262642,548342,Jawa,TANGERANG,CDE LONG CHASSIS,Internal,JabodetabekTANGERANGCDE LONG CHASSIS,Dalam Kota,,,,1,REGULAR,11:02:00,,285700
260115S010,KLS,1/15/2026,CDELC,A8801XZ,Tangerang,Jabodetabek,Solar,6994.92,Customer via Hub,6,3.1,8.0,3,134434,285167,Jawa,TANGERANG,CDE PICKUP,Internal,JabodetabekTANGERANGCDE PICKUP,Dalam Kota,,,,1,REGULAR,8:49:00,,150733
260115S005,KLS,1/15/2026,CDELC,A8910VB,Tangerang,Jabodetabek,Solar,13.75,Customer via Hub,11,3.09,11.0,5,149000,434700,Jawa,TANGERANG,CDE LONG CHASSIS,Internal,JabodetabekTANGERANGCDE LONG CHASSIS,Dalam Kota,,,,1,REGULAR,8:28:00,,285700
260115S007,KLS,1/15/2026,CDELC,A8912VB,Tangerang,Jabodetabek,Solar,50.59,Customer via Hub,17,1.18,11.0,2,344040,609333,Jawa,TANGERANG,CDE LONG CHASSIS,Internal,JabodetabekTANGERANGCDE LONG CHASSIS,Dalam Kota,,,,1,REGULAR,9:32:00,,265293
260115S004,KLS,1/15/2026,MVB,B9710SCE,Serang,Banten,Pertalite,10623.08,Customer via Hub,10,5.0,5.0,3,201100,#N/A,Jawa,SERANG,MINI VAN BOX,Internal,BantenSERANGMINI VAN BOX,Dalam Kota,,,,1,REGULAR,10:28:00,,#N/A
260116C001,KLS,1/16/2026,MVB,A8017VC,Tangerang,Jabodetabek,Pertalite,15.29,Customer,2,0.84,5.0,2,248900,1049720,Jawa,TANGERANG,MINI VAN BOX,Internal,JabodetabekTANGERANGMINI VAN BOX,Dalam Kota,,,,1,REGULAR,6:17:00,515120,285700
260117C010,KLS,1/17/2026,CDELC,A8002XW,Jakarta Utara,Jabodetabek,Solar,9.84,Customer,1,2.2,11.0,1,139912,807499,Jawa,JAKARTA UTARA,CDE LONG CHASSIS,Internal,JabodetabekJAKARTA UTARACDE LONG CHASSIS,Dalam Kota,,,,1,REGULAR,5:45:00,515120,152467
260117C002,KLS,1/17/2026,CDELC,A8432ZS,Bogor,Jabodetabek,Solar,21.95,Customer,31,5.74,11.0,5,213760,985930,Jawa,BOGOR,CDE LONG CHASSIS,Internal,JabodetabekBOGORCDE LONG CHASSIS,Dalam Kota,,,,1,REGULAR,9:09:00,515120,257050
260117C012,KLS,1/17/2026,CDELC,A8486VC,Tangerang,Jabodetabek,Solar,21.03,Customer,2,4.4,8.0,2,272504,#N/A,Jawa,TANGERANG,CDE PICKUP,Internal,JabodetabekTANGERANGCDE PICKUP,Dalam Kota,,,,1,REGULAR,10:15:00,515120,#N/A
260117C008,KLS,1/17/2026,CDELC,A8476VC,Bekasi,Jabodetabek,Solar,13.32,Customer,24,3.57,11.0,6,124576,#N/A,Jawa,BEKASI,CDE LONG CHASSIS,Internal,JabodetabekBEKASICDE LONG CHASSIS,Dalam Kota,,,,1,REGULAR,5:32:00,515120,#N/A
260117C007,KLS,1/17/2026,CDELC,A8505VC,Purwakarta,Jawa Barat,Solar,20.14,Customer,32,4.51,11.0,5,204952,#N/A,Jawa,PURWAKARTA,CDE LONG CHASSIS,Internal,Jawa BaratPURWAKARTACDE LONG CHASSIS,Dalam Kota,,,,1,REGULAR,6:27:00,515120,#N/A
260117C009,KLS,1/17/2026,CDELC,A8520VC,Bekasi,Jabodetabek,Solar,13.39,Customer,38,2.61,11.0,8,152052,#N/A,Jawa,BEKASI,CDE LONG CHASSIS,Internal,JabodetabekBEKASICDE LONG CHASSIS,Dalam Kota,,,,1,REGULAR,7:01:00,515120,#N/A
260117C005,KLS,1/17/2026,MVB,A8304VC,Bogor,Jabodetabek,Pertalite,11.68,Customer,24,2.01,5.0,5,203300,#N/A,Jawa,BOGOR,MINI VAN BOX,Internal,JabodetabekBOGORMINI VAN BOX,Dalam Kota,,,,1,REGULAR,5:03:00,515120,#N/A
260117C004,KLS,1/17/2026,MVB,B9642SCE,Jakarta Timur,Jabodetabek,Pertalite,9.95,Customer,27,0.91,5.0,5,140500,748387,Jawa,JAKARTA TIMUR,MINI VAN BOX,Internal,JabodetabekJAKARTA TIMURMINI VAN BOX,Dalam Kota,,,,1,REGULAR,5:59:00,515120,92767
260117C011,KLS,1/17/2026,CDELC,A8503ZX,Jakarta Utara,Jabodetabek,Solar,15.67,Customer,4,1.57,8.0,3,168556,836143,Jawa,JAKARTA UTARA,CDE,Internal,JabodetabekJAKARTA UTARACDE,Dalam Kota,,,,1,REGULAR,6:02:00,515120,152467
260117C001,KLS,1/17/2026,MVB,A8983VB,Jakarta Timur,Jabodetabek,Pertalite,9,Customer,22,0.76,5.0,5,151000,797520,Jawa,JAKARTA TIMUR,MINI VAN BOX,Internal,JabodetabekJAKARTA TIMURMINI VAN BOX,Dalam Kota,,,,1,REGULAR,6:07:00,515120,131400
260117L003,KLS,1/17/2026,CDDLC,A8976XY,Bandung,Jawa Barat,Solar,27.66,Store,74,10.76,16.0,1,805500,1252027,Jawa,BANDUNG,CDD LONG CHASSIS,Internal,Jawa BaratBANDUNGCDD LONG CHASSIS,Luar Kota,,,,1,REGULAR,5:42:00,257560,188967
260117H001,KLS,1/17/2026,WINGBOX,B9068BEN,Jakarta Barat,Jabodetabek,Solar,31.05,HUB,319,18.56,42.0,3,293140,721564,Jawa,JAKARTA BARAT,WINGBOX,Internal,JabodetabekJAKARTA BARATWINGBOX,Dalam Kota,,,,1,REGULAR,9:06:00,257560,170864
260117S006,KLS,1/17/2026,MVB,A8437ZH,Jakarta Selatan,Jabodetabek,Pertalite,8.3,Customer via Hub,55,2.95,5.0,9,175000,285600,Jawa,JAKARTA SELATAN,MINI VAN BOX,Internal,JabodetabekJAKARTA SELATANMINI VAN BOX,Dalam Kota,,,,1,REGULAR,7:25:00,,110600
260117S002,KLS,1/17/2026,CDELC,A8481ZH,Cilegon,Banten,Solar,24.27,Customer via Hub,39,3.03,11.0,6,165036,386203,Jawa,CILEGON,CDE LONG CHASSIS,Internal,BantenCILEGONCDE LONG CHASSIS,Dalam Kota,,,,1,REGULAR,34:30:00,,221167
260117S004,KLS,1/17/2026,MVB,A8537ZF,Tangerang,Jabodetabek,Pertalite,8.25,Customer via Hub,41,3.97,5.0,7,151000,261600,Jawa,TANGERANG,MINI VAN BOX,Internal,JabodetabekTANGERANGMINI VAN BOX,Dalam Kota,,,,1,REGULAR,8:00:00,,110600
260117S011,KLS,1/17/2026,CDELC,A8717VB,Jakarta Selatan,Jabodetabek,Solar,15.01,Customer via Hub,32,1.61,11.0,7,194068,479768,Jawa,JAKARTA SELATAN,CDE LONG CHASSIS,Internal,JabodetabekJAKARTA SELATANCDE LONG CHASSIS,Dalam Kota,,,,1,REGULAR,8:29:00,,285700
260117S003,KLS,1/17/2026,CDELC,A8721VB,Tangerang,Jabodetabek,,11.1,Customer via Hub,50,7.1,11.0,7,81668,367368,Jawa,TANGERANG,CDE LONG CHASSIS,Internal,JabodetabekTANGERANGCDE LONG CHASSIS,Dalam Kota,,,,1,REGULAR,34:45:00,,285700
260117S001,KLS,1/17/2026,CDELC,A8757VB,Jakarta Barat,Jabodetabek,Solar,13.99,Customer via Hub,45,1.68,11.0,8,123832,409532,Jawa,JAKARTA BARAT,CDE LONG CHASSIS,Internal,JabodetabekJAKARTA BARATCDE LONG CHASSIS,Dalam Kota,,,,1,REGULAR,12:12:00,,285700
260117S008,KLS,1/17/2026,CDELC,A8759VB,Jakarta Pusat,Jabodetabek,Solar,15.56,Customer via Hub,40,1.39,11.0,10,246777,532477,Jawa,JAKARTA PUSAT,CDE LONG CHASSIS,Internal,JabodetabekJAKARTA PUSATCDE LONG CHASSIS,Dalam Kota,,,,1,REGULAR,11:15:00,,285700
260117S005,KLS,1/17/2026,CDELC,A8912VB,Jakarta Utara,Jabodetabek,,,Customer via Hub,30,2.99,11.0,5,80000,345293,Jawa,JAKARTA UTARA,CDE LONG CHASSIS,Internal,JabodetabekJAKARTA UTARACDE LONG CHASSIS,Dalam Kota,,,,1,REGULAR,9:53:00,,265293
260117S009,KLS,1/17/2026,MVB,B9710SCE,Tangerang,Jabodetabek,,,Customer via Hub,35,2.11,5.0,8,120000,#N/A,Jawa,TANGERANG,MINI VAN BOX,Internal,JabodetabekTANGERANGMINI VAN BOX,Dalam Kota,,,,1,REGULAR,6:49:00,,#N/A
260119C003,KLS,1/19/2026,MVB,A8017VC,Jakarta Utara,Jabodetabek,Pertalite,15.78,Customer,13,1.31,5.0,4,267800,1068620,Jawa,JAKARTA UTARA,MINI VAN BOX,Internal,JabodetabekJAKARTA UTARAMINI VAN BOX,Dalam Kota,,,,1,REGULAR,7:49:00,515120,285700
260119C010,KLS,1/19/2026,CDELC,B9044BRO,Jakarta Utara,Jabodetabek,Solar,13.61,Customer,7,11.0,11.0,5,162548,848532,Jawa,JAKARTA UTARA,CDE LONG CHASSIS,Internal,JabodetabekJAKARTA UTARACDE LONG CHASSIS,Dalam Kota,,,,1,REGULAR,9:12:00,515120,170864
260119C017,KLS,1/19/2026,MVB,B9320SCE,Bekasi,Jabodetabek,Pertalite,7.07,Customer,8,5.0,5.0,4,83700,684960,Jawa,BEKASI,MINI VAN BOX,Internal,JabodetabekBEKASIMINI VAN BOX,Dalam Kota,,,,1,REGULAR,5:40:00,515120,86140
260119C018,KLS,1/19/2026,CDELC,A8159ZC,Bekasi,Jabodetabek,Solar,10.32,Customer,37,2.68,11.0,7,70176,768163,Jawa,BEKASI,CDE LONG CHASSIS,Internal,JabodetabekBEKASICDE LONG CHASSIS,Dalam Kota,,,,1,REGULAR,6:23:00,515120,182867
260119C015,KLS,1/19/2026,CDELC,A8505VC,Karawang,Jabodetabek,Solar,16.45,Customer,13,1.72,11.0,7,134360,#N/A,Jawa,KARAWANG,CDE LONG CHASSIS,Internal,JabodetabekKARAWANGCDE LONG CHASSIS,Dalam Kota,,,,1,REGULAR,7:40:00,515120,#N/A
260119C016,KLS,1/19/2026,CDELC,A8098ZH,Bekasi,Jabodetabek,Solar,12.2,Customer,14,1.68,11.0,9,82960,819247,Jawa,BEKASI,CDE LONG CHASSIS,Internal,JabodetabekBEKASICDE LONG CHASSIS,Dalam Kota,,,,1,REGULAR,6:42:00,515120,221167
260119C008,KLS,1/19/2026,MVB,A8304VC,Bekasi,Jabodetabek,Pertalite,13.81,Customer,7,5.0,5.0,5,112900,#N/A,Jawa,BEKASI,MINI VAN BOX,Internal,JabodetabekBEKASIMINI VAN BOX,Dalam Kota,,,,1,REGULAR,7:08:00,515120,#N/A
260119C025,KLS,1/19/2026,WINGBOX,B9068BEN,Serang,Banten,Solar,56.51,Customer,1,42.0,42.0,1,812768,1498752,Jawa,SERANG,WINGBOX,Internal,BantenSERANGWINGBOX,Dalam Kota,,,,1,REGULAR,13:00:00,515120,170864
260119C014,KLS,1/19/2026,CDELC,A8476VC,Karawang,Jabodetabek,Solar,13.38,Customer,15,11.0,11.0,7,144984,#N/A,Jawa,KARAWANG,CDE LONG CHASSIS,Internal,JabodetabekKARAWANGCDE LONG CHASSIS,Dalam Kota,,,,1,REGULAR,7:48:00,515120,#N/A
260119C007,KLS,1/19/2026,CDELC,A8520VC,Bogor,Jabodetabek,Solar,13.15,Customer,5,11.0,11.0,3,166920,#N/A,Jawa,BOGOR,CDE LONG CHASSIS,Internal,JabodetabekBOGORCDE LONG CHASSIS,Dalam Kota,,,,1,REGULAR,6:15:00,515120,#N/A
260119C011,KLS,1/19/2026,MVB,A8553VB,Jakarta Timur,Jabodetabek,Pertalite,12.61,Customer,5,1.66,5.0,4,169100,815620,Jawa,JAKARTA TIMUR,MINI VAN BOX,Internal,JabodetabekJAKARTA TIMURMINI VAN BOX,Dalam Kota,,,,1,REGULAR,6:37:00,515120,131400
260119C006,KLS,1/19/2026,MVB,B9642SCE,Depok,Jabodetabek,Pertalite,11.19,Customer,6,0.88,5.0,4,187400,537727,Jawa,DEPOK,MINI VAN BOX,Internal,JabodetabekDEPOKMINI VAN BOX,Dalam Kota,,,,1,REGULAR,6:08:00,257560,92767
260119C013,KLS,1/19/2026,MVB,A8504ZX,Purwakarta,Jawa Barat,Pertalite,23.52,Customer,3,5.0,5.0,2,438700,770360,Jawa,PURWAKARTA,MINI VAN BOX,Internal,Jawa BaratPURWAKARTAMINI VAN BOX,Dalam Kota,,,,1,REGULAR,8:15:00,257560,74100
260119C012,KLS,1/19/2026,CDELC,A8048ZX,Purwakarta,Jawa Barat,Solar,19.04,Customer,12,2.84,11.0,7,224972,634999,Jawa,PURWAKARTA,CDE LONG CHASSIS,Internal,Jawa BaratPURWAKARTACDE LONG CHASSIS,Dalam Kota,,,,1,REGULAR,8:32:00,257560,152467
260119C026,KLS,1/19/2026,MVB,A8983VB,Karawang,Jabodetabek,Pertalite,10.49,Customer,14,5.0,5.0,6,175400,564360,Jawa,KARAWANG,MINI VAN BOX,Internal,JabodetabekKARAWANGMINI VAN BOX,Dalam Kota,,,,1,REGULAR,5:57:00,257560,131400
260119H002,KLS,1/19/2026,CDELC,A8486VC,Jakarta Barat,Jabodetabek,Solar,15.8,HUB,7,8.0,8.0,1,183940,#N/A,Jawa,JAKARTA BARAT,CDE PICKUP,Internal,JabodetabekJAKARTA BARATCDE PICKUP,Dalam Kota,,,,1,REGULAR,7:03:00,257560,#N/A
260119L002,KLS,1/19/2026,CDDLC,A8976XY,Cirebon,Jawa Barat,Solar,52.55,Store,36,10.14,16.0,1,801500,1248027,Jawa,CIREBON,CDD LONG CHASSIS,Internal,Jawa BaratCIREBONCDD LONG CHASSIS,Luar Kota,,,,1,REGULAR,17:18:00,257560,188967
260119C028,KLS,1/19/2026,MVB,A8373VC,Bekasi,Jabodetabek,Pertalite,9.42,Customer,1,5.0,5.0,2,94200,#N/A,Jawa,BEKASI,MINI VAN BOX,Internal,JabodetabekBEKASIMINI VAN BOX,Dalam Kota,,,,1,REGULAR,4:30:00,257560,#N/A
260119C019,KLS,1/19/2026,CDDLC,A8961VB,Jakarta Utara,Jabodetabek,Solar,14.29,Customer,2,10.53,13.0,2,264672,834865,Jawa,JAKARTA UTARA,CDD PICK UP,Internal,JabodetabekJAKARTA UTARACDD PICK UP,Dalam Kota,,,,1,REGULAR,7:19:00,257560,312633
260119C020,KLS,1/19/2026,MOTOR,B5709BLU,Bekasi,Jabodetabek,Pertalite,1.02,Customer,5,0.14,0.14,5,10200,282810,Jawa,BEKASI,MOTOR BOX,Internal,JabodetabekBEKASIMOTOR BOX,Dalam Kota,,,,1,REGULAR,4:28:00,257560,15050
260119H001,KLS,1/19/2026,CDDLC,A8908XY,Jakarta Barat,Jabodetabek,Solar,17.56,HUB,109,10.93,16.0,2,201408,627688,Jawa,JAKARTA BARAT,CDD LONG CHASSIS,Internal,JabodetabekJAKARTA BARATCDD LONG CHASSIS,Dalam Kota,,,,1,REGULAR,7:10:00,257560,168720
260119C005,KLS,1/19/2026,CDELC,A8503ZX,Bogor,Jabodetabek,Solar,17.19,Customer,13,2.1,8.0,5,239392,649419,Jawa,BOGOR,CDE,Internal,JabodetabekBOGORCDE,Dalam Kota,,,,1,REGULAR,7:51:00,257560,152467
260119C027,KLS,1/19/2026,CDELC,A8002XW,Jakarta Barat,Jabodetabek,Solar,14.33,Customer,3,8.48,11.0,1,148444,558471,Jawa,JAKARTA BARAT,CDE LONG CHASSIS,Internal,JabodetabekJAKARTA BARATCDE LONG CHASSIS,Dalam Kota,,,,1,REGULAR,6:55:00,257560,152467
260119C004,KLS,1/19/2026,CDELC,A8432ZS,Bogor,Jabodetabek,Solar,20.76,Customer,4,11.0,11.0,3,259668,774278,Jawa,BOGOR,CDE LONG CHASSIS,Internal,JabodetabekBOGORCDE LONG CHASSIS,Dalam Kota,,,,1,REGULAR,7:06:00,257560,257050
260119S004,KLS,1/19/2026,MVB,A8437ZH,Tangerang,Jabodetabek,Pertalite,9.71,Customer via Hub,6,0.65,5.0,1,184100,294700,Jawa,TANGERANG,MINI VAN BOX,Internal,JabodetabekTANGERANGMINI VAN BOX,Dalam Kota,,,,1,REGULAR,8:23:00,,110600
260119S002,KLS,1/19/2026,CDELC,A8481ZH,Cilegon,Banten,,,Customer via Hub,14,11.0,11.0,3,236000,457167,Jawa,CILEGON,CDE LONG CHASSIS,Internal,BantenCILEGONCDE LONG CHASSIS,Dalam Kota,,,,1,REGULAR,7:30:00,,221167
260119S010,KLS,1/19/2026,CDELC,A8717VB,Jakarta Barat,Jabodetabek,Solar,11.77,Customer via Hub,6,11.0,11.0,1,131536,417236,Jawa,JAKARTA BARAT,CDE LONG CHASSIS,Internal,JabodetabekJAKARTA BARATCDE LONG CHASSIS,Dalam Kota,,,,1,REGULAR,6:56:00,,285700
260119S009,KLS,1/19/2026,CDELC,A8721VB,Jakarta Selatan,Jabodetabek,Solar,13.57,Customer via Hub,14,3.26,11.0,2,119276,404976,Jawa,JAKARTA SELATAN,CDE LONG CHASSIS,Internal,JabodetabekJAKARTA SELATANCDE LONG CHASSIS,Dalam Kota,,,,1,REGULAR,8:47:00,,285700
260119S007,KLS,1/19/2026,CDELC,A8757VB,Tangerang,Jabodetabek,Solar,12,Customer via Hub,8,1.87,11.0,4,90100,375800,Jawa,TANGERANG,CDE LONG CHASSIS,Internal,JabodetabekTANGERANGCDE LONG CHASSIS,Dalam Kota,,,,1,REGULAR,7:34:00,,285700
260119S011,KLS,1/19/2026,CDELC,A8759VB,Jakarta Pusat,Jabodetabek,Solar,16.55,Customer via Hub,9,11.0,11.0,3,156009,441709,Jawa,JAKARTA PUSAT,CDE LONG CHASSIS,Internal,JabodetabekJAKARTA PUSATCDE LONG CHASSIS,Dalam Kota,,,,1,REGULAR,7:44:00,,285700
260119S003,KLS,1/19/2026,CDELC,A8801XZ,Serang,Banten,Solar,69169,Customer via Hub,6,8.0,8.0,1,923028,1073761,Jawa,SERANG,CDE PICKUP,Internal,BantenSERANGCDE PICKUP,Dalam Kota,,,,1,REGULAR,10:23:00,,150733
260119S006,KLS,1/19/2026,CDELC,A8910VB,Tangerang,Jabodetabek,Solar,22.5,Customer via Hub,11,1.55,11.0,1,135,285835,Jawa,TANGERANG,CDE LONG CHASSIS,Internal,JabodetabekTANGERANGCDE LONG CHASSIS,Dalam Kota,,,,1,REGULAR,8:10:00,,285700
260119S005,KLS,1/19/2026,CDELC,A8912VB,Tangerang,Jabodetabek,Solar,9.84,Customer via Hub,7,1.88,11.0,1,66912,332205,Jawa,TANGERANG,CDE LONG CHASSIS,Internal,JabodetabekTANGERANGCDE LONG CHASSIS,Dalam Kota,,,,1,REGULAR,8:12:00,,265293
260119S008,KLS,1/19/2026,MVB,B9710SCE,Jakarta Selatan,Jabodetabek,Pertalite,8.31,Customer via Hub,6,5.0,5.0,2,127100,#N/A,Jawa,JAKARTA SELATAN,MINI VAN BOX,Internal,JabodetabekJAKARTA SELATANMINI VAN BOX,Dalam Kota,,,,1,REGULAR,7:35:00,,#N/A
260120C020,KLS,1/20/2026,CDDLC,B9190SDB,Jakarta Barat,Jabodetabek,Solar,28.21,Customer,1,8.22,13.0,1,325828,1037181,Jawa,JAKARTA BARAT,CDD PICK UP,Internal,JabodetabekJAKARTA BARATCDD PICK UP,Dalam Kota,,,,1,REGULAR,11:45:00,515120,196233
260120C008,KLS,1/20/2026,CDELC,A8505VC,Karawang,Jabodetabek,Solar,13.51,Customer,20,11.0,11.0,12,108368,#N/A,Jawa,KARAWANG,CDE LONG CHASSIS,Internal,JabodetabekKARAWANGCDE LONG CHASSIS,Dalam Kota,,,,1,REGULAR,8:12:00,515120,#N/A
260120C004,KLS,1/20/2026,MVB,A8373VC,Depok,Jabodetabek,Pertalite,12.23,Customer,17,1.17,5.0,7,202800,#N/A,Jawa,DEPOK,MINI VAN BOX,Internal,JabodetabekDEPOKMINI VAN BOX,Dalam Kota,,,,1,REGULAR,6:57:00,515120,#N/A
260120C010,KLS,1/20/2026,CDELC,A8503ZX,Bekasi,Jabodetabek,Solar,8.55,Customer,7,8.0,8.0,6,58140,725727,Jawa,BEKASI,CDE,Internal,JabodetabekBEKASICDE,Dalam Kota,,,,1,REGULAR,6:23:00,515120,152467
260120C013,KLS,1/20/2026,CDELC,A8520VC,Bekasi,Jabodetabek,Solar,11.93,Customer,5,1.37,11.0,4,107124,#N/A,Jawa,BEKASI,CDE LONG CHASSIS,Internal,JabodetabekBEKASICDE LONG CHASSIS,Dalam Kota,,,,1,REGULAR,6:43:00,515120,#N/A
260120L005,KLS,1/20/2026,CDDLC,A8288YX,Tegal,Jawa Tengah,,,Store,70,9.92,16.0,1,1815000,3643810,Jawa,TEGAL,CDD LONG CHASSIS,Internal,Jawa TengahTEGALCDD LONG CHASSIS,Luar Kota,,,,1,REGULAR,34:41:00,1545360,283450
260120C016,KLS,1/20/2026,CDELC,B9044BRO,Jakarta Utara,Jabodetabek,Solar,17.2,Customer,9,7.2,11.0,7,213960,899944,Jawa,JAKARTA UTARA,CDE LONG CHASSIS,Internal,JabodetabekJAKARTA UTARACDE LONG CHASSIS,Dalam Kota,,,,1,REGULAR,8:18:00,515120,170864
260120L002,KLS,1/20/2026,CDDLC,A8908XY,Bandung,Jawa Barat,,,Store,41,7.23,16.0,1,,683840,Jawa,BANDUNG,CDD LONG CHASSIS,Internal,Jawa BaratBANDUNGCDD LONG CHASSIS,Luar Kota,,,,1,REGULAR,-1105014:06:00,515120,168720
260120C022,KLS,1/20/2026,CDELC,A8476VC,Karawang,Jabodetabek,Solar,12.55,Customer,6,11.0,11.0,6,139340,#N/A,Jawa,KARAWANG,CDE LONG CHASSIS,Internal,JabodetabekKARAWANGCDE LONG CHASSIS,Dalam Kota,,,,1,REGULAR,6:44:00,515120,#N/A
260120C011,KLS,1/20/2026,CDELC,A8159ZC,Bekasi,Jabodetabek,Solar,5.6,Customer,10,3.28,11.0,6,38080,736067,Jawa,BEKASI,CDE LONG CHASSIS,Internal,JabodetabekBEKASICDE LONG CHASSIS,Dalam Kota,,,,1,REGULAR,6:02:00,515120,182867
260120C014,KLS,1/20/2026,MVB,A8304VC,Bekasi,Jabodetabek,Pertalite,4.33,Customer,5,5.0,5.0,1,43300,#N/A,Jawa,BEKASI,MINI VAN BOX,Internal,JabodetabekBEKASIMINI VAN BOX,Dalam Kota,,,,1,REGULAR,3:19:00,515120,#N/A
260120C015,KLS,1/20/2026,MVB,A8553VB,Jakarta Timur,Jabodetabek,Pertalite,9.13,Customer,5,2.83,5.0,4,144300,790820,Jawa,JAKARTA TIMUR,MINI VAN BOX,Internal,JabodetabekJAKARTA TIMURMINI VAN BOX,Dalam Kota,,,,1,REGULAR,5:55:00,515120,131400
260120C002,KLS,1/20/2026,CDELC,A8432ZS,Bogor,Jabodetabek,Solar,19.17,Customer,12,6.06,11.0,5,205356,977526,Jawa,BOGOR,CDE LONG CHASSIS,Internal,JabodetabekBOGORCDE LONG CHASSIS,Dalam Kota,,,,1,REGULAR,8:22:00,515120,257050
260120C007,KLS,1/20/2026,CDELC,A8098ZH,Purwakarta,Jawa Barat,Solar,24.2,Customer,19,1.13,11.0,5,249560,985847,Jawa,PURWAKARTA,CDE LONG CHASSIS,Internal,Jawa BaratPURWAKARTACDE LONG CHASSIS,Dalam Kota,,,,1,REGULAR,11:39:00,515120,221167
260120C005,KLS,1/20/2026,MVB,A8017VC,Subang,Jawa Barat,Pertalite,17.16,Customer,2,5.0,5.0,2,344100,887360,Jawa,SUBANG,MINI VAN BOX,Internal,Jawa BaratSUBANGMINI VAN BOX,DALAM KOTA,,,,1,REGULAR,6:42:00,257560,285700
260120H001,KLS,1/20/2026,CDDLC,A8288YX,Jakarta Barat,Jabodetabek,Solar,17.11,HUB,95,5.65,16.0,1,198348,550391,Jawa,JAKARTA BARAT,CDD LONG CHASSIS,Internal,JabodetabekJAKARTA BARATCDD LONG CHASSIS,Dalam Kota,,,,1,REGULAR,7:41:00,257560,94483
260120C012,KLS,1/20/2026,MVB,A8983VB,Bekasi,Jabodetabek,Pertalite,9.66,Customer,18,0.91,5.0,8,166600,555560,Jawa,BEKASI,MINI VAN BOX,Internal,JabodetabekBEKASIMINI VAN BOX,Dalam Kota,,,,1,REGULAR,7:34:00,257560,131400
260120C003,KLS,1/20/2026,MVB,B9642SCE,Bogor,Jabodetabek,Pertalite,9.49,Customer,3,4.6,5.0,3,145400,495727,Jawa,BOGOR,MINI VAN BOX,Internal,JabodetabekBOGORMINI VAN BOX,Dalam Kota,,,,1,REGULAR,5:55:00,257560,92767
260120C009,KLS,1/20/2026,MVB,A8504ZX,Bekasi,Jabodetabek,Pertalite,5.96,Customer,7,0.53,5.0,3,64600,396260,Jawa,BEKASI,MINI VAN BOX,Internal,JabodetabekBEKASIMINI VAN BOX,Dalam Kota,,,,1,REGULAR,6:31:00,257560,74100
260120L001,KLS,1/20/2026,PICKUP,A8339ZS,Sukabumi,Jawa Barat,Pertalite,28.02,Store,21,1.37,3.0,1,364536,887696,Jawa,SUKABUMI,PICKUP,Internal,Jawa BaratSUKABUMIPICKUP,Luar Kota,,,,1,REGULAR,8:34:00,257560,265600
260120C027,KLS,1/20/2026,MVB,B9320SCE,Karawang,Jabodetabek,Pertalite,8.57,Customer,1,5.0,5.0,1,139700,483400,Jawa,KARAWANG,MINI VAN BOX,Internal,JabodetabekKARAWANGMINI VAN BOX,Dalam Kota,,,,1,REGULAR,3:45:00,257560,86140
260120C024,KLS,1/20/2026,PICKUP,A8721ZV,Bekasi,Jabodetabek,Pertalite,6.76,Customer,2,3.0,3.0,2,67600,430993,Jawa,BEKASI,PICKUP,Internal,JabodetabekBEKASIPICKUP,Dalam Kota,,,,1,REGULAR,2:58:00,257560,105833
260120C028,KLS,1/20/2026,CDELC,A8048ZX,Jakarta Barat,Jabodetabek,Solar,23.32,Customer,9,6.12,11.0,1,231076,641103,Jawa,JAKARTA BARAT,CDE LONG CHASSIS,Internal,JabodetabekJAKARTA BARATCDE LONG CHASSIS,Dalam Kota,,,,1,REGULAR,10:00:00,257560,152467
260120C017,KLS,1/20/2026,CDDLC,A8961VB,Jakarta Utara,Jabodetabek,Solar,12.84,Customer,2,3.83,13.0,3,225312,795505,Jawa,JAKARTA UTARA,CDD PICK UP,Internal,JabodetabekJAKARTA UTARACDD PICK UP,Dalam Kota,,,,1,REGULAR,12:03:00,257560,312633
260120C006,KLS,1/20/2026,CDELC,A8002XW,Karawang,Jabodetabek,Solar,17.68,Customer,23,2.78,11.0,5,200724,610751,Jawa,KARAWANG,CDE LONG CHASSIS,Internal,JabodetabekKARAWANGCDE LONG CHASSIS,Dalam Kota,,,,1,REGULAR,7:20:00,257560,152467
260120C021,KLS,1/20/2026,MOTOR,B5709BLU,Bekasi,Jabodetabek,Pertalite,1,Customer,6,0.14,0.14,6,13000,285610,Jawa,BEKASI,MOTOR BOX,Internal,JabodetabekBEKASIMOTOR BOX,Dalam Kota,,,,1,REGULAR,8:15:00,257560,15050
260120C026,KLS,1/20/2026,CDELC,A8486VC,Jakarta Utara,Jabodetabek,Solar,23.13,Customer,2,8.0,8.0,2,366784,#N/A,Jawa,JAKARTA UTARA,CDE PICKUP,Internal,JabodetabekJAKARTA UTARACDE PICKUP,Dalam Kota,,,,1,REGULAR,9:13:00,257560,#N/A
260120S008,KLS,1/20/2026,CDELC,A8020VC,Jakarta Barat,Jabodetabek,Solar,8.1,Customer via Hub,9,11.0,11.0,3,90080,375780,Jawa,JAKARTA BARAT,CDE LONG CHASSIS,Internal,JabodetabekJAKARTA BARATCDE LONG CHASSIS,Dalam Kota,,,,1,REGULAR,6:48:00,,285700
260120S002,KLS,1/20/2026,CDELC,A8481ZH,Cilegon,Banten,Solar,23.53,Customer via Hub,15,3.38,11.0,6,300004,521171,Jawa,CILEGON,CDE LONG CHASSIS,Internal,BantenCILEGONCDE LONG CHASSIS,Dalam Kota,,,,1,REGULAR,11:10:00,,221167
260120S010,KLS,1/20/2026,CDELC,A8717VB,Jakarta Utara,Jabodetabek,Solar,10.75,Customer via Hub,13,11.0,11.0,5,123600,409300,Jawa,JAKARTA UTARA,CDE LONG CHASSIS,Internal,JabodetabekJAKARTA UTARACDE LONG CHASSIS,Dalam Kota,,,,1,REGULAR,7:03:00,,285700
260120S003,KLS,1/20/2026,CDELC,A8721VB,Serang,Banten,Solar,15.46,Customer via Hub,10,1.36,11.0,4,183628,469328,Jawa,SERANG,CDE LONG CHASSIS,Internal,BantenSERANGCDE LONG CHASSIS,Dalam Kota,,,,1,REGULAR,6:38:00,,285700
260120S009,KLS,1/20/2026,CDELC,A8757VB,Tangerang,Jabodetabek,Solar,11.62,Customer via Hub,11,11.0,11.0,4,96016,381716,Jawa,TANGERANG,CDE LONG CHASSIS,Internal,JabodetabekTANGERANGCDE LONG CHASSIS,Dalam Kota,,,,1,REGULAR,7:14:00,,285700
260120S005,KLS,1/20/2026,CDELC,A8759VB,Tangerang,Jabodetabek,Solar,13.98,Customer via Hub,8,11.0,11.0,3,140064,425764,Jawa,TANGERANG,CDE LONG CHASSIS,Internal,JabodetabekTANGERANGCDE LONG CHASSIS,Dalam Kota,,,,1,REGULAR,5:30:00,,285700
260120S012,KLS,1/20/2026,CDELC,A8801XZ,Tangerang,Jabodetabek,Solar,14.72,Customer via Hub,4,8.0,8.0,3,100096,250829,Jawa,TANGERANG,CDE PICKUP,Internal,JabodetabekTANGERANGCDE PICKUP,Dalam Kota,,,,1,REGULAR,5:52:00,,150733
260120S007,KLS,1/20/2026,CDELC,A8910VB,Jakarta Pusat,Jabodetabek,Solar,12.79,Customer via Hub,9,11.0,11.0,4,181972,467672,Jawa,JAKARTA PUSAT,CDE LONG CHASSIS,Internal,JabodetabekJAKARTA PUSATCDE LONG CHASSIS,Dalam Kota,,,,1,REGULAR,6:30:00,,285700
260120S004,KLS,1/20/2026,CDELC,A8912VB,Tangerang,Jabodetabek,,,Customer via Hub,5,11.0,11.0,3,40000,305293,Jawa,TANGERANG,CDE LONG CHASSIS,Internal,JabodetabekTANGERANGCDE LONG CHASSIS,Dalam Kota,,,,1,REGULAR,6:50:00,,265293
260120S006,KLS,1/20/2026,MVB,B9710SCE,Jakarta Selatan,Jabodetabek,Pertalite,6.9,Customer via Hub,6,5.0,5.0,4,120000,#N/A,Jawa,JAKARTA SELATAN,MINI VAN BOX,Internal,JabodetabekJAKARTA SELATANMINI VAN BOX,Dalam Kota,,,,1,REGULAR,6:08:00,,#N/A
260121C014,KLS,1/21/2026,CDELC,A8432ZS,Bekasi,Jabodetabek,Solar,11.61,Customer,11,2.8,11.0,8,78948,851118,Jawa,BEKASI,CDE LONG CHASSIS,Internal,JabodetabekBEKASICDE LONG CHASSIS,Dalam Kota,,,,1,REGULAR,6:34:00,515120,257050
260121C004,KLS,1/21/2026,CDELC,A8503ZX,Bogor,Jabodetabek,Solar,14.76,Customer,7,3.55,8.0,6,187368,854955,Jawa,BOGOR,CDE,Internal,JabodetabekBOGORCDE,Dalam Kota,,,,1,REGULAR,7:01:00,515120,152467
260121C007,KLS,1/21/2026,CDELC,A8520VC,Bekasi,Jabodetabek,Solar,11.84,Customer,7,1.95,11.0,4,107512,#N/A,Jawa,BEKASI,CDE LONG CHASSIS,Internal,JabodetabekBEKASICDE LONG CHASSIS,Dalam Kota,,,,1,REGULAR,7:23:00,515120,#N/A
260121C015,KLS,1/21/2026,CDELC,A8486VC,Bekasi,Jabodetabek,Solar,12.16,Customer,5,0.86,8.0,4,92688,#N/A,Jawa,BEKASI,CDE PICKUP,Internal,JabodetabekBEKASICDE PICKUP,Dalam Kota,,,,1,REGULAR,7:00:00,515120,#N/A
260121C008,KLS,1/21/2026,CDELC,A8002XW,Jakarta Timur,Jabodetabek,Solar,14.31,Customer,8,2.6,11.0,8,140308,807895,Jawa,JAKARTA TIMUR,CDE LONG CHASSIS,Internal,JabodetabekJAKARTA TIMURCDE LONG CHASSIS,Dalam Kota,,,,1,REGULAR,7:11:00,515120,152467
260121C013,KLS,1/21/2026,CDELC,A8159ZC,Bekasi,Jabodetabek,Solar,4.62,Customer,20,3.29,11.0,5,31416,729403,Jawa,BEKASI,CDE LONG CHASSIS,Internal,JabodetabekBEKASICDE LONG CHASSIS,Dalam Kota,,,,1,REGULAR,5:39:00,515120,182867
260121C010,KLS,1/21/2026,CDELC,A8505VC,Karawang,Jabodetabek,Solar,16.68,Customer,24,11.0,11.0,10,129924,#N/A,Jawa,KARAWANG,CDE LONG CHASSIS,Internal,JabodetabekKARAWANGCDE LONG CHASSIS,Dalam Kota,,,,1,REGULAR,7:45:00,515120,#N/A
260121C023,KLS,1/21/2026,MVB,B9320SCE,Bekasi,Jabodetabek,Pertalite,8.7,Customer,7,5.0,5.0,6,135500,479200,Jawa,BEKASI,MINI VAN BOX,Internal,JabodetabekBEKASIMINI VAN BOX,Dalam Kota,,,,1,REGULAR,5:40:00,257560,86140
260121C022,KLS,1/21/2026,CDDLC,B9190SDB,Jakarta Utara,Jabodetabek,Solar,11.08,Customer,1,13.0,13.0,1,148344,602137,Jawa,JAKARTA UTARA,CDD PICK UP,Internal,JabodetabekJAKARTA UTARACDD PICK UP,Dalam Kota,,,,1,REGULAR,4:45:00,257560,196233
260121C021,KLS,1/21/2026,CDDLC,A8976XY,Jakarta Barat,Jabodetabek,Solar,15.84,Customer,1,16.0,16.0,1,185712,632239,Jawa,JAKARTA BARAT,CDD LONG CHASSIS,Internal,JabodetabekJAKARTA BARATCDD LONG CHASSIS,Dalam Kota,,,,1,REGULAR,8:58:00,257560,188967
260121C019,KLS,1/21/2026,MVB,A8983VB,Bekasi,Jabodetabek,Pertalite,8.55,Customer,12,5.0,5.0,5,132500,521460,Jawa,BEKASI,MINI VAN BOX,Internal,JabodetabekBEKASIMINI VAN BOX,Dalam Kota,,,,1,REGULAR,8:10:00,257560,131400
260121C024,KLS,1/21/2026,CDELC,A8339ZS,Cilegon,Banten,Solar,35.98,Customer,1,2.29,8.0,1,581664,1104824,Jawa,CILEGON,CDE PICKUP,Internal,BantenCILEGONCDE PICKUP,Dalam Kota,,,,1,REGULAR,10:26:00,257560,265600
260121C003,KLS,1/21/2026,MVB,B9642SCE,Depok,Jabodetabek,Pertalite,16.31,Customer,14,1.45,5.0,3,263100,613427,Jawa,DEPOK,MINI VAN BOX,Internal,JabodetabekDEPOKMINI VAN BOX,Dalam Kota,,,,1,REGULAR,7:10:00,257560,92767
260121C002,KLS,1/21/2026,CDDLC,A8961VB,Jakarta Utara,Jabodetabek,Solar,17.61,Customer,2,13.0,13.0,2,250748,820941,Jawa,JAKARTA UTARA,CDD PICK UP,Internal,JabodetabekJAKARTA UTARACDD PICK UP,Dalam Kota,,,,1,REGULAR,9:24:00,257560,312633
260121C011,KLS,1/21/2026,MVB,A8504ZX,Karawang,Jabodetabek,Pertalite,8.37,Customer,5,5.0,5.0,4,137700,469360,Jawa,KARAWANG,MINI VAN BOX,Internal,JabodetabekKARAWANGMINI VAN BOX,Dalam Kota,,,,1,REGULAR,6:46:00,257560,74100
260121H001,KLS,1/21/2026,CDDLC,A8908XY,Jakarta Barat,Jabodetabek,Solar,17.11,HUB,103,16.0,16.0,1,194348,620628,Jawa,JAKARTA BARAT,CDD LONG CHASSIS,Internal,JabodetabekJAKARTA BARATCDD LONG CHASSIS,Dalam Kota,,,,1,REGULAR,7:22:00,257560,168720
260121C006,KLS,1/21/2026,MVB,A8017VC,Jakarta Utara,Jabodetabek,Pertalite,8.5,Customer,3,5.0,5.0,1,138000,681260,Jawa,JAKARTA UTARA,MINI VAN BOX,Internal,JabodetabekJAKARTA UTARAMINI VAN BOX,Dalam Kota,,,,1,REGULAR,5:43:00,257560,285700
260121C018,KLS,1/21/2026,MVB,A8304VC,Bogor,Jabodetabek,Pertalite,14.66,Customer,10,2.95,5.0,6,205100,#N/A,Jawa,BOGOR,MINI VAN BOX,Internal,JabodetabekBOGORMINI VAN BOX,Dalam Kota,,,,1,REGULAR,7:26:00,257560,#N/A
260121C005,KLS,1/21/2026,CDELC,B9044BRO,Jakarta Utara,Jabodetabek,Solar,16.86,Customer,8,11.0,11.0,5,187648,616072,Jawa,JAKARTA UTARA,CDE LONG CHASSIS,Internal,JabodetabekJAKARTA UTARACDE LONG CHASSIS,Dalam Kota,,,,1,REGULAR,7:12:00,257560,170864
260121C017,KLS,1/21/2026,MOTOR,B5709BLU,Bekasi,Jabodetabek,Pertalite,1,Customer,7,0.14,0.14,5,10000,282610,Jawa,BEKASI,MOTOR BOX,Internal,JabodetabekBEKASIMOTOR BOX,Dalam Kota,,,,1,REGULAR,6:13:00,257560,15050
260121C012,KLS,1/21/2026,CDELC,A8098ZH,Karawang,Jabodetabek,Solar,17.12,Customer,24,1.45,11.0,9,201916,938203,Jawa,KARAWANG,CDE LONG CHASSIS,Internal,JabodetabekKARAWANGCDE LONG CHASSIS,Dalam Kota,,,,1,REGULAR,7:58:00,515120,221167
260121C016,KLS,1/21/2026,MVB,A8373VC,Jakarta Timur,Jabodetabek,Pertalite,11.55,Customer,5,1.41,5.0,2,151500,#N/A,Jawa,JAKARTA TIMUR,MINI VAN BOX,Internal,JabodetabekJAKARTA TIMURMINI VAN BOX,Dalam Kota,,,,1,REGULAR,7:11:00,515120,#N/A
260121C025,KLS,1/21/2026,MVB,A8553VB,Bekasi,Jabodetabek,Pertalite,6.1,Customer,5,5.0,5.0,3,61000,707520,Jawa,BEKASI,MINI VAN BOX,Internal,JabodetabekBEKASIMINI VAN BOX,Dalam Kota,,,,1,REGULAR,3:59:00,515120,131400
260121C009,KLS,1/21/2026,CDELC,A8476VC,Purwakarta,Jawa Barat,Solar,24.73,Customer,11,11.0,11.0,5,246664,#N/A,Jawa,PURWAKARTA,CDE LONG CHASSIS,Internal,Jawa BaratPURWAKARTACDE LONG CHASSIS,Dalam Kota,,,,1,REGULAR,10:35:00,515120,#N/A
260121S010,KLS,1/21/2026,MVB,A8437ZH,Tangerang,Jabodetabek,Pertalite,10766.67,Customer via Hub,8,1.57,5.0,4,166900,277500,Jawa,TANGERANG,MINI VAN BOX,Internal,JabodetabekTANGERANGMINI VAN BOX,Dalam Kota,,,,1,REGULAR,8:43:00,,110600
260121S006,KLS,1/21/2026,CDELC,A8481ZH,Cilegon,Banten,Solar,25,Customer via Hub,20,8.07,11.0,5,310000,531167,Jawa,CILEGON,CDE LONG CHASSIS,Internal,BantenCILEGONCDE LONG CHASSIS,Dalam Kota,,,,1,REGULAR,10:02:00,,221167
260121S004,KLS,1/21/2026,CDELC,A8717VB,Jakarta Barat,Jabodetabek,Solar,7162.67,Customer via Hub,9,2.78,11.0,1,158452,444152,Jawa,JAKARTA BARAT,CDE LONG CHASSIS,Internal,JabodetabekJAKARTA BARATCDE LONG CHASSIS,Dalam Kota,,,,1,REGULAR,7:59:00,,285700
260121S008,KLS,1/21/2026,CDELC,A8757VB,Tangerang,Jabodetabek,Solar,15.58,Customer via Hub,11,3.82,11.0,4,148444,434144,Jawa,TANGERANG,CDE LONG CHASSIS,Internal,JabodetabekTANGERANGCDE LONG CHASSIS,Dalam Kota,,,,1,REGULAR,8:50:00,,285700
260121S002,KLS,1/21/2026,CDELC,A8759VB,Jakarta Pusat,Jabodetabek,Solar,15.28,Customer via Hub,13,1.74,11.0,2,160424,446124,Jawa,JAKARTA PUSAT,CDE LONG CHASSIS,Internal,JabodetabekJAKARTA PUSATCDE LONG CHASSIS,Dalam Kota,,,,1,REGULAR,7:43:00,,285700
260121S003,KLS,1/21/2026,CDELC,A8910VB,Tangerang,Jabodetabek,Solar,10.77,Customer via Hub,10,1.23,11.0,6,73236,358936,Jawa,TANGERANG,CDE LONG CHASSIS,Internal,JabodetabekTANGERANGCDE LONG CHASSIS,Dalam Kota,,,,1,REGULAR,6:10:00,,285700
260121S005,KLS,1/21/2026,CDELC,A8912VB,Tangerang,Jabodetabek,Solar,12.5,Customer via Hub,13,3.75,11.0,1,135000,400293,Jawa,TANGERANG,CDE LONG CHASSIS,Internal,JabodetabekTANGERANGCDE LONG CHASSIS,Dalam Kota,,,,1,REGULAR,6:39:00,,265293
260121S009,KLS,1/21/2026,MVB,B9710SCE,Jakarta Selatan,Jabodetabek,Pertalite,9.6,Customer via Hub,5,0.61,5.0,2,168000,#N/A,Jawa,JAKARTA SELATAN,MINI VAN BOX,Internal,JabodetabekJAKARTA SELATANMINI VAN BOX,Dalam Kota,,,,1,REGULAR,6:10:00,,#N/A
260121S007,KLS,1/21/2026,MVB,B9746SCE,Serang,Banten,Pertalite,15.65,Customer via Hub,8,0.8,5.0,2,230000,#N/A,Jawa,SERANG,MINI VAN BOX,Internal,BantenSERANGMINI VAN BOX,Dalam Kota,,,,1,REGULAR,8:08:00,,#N/A
260122C028,KLS,1/22/2026,CDDLC,A8961VB,Bekasi,Jabodetabek,Solar,16.23,Customer,8,13.0,13.0,9,124364,952117,Jawa,BEKASI,CDD PICK UP,Internal,JabodetabekBEKASICDD PICK UP,Dalam Kota,,,,1,REGULAR,10:54:00,515120,312633
260122C014,KLS,1/22/2026,CDELC,A8002XW,Jakarta Timur,Jabodetabek,Solar,13.4,Customer,6,2.52,11.0,6,145108,812695,Jawa,JAKARTA TIMUR,CDE LONG CHASSIS,Internal,JabodetabekJAKARTA TIMURCDE LONG CHASSIS,Dalam Kota,,,,1,REGULAR,8:18:00,515120,152467
260122C021,KLS,1/22/2026,CDDLC,B9190SDB,Bekasi,Jabodetabek,Solar,15.58,Customer,18,1.38,13.0,9,112944,824297,Jawa,BEKASI,CDD PICK UP,Internal,JabodetabekBEKASICDD PICK UP,Dalam Kota,,,,1,REGULAR,9:25:00,515120,196233
260122C020,KLS,1/22/2026,CDELC,A8476VC,Karawang,Jabodetabek,Solar,19.17,Customer,14,11.0,11.0,9,165356,#N/A,Jawa,KARAWANG,CDE LONG CHASSIS,Internal,JabodetabekKARAWANGCDE LONG CHASSIS,Dalam Kota,,,,1,REGULAR,11:17:00,515120,#N/A
260122C006,KLS,1/22/2026,CDELC,A8432ZS,Bogor,Jabodetabek,Solar,23.84,Customer,6,11.0,11.0,5,323112,1095282,Jawa,BOGOR,CDE LONG CHASSIS,Internal,JabodetabekBOGORCDE LONG CHASSIS,Dalam Kota,,,,1,REGULAR,9:10:00,515120,257050
260122C015,KLS,1/22/2026,CDELC,A8159ZC,Bekasi,Jabodetabek,Solar,19.54,Customer,26,3.09,11.0,14,178372,876359,Jawa,BEKASI,CDE LONG CHASSIS,Internal,JabodetabekBEKASICDE LONG CHASSIS,Dalam Kota,,,,1,REGULAR,11:40:00,515120,182867
260122L001,KLS,1/22/2026,PICKUP,A8339ZS,Sukabumi,Jawa Barat,Pertalite,28.74,Store,20,1.4,3.0,1,434432,1215152,Jawa,SUKABUMI,PICKUP,Internal,Jawa BaratSUKABUMIPICKUP,Luar Kota,,,,1,REGULAR,11:37:00,515120,265600
260122C010,KLS,1/22/2026,CDELC,B9044BRO,Jakarta Utara,Jabodetabek,Solar,21.14,Customer,24,2.25,11.0,8,268752,954736,Jawa,JAKARTA UTARA,CDE LONG CHASSIS,Internal,JabodetabekJAKARTA UTARACDE LONG CHASSIS,Dalam Kota,,,,1,REGULAR,12:52:00,515120,170864
260122C003,KLS,1/22/2026,CDELC,A8520VC,Bekasi,Jabodetabek,Solar,11.87,Customer,16,11.0,11.0,4,123216,#N/A,Jawa,BEKASI,CDE LONG CHASSIS,Internal,JabodetabekBEKASICDE LONG CHASSIS,Dalam Kota,,,,1,REGULAR,8:14:00,515120,#N/A
260122C019,KLS,1/22/2026,MVB,B9642SCE,Subang,Jawa Barat,Pertalite,16.79,Customer,3,5.0,5.0,3,339900,690227,Jawa,SUBANG,MINI VAN BOX,Internal,Jawa BaratSUBANGMINI VAN BOX,DALAM KOTA,,,,1,REGULAR,6:44:00,257560,92767
260122C004,KLS,1/22/2026,MVB,A8553VB,Jakarta Timur,Jabodetabek,Pertalite,11.04,Customer,15,0.57,5.0,5,150400,539360,Jawa,JAKARTA TIMUR,MINI VAN BOX,Internal,JabodetabekJAKARTA TIMURMINI VAN BOX,Dalam Kota,,,,1,REGULAR,8:42:00,257560,131400
260122C002,KLS,1/22/2026,PICKUP,A8721ZV,Jakarta Utara,Jabodetabek,Pertalite,18.78,Customer,3,0.79,3.0,2,290800,654193,Jawa,JAKARTA UTARA,PICKUP,Internal,JabodetabekJAKARTA UTARAPICKUP,Dalam Kota,,,,1,REGULAR,54:58:00,257560,105833
260122C009,KLS,1/22/2026,MVB,A8373VC,Jakarta Timur,Jabodetabek,Pertalite,13.37,Customer,16,1.02,5.0,8,219700,#N/A,Jawa,JAKARTA TIMUR,MINI VAN BOX,Internal,JabodetabekJAKARTA TIMURMINI VAN BOX,Dalam Kota,,,,1,REGULAR,11:13:00,257560,#N/A
260122C025,KLS,1/22/2026,MOTOR,B5709BLU,Bekasi,Jabodetabek,Pertalite,1.3,Customer,12,0.14,0.14,8,13000,285610,Jawa,BEKASI,MOTOR BOX,Internal,JabodetabekBEKASIMOTOR BOX,Dalam Kota,,,,1,REGULAR,8:14:00,257560,15050
260122C017,KLS,1/22/2026,MVB,A8504ZX,Purwakarta,Jawa Barat,Pertalite,18.47,Customer,9,5.0,5.0,5,218900,550560,Jawa,PURWAKARTA,MINI VAN BOX,Internal,Jawa BaratPURWAKARTAMINI VAN BOX,Dalam Kota,,,,1,REGULAR,11:56:00,257560,74100
260122C007,KLS,1/22/2026,CDELC,A8503ZX,Bogor,Jabodetabek,Solar,18.07,Customer,23,7.51,8.0,9,234876,644903,Jawa,BOGOR,CDE,Internal,JabodetabekBOGORCDE,Dalam Kota,,,,1,REGULAR,9:46:00,257560,152467
260122L002,KLS,1/22/2026,CDDLC,A8908XY,Bandung,Jawa Barat,,,Store,86,10.81,16.0,1,807000,1233280,Jawa,BANDUNG,CDD LONG CHASSIS,Internal,Jawa BaratBANDUNGCDD LONG CHASSIS,Luar Kota,,,,1,REGULAR,11:31:00,257560,168720
260122C030,KLS,1/22/2026,CDDLC,A8288YX,Karawang,Jabodetabek,Solar,19.25,Customer,2,16.0,16.0,2,228900,675427,Jawa,KARAWANG,CDD LONG CHASSIS,Internal,JabodetabekKARAWANGCDD LONG CHASSIS,Dalam Kota,,,,1,REGULAR,8:28:00,257560,188967
260122C029,KLS,1/22/2026,CDELC,A8048ZX,Karawang,Jabodetabek,Solar,14.46,Customer,4,11.0,11.0,3,168828,578855,Jawa,KARAWANG,CDE LONG CHASSIS,Internal,JabodetabekKARAWANGCDE LONG CHASSIS,Dalam Kota,,,,1,REGULAR,7:35:00,257560,152467
260122C005,KLS,1/22/2026,MVB,A8304VC,Bogor,Jabodetabek,Pertalite,13.51,Customer,26,1.16,5.0,6,273600,#N/A,Jawa,BOGOR,MINI VAN BOX,Internal,JabodetabekBOGORMINI VAN BOX,Dalam Kota,,,,1,REGULAR,8:18:00,257560,#N/A
260122C018,KLS,1/22/2026,CDELC,A8505VC,Karawang,Jabodetabek,Solar,17.91,Customer,18,11.0,11.0,9,138288,#N/A,Jawa,KARAWANG,CDE LONG CHASSIS,Internal,JabodetabekKARAWANGCDE LONG CHASSIS,Dalam Kota,,,,1,REGULAR,11:07:00,257560,#N/A
260122H001,KLS,1/22/2026,WINGBOX,B9068BEN,Jakarta Barat,Jabodetabek,Solar,32.13,HUB,342,18.44,42.0,2,300484,728908,Jawa,JAKARTA BARAT,WINGBOX,Internal,JabodetabekJAKARTA BARATWINGBOX,Dalam Kota,,,,1,REGULAR,-1:06:00,257560,170864
260122C013,KLS,1/22/2026,MVB,B9320SCE,Karawang,Jabodetabek,Pertalite,14.71,Customer,28,1.44,5.0,10,235600,579300,Jawa,KARAWANG,MINI VAN BOX,Internal,JabodetabekKARAWANGMINI VAN BOX,Dalam Kota,,,,1,REGULAR,9:32:00,257560,86140
260122C012,KLS,1/22/2026,MVB,A8017VC,Jakarta Utara,Jabodetabek,Pertalite,12.23,Customer,2,5.0,5.0,3,200300,743560,Jawa,JAKARTA UTARA,MINI VAN BOX,Internal,JabodetabekJAKARTA UTARAMINI VAN BOX,Dalam Kota,,,,1,REGULAR,11:49:00,257560,285700
260122C024,KLS,1/22/2026,MVB,A8876ZX,Bekasi,Jabodetabek,Pertalite,7.9,Customer,10,5.0,5.0,8,84000,403636,Jawa,BEKASI,MINI VAN BOX,Internal,JabodetabekBEKASIMINI VAN BOX,Dalam Kota,,,,1,REGULAR,7:25:00,257560,62076
260122C027,KLS,1/22/2026,CDDLC,A8976XY,Jakarta Utara,Jabodetabek,Solar,30.38,Customer,3,10.93,16.0,1,455084,901611,Jawa,JAKARTA UTARA,CDD LONG CHASSIS,Internal,JabodetabekJAKARTA UTARACDD LONG CHASSIS,Dalam Kota,,,,1,REGULAR,14:45:00,257560,188967
260122C008,KLS,1/22/2026,MVB,A8983VB,Depok,Jabodetabek,Pertalite,13.4,Customer,20,0.97,5.0,7,236000,624960,Jawa,DEPOK,MINI VAN BOX,Internal,JabodetabekDEPOKMINI VAN BOX,Dalam Kota,,,,1,REGULAR,9:07:00,257560,131400
260122C023,KLS,1/22/2026,CDELC,A8486VC,Bekasi,Jabodetabek,Solar,11.48,Customer,24,6.81,8.0,9,93064,#N/A,Jawa,BEKASI,CDE PICKUP,Internal,JabodetabekBEKASICDE PICKUP,Dalam Kota,,,,1,REGULAR,8:42:00,257560,#N/A
260122S013,KLS,1/22/2026,CDELC,A8020VC,Jakarta Barat,Jabodetabek,,,Customer via Hub,25,1.69,11.0,4,130468,416168,Jawa,JAKARTA BARAT,CDE LONG CHASSIS,Internal,JabodetabekJAKARTA BARATCDE LONG CHASSIS,Dalam Kota,,,,1,REGULAR,8:27:00,,285700
260122S005,KLS,1/22/2026,MVB,A8437ZH,Tangerang,Jabodetabek,Pertalite,126.3,Customer via Hub,10,0.79,5.0,4,126300,236900,Jawa,TANGERANG,MINI VAN BOX,Internal,JabodetabekTANGERANGMINI VAN BOX,Dalam Kota,,,,1,REGULAR,12:00:00,,110600
260122S004,KLS,1/22/2026,CDELC,A8481ZH,Cilegon,Banten,Solar,25,Customer via Hub,35,2.08,11.0,9,7264,228431,Jawa,CILEGON,CDE LONG CHASSIS,Internal,BantenCILEGONCDE LONG CHASSIS,Dalam Kota,,,,1,REGULAR,12:31:00,,221167
260122S012,KLS,1/22/2026,CDELC,A8717VB,Jakarta Utara,Jabodetabek,Solar,16.17,Customer via Hub,19,1.31,11.0,6,169456,455156,Jawa,JAKARTA UTARA,CDE LONG CHASSIS,Internal,JabodetabekJAKARTA UTARACDE LONG CHASSIS,Dalam Kota,,,,1,REGULAR,8:09:00,,285700
260122S006,KLS,1/22/2026,CDELC,A8721VB,Tangerang,Jabodetabek,,,Customer via Hub,22,1.33,11.0,3,22500,308200,Jawa,TANGERANG,CDE LONG CHASSIS,Internal,JabodetabekTANGERANGCDE LONG CHASSIS,Dalam Kota,,,,1,REGULAR,8:39:00,,285700
260122S007,KLS,1/22/2026,CDELC,A8757VB,Tangerang,Jabodetabek,Solar,17.14,Customer via Hub,19,11.0,11.0,7,190052,475752,Jawa,TANGERANG,CDE LONG CHASSIS,Internal,JabodetabekTANGERANGCDE LONG CHASSIS,Dalam Kota,,,,1,REGULAR,11:58:00,,285700
260122S003,KLS,1/22/2026,CDELC,A8759VB,Tangerang,Jabodetabek,Solar,21.05,Customer via Hub,35,1.72,11.0,8,143116,428816,Jawa,TANGERANG,CDE LONG CHASSIS,Internal,JabodetabekTANGERANGCDE LONG CHASSIS,Dalam Kota,,,,1,REGULAR,12:47:00,,285700
260122S002,KLS,1/22/2026,CDELC,A8801XZ,Serang,Banten,Solar,6876.5,Customer via Hub,25,1.71,8.0,5,68012,218745,Jawa,SERANG,CDE PICKUP,Internal,BantenSERANGCDE PICKUP,Dalam Kota,,,,1,REGULAR,6:33:00,,150733
260122S011,KLS,1/22/2026,CDELC,A8910VB,Jakarta Pusat,Jabodetabek,Solar,13.15,Customer via Hub,39,2.59,11.0,7,168907,454607,Jawa,JAKARTA PUSAT,CDE LONG CHASSIS,Internal,JabodetabekJAKARTA PUSATCDE LONG CHASSIS,Dalam Kota,,,,1,REGULAR,9:23:00,,285700
260122S010,KLS,1/22/2026,CDELC,A8912VB,Jakarta Selatan,Jabodetabek,Solar,13.24,Customer via Hub,32,1.21,11.0,6,121032,386325,Jawa,JAKARTA SELATAN,CDE LONG CHASSIS,Internal,JabodetabekJAKARTA SELATANCDE LONG CHASSIS,Dalam Kota,,,,1,REGULAR,10:52:00,,265293
260122S009,KLS,1/22/2026,MVB,B9710SCE,Jakarta Selatan,Jabodetabek,Pertalite,15.59,Customer via Hub,25,1.0,5.0,8,180500,#N/A,Jawa,JAKARTA SELATAN,MINI VAN BOX,Internal,JabodetabekJAKARTA SELATANMINI VAN BOX,Dalam Kota,,,,1,REGULAR,10:36:00,,#N/A
260122S008,KLS,1/22/2026,MVB,B9746SCE,Tangerang,Jabodetabek,Pertalite,15.86,Customer via Hub,34,2.21,5.0,9,220100,#N/A,Jawa,TANGERANG,MINI VAN BOX,Internal,JabodetabekTANGERANGMINI VAN BOX,Dalam Kota,,,,1,REGULAR,11:00:00,,#N/A
260123C007,KLS,1/23/2026,CDELC,A8432ZS,Bogor,Jabodetabek,Solar,24.67,Customer,4,3.58,11.0,2,306756,1078926,Jawa,BOGOR,CDE LONG CHASSIS,Internal,JabodetabekBOGORCDE LONG CHASSIS,Dalam Kota,,,,1,REGULAR,8:47:00,515120,257050
260123C023,KLS,1/23/2026,CDELC,A8520VC,Subang,Jawa Barat,Solar,21.2,Customer,1,4.82,11.0,1,347160,#N/A,Jawa,SUBANG,CDE LONG CHASSIS,Internal,Jawa BaratSUBANGCDE LONG CHASSIS,DALAM KOTA,,,,1,REGULAR,8:07:00,515120,#N/A
260123C019,KLS,1/23/2026,CDELC,A8098ZH,Karawang,Jabodetabek,Solar,27.62,Customer,38,3.74,11.0,11,300816,1037103,Jawa,KARAWANG,CDE LONG CHASSIS,Internal,JabodetabekKARAWANGCDE LONG CHASSIS,Dalam Kota,,,,1,REGULAR,10:26:00,515120,221167
260123C005,KLS,1/23/2026,MVB,A8553VB,Jakarta Timur,Jabodetabek,Pertalite,11.46,Customer,12,0.74,5.0,10,154600,801120,Jawa,JAKARTA TIMUR,MINI VAN BOX,Internal,JabodetabekJAKARTA TIMURMINI VAN BOX,Dalam Kota,,,,1,REGULAR,8:14:00,515120,131400
260123C003,KLS,1/23/2026,CDELC,B9044BRO,Jakarta Utara,Jabodetabek,Solar,27.7,Customer,14,1.14,11.0,6,349360,1035344,Jawa,JAKARTA UTARA,CDE LONG CHASSIS,Internal,JabodetabekJAKARTA UTARACDE LONG CHASSIS,Dalam Kota,,,,1,REGULAR,12:42:00,515120,170864
260123C016,KLS,1/23/2026,MVB,A8017VC,Jakarta Utara,Jabodetabek,Pertalite,15.8,Customer,5,1.1,5.0,4,237500,1038320,Jawa,JAKARTA UTARA,MINI VAN BOX,Internal,JabodetabekJAKARTA UTARAMINI VAN BOX,Dalam Kota,,,,1,REGULAR,9:57:00,515120,285700
260123C017,KLS,1/23/2026,CDELC,A8159ZC,Bekasi,Jabodetabek,Solar,14.64,Customer,12,4.3,11.0,7,128552,826539,Jawa,BEKASI,CDE LONG CHASSIS,Internal,JabodetabekBEKASICDE LONG CHASSIS,Dalam Kota,,,,1,REGULAR,8:09:00,515120,182867
260123C025,KLS,1/23/2026,CDDLC,A8961VB,Tangerang,Jabodetabek,Solar,20.7,Customer,1,5.38,13.0,1,246760,1074513,Jawa,TANGERANG,CDD PICK UP,Internal,JabodetabekTANGERANGCDD PICK UP,Dalam Kota,,,,1,REGULAR,8:29:00,515120,312633
260123C014,KLS,1/23/2026,CDELC,A8476VC,Bekasi,Jabodetabek,Solar,8.91,Customer,29,3.71,11.0,7,60588,#N/A,Jawa,BEKASI,CDE LONG CHASSIS,Internal,JabodetabekBEKASICDE LONG CHASSIS,Dalam Kota,,,,1,REGULAR,7:10:00,515120,#N/A
260123C026,KLS,1/23/2026,PICKUP,A8051XA,Bekasi,Jabodetabek,Pertalite,13.1,Customer,9,3.0,3.0,4,132800,710985,Jawa,BEKASI,PICKUP,Internal,JabodetabekBEKASIPICKUP,Dalam Kota,,,,1,REGULAR,5:15:00,515120,63065
260123C001,KLS,1/23/2026,MVB,A8983VB,Bekasi,Jabodetabek,Pertalite,10.56,Customer,9,0.84,5.0,3,148600,795120,Jawa,BEKASI,MINI VAN BOX,Internal,JabodetabekBEKASIMINI VAN BOX,Dalam Kota,,,,1,REGULAR,9:05:00,515120,131400
260123C020,KLS,1/23/2026,MVB,B9320SCE,Karawang,Jabodetabek,Pertalite,9.63,Customer,5,5.0,5.0,4,150300,494000,Jawa,KARAWANG,MINI VAN BOX,Internal,JabodetabekKARAWANGMINI VAN BOX,Dalam Kota,,,,1,REGULAR,7:15:00,257560,86140
260123C006,KLS,1/23/2026,MVB,A8304VC,Bogor,Jabodetabek,Pertalite,15.98,Customer,20,1.51,5.0,5,267300,#N/A,Jawa,BOGOR,MINI VAN BOX,Internal,JabodetabekBOGORMINI VAN BOX,Dalam Kota,,,,1,REGULAR,8:58:00,257560,#N/A
260123C024,KLS,1/23/2026,CDDLC,A8976XY,Serang,Banten,Solar,28.66,Customer,2,8.11,16.0,1,453888,900415,Jawa,SERANG,CDD LONG CHASSIS,Internal,BantenSERANGCDD LONG CHASSIS,Dalam Kota,,,,1,REGULAR,13:59:00,257560,188967
260123L002,KLS,1/23/2026,CDDLC,A8486VC,Cirebon,Jawa Barat,Solar,55.86,Store,1,2.38,13.0,1,807000,#N/A,Jawa,CIREBON,CDD PICK UP,Internal,Jawa BaratCIREBONCDD PICK UP,Luar Kota,,,,1,REGULAR,14:31:00,257560,#N/A
260123C018,KLS,1/23/2026,PICKUP,A8721ZV,Bekasi,Jabodetabek,Pertalite,8.01,Customer,9,0.58,3.0,5,80100,443493,Jawa,BEKASI,PICKUP,Internal,JabodetabekBEKASIPICKUP,Dalam Kota,,,,1,REGULAR,7:15:00,257560,105833
260123C027,KLS,1/23/2026,CDELC,A8048ZX,Karawang,Jabodetabek,Solar,11.42,Customer,2,11.0,11.0,2,121156,531183,Jawa,KARAWANG,CDE LONG CHASSIS,Internal,JabodetabekKARAWANGCDE LONG CHASSIS,Dalam Kota,,,,1,REGULAR,5:18:00,257560,152467
260123C004,KLS,1/23/2026,CDELC,A8503ZX,Bekasi,Jabodetabek,Solar,17.6,Customer,19,1.18,8.0,8,207180,617207,Jawa,BEKASI,CDE,Internal,JabodetabekBEKASICDE,Dalam Kota,,,,1,REGULAR,8:06:00,257560,152467
260123C009,KLS,1/23/2026,MVB,A8373VC,Jakarta Timur,Jabodetabek,Pertalite,11.71,Customer,7,5.0,5.0,5,201100,#N/A,Jawa,JAKARTA TIMUR,MINI VAN BOX,Internal,JabodetabekJAKARTA TIMURMINI VAN BOX,Dalam Kota,,,,1,REGULAR,7:27:00,257560,#N/A
260123C008,KLS,1/23/2026,CDELC,A8002XW,Depok,Jabodetabek,Solar,17.62,Customer,17,1.21,11.0,8,217816,627843,Jawa,DEPOK,CDE LONG CHASSIS,Internal,JabodetabekDEPOKCDE LONG CHASSIS,Dalam Kota,,,,1,REGULAR,7:26:00,257560,152467
260123C010,KLS,1/23/2026,MVB,B9642SCE,Bogor,Jabodetabek,Pertalite,12.98,Customer,9,0.63,5.0,6,220800,571127,Jawa,BOGOR,MINI VAN BOX,Internal,JabodetabekBOGORMINI VAN BOX,Dalam Kota,,,,1,REGULAR,9:26:00,257560,92767
260123C015,KLS,1/23/2026,CDELC,A8073VC,Jakarta Utara,Jabodetabek,Solar,18.07,Customer,3,6.38,8.0,3,279876,680286,Jawa,JAKARTA UTARA,CDE PICKUP,Internal,JabodetabekJAKARTA UTARACDE PICKUP,Dalam Kota,,,,1,REGULAR,12:33:00,257560,142850
260123C012,KLS,1/23/2026,MVB,A8504ZX,Purwakarta,Jawa Barat,Pertalite,13.4,Customer,4,5.0,5.0,2,188000,519660,Jawa,PURWAKARTA,MINI VAN BOX,Internal,Jawa BaratPURWAKARTAMINI VAN BOX,Dalam Kota,,,,1,REGULAR,8:29:00,257560,74100
260123C021,KLS,1/23/2026,CDELC,A8505VC,Karawang,Jabodetabek,Solar,12.37,Customer,9,11.0,11.0,7,117116,#N/A,Jawa,KARAWANG,CDE LONG CHASSIS,Internal,JabodetabekKARAWANGCDE LONG CHASSIS,Dalam Kota,,,,1,REGULAR,7:04:00,257560,#N/A
260123C011,KLS,1/23/2026,MVB,A8876ZX,Bekasi,Jabodetabek,Pertalite,7.67,Customer,11,0.79,5.0,10,143200,462836,Jawa,BEKASI,MINI VAN BOX,Internal,JabodetabekBEKASIMINI VAN BOX,Dalam Kota,,,,1,REGULAR,7:47:00,257560,62076
260123C022,KLS,1/23/2026,MOTOR,B5709BLU,Bekasi,Jabodetabek,Pertalite,2.09,Customer,9,0.14,0.14,9,20900,293510,Jawa,BEKASI,MOTOR BOX,Internal,JabodetabekBEKASIMOTOR BOX,Dalam Kota,,,,1,REGULAR,6:45:00,257560,15050
260123X001,KLS,1/23/2026,WINGBOX,B9068BEN,Tangerang,Jabodetabek,,,Other Delivery,1,42.0,42.0,1,,428424,Jawa,TANGERANG,WINGBOX,Internal,JabodetabekTANGERANGWINGBOX,Dalam Kota,,,,1,REGULAR,-1105089:37:00,257560,170864
260123S007,KLS,1/23/2026,CDELC,A8020VC,Tangerang,Jabodetabek,Solar,16.18,Customer via Hub,9,1.78,11.0,4,110024,395724,Jawa,TANGERANG,CDE LONG CHASSIS,Internal,JabodetabekTANGERANGCDE LONG CHASSIS,Dalam Kota,,,,1,REGULAR,9:05:00,,285700
260123S004,KLS,1/23/2026,MVB,A8437ZH,Tangerang,Jabodetabek,,,Customer via Hub,29,5.0,5.0,6,22400,133000,Jawa,TANGERANG,MINI VAN BOX,Internal,JabodetabekTANGERANGMINI VAN BOX,Dalam Kota,,,,1,REGULAR,7:43:00,,110600
260123S002,KLS,1/23/2026,CDELC,A8481ZH,Cilegon,Banten,Solar,22.37,Customer via Hub,27,2.36,11.0,4,152116,373283,Jawa,CILEGON,CDE LONG CHASSIS,Internal,BantenCILEGONCDE LONG CHASSIS,Dalam Kota,,,,1,REGULAR,8:46:00,,221167
260123S009,KLS,1/23/2026,CDELC,A8717VB,Jakarta Barat,Jabodetabek,Solar,13.25,Customer via Hub,8,1.25,11.0,7,186600,472300,Jawa,JAKARTA BARAT,CDE LONG CHASSIS,Internal,JabodetabekJAKARTA BARATCDE LONG CHASSIS,Dalam Kota,,,,1,REGULAR,8:26:00,,285700
260123S011,KLS,1/23/2026,CDELC,A8721VB,Jakarta Selatan,Jabodetabek,Solar,12.5,Customer via Hub,10,11.0,11.0,7,17075,302775,Jawa,JAKARTA SELATAN,CDE LONG CHASSIS,Internal,JabodetabekJAKARTA SELATANCDE LONG CHASSIS,Dalam Kota,,,,1,REGULAR,7:17:00,,285700
260123S013,KLS,1/23/2026,CDELC,A8757VB,Jakarta Barat,Jabodetabek,Solar,11.09,Customer via Hub,11,11.0,11.0,6,106912,392612,Jawa,JAKARTA BARAT,CDE LONG CHASSIS,Internal,JabodetabekJAKARTA BARATCDE LONG CHASSIS,Dalam Kota,,,,1,REGULAR,8:00:00,,285700
260123S012,KLS,1/23/2026,CDELC,A8759VB,Jakarta Pusat,Jabodetabek,,,Customer via Hub,10,1.29,11.0,6,,285700,Jawa,JAKARTA PUSAT,CDE LONG CHASSIS,Internal,JabodetabekJAKARTA PUSATCDE LONG CHASSIS,Dalam Kota,,,,1,REGULAR,7:41:00,,285700
260123S003,KLS,1/23/2026,CDELC,A8801XZ,Serang,Banten,Solar,7185.33,Customer via Hub,23,8.0,8.0,3,166280,317013,Jawa,SERANG,CDE PICKUP,Internal,BantenSERANGCDE PICKUP,Dalam Kota,,,,1,REGULAR,8:48:00,,150733
260123S006,KLS,1/23/2026,CDELC,A8910VB,Tangerang,Jabodetabek,Solar,19.63,Customer via Hub,16,5.08,11.0,6,209481,495181,Jawa,TANGERANG,CDE LONG CHASSIS,Internal,JabodetabekTANGERANGCDE LONG CHASSIS,Dalam Kota,,,,1,REGULAR,8:21:00,,285700
260123S005,KLS,1/23/2026,CDELC,A8912VB,Tangerang,Jabodetabek,Solar,13.23,Customer via Hub,24,2.7,11.0,3,143964,409257,Jawa,TANGERANG,CDE LONG CHASSIS,Internal,JabodetabekTANGERANGCDE LONG CHASSIS,Dalam Kota,,,,1,REGULAR,8:51:00,,265293
260123S010,KLS,1/23/2026,MVB,B9710SCE,Jakarta Selatan,Jabodetabek,Pertalite,11.65,Customer via Hub,10,0.55,5.0,8,230000,#N/A,Jawa,JAKARTA SELATAN,MINI VAN BOX,Internal,JabodetabekJAKARTA SELATANMINI VAN BOX,Dalam Kota,,,,1,REGULAR,9:02:00,,#N/A
260123S008,KLS,1/23/2026,MVB,B9746SCE,Tangerang,Jabodetabek,Pertalite,10.1,Customer via Hub,10,5.0,5.0,8,185000,#N/A,Jawa,TANGERANG,MINI VAN BOX,Internal,JabodetabekTANGERANGMINI VAN BOX,Dalam Kota,,,,1,REGULAR,9:35:00,,#N/A
260124C005,KLS,1/24/2026,MVB,A8373VC,Jakarta Timur,Jabodetabek,Pertalite,11.06,Customer,22,1.43,5.0,6,188100,#N/A,Jawa,JAKARTA TIMUR,MINI VAN BOX,Internal,JabodetabekJAKARTA TIMURMINI VAN BOX,Dalam Kota,,,,1,REGULAR,7:01:00,515120,#N/A
260124C001,KLS,1/24/2026,MVB,A8983VB,Bogor,Jabodetabek,Pertalite,16.81,Customer,19,2.0,5.0,6,209100,855620,Jawa,BOGOR,MINI VAN BOX,Internal,JabodetabekBOGORMINI VAN BOX,Dalam Kota,,,,1,REGULAR,8:12:00,515120,131400
260124C004,KLS,1/24/2026,CDELC,A8432ZS,Depok,Jabodetabek,Solar,18.1,Customer,20,11.0,11.0,6,221080,993250,Jawa,DEPOK,CDE LONG CHASSIS,Internal,JabodetabekDEPOKCDE LONG CHASSIS,Dalam Kota,,,,1,REGULAR,6:49:00,515120,257050
260124C007,KLS,1/24/2026,CDELC,A8520VC,Bekasi,Jabodetabek,Solar,13.3,Customer,23,1.76,11.0,7,143940,#N/A,Jawa,BEKASI,CDE LONG CHASSIS,Internal,JabodetabekBEKASICDE LONG CHASSIS,Dalam Kota,,,,1,REGULAR,7:29:00,515120,#N/A
260124C002,KLS,1/24/2026,MVB,A8553VB,Jakarta Timur,Jabodetabek,Pertalite,8.46,Customer,10,5.0,5.0,5,140600,787120,Jawa,JAKARTA TIMUR,MINI VAN BOX,Internal,JabodetabekJAKARTA TIMURMINI VAN BOX,Dalam Kota,,,,1,REGULAR,5:22:00,515120,131400
260124C011,KLS,1/24/2026,CDELC,A8098ZH,Serang,Banten,Solar,24.68,Customer,6,11.0,11.0,2,261824,998111,Jawa,SERANG,CDE LONG CHASSIS,Internal,BantenSERANGCDE LONG CHASSIS,Dalam Kota,,,,1,REGULAR,10:14:00,515120,221167
260124C008,KLS,1/24/2026,CDELC,A8505VC,Bekasi,Jabodetabek,Solar,12.76,Customer,40,3.23,11.0,6,112268,#N/A,Jawa,BEKASI,CDE LONG CHASSIS,Internal,JabodetabekBEKASICDE LONG CHASSIS,Dalam Kota,,,,1,REGULAR,4:38:00,515120,#N/A
260124C009,KLS,1/24/2026,CDELC,A8476VC,Karawang,Jabodetabek,Solar,26.68,Customer,28,2.17,11.0,5,452424,#N/A,Jawa,KARAWANG,CDE LONG CHASSIS,Internal,JabodetabekKARAWANGCDE LONG CHASSIS,Dalam Kota,,,,1,REGULAR,8:01:00,515120,#N/A
260124C003,KLS,1/24/2026,MVB,A8304VC,Bogor,Jabodetabek,Pertalite,9.94,Customer,16,1.01,5.0,4,183400,#N/A,Jawa,BOGOR,MINI VAN BOX,Internal,JabodetabekBOGORMINI VAN BOX,Dalam Kota,,,,1,REGULAR,5:57:00,515120,#N/A
260124C006,KLS,1/24/2026,MVB,A8017VC,Jakarta Utara,Jabodetabek,Pertalite,9.87,Customer,20,1.72,5.0,4,158700,959520,Jawa,JAKARTA UTARA,MINI VAN BOX,Internal,JabodetabekJAKARTA UTARAMINI VAN BOX,Dalam Kota,,,,1,REGULAR,5:32:00,515120,285700
260124C013,KLS,1/24/2026,CDELC,A8339ZS,Jakarta Utara,Jabodetabek,Solar,18.25,Customer,4,1.83,8.0,2,268100,791260,Jawa,JAKARTA UTARA,CDE PICKUP,Internal,JabodetabekJAKARTA UTARACDE PICKUP,Dalam Kota,,,,1,REGULAR,35:36:00,257560,265600
260124L002,KLS,1/24/2026,CDDLC,B9190SDB,Bandung,Jawa Barat,Solar,35.3,Store,89,13.0,13.0,1,818000,1271793,Jawa,BANDUNG,CDD PICK UP,Internal,Jawa BaratBANDUNGCDD PICK UP,Luar Kota,,,,1,REGULAR,10:14:00,257560,196233
260124X001,KLS,1/24/2026,CDDLC,A8961VB,Tangerang,Jabodetabek,Solar,24.11,Other Delivery,1,2.2,13.0,1,266948,837141,Jawa,TANGERANG,CDD PICK UP,Internal,JabodetabekTANGERANGCDD PICK UP,Dalam Kota,,,,1,REGULAR,6:31:00,257560,312633
260124H001,KLS,1/24/2026,CDDLC,A8288YX,Jakarta Barat,Jabodetabek,Solar,13.99,HUB,234,14.94,16.0,3,177132,623659,Jawa,JAKARTA BARAT,CDD LONG CHASSIS,Internal,JabodetabekJAKARTA BARATCDD LONG CHASSIS,Dalam Kota,,,,1,REGULAR,0:54:00,257560,188967
260124S004,KLS,1/24/2026,MVB,A8437ZH,Jakarta Barat,Jabodetabek,Pertalite,8.11,Customer via Hub,28,1.23,5.0,6,199600,310200,Jawa,JAKARTA BARAT,MINI VAN BOX,Internal,JabodetabekJAKARTA BARATMINI VAN BOX,Dalam Kota,,,,1,REGULAR,8:02:00,,110600
260124S002,KLS,1/24/2026,CDELC,A8481ZH,Cilegon,Banten,Solar,6998.33,Customer via Hub,46,3.9,11.0,9,200460,421627,Jawa,CILEGON,CDE LONG CHASSIS,Internal,BantenCILEGONCDE LONG CHASSIS,Dalam Kota,,,,1,REGULAR,11:04:00,,221167
260124S001,KLS,1/24/2026,CDELC,A8717VB,Jakarta Barat,Jabodetabek,Solar,8.82,Customer via Hub,29,2.16,11.0,7,82476,368176,Jawa,JAKARTA BARAT,CDE LONG CHASSIS,Internal,JabodetabekJAKARTA BARATCDE LONG CHASSIS,Dalam Kota,,,,1,REGULAR,5:19:00,,285700
260124S007,KLS,1/24/2026,CDELC,A8721VB,Jakarta Utara,Jabodetabek,,,Customer via Hub,23,11.0,11.0,8,88000,373700,Jawa,JAKARTA UTARA,CDE LONG CHASSIS,Internal,JabodetabekJAKARTA UTARACDE LONG CHASSIS,Dalam Kota,,,,1,REGULAR,6:35:00,,285700
260124S006,KLS,1/24/2026,CDELC,A8910VB,Jakarta Selatan,Jabodetabek,Solar,7060,Customer via Hub,36,2.03,11.0,10,181020,466720,Jawa,JAKARTA SELATAN,CDE LONG CHASSIS,Internal,JabodetabekJAKARTA SELATANCDE LONG CHASSIS,Dalam Kota,,,,1,REGULAR,10:22:00,,285700
260124S003,KLS,1/24/2026,CDELC,A8912VB,Tangerang,Jabodetabek,Solar,23.53,Customer via Hub,47,3.5,11.0,10,233000,498293,Jawa,TANGERANG,CDE LONG CHASSIS,Internal,JabodetabekTANGERANGCDE LONG CHASSIS,Dalam Kota,,,,1,REGULAR,9:17:00,,265293
260124S005,KLS,1/24/2026,MVB,B9710SCE,Jakarta Selatan,Jabodetabek,,,Customer via Hub,29,2.17,5.0,10,,#N/A,Jawa,JAKARTA SELATAN,MINI VAN BOX,Internal,JabodetabekJAKARTA SELATANMINI VAN BOX,Dalam Kota,,,,1,REGULAR,35:22:00,,#N/A
260126C010,KLS,1/26/2026,CDELC,A8339ZS,Jakarta Timur,Jabodetabek,Solar,17.12,Customer,11,4.56,8.0,9,156416,937136,Jawa,JAKARTA TIMUR,CDE PICKUP,Internal,JabodetabekJAKARTA TIMURCDE PICKUP,Dalam Kota,,,,1,REGULAR,9:08:00,515120,265600
260126C005,KLS,1/26/2026,CDELC,A8503ZX,Bogor,Jabodetabek,Solar,17.78,Customer,8,8.0,8.0,7,178904,846491,Jawa,BOGOR,CDE,Internal,JabodetabekBOGORCDE,Dalam Kota,,,,1,REGULAR,9:08:00,515120,152467
260126C012,KLS,1/26/2026,MVB,A8017VC,Jakarta Utara,Jabodetabek,Pertalite,15.82,Customer,9,0.68,5.0,6,256700,1057520,Jawa,JAKARTA UTARA,MINI VAN BOX,Internal,JabodetabekJAKARTA UTARAMINI VAN BOX,Dalam Kota,,,,1,REGULAR,8:38:00,515120,285700
260126C011,KLS,1/26/2026,CDELC,B9044BRO,Jakarta Utara,Jabodetabek,Solar,16.25,Customer,18,11.0,11.0,8,189500,875484,Jawa,JAKARTA UTARA,CDE LONG CHASSIS,Internal,JabodetabekJAKARTA UTARACDE LONG CHASSIS,Dalam Kota,,,,1,REGULAR,11:34:00,515120,170864
260126C021,KLS,1/26/2026,CDELC,A8432ZS,Bogor,Jabodetabek,Solar,35.79,Customer,14,11.0,11.0,3,530872,1303042,Jawa,BOGOR,CDE LONG CHASSIS,Internal,JabodetabekBOGORCDE LONG CHASSIS,Dalam Kota,,,,1,REGULAR,12:46:00,515120,257050
260126C008,KLS,1/26/2026,CDDLC,B9190SDB,Jakarta Utara,Jabodetabek,Solar,27.67,Customer,7,8.04,13.0,3,369156,1080509,Jawa,JAKARTA UTARA,CDD PICK UP,Internal,JabodetabekJAKARTA UTARACDD PICK UP,Dalam Kota,,,,1,REGULAR,10:15:00,515120,196233
260126C014,KLS,1/26/2026,CDELC,A8159ZC,Bekasi,Jabodetabek,Solar,15.11,Customer,22,11.0,11.0,6,121748,819735,Jawa,BEKASI,CDE LONG CHASSIS,Internal,JabodetabekBEKASICDE LONG CHASSIS,Dalam Kota,,,,1,REGULAR,8:08:00,515120,182867
260126L001,KLS,1/26/2026,CDDLC,A8976XY,Cirebon,Jawa Barat,,,Store,48,5.6,16.0,1,,704087,Jawa,CIREBON,CDD LONG CHASSIS,Internal,Jawa BaratCIREBONCDD LONG CHASSIS,Luar Kota,,,,1,REGULAR,-1105157:30:00,515120,188967
260126C025,KLS,1/26/2026,CDDLC,A8908XY,Bekasi,Jabodetabek,Solar,19.74,Customer,11,16.0,16.0,4,166232,850072,Jawa,BEKASI,CDD LONG CHASSIS,Internal,JabodetabekBEKASICDD LONG CHASSIS,Dalam Kota,,,,1,REGULAR,6:47:00,515120,168720
260126C007,KLS,1/26/2026,CDELC,A8002XW,Depok,Jabodetabek,Solar,17.71,Customer,20,1.81,11.0,7,231928,899515,Jawa,DEPOK,CDE LONG CHASSIS,Internal,JabodetabekDEPOKCDE LONG CHASSIS,Dalam Kota,,,,1,REGULAR,7:11:00,515120,152467
260126C018,KLS,1/26/2026,CDELC,A8486VC,Bekasi,Jabodetabek,Solar,10.49,Customer,7,3.0,8.0,5,71332,#N/A,Jawa,BEKASI,CDE PICKUP,Internal,JabodetabekBEKASICDE PICKUP,Dalam Kota,,,,1,REGULAR,8:10:00,515120,#N/A
260126C002,KLS,1/26/2026,CDELC,A8520VC,Bekasi,Jabodetabek,Solar,14.75,Customer,12,1.67,11.0,10,140300,#N/A,Jawa,BEKASI,CDE LONG CHASSIS,Internal,JabodetabekBEKASICDE LONG CHASSIS,Dalam Kota,,,,1,REGULAR,8:59:00,515120,#N/A
260126C027,KLS,1/26/2026,CDELC,A8505VC,Jakarta Barat,Jabodetabek,Solar,16.42,Customer,6,2.68,11.0,2,179656,#N/A,Jawa,JAKARTA BARAT,CDE LONG CHASSIS,Internal,JabodetabekJAKARTA BARATCDE LONG CHASSIS,Dalam Kota,,,,1,REGULAR,5:46:00,515120,#N/A
260126C015,KLS,1/26/2026,CDELC,A8098ZH,Bekasi,Jabodetabek,Solar,12.74,Customer,16,1.5,11.0,7,135632,871919,Jawa,BEKASI,CDE LONG CHASSIS,Internal,JabodetabekBEKASICDE LONG CHASSIS,Dalam Kota,,,,1,REGULAR,6:42:00,515120,221167
260126C017,KLS,1/26/2026,CDELC,A8476VC,Karawang,Jabodetabek,Solar,13.19,Customer,5,11.0,11.0,5,143692,#N/A,Jawa,KARAWANG,CDE LONG CHASSIS,Internal,JabodetabekKARAWANGCDE LONG CHASSIS,Dalam Kota,,,,1,REGULAR,6:56:00,515120,#N/A
260126C026,KLS,1/26/2026,MVB,A8553VB,Karawang,Jabodetabek,Pertalite,7.58,Customer,16,5.0,5.0,6,146300,535260,Jawa,KARAWANG,MINI VAN BOX,Internal,JabodetabekKARAWANGMINI VAN BOX,Dalam Kota,,,,1,REGULAR,5:31:00,257560,131400
260126C020,KLS,1/26/2026,MVB,A8983VB,Karawang,Jabodetabek,Pertalite,13.34,Customer,10,5.0,5.0,1,219900,608860,Jawa,KARAWANG,MINI VAN BOX,Internal,JabodetabekKARAWANGMINI VAN BOX,Dalam Kota,,,,1,REGULAR,6:53:00,257560,131400
260126C023,KLS,1/26/2026,MVB,B9642SCE,Purwakarta,Jawa Barat,Pertalite,17.14,Customer,5,5.0,5.0,3,320900,671227,Jawa,PURWAKARTA,MINI VAN BOX,Internal,Jawa BaratPURWAKARTAMINI VAN BOX,Dalam Kota,,,,1,REGULAR,10:19:00,257560,92767
260126H001,KLS,1/26/2026,WINGBOX,B9068BEN,Jakarta Barat,Jabodetabek,Solar,28.93,HUB,184,17.5,42.0,3,278724,707148,Jawa,JAKARTA BARAT,WINGBOX,Internal,JabodetabekJAKARTA BARATWINGBOX,Dalam Kota,,,,1,REGULAR,-0:18:00,257560,170864
260126C022,KLS,1/26/2026,MVB,A8304VC,Bekasi,Jabodetabek,Pertalite,6.54,Customer,6,5.0,5.0,5,65400,#N/A,Jawa,BEKASI,MINI VAN BOX,Internal,JabodetabekBEKASIMINI VAN BOX,Dalam Kota,,,,1,REGULAR,4:08:00,257560,#N/A
260126C016,KLS,1/26/2026,MVB,A8504ZX,Karawang,Jabodetabek,Pertalite,10.35,Customer,10,5.0,5.0,5,136500,468160,Jawa,KARAWANG,MINI VAN BOX,Internal,JabodetabekKARAWANGMINI VAN BOX,Dalam Kota,,,,1,REGULAR,9:22:00,257560,74100
260126C004,KLS,1/26/2026,MVB,B9320SCE,Bogor,Jabodetabek,Pertalite,15.72,Customer,5,5.0,5.0,5,229200,572900,Jawa,BOGOR,MINI VAN BOX,Internal,JabodetabekBOGORMINI VAN BOX,Dalam Kota,,,,1,REGULAR,6:31:00,257560,86140
260126C006,KLS,1/26/2026,MVB,A8373VC,Jakarta Timur,Jabodetabek,Pertalite,12.17,Customer,7,5.0,5.0,7,202200,#N/A,Jawa,JAKARTA TIMUR,MINI VAN BOX,Internal,JabodetabekJAKARTA TIMURMINI VAN BOX,Dalam Kota,,,,1,REGULAR,7:42:00,257560,#N/A
260126C013,KLS,1/26/2026,MVB,A8876ZX,Bekasi,Jabodetabek,Pertalite,6.88,Customer,5,0.77,5.0,4,68800,388436,Jawa,BEKASI,MINI VAN BOX,Internal,JabodetabekBEKASIMINI VAN BOX,Dalam Kota,,,,1,REGULAR,6:29:00,257560,62076
260126S001,KLS,1/26/2026,CDELC,A8020VC,Jakarta Barat,Jabodetabek,,,Customer via Hub,15,1.7,11.0,4,,285700,Jawa,JAKARTA BARAT,CDE LONG CHASSIS,Internal,JabodetabekJAKARTA BARATCDE LONG CHASSIS,Dalam Kota,,,,1,REGULAR,11:20:00,,285700
260126S004,KLS,1/26/2026,MVB,A8437ZH,Tangerang,Jabodetabek,Pertalite,9.66,Customer via Hub,40,2.01,5.0,7,96600,207200,Jawa,TANGERANG,MINI VAN BOX,Internal,JabodetabekTANGERANGMINI VAN BOX,Dalam Kota,,,,1,REGULAR,8:27:00,,110600
260126S002,KLS,1/26/2026,CDELC,A8481ZH,Cilegon,Banten,Solar,21.34,Customer via Hub,13,2.21,11.0,3,296112,517279,Jawa,CILEGON,CDE LONG CHASSIS,Internal,BantenCILEGONCDE LONG CHASSIS,Dalam Kota,,,,1,REGULAR,9:40:00,,221167
260126S012,KLS,1/26/2026,CDELC,A8717VB,Jakarta Utara,Jabodetabek,Solar,15.46,Customer via Hub,18,4.47,11.0,5,179628,465328,Jawa,JAKARTA UTARA,CDE LONG CHASSIS,Internal,JabodetabekJAKARTA UTARACDE LONG CHASSIS,Dalam Kota,,,,1,REGULAR,9:33:00,,285700
260126S005,KLS,1/26/2026,CDELC,A8721VB,Tangerang,Jabodetabek,,,Customer via Hub,14,11.0,11.0,1,22000,307700,Jawa,TANGERANG,CDE LONG CHASSIS,Internal,JabodetabekTANGERANGCDE LONG CHASSIS,Dalam Kota,,,,1,REGULAR,8:43:00,,285700
260126S009,KLS,1/26/2026,CDELC,A8757VB,Tangerang,Jabodetabek,Solar,20.59,Customer via Hub,12,1.48,11.0,3,200512,486212,Jawa,TANGERANG,CDE LONG CHASSIS,Internal,JabodetabekTANGERANGCDE LONG CHASSIS,Dalam Kota,,,,1,REGULAR,11:48:00,,285700
260126S006,KLS,1/26/2026,CDELC,A8759VB,Tangerang,Jabodetabek,Solar,16.79,Customer via Hub,14,1.86,11.0,6,114142,399842,Jawa,TANGERANG,CDE LONG CHASSIS,Internal,JabodetabekTANGERANGCDE LONG CHASSIS,Dalam Kota,,,,1,REGULAR,3:47:00,,285700
260126S003,KLS,1/26/2026,CDELC,A8801XZ,Serang,Banten,Solar,5888.24,Customer via Hub,9,8.0,8.0,3,176100,326833,Jawa,SERANG,CDE PICKUP,Internal,BantenSERANGCDE PICKUP,Dalam Kota,,,,1,REGULAR,9:05:00,,150733
260126S011,KLS,1/26/2026,CDELC,A8910VB,Jakarta Pusat,Jabodetabek,Solar,15662.67,Customer via Hub,13,11.0,11.0,9,104976,390676,Jawa,JAKARTA PUSAT,CDE LONG CHASSIS,Internal,JabodetabekJAKARTA PUSATCDE LONG CHASSIS,Dalam Kota,,,,1,REGULAR,10:36:00,,285700
260126S010,KLS,1/26/2026,CDELC,A8912VB,Jakarta Selatan,Jabodetabek,Solar,11.75,Customer via Hub,13,1.89,11.0,8,118900,384193,Jawa,JAKARTA SELATAN,CDE LONG CHASSIS,Internal,JabodetabekJAKARTA SELATANCDE LONG CHASSIS,Dalam Kota,,,,1,REGULAR,9:22:00,,265293
260126S008,KLS,1/26/2026,MVB,B9710SCE,Jakarta Selatan,Jabodetabek,Pertalite,9.3,Customer via Hub,26,2.11,5.0,9,166000,#N/A,Jawa,JAKARTA SELATAN,MINI VAN BOX,Internal,JabodetabekJAKARTA SELATANMINI VAN BOX,Dalam Kota,,,,1,REGULAR,9:03:00,,#N/A
260126S007,KLS,1/26/2026,MVB,B9746SCE,Tangerang,Jabodetabek,Pertalite,8.65,Customer via Hub,8,5.0,5.0,6,153000,#N/A,Jawa,TANGERANG,MINI VAN BOX,Internal,JabodetabekTANGERANGMINI VAN BOX,Dalam Kota,,,,1,REGULAR,7:32:00,,#N/A
260127C014,KLS,1/27/2026,MVB,A8983VB,Bekasi,Jabodetabek,Pertalite,9.98,Customer,11,1.95,5.0,10,111800,758320,Jawa,BEKASI,MINI VAN BOX,Internal,JabodetabekBEKASIMINI VAN BOX,Dalam Kota,,,,1,REGULAR,7:18:00,515120,131400
260127C010,KLS,1/27/2026,CDELC,A8476VC,Karawang,Jabodetabek,Dexlite,1.63,Customer,10,11.0,11.0,7,145084,#N/A,Jawa,KARAWANG,CDE LONG CHASSIS,Internal,JabodetabekKARAWANGCDE LONG CHASSIS,Dalam Kota,,,,1,REGULAR,7:37:00,515120,#N/A
260127C015,KLS,1/27/2026,CDELC,A8503ZX,Bogor,Jabodetabek,Solar,18.4,Customer,4,1.87,8.0,4,210620,878207,Jawa,BOGOR,CDE,Internal,JabodetabekBOGORCDE,Dalam Kota,,,,1,REGULAR,8:14:00,515120,152467
260127C027,KLS,1/27/2026,PICKUP,A8721ZV,Bekasi,Jabodetabek,Pertalite,10.72,Customer,9,1.39,3.0,9,107200,728153,Jawa,BEKASI,PICKUP,Internal,JabodetabekBEKASIPICKUP,Dalam Kota,,,,1,REGULAR,6:40:00,515120,105833
260127C017,KLS,1/27/2026,CDDLC,A8908XY,Bekasi,Jabodetabek,Solar,8.22,Customer,21,8.4,16.0,6,69896,753736,Jawa,BEKASI,CDD LONG CHASSIS,Internal,JabodetabekBEKASICDD LONG CHASSIS,Dalam Kota,,,,1,REGULAR,6:00:00,515120,168720
260127C006,KLS,1/27/2026,CDELC,A8048ZX,Purwakarta,Jawa Barat,Solar,23.98,Customer,13,1.27,11.0,8,251564,919151,Jawa,PURWAKARTA,CDE LONG CHASSIS,Internal,Jawa BaratPURWAKARTACDE LONG CHASSIS,Dalam Kota,,,,1,REGULAR,9:28:00,515120,152467
260127C001,KLS,1/27/2026,CDELC,A8505VC,Karawang,Jabodetabek,Solar,19.97,Customer,24,1.5,11.0,12,152296,#N/A,Jawa,KARAWANG,CDE LONG CHASSIS,Internal,JabodetabekKARAWANGCDE LONG CHASSIS,Dalam Kota,,,,1,REGULAR,9:35:00,515120,#N/A
260127C016,KLS,1/27/2026,CDELC,A8520VC,Bekasi,Jabodetabek,Solar,12.38,Customer,17,2.53,11.0,6,125184,#N/A,Jawa,BEKASI,CDE LONG CHASSIS,Internal,JabodetabekBEKASICDE LONG CHASSIS,Dalam Kota,,,,1,REGULAR,6:19:00,515120,#N/A
260127C009,KLS,1/27/2026,CDELC,A8432ZS,Bogor,Jabodetabek,Solar,20.91,Customer,22,3.3,11.0,6,198188,970358,Jawa,BOGOR,CDE LONG CHASSIS,Internal,JabodetabekBOGORCDE LONG CHASSIS,Dalam Kota,,,,1,REGULAR,8:07:00,515120,257050
260127C005,KLS,1/27/2026,CDELC,A8339ZS,Jakarta Utara,Jabodetabek,Solar,15.43,Customer,7,2.76,8.0,4,167924,948644,Jawa,JAKARTA UTARA,CDE PICKUP,Internal,JabodetabekJAKARTA UTARACDE PICKUP,Dalam Kota,,,,1,REGULAR,8:09:00,515120,265600
260127C013,KLS,1/27/2026,MVB,A8373VC,Jakarta Timur,Jabodetabek,Pertalite,15.74,Customer,8,2.38,5.0,7,203900,#N/A,Jawa,JAKARTA TIMUR,MINI VAN BOX,Internal,JabodetabekJAKARTA TIMURMINI VAN BOX,Dalam Kota,,,,1,REGULAR,8:42:00,515120,#N/A
260127X001,KLS,1/27/2026,WINGBOX,B9068BEN,Tangerang,Jabodetabek,,,Other Delivery,1,42.0,42.0,1,,428424,Jawa,TANGERANG,WINGBOX,Internal,JabodetabekTANGERANGWINGBOX,Dalam Kota,,,,1,REGULAR,-1105209:30:00,257560,170864
260127C003,KLS,1/27/2026,MVB,A8504ZX,Bekasi,Jabodetabek,Pertalite,7.21,Customer,13,0.82,5.0,7,72100,403760,Jawa,BEKASI,MINI VAN BOX,Internal,JabodetabekBEKASIMINI VAN BOX,Dalam Kota,,,,1,REGULAR,6:39:00,257560,74100
260127C004,KLS,1/27/2026,MVB,A8876ZX,Depok,Jabodetabek,Pertalite,11.26,Customer,13,2.95,5.0,5,181600,501236,Jawa,DEPOK,MINI VAN BOX,Internal,JabodetabekDEPOKMINI VAN BOX,Dalam Kota,,,,1,REGULAR,6:22:00,257560,62076
260127C011,KLS,1/27/2026,CDELC,A8486VC,Jakarta Utara,Jabodetabek,Solar,16.7,Customer,4,8.0,8.0,3,301060,#N/A,Jawa,JAKARTA UTARA,CDE PICKUP,Internal,JabodetabekJAKARTA UTARACDE PICKUP,Dalam Kota,,,,1,REGULAR,8:54:00,257560,#N/A
260127L002,KLS,1/27/2026,MVB,B9320SCE,Sukabumi,Jawa Barat,Pertalite,24.53,Store,32,2.78,5.0,1,416300,760000,Jawa,SUKABUMI,MINI VAN BOX,Internal,Jawa BaratSUKABUMIMINI VAN BOX,Luar Kota,,,,1,REGULAR,8:47:00,257560,86140
260127C030,KLS,1/27/2026,CDELC,A8002XW,Jakarta Barat,Jabodetabek,Solar,20.49,Customer,1,5.0,11.0,1,218332,628359,Jawa,JAKARTA BARAT,CDE LONG CHASSIS,Internal,JabodetabekJAKARTA BARATCDE LONG CHASSIS,Dalam Kota,,,,1,REGULAR,6:38:00,257560,152467
260127C012,KLS,1/27/2026,MVB,A8017VC,Jakarta Utara,Jabodetabek,Pertalite,10.49,Customer,9,0.66,5.0,5,191900,735160,Jawa,JAKARTA UTARA,MINI VAN BOX,Internal,JabodetabekJAKARTA UTARAMINI VAN BOX,Dalam Kota,,,,1,REGULAR,7:44:00,257560,285700
260127L001,KLS,1/27/2026,CDDLC,A8976XY,Bandung,Jawa Barat,,,Store,45,11.23,16.0,1,809000,1255527,Jawa,BANDUNG,CDD LONG CHASSIS,Internal,Jawa BaratBANDUNGCDD LONG CHASSIS,Luar Kota,,,,1,REGULAR,10:50:00,257560,188967
260127C021,KLS,1/27/2026,MOTOR,B5709BLU,Bekasi,Jabodetabek,Pertalite,1.35,Customer,9,0.14,0.14,7,13500,286110,Jawa,BEKASI,MOTOR BOX,Internal,JabodetabekBEKASIMOTOR BOX,Dalam Kota,,,,1,REGULAR,6:13:00,257560,15050
260127C031,KLS,1/27/2026,CDDLC,A8961VB,Bekasi,Jabodetabek,Solar,11.02,Customer,9,13.0,13.0,5,74936,645129,Jawa,BEKASI,CDD PICK UP,Internal,JabodetabekBEKASICDD PICK UP,Dalam Kota,,,,1,REGULAR,5:13:00,257560,312633
260127C029,KLS,1/27/2026,CDDLC,A8288YX,Karawang,Jabodetabek,Solar,13.85,Customer,3,16.0,16.0,2,118680,565207,Jawa,KARAWANG,CDD LONG CHASSIS,Internal,JabodetabekKARAWANGCDD LONG CHASSIS,Dalam Kota,,,,1,REGULAR,5:21:00,257560,188967
260127C007,KLS,1/27/2026,MVB,B9642SCE,Bogor,Jabodetabek,Pertalite,17.33,Customer,8,0.52,5.0,6,290300,640627,Jawa,BOGOR,MINI VAN BOX,Internal,JabodetabekBOGORMINI VAN BOX,Dalam Kota,,,,1,REGULAR,9:43:00,257560,92767
260127C020,KLS,1/27/2026,MVB,A8553VB,Subang,Jawa Barat,Pertalite,19.73,Customer,2,1.39,5.0,1,369800,758760,Jawa,SUBANG,MINI VAN BOX,Internal,Jawa BaratSUBANGMINI VAN BOX,DALAM KOTA,,,,1,REGULAR,8:11:00,257560,131400
260127H001,KLS,1/27/2026,WINGBOX,B9064BEN,Jakarta Barat,Jabodetabek,Solar,29.44,HUB,156,16.98,42.0,2,282192,710616,Jawa,JAKARTA BARAT,WINGBOX,Internal,JabodetabekJAKARTA BARATWINGBOX,Dalam Kota,,,,1,REGULAR,7:59:00,257560,170864
260127C008,KLS,1/27/2026,CDELC,A8098ZH,Purwakarta,Jawa Barat,Solar,21.04,Customer,27,2.93,11.0,10,241572,977859,Jawa,PURWAKARTA,CDE LONG CHASSIS,Internal,Jawa BaratPURWAKARTACDE LONG CHASSIS,Dalam Kota,,,,1,REGULAR,8:52:00,515120,221167
260127S011,KLS,1/27/2026,CDELC,A8020VC,Jakarta Utara,Jabodetabek,Solar,9.57,Customer via Hub,7,11.0,11.0,5,102076,387776,Jawa,JAKARTA UTARA,CDE LONG CHASSIS,Internal,JabodetabekJAKARTA UTARACDE LONG CHASSIS,Dalam Kota,,,,1,REGULAR,5:52:00,,285700
260127S004,KLS,1/27/2026,MVB,A8437ZH,Tangerang,Jabodetabek,Pertalite,8.9,Customer via Hub,8,5.0,5.0,2,133000,243600,Jawa,TANGERANG,MINI VAN BOX,Internal,JabodetabekTANGERANGMINI VAN BOX,Dalam Kota,,,,1,REGULAR,8:27:00,,110600
260127S002,KLS,1/27/2026,CDELC,A8481ZH,Cilegon,Banten,Solar,25.29,Customer via Hub,34,4.39,11.0,4,289000,510167,Jawa,CILEGON,CDE LONG CHASSIS,Internal,BantenCILEGONCDE LONG CHASSIS,Dalam Kota,,,,1,REGULAR,12:20:00,,221167
260127S001,KLS,1/27/2026,CDELC,A8717VB,Jakarta Barat,Jabodetabek,,,Customer via Hub,6,1.24,11.0,5,,285700,Jawa,JAKARTA BARAT,CDE LONG CHASSIS,Internal,JabodetabekJAKARTA BARATCDE LONG CHASSIS,Dalam Kota,,,,1,REGULAR,7:59:00,,285700
260127S012,KLS,1/27/2026,CDELC,A8721VB,Jakarta Selatan,Jabodetabek,Solar,7.78,Customer via Hub,7,11.0,11.0,2,85904,371604,Jawa,JAKARTA SELATAN,CDE LONG CHASSIS,Internal,JabodetabekJAKARTA SELATANCDE LONG CHASSIS,Dalam Kota,,,,1,REGULAR,7:59:00,,285700
260127S007,KLS,1/27/2026,CDELC,A8757VB,Tangerang,Jabodetabek,Solar,13815,Customer via Hub,8,2.82,11.0,2,136390,422090,Jawa,TANGERANG,CDE LONG CHASSIS,Internal,JabodetabekTANGERANGCDE LONG CHASSIS,Dalam Kota,,,,1,REGULAR,8:53:00,,285700
260127S013,KLS,1/27/2026,CDELC,A8759VB,Jakarta Pusat,Jabodetabek,Solar,17.49,Customer via Hub,19,2.37,11.0,4,118932,404632,Jawa,JAKARTA PUSAT,CDE LONG CHASSIS,Internal,JabodetabekJAKARTA PUSATCDE LONG CHASSIS,Dalam Kota,,,,1,REGULAR,7:41:00,,285700
260127S003,KLS,1/27/2026,CDELC,A8801XZ,Serang,Banten,Solar,7063.5,Customer via Hub,14,3.14,8.0,3,113016,263749,Jawa,SERANG,CDE PICKUP,Internal,BantenSERANGCDE PICKUP,Dalam Kota,,,,1,REGULAR,12:50:00,,150733
260127S008,KLS,1/27/2026,CDELC,A8910VB,Tangerang,Jabodetabek,Solar,17.86,Customer via Hub,11,1.55,11.0,5,121428,407128,Jawa,TANGERANG,CDE LONG CHASSIS,Internal,JabodetabekTANGERANGCDE LONG CHASSIS,Dalam Kota,,,,1,REGULAR,8:23:00,,285700
260127S005,KLS,1/27/2026,CDELC,A8912VB,Tangerang,Jabodetabek,Solar,7356.36,Customer via Hub,21,1.47,11.0,4,127920,393213,Jawa,TANGERANG,CDE LONG CHASSIS,Internal,JabodetabekTANGERANGCDE LONG CHASSIS,Dalam Kota,,,,1,REGULAR,8:38:00,,265293
260127S010,KLS,1/27/2026,MVB,B9710SCE,Jakarta Selatan,Jabodetabek,Pertalite,7.2,Customer via Hub,11,0.6,5.0,8,118000,#N/A,Jawa,JAKARTA SELATAN,MINI VAN BOX,Internal,JabodetabekJAKARTA SELATANMINI VAN BOX,Dalam Kota,,,,1,REGULAR,5:53:00,,#N/A
260127S009,KLS,1/27/2026,MVB,B9746SCE,Tangerang,Jabodetabek,Pertalite,11.25,Customer via Hub,26,2.93,5.0,5,166000,#N/A,Jawa,TANGERANG,MINI VAN BOX,Internal,JabodetabekTANGERANGMINI VAN BOX,Dalam Kota,,,,1,REGULAR,7:38:00,,#N/A
260128C028,KLS,1/28/2026,CDDLC,A8976XY,Jakarta Utara,Jabodetabek,Solar,19.02,Customer,3,4.11,16.0,3,223836,927923,Jawa,JAKARTA UTARA,CDD LONG CHASSIS,Internal,JabodetabekJAKARTA UTARACDD LONG CHASSIS,Dalam Kota,,,,1,REGULAR,9:07:00,515120,188967
260128C018,KLS,1/28/2026,CDELC,A8505VC,Karawang,Jabodetabek,Solar,17.11,Customer,11,3.34,11.0,5,132848,#N/A,Jawa,KARAWANG,CDE LONG CHASSIS,Internal,JabodetabekKARAWANGCDE LONG CHASSIS,Dalam Kota,,,,1,REGULAR,9:17:00,515120,#N/A
260128C020,KLS,1/28/2026,PICKUP,A8721ZV,Bekasi,Jabodetabek,Pertalite,10.38,Customer,14,0.35,3.0,10,103800,724753,Jawa,BEKASI,PICKUP,Internal,JabodetabekBEKASIPICKUP,Dalam Kota,,,,1,REGULAR,8:07:00,515120,105833
260128C012,KLS,1/28/2026,MVB,A8373VC,Bekasi,Jabodetabek,Pertalite,7.99,Customer,8,0.88,5.0,4,79900,#N/A,Jawa,BEKASI,MINI VAN BOX,Internal,JabodetabekBEKASIMINI VAN BOX,Dalam Kota,,,,1,REGULAR,6:27:00,515120,#N/A
260128C015,KLS,1/28/2026,CDELC,A8048ZX,Purwakarta,Jawa Barat,Solar,21.25,Customer,31,3.61,11.0,6,214500,882087,Jawa,PURWAKARTA,CDE LONG CHASSIS,Internal,Jawa BaratPURWAKARTACDE LONG CHASSIS,Dalam Kota,,,,1,REGULAR,11:03:00,515120,152467
260128C027,KLS,1/28/2026,CDELC,A8520VC,Jakarta Selatan,Jabodetabek,Solar,13.03,Customer,2,4.02,11.0,1,118604,#N/A,Jawa,JAKARTA SELATAN,CDE LONG CHASSIS,Internal,JabodetabekJAKARTA SELATANCDE LONG CHASSIS,Dalam Kota,,,,1,REGULAR,7:19:00,515120,#N/A
260128C002,KLS,1/28/2026,CDELC,A8476VC,Karawang,Jabodetabek,Solar,17.75,Customer,14,3.08,11.0,10,174700,#N/A,Jawa,KARAWANG,CDE LONG CHASSIS,Internal,JabodetabekKARAWANGCDE LONG CHASSIS,Dalam Kota,,,,1,REGULAR,8:41:00,515120,#N/A
260128C010,KLS,1/28/2026,CDELC,A8159ZC,Jakarta Timur,Jabodetabek,Solar,13.49,Customer,9,11.0,11.0,6,132732,830719,Jawa,JAKARTA TIMUR,CDE LONG CHASSIS,Internal,JabodetabekJAKARTA TIMURCDE LONG CHASSIS,Dalam Kota,,,,1,REGULAR,7:12:00,515120,182867
260128C003,KLS,1/28/2026,CDELC,B9044BRO,Purwakarta,Jawa Barat,Solar,27.55,Customer,10,1.6,11.0,9,282840,968824,Jawa,PURWAKARTA,CDE LONG CHASSIS,Internal,Jawa BaratPURWAKARTACDE LONG CHASSIS,Dalam Kota,,,,1,REGULAR,10:19:00,515120,170864
260128C011,KLS,1/28/2026,CDELC,A8002XW,Bekasi,Jabodetabek,Solar,10.64,Customer,13,5.34,11.0,12,81852,749439,Jawa,BEKASI,CDE LONG CHASSIS,Internal,JabodetabekBEKASICDE LONG CHASSIS,Dalam Kota,,,,1,REGULAR,7:06:00,515120,152467
260128C023,KLS,1/28/2026,MVB,A8983VB,Bekasi,Jabodetabek,Pertalite,8.43,Customer,20,2.47,5.0,7,116800,763320,Jawa,BEKASI,MINI VAN BOX,Internal,JabodetabekBEKASIMINI VAN BOX,Dalam Kota,,,,1,REGULAR,7:09:00,515120,131400
260128C021,KLS,1/28/2026,CDELC,A8503ZX,Depok,Jabodetabek,Solar,14.99,Customer,19,3.38,8.0,3,171432,839019,Jawa,DEPOK,CDE,Internal,JabodetabekDEPOKCDE,Dalam Kota,,,,1,REGULAR,5:56:00,515120,152467
260128C013,KLS,1/28/2026,CDDLC,A8908XY,Bekasi,Jabodetabek,Solar,13.56,Customer,16,1.98,16.0,5,92208,518488,Jawa,BEKASI,CDD LONG CHASSIS,Internal,JabodetabekBEKASICDD LONG CHASSIS,Dalam Kota,,,,1,REGULAR,7:16:00,257560,168720
260128C031,KLS,1/28/2026,CDELC,B9018SCF,Jakarta Barat,Jabodetabek,Solar,18.82,Customer,2,3.16,11.0,1,224500,664927,Jawa,JAKARTA BARAT,CDE LONG CHASSIS,Internal,JabodetabekJAKARTA BARATCDE LONG CHASSIS,Dalam Kota,,,,1,REGULAR,7:05:00,257560,182867
260128C026,KLS,1/28/2026,CDDLC,B9190SDB,Subang,Jawa Barat,Solar,33.79,Customer,1,13.0,13.0,1,447272,901065,Jawa,SUBANG,CDD PICK UP,Internal,Jawa BaratSUBANGCDD PICK UP,DALAM KOTA,,,,1,REGULAR,9:58:00,257560,196233
260128C005,KLS,1/28/2026,MVB,B9642SCE,Bogor,Jabodetabek,Pertalite,19.65,Customer,6,1.66,5.0,6,316000,666327,Jawa,BOGOR,MINI VAN BOX,Internal,JabodetabekBOGORMINI VAN BOX,Dalam Kota,,,,1,REGULAR,10:12:00,257560,92767
260128H001,KLS,1/28/2026,WINGBOX,B9064BEN,Jakarta Barat,Jabodetabek,Solar,33.11,HUB,137,28.63,42.0,3,307148,735572,Jawa,JAKARTA BARAT,WINGBOX,Internal,JabodetabekJAKARTA BARATWINGBOX,Dalam Kota,,,,1,REGULAR,8:36:00,257560,170864
260128C007,KLS,1/28/2026,CDDLC,A8961VB,Jakarta Timur,Jabodetabek,Solar,11.02,Customer,1,3.91,13.0,1,119500,689693,Jawa,JAKARTA TIMUR,CDD PICK UP,Internal,JabodetabekJAKARTA TIMURCDD PICK UP,Dalam Kota,,,,1,REGULAR,5:45:00,257560,312633
260128C022,KLS,1/28/2026,MOTOR,B5709BLU,Bekasi,Jabodetabek,Pertalite,1.25,Customer,7,0.14,0.14,7,12500,285110,Jawa,BEKASI,MOTOR BOX,Internal,JabodetabekBEKASIMOTOR BOX,Dalam Kota,,,,1,REGULAR,7:45:00,257560,15050
260128C009,KLS,1/28/2026,CDELC,A8339ZS,Jakarta Utara,Jabodetabek,Solar,15.55,Customer,3,8.0,8.0,3,238740,761900,Jawa,JAKARTA UTARA,CDE PICKUP,Internal,JabodetabekJAKARTA UTARACDE PICKUP,Dalam Kota,,,,1,REGULAR,7:38:00,257560,265600
260128C030,KLS,1/28/2026,MVB,A8304VC,Bekasi,Jabodetabek,Pertalite,10.3,Customer,4,5.0,5.0,4,103000,#N/A,Jawa,BEKASI,MINI VAN BOX,Internal,JabodetabekBEKASIMINI VAN BOX,Dalam Kota,,,,1,REGULAR,1105216:13:00,257560,#N/A
260128C016,KLS,1/28/2026,MVB,A8504ZX,Bogor,Jabodetabek,Pertalite,13.25,Customer,9,2.06,5.0,8,172500,504160,Jawa,BOGOR,MINI VAN BOX,Internal,JabodetabekBOGORMINI VAN BOX,Dalam Kota,,,,1,REGULAR,9:23:00,257560,74100
260128C008,KLS,1/28/2026,MVB,A8017VC,Jakarta Utara,Jabodetabek,Pertalite,12.78,Customer,5,5.0,5.0,4,182800,726060,Jawa,JAKARTA UTARA,MINI VAN BOX,Internal,JabodetabekJAKARTA UTARAMINI VAN BOX,Dalam Kota,,,,1,REGULAR,7:32:00,257560,285700
260128H002,KLS,1/28/2026,CDDLC,A8288YX,Jakarta Barat,Jabodetabek,Solar,14.72,HUB,17,16.0,16.0,1,182096,628623,Jawa,JAKARTA BARAT,CDD LONG CHASSIS,Internal,JabodetabekJAKARTA BARATCDD LONG CHASSIS,Dalam Kota,,,,1,REGULAR,7:08:00,257560,188967
260128C017,KLS,1/28/2026,MVB,B9320SCE,Jakarta Utara,Jabodetabek,Pertalite,11.7,Customer,3,5.0,5.0,3,176000,519700,Jawa,JAKARTA UTARA,MINI VAN BOX,Internal,JabodetabekJAKARTA UTARAMINI VAN BOX,Dalam Kota,,,,1,REGULAR,6:59:00,257560,86140
260128C014,KLS,1/28/2026,CDELC,A8486VC,Subang,Jawa Barat,Solar,27.29,Customer,3,8.0,8.0,3,464572,#N/A,Jawa,SUBANG,CDE PICKUP,Internal,Jawa BaratSUBANGCDE PICKUP,DALAM KOTA,,,,1,REGULAR,9:33:00,257560,#N/A
260128C006,KLS,1/28/2026,CDELC,A8432ZS,Bogor,Jabodetabek,Solar,20.36,Customer,13,11.0,11.0,4,208948,723558,Jawa,BOGOR,CDE LONG CHASSIS,Internal,JabodetabekBOGORCDE LONG CHASSIS,Dalam Kota,,,,1,REGULAR,10:22:00,257560,257050
260128S012,KLS,1/28/2026,CDELC,A8020VC,Jakarta Utara,Jabodetabek,Solar,8.83,Customer via Hub,33,4.76,11.0,4,136544,422244,Jawa,JAKARTA UTARA,CDE LONG CHASSIS,Internal,JabodetabekJAKARTA UTARACDE LONG CHASSIS,Dalam Kota,,,,1,REGULAR,5:54:00,,285700
260128S006,KLS,1/28/2026,MVB,A8437ZH,Tangerang,Jabodetabek,,,Customer via Hub,9,2.31,5.0,2,44000,154600,Jawa,TANGERANG,MINI VAN BOX,Internal,JabodetabekTANGERANGMINI VAN BOX,Dalam Kota,,,,1,REGULAR,9:01:00,,110600
260128S003,KLS,1/28/2026,CDELC,A8481ZH,Cilegon,Banten,Solar,31.17,Customer via Hub,31,5.14,11.0,2,187,221354,Jawa,CILEGON,CDE LONG CHASSIS,Internal,BantenCILEGONCDE LONG CHASSIS,Dalam Kota,,,,1,REGULAR,13:02:00,,221167
260128S009,KLS,1/28/2026,MVB,A8537ZF,Jakarta Selatan,Jabodetabek,Pertalite,16,Customer via Hub,7,0.54,5.0,2,217000,327600,Jawa,JAKARTA SELATAN,MINI VAN BOX,Internal,JabodetabekJAKARTA SELATANMINI VAN BOX,Dalam Kota,,,,1,REGULAR,8:40:00,,110600
260128S004,KLS,1/28/2026,CDELC,A8757VB,Tangerang,Jabodetabek,Solar,29.1,Customer via Hub,8,1.12,11.0,2,243872,529572,Jawa,TANGERANG,CDE LONG CHASSIS,Internal,JabodetabekTANGERANGCDE LONG CHASSIS,Dalam Kota,,,,1,REGULAR,9:28:00,,285700
260128S008,KLS,1/28/2026,CDELC,A8759VB,Tangerang,Jabodetabek,Solar,20.74,Customer via Hub,8,4.02,11.0,3,196037,481737,Jawa,TANGERANG,CDE LONG CHASSIS,Internal,JabodetabekTANGERANGCDE LONG CHASSIS,Dalam Kota,,,,1,REGULAR,7:41:00,,285700
260128S005,KLS,1/28/2026,CDELC,A8801XZ,Serang,Banten,,10.84,Customer via Hub,16,2.31,8.0,2,166892,317625,Jawa,SERANG,CDE PICKUP,Internal,BantenSERANGCDE PICKUP,Dalam Kota,,,,1,REGULAR,7:32:00,,150733
260128S011,KLS,1/28/2026,CDELC,A8910VB,Jakarta Pusat,Jabodetabek,Solar,9.09,Customer via Hub,17,7.7,11.0,2,61800,347500,Jawa,JAKARTA PUSAT,CDE LONG CHASSIS,Internal,JabodetabekJAKARTA PUSATCDE LONG CHASSIS,Dalam Kota,,,,1,REGULAR,6:10:00,,285700
260128S007,KLS,1/28/2026,CDELC,A8912VB,Tangerang,Jabodetabek,,,Customer via Hub,12,11.0,11.0,2,,265293,Jawa,TANGERANG,CDE LONG CHASSIS,Internal,JabodetabekTANGERANGCDE LONG CHASSIS,Dalam Kota,,,,1,REGULAR,10:19:00,,265293
260128S010,KLS,1/28/2026,MVB,B9064SMV,Jakarta Selatan,Jabodetabek,,,Customer via Hub,5,5.0,5.0,1,,#N/A,Jawa,JAKARTA SELATAN,MINI VAN BOX,Internal,JabodetabekJAKARTA SELATANMINI VAN BOX,Dalam Kota,,,,1,REGULAR,26:27:00,,#N/A
260128S001,KLS,1/28/2026,MVB,B9710SCE,Jakarta Barat,Jabodetabek,,,Customer via Hub,7,0.75,5.0,2,,#N/A,Jawa,JAKARTA BARAT,MINI VAN BOX,Internal,JabodetabekJAKARTA BARATMINI VAN BOX,Dalam Kota,,,,1,REGULAR,6:51:00,,#N/A
260129H001,KLS,1/29/2026,WINGBOX,B9068BEN,Jakarta Barat,Jabodetabek,Solar,29.65,HUB,201,16.65,42,6,283620,712044,Jawa,JAKARTA BARAT,WINGBOX,Internal,JabodetabekJAKARTA BARATWINGBOX,Dalam Kota,,,,1,REGULAR,9:27:00,257560,170864
260129C002,KLS,1/29/2026,CDELC,A8098ZH,Purwakarta,Jawa Barat,Solar,24.84,Customer,36,6.83,11,11,302912,1039199,Jawa,PURWAKARTA,CDE LONG CHASSIS,Internal,Jawa BaratPURWAKARTACDE LONG CHASSIS,Dalam Kota,,,,1,REGULAR,12:11:00,515120,221167
260129C003,KLS,1/29/2026,CDELC,A8505VC,Karawang,Jabodetabek,Solar,13,Customer,15,6.76,11,3,121400,#N/A,Jawa,KARAWANG,CDE LONG CHASSIS,Internal,JabodetabekKARAWANGCDE LONG CHASSIS,Dalam Kota,,,,1,REGULAR,8:07:00,515120,#N/A
260129C004,KLS,1/29/2026,CDELC,A8476VC,Karawang Selatan,Jabodetabek,Solar,11.29,Customer,9,11.0,11,5,130772,#N/A,Jawa,KARAWANG SELATAN,CDE LONG CHASSIS,Internal,JabodetabekKARAWANG SELATANCDE LONG CHASSIS,Dalam Kota,,,,1,REGULAR,7:48:00,257560,#N/A
260129C005,KLS,1/29/2026,MVB,A8304VC,Jakarta Timur,Jabodetabek,Pertalite,11.46,Customer,12,1.76,5,7,168100,#N/A,Jawa,JAKARTA TIMUR,MINI VAN BOX,Internal,JabodetabekJAKARTA TIMURMINI VAN BOX,Dalam Kota,,,,1,REGULAR,7:41:00,515120,#N/A
260129C006,KLS,1/29/2026,MVB,B9642SCE,Depok,Jabodetabek,Pertalite,14.71,Customer,18,2.72,5,9,247100,597427,Jawa,DEPOK,MINI VAN BOX,Internal,JabodetabekDEPOKMINI VAN BOX,Dalam Kota,,,,1,REGULAR,7:21:00,257560,92767
260129C008,KLS,1/29/2026,MVB,A8876ZX,Karawang Utara,Jabodetabek,Pertalite,12.7,Customer,10,1.71,5,5,195000,772196,Jawa,KARAWANG UTARA,MINI VAN BOX,Internal,JabodetabekKARAWANG UTARAMINI VAN BOX,Dalam Kota,,,,1,REGULAR,7:31:00,515120,62076
260129C010,KLS,1/29/2026,CDELC,A8002XW,Bekasi,Jabodetabek,Solar,15.83,Customer,9,2.91,11,8,157144,824731,Jawa,BEKASI,CDE LONG CHASSIS,Internal,JabodetabekBEKASICDE LONG CHASSIS,Dalam Kota,,,,1,REGULAR,8:38:00,515120,152467
260129C011,KLS,1/29/2026,CDDLC,A8961VB,Bekasi,Jabodetabek,Solar,13.22,Customer,7,11.0,11,7,103896,931649,Jawa,BEKASI,CDD PICKUP,Internal,JabodetabekBEKASICDD PICKUP,Dalam Kota,,,,1,REGULAR,6:06:00,515120,312633
260129C013,KLS,1/29/2026,MVB,A8504ZX,Purwakarta,Jawa Barat,Pertalite,13.78,Customer,9,1.28,5,4,216300,547960,Jawa,PURWAKARTA,MINI VAN BOX,Internal,Jawa BaratPURWAKARTAMINI VAN BOX,Dalam Kota,,,,1,REGULAR,8:51:00,257560,74100
260129C015,KLS,1/29/2026,CDDLC,A8908XY,Bekasi,Jabodetabek,Solar,6.52,Customer,20,3.4,16,3,44336,470616,Jawa,BEKASI,CDD LONG CHASSIS,Internal,JabodetabekBEKASICDD LONG CHASSIS,Dalam Kota,,,,1,REGULAR,6:34:00,257560,168720
260129C017,KLS,1/29/2026,MVB,B9320SCE,Bogor,Jabodetabek,Pertalite,18.29,Customer,7,1.09,5,6,244400,588100,Jawa,BOGOR,MINI VAN BOX,Internal,JabodetabekBOGORMINI VAN BOX,Dalam Kota,,,,1,REGULAR,10:07:00,257560,86140
260129C018,KLS,1/29/2026,CDELC,A8432ZS,Bogor,Jabodetabek,Solar,17.73,Customer,15,1.87,11,4,207564,722174,Jawa,BOGOR,CDE LONG CHASSIS,Internal,JabodetabekBOGORCDE LONG CHASSIS,Dalam Kota,,,,1,REGULAR,8:10:00,257560,257050
260129C019,KLS,1/29/2026,MVB,A8373VC,Bekasi,Jabodetabek,Pertalite,10.03,Customer,11,2.46,5,9,119300,#N/A,Jawa,BEKASI,MINI VAN BOX,Internal,JabodetabekBEKASIMINI VAN BOX,Dalam Kota,,,,1,REGULAR,6:45:00,515120,#N/A
260129C020,KLS,1/29/2026,CDELC,A8503ZX,Bogor,Jabodetabek,Solar,13.02,Customer,8,1.19,8,6,164036,574063,Jawa,BOGOR,CDE,Internal,JabodetabekBOGORCDE,Dalam Kota,,,,1,REGULAR,7:11:00,257560,152467
260129C021,KLS,1/29/2026,MVB,A8983VB,Bekasi,Jabodetabek,Pertalite,9.39,Customer,20,3.13,5,9,117900,506860,Jawa,BEKASI,MINI VAN BOX,Internal,JabodetabekBEKASIMINI VAN BOX,Dalam Kota,,,,1,REGULAR,8:22:00,257560,131400
260129C022,KLS,1/29/2026,PICKUP,A8721ZV,Jakarta Timur,Jabodetabek,Pertalite,11.46,Customer,6,1.34,3,6,170100,791053,Jawa,JAKARTA TIMUR,PICKUP,Internal,JabodetabekJAKARTA TIMURPICKUP,Dalam Kota,,,,1,REGULAR,7:16:00,515120,105833
260129C023,KLS,1/29/2026,MVB,A8017VC,Jakarta Utara,Jabodetabek,Pertalite,11.33,Customer,6,5.0,5,4,193300,736560,Jawa,JAKARTA UTARA,MINI VAN BOX,Internal,JabodetabekJAKARTA UTARAMINI VAN BOX,Dalam Kota,,,,1,REGULAR,8:31:00,257560,285700
260129C024,KLS,1/29/2026,CDELC,A8048ZX,Subang,Jawa Barat,Solar,22.6,Customer,3,11.0,11,3,295680,705707,Jawa,SUBANG,CDE LONG CHASSIS,Internal,Jawa BaratSUBANGCDE LONG CHASSIS,DALAM KOTA,,,,1,REGULAR,7:40:00,257560,152467
260129C026,KLS,1/29/2026,CDELC,A8339ZS,Jakarta Timur,Jabodetabek,Solar,14,Customer,7,1.32,8,5,141200,921920,Jawa,JAKARTA TIMUR,CDE PICKUP,Internal,JabodetabekJAKARTA TIMURCDE PICKUP,Dalam Kota,,,,1,REGULAR,7:32:00,515120,265600
260129C027,KLS,1/29/2026,CDDLC,B9190SDB,Karawang Selatan,Jabodetabek,Solar,12.09,Customer,1,7.68,11,1,131212,585005,Jawa,KARAWANG SELATAN,CDD PICKUP,Internal,JabodetabekKARAWANG SELATANCDD PICKUP,Dalam Kota,,,,1,REGULAR,6:47:00,257560,196233
260129C028,KLS,1/29/2026,CDELC,A8486VC,Karawang,Jabodetabek,Solar,14.73,Customer,1,5.54,8,1,185164,#N/A,Jawa,KARAWANG,CDE PICKUP,Internal,JabodetabekKARAWANGCDE PICKUP,Dalam Kota,,,,1,REGULAR,7:37:00,257560,#N/A
260129L001,KLS,1/29/2026,CDELC,A8520VC,Sukabumi,Jawa Barat,Solar,32.78,Store,19,3.4,11,1,393904,#N/A,Jawa,SUKABUMI,CDE LONG CHASSIS,Internal,Jawa BaratSUKABUMICDE LONG CHASSIS,Luar Kota,,,,1,REGULAR,10:35:00,257560,#N/A
260129L002,KLS,1/29/2026,CDDLC,A8288YX,Bandung,Jawa Barat,,,Store,18,1.9,16,1,811500,1258027,Jawa,BANDUNG,CDD LONG CHASSIS,Internal,Jawa BaratBANDUNGCDD LONG CHASSIS,Luar Kota,,,,1,REGULAR,10:15:00,257560,188967
260129C029,KLS,1/29/2026,MVB,A8553VB,Bekasi,Jabodetabek,Pertalite,8.01,Customer,10,4.4,5,5,123600,770120,Jawa,BEKASI,MINI VAN BOX,Internal,JabodetabekBEKASIMINI VAN BOX,Dalam Kota,,,,1,REGULAR,5:13:00,515120,131400
260129C031,KLS,1/29/2026,CDELC,B9044BRO,Jakarta Utara,Jabodetabek,Solar,19.56,Customer,4,4.62,11,2,303008,988992,Jawa,JAKARTA UTARA,CDE LONG CHASSIS,Internal,JabodetabekJAKARTA UTARACDE LONG CHASSIS,Dalam Kota,,,,1,REGULAR,10:27:00,515120,170864
260129C032,KLS,1/29/2026,CDELC,A8159ZC,Jakarta Barat,Jabodetabek,Solar,21.07,Customer,44,11.0,11,2,263276,703703,Jawa,JAKARTA BARAT,CDE LONG CHASSIS,Internal,JabodetabekJAKARTA BARATCDE LONG CHASSIS,Dalam Kota,,,,1,REGULAR,8:41:00,257560,182867
260129S010,KLS,1/29/2026,CDELC,A8020VC,Jakarta Utara,Jabodetabek,Solar,16.92,Customer via Hub,14,2.39,11,7,379556,665256,Jawa,JAKARTA UTARA,CDE LONG CHASSIS,Internal,JabodetabekJAKARTA UTARACDE LONG CHASSIS,Dalam Kota,,,,1,REGULAR,9:59:00,,285700
260129S004,KLS,1/29/2026,MVB,A8437ZH,Tangerang,Jabodetabek,Pertalite,10.01,Customer via Hub,10,1.18,5,2,100100,210700,Jawa,TANGERANG,MINI VAN BOX,Internal,JabodetabekTANGERANGMINI VAN BOX,Dalam Kota,,,,1,REGULAR,10:58:00,,110600
260129S003,KLS,1/29/2026,CDELC,A8481ZH,Cilegon,Banten,Solar,28.33,Customer via Hub,26,2.52,11,4,114670,335837,Jawa,CILEGON,CDE LONG CHASSIS,Internal,BantenCILEGONCDE LONG CHASSIS,Dalam Kota,,,,1,REGULAR,11:41:00,,221167
260129S013,KLS,1/29/2026,MVB,A8537ZF,Tangerang,Jabodetabek,Pertalite,12.25,Customer via Hub,9,5.0,5,7,183000,293600,Jawa,TANGERANG,MINI VAN BOX,Internal,JabodetabekTANGERANGMINI VAN BOX,Dalam Kota,,,,1,REGULAR,10:47:00,,110600
260129S001,KLS,1/29/2026,CDELC,A8717VB,Jakarta Barat,Jabodetabek,,,Customer via Hub,18,2.51,11,4,,285700,Jawa,JAKARTA BARAT,CDE LONG CHASSIS,Internal,JabodetabekJAKARTA BARATCDE LONG CHASSIS,Dalam Kota,,,,1,REGULAR,10:56:00,,285700
260129S005,KLS,1/29/2026,CDELC,A8757VB,Tangerang,Jabodetabek,Solar,14.63,Customer via Hub,11,11.0,11,8,123984,409684,Jawa,TANGERANG,CDE LONG CHASSIS,Internal,JabodetabekTANGERANGCDE LONG CHASSIS,Dalam Kota,,,,1,REGULAR,6:45:00,,285700
260129S009,KLS,1/29/2026,CDELC,A8759VB,Jakarta Pusat,Jabodetabek,Solar,13.23,Customer via Hub,13,11.0,11,6,89964,375664,Jawa,JAKARTA PUSAT,CDE LONG CHASSIS,Internal,JabodetabekJAKARTA PUSATCDE LONG CHASSIS,Dalam Kota,,,,1,REGULAR,9:08:00,,285700
260129S011,KLS,1/29/2026,CDELC,A8801XZ,Serang,Banten,Solar,7317.85,Customer via Hub,35,4.61,7,7,165132,315865,Jawa,SERANG,CDE PICK UP,Internal,BantenSERANGCDE PICK UP,Dalam Kota,,,,1,REGULAR,7:33:00,,150733
260129S006,KLS,1/29/2026,CDELC,A8910VB,Tangerang,Jabodetabek,Solar,17.19,Customer via Hub,13,1.56,11,6,116925,402625,Jawa,TANGERANG,CDE LONG CHASSIS,Internal,JabodetabekTANGERANGCDE LONG CHASSIS,Dalam Kota,,,,1,REGULAR,7:54:00,,285700
260129S012,KLS,1/29/2026,CDELC,A8912VB,Tangerang,Jabodetabek,Solar,11.75,Customer via Hub,25,1.4,11,5,127900,393193,Jawa,TANGERANG,CDE LONG CHASSIS,Internal,JabodetabekTANGERANGCDE LONG CHASSIS,Dalam Kota,,,,1,REGULAR,9:34:00,,265293
260129S008,KLS,1/29/2026,MVB,B9064SMV,Jakarta Selatan,Jabodetabek,,,Customer via Hub,12,5.0,5,4,55000,#N/A,Jawa,JAKARTA SELATAN,MINI VAN BOX,Internal,JabodetabekJAKARTA SELATANMINI VAN BOX,Dalam Kota,,,,1,REGULAR,10:45:00,,#N/A
260129S007,KLS,1/29/2026,MVB,B9710SCE,Jakarta Selatan,Jabodetabek,Pertalite,10.5,Customer via Hub,10,5.0,5,7,105000,#N/A,Jawa,JAKARTA SELATAN,MINI VAN BOX,Internal,JabodetabekJAKARTA SELATANMINI VAN BOX,Dalam Kota,,,,1,REGULAR,9:26:00,,#N/A
260130H001,KLS,1/30/2026,WINGBOX,B9055BEN,Jakarta Barat,Jabodetabek,Solar,33.42,HUB,303,27.23,42,3,309256,737680,Jawa,JAKARTA BARAT,WINGBOX,Internal,JabodetabekJAKARTA BARATWINGBOX,Dalam Kota,,,,1,REGULAR,5:56:00,257560,170864
260130C003,KLS,1/30/2026,CDELC,A8503ZX,Depok,Jabodetabek,Solar,17.78,Customer,39,5.68,8,9,223904,633931,Jawa,DEPOK,CDE,Internal,JabodetabekDEPOKCDE,Dalam Kota,,,,1,REGULAR,9:17:00,257560,152467
260130C004,KLS,1/30/2026,CDELC,B9044BRO,Jakarta Utara,Jabodetabek,Solar,18.47,Customer,29,6.81,11,8,242596,928580,Jawa,JAKARTA UTARA,CDE LONG CHASSIS,Internal,JabodetabekJAKARTA UTARACDE LONG CHASSIS,Dalam Kota,,,,1,REGULAR,11:47:00,515120,170864
260130C006,KLS,1/30/2026,MVB,A8504ZX,Purwakarta,Jawa Barat,Pertalite,17.5,Customer,9,5.0,5,6,337000,668660,Jawa,PURWAKARTA,MINI VAN BOX,Internal,Jawa BaratPURWAKARTAMINI VAN BOX,Dalam Kota,,,,1,REGULAR,11:58:00,257560,74100
260130C009,KLS,1/30/2026,PICKUP,A8721ZV,Bekasi,Jabodetabek,Pertalite,8.66,Customer,10,1.27,3,5,105600,726553,Jawa,BEKASI,PICKUP,Internal,JabodetabekBEKASIPICKUP,Dalam Kota,,,,1,REGULAR,6:14:00,515120,105833
260130C010,KLS,1/30/2026,CDELC,A8159ZC,Bekasi,Jabodetabek,Solar,11.03,Customer,14,11.0,11,8,94004,534431,Jawa,BEKASI,CDE LONG CHASSIS,Internal,JabodetabekBEKASICDE LONG CHASSIS,Dalam Kota,,,,1,REGULAR,8:43:00,257560,182867
260130C012,KLS,1/30/2026,MVB,A8304VC,Bekasi,Jabodetabek,Pertalite,12.23,Customer,28,2.34,5,10,210300,#N/A,Jawa,BEKASI,MINI VAN BOX,Internal,JabodetabekBEKASIMINI VAN BOX,Dalam Kota,,,,1,REGULAR,7:19:00,515120,#N/A
260130C013,KLS,1/30/2026,CDELC,A8339ZS,Jakarta Utara,Jabodetabek,Solar,16.81,Customer,4,7.29,8,4,286308,809468,Jawa,JAKARTA UTARA,CDE PICKUP,Internal,JabodetabekJAKARTA UTARACDE PICKUP,Dalam Kota,,,,1,REGULAR,8:12:00,257560,265600
260130C014,KLS,1/30/2026,CDELC,A8098ZH,Purwakarta,Jawa Barat,Solar,16.41,Customer,32,5.48,11,6,200088,678815,Jawa,PURWAKARTA,CDE LONG CHASSIS,Internal,Jawa BaratPURWAKARTACDE LONG CHASSIS,Dalam Kota,,,,1,REGULAR,9:42:00,257560,221167
260130C016,KLS,1/30/2026,CDELC,A8432ZS,Bogor,Jabodetabek,Solar,24.54,Customer,9,5.22,11,8,305872,1078042,Jawa,BOGOR,CDE LONG CHASSIS,Internal,JabodetabekBOGORCDE LONG CHASSIS,Dalam Kota,,,,1,REGULAR,9:22:00,515120,257050
260130C017,KLS,1/30/2026,CDELC,A8002XW,Jakarta Utara,Jabodetabek,Solar,15.33,Customer,5,7.0,11,5,231244,898831,Jawa,JAKARTA UTARA,CDE LONG CHASSIS,Internal,JabodetabekJAKARTA UTARACDE LONG CHASSIS,Dalam Kota,,,,1,REGULAR,10:09:00,515120,152467
260130C018,KLS,1/30/2026,MVB,A8983VB,Bekasi,Jabodetabek,Pertalite,9.79,Customer,26,2.33,5,9,148900,537860,Jawa,BEKASI,MINI VAN BOX,Internal,JabodetabekBEKASIMINI VAN BOX,Dalam Kota,,,,1,REGULAR,9:36:00,257560,131400
260130C019,KLS,1/30/2026,CDELC,A8505VC,Karawang Selatan,Jabodetabek,Solar,14.98,Customer,8,1.19,11,8,134864,#N/A,Jawa,KARAWANG SELATAN,CDE LONG CHASSIS,Internal,JabodetabekKARAWANG SELATANCDE LONG CHASSIS,Dalam Kota,,,,1,REGULAR,7:08:00,515120,#N/A
260130C021,KLS,1/30/2026,MVB,B9642SCE,Bogor,Jabodetabek,Pertalite,11.48,Customer,21,1.04,5,9,171300,521627,Jawa,BOGOR,MINI VAN BOX,Internal,JabodetabekBOGORMINI VAN BOX,Dalam Kota,,,,1,REGULAR,8:22:00,257560,92767
260130C022,KLS,1/30/2026,MVB,A8876ZX,Bogor,Jabodetabek,Pertalite,19.8,Customer,30,2.93,5,7,275000,594636,Jawa,BOGOR,MINI VAN BOX,Internal,JabodetabekBOGORMINI VAN BOX,Dalam Kota,,,,1,REGULAR,12:07:00,257560,62076
260130C023,KLS,1/30/2026,MVB,A8373VC,Jakarta Timur,Jabodetabek,Pertalite,14.06,Customer,18,1.54,5,8,231600,#N/A,Jawa,JAKARTA TIMUR,MINI VAN BOX,Internal,JabodetabekJAKARTA TIMURMINI VAN BOX,Dalam Kota,,,,1,REGULAR,10:52:00,257560,#N/A
260130C024,KLS,1/30/2026,CDELC,A8520VC,Jakarta Timur,Jabodetabek,Solar,14.43,Customer,17,9.6,11,7,171124,#N/A,Jawa,JAKARTA TIMUR,CDE LONG CHASSIS,Internal,JabodetabekJAKARTA TIMURCDE LONG CHASSIS,Dalam Kota,,,,1,REGULAR,8:31:00,257560,#N/A
260130C025,KLS,1/30/2026,MVB,A8553VB,Jakarta Timur,Jabodetabek,Pertalite,8.93,Customer,4,5.0,5,4,125300,771820,Jawa,JAKARTA TIMUR,MINI VAN BOX,Internal,JabodetabekJAKARTA TIMURMINI VAN BOX,Dalam Kota,,,,1,REGULAR,6:05:00,515120,131400
260130C026,KLS,1/30/2026,MOTOR,B5709BLU,Bekasi,Jabodetabek,Pertalite,1.1,Customer,6,0.14,0.14,6,14000,271590,Jawa,BEKASI,MOTOR BOX,Internal,JabodetabekBEKASIMOTOR BOX,Dalam Kota,,,,1,REGULAR,6:04:00,257560,30
260130C027,KLS,1/30/2026,CDELC,A8476VC,Karawang Selatan,Jabodetabek,Solar,14.05,Customer,15,11.0,11,3,139040,#N/A,Jawa,KARAWANG SELATAN,CDE LONG CHASSIS,Internal,JabodetabekKARAWANG SELATANCDE LONG CHASSIS,Dalam Kota,,,,1,REGULAR,7:10:00,257560,#N/A
260130C029,KLS,1/30/2026,MVB,A8017VC,Bogor,Jabodetabek,Pertalite,14.6,Customer,8,5.0,5,5,204000,747260,Jawa,BOGOR,MINI VAN BOX,Internal,JabodetabekBOGORMINI VAN BOX,Dalam Kota,,,,1,REGULAR,9:05:00,257560,285700
260130C030,KLS,1/30/2026,CDELC,A8486VC,Bekasi,Jabodetabek,Solar,10.98,Customer,18,7.21,8,3,78664,#N/A,Jawa,BEKASI,CDE PICKUP,Internal,JabodetabekBEKASICDE PICKUP,Dalam Kota,,,,1,REGULAR,6:38:00,515120,#N/A
260130C031,KLS,1/30/2026,CDDLC,B9190SDB,Tangerang,Jabodetabek,Solar,35.04,Customer,6,9.64,11,4,392272,846065,Jawa,TANGERANG,CDD PICKUP,Internal,JabodetabekTANGERANGCDD PICKUP,Dalam Kota,,,,1,REGULAR,26:34:00,257560,196233
260130C032,KLS,1/30/2026,CDELC,A8048ZX,Jakarta Selatan,Jabodetabek,Solar,19.71,Customer,4,9.3,11,3,211528,879115,Jawa,JAKARTA SELATAN,CDE LONG CHASSIS,Internal,JabodetabekJAKARTA SELATANCDE LONG CHASSIS,Dalam Kota,,,,1,REGULAR,10:10:00,515120,152467
260130C033,KLS,1/30/2026,CDDLC,A8976XY,Jakarta Utara,Jabodetabek,Solar,15.88,Customer,1,9.58,16,1,183984,888071,Jawa,JAKARTA UTARA,CDD LONG CHASSIS,Internal,JabodetabekJAKARTA UTARACDD LONG CHASSIS,Dalam Kota,,,,1,REGULAR,6:32:00,515120,188967
260130C034,KLS,1/30/2026,CDDLC,A8961VB,Serang,Banten,Solar,35.39,Customer,2,9.7,11,1,460152,1287905,Jawa,SERANG,CDD PICKUP,Internal,BantenSERANGCDD PICKUP,Dalam Kota,,,,1,REGULAR,14:40:00,515120,312633
260130C035,KLS,1/30/2026,WINGBOX,B9068BEN,Jakarta Utara,Jabodetabek,Solar,29.76,Customer,3,18.07,42,2,393368,821792,Jawa,JAKARTA UTARA,WINGBOX,Internal,JabodetabekJAKARTA UTARAWINGBOX,Dalam Kota,,,,1,REGULAR,9:26:00,257560,170864
260130C036,KLS,1/30/2026,MVB,B9320SCE,Karawang Selatan,Jabodetabek,Pertalite,13.35,Customer,5,5.0,5,2,231000,574700,Jawa,KARAWANG SELATAN,MINI VAN BOX,Internal,JabodetabekKARAWANG SELATANMINI VAN BOX,Dalam Kota,,,,1,REGULAR,5:33:00,257560,86140
260130C037,KLS,1/30/2026,PICKUP,A8268VC,Jakarta Barat,Jabodetabek,Pertalite,27.15,Customer,2,2.77,3,1,246620,790780,Jawa,JAKARTA BARAT,PICKUP,Internal,JabodetabekJAKARTA BARATPICKUP,Dalam Kota,,,,1,REGULAR,6:46:00,257560,286600
260130S001,KLS,1/30/2026,CDELC,A8020VC,Jakarta Barat,Jabodetabek,,,Customer via Hub,33,3.76,11,8,,285700,Jawa,JAKARTA BARAT,CDE LONG CHASSIS,Internal,JabodetabekJAKARTA BARATCDE LONG CHASSIS,Dalam Kota,,,,1,REGULAR,9:35:00,,285700
260130S005,KLS,1/30/2026,MVB,A8437ZH,Tangerang,Jabodetabek,Pertalite,7.5,Customer via Hub,42,4.23,5,6,139000,249600,Jawa,TANGERANG,MINI VAN BOX,Internal,JabodetabekTANGERANGMINI VAN BOX,Dalam Kota,,,,1,REGULAR,6:36:00,,110600
260130S003,KLS,1/30/2026,CDELC,A8481ZH,Cilegon,Banten,Solar,26.83,Customer via Hub,28,3.54,11,5,161,221328,Jawa,CILEGON,CDE LONG CHASSIS,Internal,BantenCILEGONCDE LONG CHASSIS,Dalam Kota,,,,1,REGULAR,12:41:00,,221167
260130S012,KLS,1/30/2026,MVB,A8537ZF,Tangerang,Jabodetabek,Pertalite,9.4,Customer via Hub,25,1.03,5,8,145500,256100,Jawa,TANGERANG,MINI VAN BOX,Internal,JabodetabekTANGERANGMINI VAN BOX,Dalam Kota,,,,1,REGULAR,7:47:00,,110600
260130S013,KLS,1/30/2026,CDELC,A8717VB,Jakarta Utara,Jabodetabek,Solar,10.31,Customer via Hub,14,11.0,11,6,136608,422308,Jawa,JAKARTA UTARA,CDE LONG CHASSIS,Internal,JabodetabekJAKARTA UTARACDE LONG CHASSIS,Dalam Kota,,,,1,REGULAR,6:40:00,,285700
260130S006,KLS,1/30/2026,CDELC,A8721VB,Tangerang,Jabodetabek,,,Customer via Hub,20,6.12,11,6,,285700,Jawa,TANGERANG,CDE LONG CHASSIS,Internal,JabodetabekTANGERANGCDE LONG CHASSIS,Dalam Kota,,,,1,REGULAR,11:52:00,,285700
260130S007,KLS,1/30/2026,CDELC,A8759VB,Tangerang,Jabodetabek,Solar,10.15,Customer via Hub,24,2.34,11,5,69020,354720,Jawa,TANGERANG,CDE LONG CHASSIS,Internal,JabodetabekTANGERANGCDE LONG CHASSIS,Dalam Kota,,,,1,REGULAR,6:54:00,,285700
260130S004,KLS,1/30/2026,CDELC,A8801XZ,Serang,Banten,Solar,17.21,Customer via Hub,17,1.52,7,4,128528,279261,Jawa,SERANG,CDE PICK UP,Internal,BantenSERANGCDE PICK UP,Dalam Kota,,,,1,REGULAR,9:41:00,,150733
260130S010,KLS,1/30/2026,CDELC,A8910VB,Jakarta Utara,Jabodetabek,Solar,13.46,Customer via Hub,23,2.11,11,7,152028,437728,Jawa,JAKARTA UTARA,CDE LONG CHASSIS,Internal,JabodetabekJAKARTA UTARACDE LONG CHASSIS,Dalam Kota,,,,1,REGULAR,9:14:00,,285700
260130S011,KLS,1/30/2026,CDELC,A8912VB,Tangerang,Jabodetabek,Solar,7079.56,Customer via Hub,17,2.23,11,4,188932,454225,Jawa,TANGERANG,CDE LONG CHASSIS,Internal,JabodetabekTANGERANGCDE LONG CHASSIS,Dalam Kota,,,,1,REGULAR,10:17:00,,265293
260130S009,KLS,1/30/2026,MVB,B9064SMV,Jakarta Selatan,Jabodetabek,,,Customer via Hub,23,1.06,5,8,35000,#N/A,Jawa,JAKARTA SELATAN,MINI VAN BOX,Internal,JabodetabekJAKARTA SELATANMINI VAN BOX,Dalam Kota,,,,1,REGULAR,7:11:00,,#N/A
260130S008,KLS,1/30/2026,MVB,B9710SCE,Jakarta Selatan,Jabodetabek,Pertalite,10.45,Customer via Hub,38,2.52,5,11,203000,#N/A,Jawa,JAKARTA SELATAN,MINI VAN BOX,Internal,JabodetabekJAKARTA SELATANMINI VAN BOX,Dalam Kota,,,,1,REGULAR,9:55:00,,#N/A
260131C002,KLS,1/31/2026,CDELC,A8476VC,Bekasi,Jabodetabek,Solar,13.69,Customer,8,4.18,11,7,139592,#N/A,Jawa,BEKASI,CDE LONG CHASSIS,Internal,JabodetabekBEKASICDE LONG CHASSIS,Dalam Kota,,,,1,REGULAR,5:37:00,515120,#N/A
260131C003,KLS,1/31/2026,MVB,A8304VC,Bogor,Jabodetabek,Pertalite,16.04,Customer,7,5.0,5,5,201400,#N/A,Jawa,BOGOR,MINI VAN BOX,Internal,JabodetabekBOGORMINI VAN BOX,Dalam Kota,,,,1,REGULAR,9:32:00,515120,#N/A
260131C004,KLS,1/31/2026,MVB,A8373VC,Depok,Jabodetabek,Pertalite,15.08,Customer,9,5.0,5,5,252300,#N/A,Jawa,DEPOK,MINI VAN BOX,Internal,JabodetabekDEPOKMINI VAN BOX,Dalam Kota,,,,1,REGULAR,9:55:00,257560,#N/A
260131C005,KLS,1/31/2026,MVB,B9320SCE,Purwakarta,Jawa Barat,Pertalite,12.6,Customer,14,5.0,5,5,221000,564700,Jawa,PURWAKARTA,MINI VAN BOX,Internal,Jawa BaratPURWAKARTAMINI VAN BOX,Dalam Kota,,,,1,REGULAR,-14:40:00,257560,86140
260131C006,KLS,1/31/2026,MVB,A8017VC,Jakarta Pusat,Jabodetabek,Pertalite,11.14,Customer,9,5.0,5,6,178400,721660,Jawa,JAKARTA PUSAT,MINI VAN BOX,Internal,JabodetabekJAKARTA PUSATMINI VAN BOX,Dalam Kota,,,,1,REGULAR,6:50:00,257560,285700
260131C008,KLS,1/31/2026,MVB,B9642SCE,Jakarta Utara,Jabodetabek,Pertalite,9.23,Customer,7,5.0,5,4,147300,497627,Jawa,JAKARTA UTARA,MINI VAN BOX,Internal,JabodetabekJAKARTA UTARAMINI VAN BOX,Dalam Kota,,,,1,REGULAR,5:08:00,257560,92767
260131C009,KLS,1/31/2026,CDDLC,A8976XY,Tangerang,Jabodetabek,Solar,23.29,Customer,9,16.0,16,2,289372,735899,Jawa,TANGERANG,CDD LONG CHASSIS,Internal,JabodetabekTANGERANGCDD LONG CHASSIS,Dalam Kota,,,,1,REGULAR,9:36:00,257560,188967
260131C010,KLS,1/31/2026,MVB,A8983VB,Tangerang,Jabodetabek,Pertalite,13.75,Customer,4,5.0,5,4,212000,600960,Jawa,TANGERANG,MINI VAN BOX,Internal,JabodetabekTANGERANGMINI VAN BOX,Dalam Kota,,,,1,REGULAR,8:54:00,257560,131400
260131C011,KLS,1/31/2026,CDELC,A8520VC,Cilegon,Banten,Solar,28.96,Customer,13,2.6,11,3,415928,#N/A,Jawa,CILEGON,CDE LONG CHASSIS,Internal,BantenCILEGONCDE LONG CHASSIS,Dalam Kota,,,,1,REGULAR,9:31:00,257560,#N/A
260131C013,KLS,1/31/2026,MVB,A8553VB,Jakarta Barat,Jabodetabek,Pertalite,14.18,Customer,5,5.0,5,2,251300,640260,Jawa,JAKARTA BARAT,MINI VAN BOX,Internal,JabodetabekJAKARTA BARATMINI VAN BOX,Dalam Kota,,,,1,REGULAR,1:21:00,257560,131400
260131C015,KLS,1/31/2026,CDDLC,A8961VB,Bekasi,Jabodetabek,Solar,10.49,Customer,16,3.36,11,6,71332,899085,Jawa,BEKASI,CDD PICKUP,Internal,JabodetabekBEKASICDD PICKUP,Dalam Kota,,,,1,REGULAR,5:19:00,515120,312633
260131C016,KLS,1/31/2026,CDELC,A8486VC,Jakarta Utara,Jabodetabek,Solar,11.07,Customer,2,8.0,8,1,153276,#N/A,Jawa,JAKARTA UTARA,CDE PICKUP,Internal,JabodetabekJAKARTA UTARACDE PICKUP,Dalam Kota,,,,1,REGULAR,5:33:00,257560,#N/A
260131C017,KLS,1/31/2026,CDELC,A8505VC,Bogor,Jabodetabek,Solar,17.72,Customer,7,3.86,11,4,154496,#N/A,Jawa,BOGOR,CDE LONG CHASSIS,Internal,JabodetabekBOGORCDE LONG CHASSIS,Dalam Kota,,,,1,REGULAR,5:25:00,515120,#N/A
260131C018,KLS,1/31/2026,PICKUP,A8721ZV,Jakarta Utara,Jabodetabek,Pertalite,14.81,Customer,3,1.22,3,3,219100,840053,Jawa,JAKARTA UTARA,PICKUP,Internal,JabodetabekJAKARTA UTARAPICKUP,Dalam Kota,,,,1,REGULAR,8:42:00,515120,105833
260131C019,KLS,1/31/2026,MVB,A8876ZX,Bekasi,Jabodetabek,Pertalite,6.44,Customer,1,5.0,5,1,64400,384036,Jawa,BEKASI,MINI VAN BOX,Internal,JabodetabekBEKASIMINI VAN BOX,Dalam Kota,,,,1,REGULAR,3:14:00,257560,62076
260131L001,KLS,1/31/2026,CDDLC,A8908XY,Bandung,Jawa Barat,Solar,31.25,Store,11,16.0,16,1,811500,1237780,Jawa,BANDUNG,CDD LONG CHASSIS,Internal,Jawa BaratBANDUNGCDD LONG CHASSIS,Luar Kota,,,,1,REGULAR,9:02:00,257560,168720
260202C001,KLS,2/2/2026,PICKUP,A8721ZV,Bekasi,Jabodetabek,Pertalite,5.24,Customer,1,3.0,3,1,61900,425293,Jawa,BEKASI,PICKUP,Internal,JabodetabekBEKASIPICKUP,Dalam Kota,,,,2,REGULAR,4:30:00,257560,105833
260202H001,KLS,2/2/2026,FUSO,A8096XA,Jakarta Barat,Jabodetabek,Solar,26.97,HUB,166,14.47,34,6,265396,827256,Jawa,JAKARTA BARAT,FUSO,Internal,JabodetabekJAKARTA BARATFUSO,Dalam Kota,,,,2,REGULAR,10:08:00,257560,304300
260202C003,KLS,2/2/2026,CDELC,A8505VC,Karawang Selatan,Jabodetabek,Solar,17.69,Customer,23,11.0,11,11,136792,#N/A,Jawa,KARAWANG SELATAN,CDE LONG CHASSIS,Internal,JabodetabekKARAWANG SELATANCDE LONG CHASSIS,Dalam Kota,,,,2,REGULAR,9:24:00,515120,#N/A
260202C004,KLS,2/2/2026,MVB,A8304VC,Bogor,Jabodetabek,Pertalite,16.75,Customer,4,3.0,5,1,318500,#N/A,Jawa,BOGOR,MINI VAN BOX,Internal,JabodetabekBOGORMINI VAN BOX,Dalam Kota,,,,2,REGULAR,6:35:00,515120,#N/A
260202C005,KLS,2/2/2026,MVB,B9642SCE,Bogor,Jabodetabek,Pertalite,13.81,Customer,13,5.0,5,2,194600,802487,Jawa,BOGOR,MINI VAN BOX,Internal,JabodetabekBOGORMINI VAN BOX,Dalam Kota,,,,2,REGULAR,8:05:00,515120,92767
260202C006,KLS,2/2/2026,MVB,A8373VC,Jakarta Timur,Jabodetabek,Pertalite,11.6,Customer,7,2.0,5,1,193000,#N/A,Jawa,JAKARTA TIMUR,MINI VAN BOX,Internal,JabodetabekJAKARTA TIMURMINI VAN BOX,Dalam Kota,,,,2,REGULAR,7:06:00,515120,#N/A
260202C008,KLS,2/2/2026,MVB,A8017VC,Jakarta Utara,Jabodetabek,Pertalite,11.46,Customer,7,4.7,5,6,185600,728860,Jawa,JAKARTA UTARA,MINI VAN BOX,Internal,JabodetabekJAKARTA UTARAMINI VAN BOX,Dalam Kota,,,,2,REGULAR,8:49:00,257560,285700
260202C009,KLS,2/2/2026,MVB,A8553VB,Jakarta Timur,Jabodetabek,Pertalite,7.86,Customer,5,5.0,5,3,120600,509560,Jawa,JAKARTA TIMUR,MINI VAN BOX,Internal,JabodetabekJAKARTA TIMURMINI VAN BOX,Dalam Kota,,,,2,REGULAR,6:26:00,257560,131400
260202C010,KLS,2/2/2026,CDELC,A8520VC,Bekasi,Jabodetabek,Solar,12.94,Customer,8,7.4,11,4,136992,#N/A,Jawa,BEKASI,CDE LONG CHASSIS,Internal,JabodetabekBEKASICDE LONG CHASSIS,Dalam Kota,,,,2,REGULAR,6:41:00,515120,#N/A
260202C011,KLS,2/2/2026,MVB,A8983VB,Bekasi,Jabodetabek,Pertalite,7.99,Customer,19,4.2,5,5,107900,496860,Jawa,BEKASI,MINI VAN BOX,Internal,JabodetabekBEKASIMINI VAN BOX,Dalam Kota,,,,2,REGULAR,7:45:00,257560,131400
260202C012,KLS,2/2/2026,CDDLC,A8976XY,Bekasi,Jabodetabek,Solar,9.18,Customer,13,4.33,16,2,62424,766511,Jawa,BEKASI,CDD LONG CHASSIS,Internal,JabodetabekBEKASICDD LONG CHASSIS,Dalam Kota,,,,2,REGULAR,7:47:00,515120,188967
260202C013,KLS,2/2/2026,MVB,A8876ZX,Bekasi,Jabodetabek,Pertalite,4.39,Customer,11,1.37,5,1,43900,363536,Jawa,BEKASI,MINI VAN BOX,Internal,JabodetabekBEKASIMINI VAN BOX,Dalam Kota,,,,2,REGULAR,5:28:00,257560,62076
260202C014,KLS,2/2/2026,CDELC,A8503ZX,Karawang Selatan,Jabodetabek,Solar,18.46,Customer,30,1.26,8,3,193528,603555,Jawa,KARAWANG SELATAN,CDE,Internal,JabodetabekKARAWANG SELATANCDE,Dalam Kota,,,,2,REGULAR,9:37:00,257560,152467
260202C015,KLS,2/2/2026,MVB,A8504ZX,Purwakarta,Jawa Barat,Pertalite,16.32,Customer,5,5.0,5,1,292700,624360,Jawa,PURWAKARTA,MINI VAN BOX,Internal,Jawa BaratPURWAKARTAMINI VAN BOX,Dalam Kota,,,,2,REGULAR,8:03:00,257560,74100
260202C016,KLS,2/2/2026,CDELC,A8476VC,Karawang Selatan,Jabodetabek,Solar,17.19,Customer,23,4.23,11,4,170892,#N/A,Jawa,KARAWANG SELATAN,CDE LONG CHASSIS,Internal,JabodetabekKARAWANG SELATANCDE LONG CHASSIS,Dalam Kota,,,,2,REGULAR,9:18:00,515120,#N/A
260202C017,KLS,2/2/2026,CDELC,A8159ZC,Bekasi,Jabodetabek,Solar,13.6,Customer,11,7.4,11,3,111480,809467,Jawa,BEKASI,CDE LONG CHASSIS,Internal,JabodetabekBEKASICDE LONG CHASSIS,Dalam Kota,,,,2,REGULAR,8:47:00,515120,182867
260202C018,KLS,2/2/2026,CDELC,A8432ZS,Bogor,Jabodetabek,Solar,23.84,Customer,19,5.22,11,2,277112,1049282,Jawa,BOGOR,CDE LONG CHASSIS,Internal,JabodetabekBOGORCDE LONG CHASSIS,Dalam Kota,,,,2,REGULAR,10:16:00,515120,257050
260202C019,KLS,2/2/2026,CDELC,A8002XW,Depok,Jabodetabek,Solar,16.69,Customer,16,2.08,11,2,250992,918579,Jawa,DEPOK,CDE LONG CHASSIS,Internal,JabodetabekDEPOKCDE LONG CHASSIS,Dalam Kota,,,,2,REGULAR,6:53:00,515120,152467
260202C020,KLS,2/2/2026,CDDLC,A8961VB,Jakarta Utara,Jabodetabek,Solar,20.92,Customer,8,6.45,11,4,241756,1069509,Jawa,JAKARTA UTARA,CDD PICKUP,Internal,JabodetabekJAKARTA UTARACDD PICKUP,Dalam Kota,,,,2,REGULAR,8:36:00,515120,312633
260202C021,KLS,2/2/2026,MOTOR,B5709BLU,Bekasi,Jabodetabek,Pertalite,1.65,Customer,7,0.14,0.14,6,16500,274090,Jawa,BEKASI,MOTOR BOX,Internal,JabodetabekBEKASIMOTOR BOX,Dalam Kota,,,,2,REGULAR,7:40:00,257560,30
260202C022,KLS,2/2/2026,CDELC,A8339ZS,Tangerang,Jabodetabek,Solar,25.25,Customer,1,8.0,8,1,310200,833360,Jawa,TANGERANG,CDE PICKUP,Internal,JabodetabekTANGERANGCDE PICKUP,Dalam Kota,,,,2,REGULAR,35:04:00,257560,265600
260202C023,KLS,2/2/2026,CDELC,A8486VC,Bekasi,Jabodetabek,Solar,9.42,Customer,5,8.0,8,3,64056,#N/A,Jawa,BEKASI,CDE PICKUP,Internal,JabodetabekBEKASICDE PICKUP,Dalam Kota,,,,2,REGULAR,5:06:00,257560,#N/A
260202C024,KLS,2/2/2026,MVB,B9320SCE,Karawang Selatan,Jabodetabek,Pertalite,7.32,Customer,3,5.0,5,2,106200,449900,Jawa,KARAWANG SELATAN,MINI VAN BOX,Internal,JabodetabekKARAWANG SELATANMINI VAN BOX,Dalam Kota,,,,2,REGULAR,5:24:00,257560,86140
260202L001,KLS,2/2/2026,CDDLC,A8908XY,Cirebon,Jawa Barat,Solar,47.06,Store,55,15.07,16,1,792500,1218780,Jawa,CIREBON,CDD LONG CHASSIS,Internal,Jawa BaratCIREBONCDD LONG CHASSIS,Luar Kota,,,,2,REGULAR,11:24:00,257560,168720
260202S001,KLS,2/2/2026,CDELC,A8020VC,Jakarta Barat,Jabodetabek,,,Customer via Hub,11,1.98,11,5,102000,387700,Jawa,JAKARTA BARAT,CDE LONG CHASSIS,Internal,JabodetabekJAKARTA BARATCDE LONG CHASSIS,Dalam Kota,,,,2,REGULAR,8:14:00,,285700
260202S005,KLS,2/2/2026,MVB,A8437ZH,Jakarta Selatan,Jabodetabek,Pertalite,7.84,Customer via Hub,7,5.0,5,6,159400,270000,Jawa,JAKARTA SELATAN,MINI VAN BOX,Internal,JabodetabekJAKARTA SELATANMINI VAN BOX,Dalam Kota,,,,2,REGULAR,7:12:00,,110600
260202S009,KLS,2/2/2026,CDELC,A8481ZH,Tangerang,Jabodetabek,Solar,8.82,Customer via Hub,8,11.0,11,6,112000,333167,Jawa,TANGERANG,CDE LONG CHASSIS,Internal,JabodetabekTANGERANGCDE LONG CHASSIS,Dalam Kota,,,,2,REGULAR,8:07:00,,221167
260202S011,KLS,2/2/2026,MVB,A8537ZF,Tangerang,Jabodetabek,Pertalite,8.9,Customer via Hub,6,1.49,5,4,152500,263100,Jawa,TANGERANG,MINI VAN BOX,Internal,JabodetabekTANGERANGMINI VAN BOX,Dalam Kota,,,,2,REGULAR,7:24:00,,110600
260202S007,KLS,2/2/2026,CDELC,A8717VB,Jakarta Utara,Jabodetabek,Solar,11.03,Customer via Hub,13,11.0,11,8,134504,420204,Jawa,JAKARTA UTARA,CDE LONG CHASSIS,Internal,JabodetabekJAKARTA UTARACDE LONG CHASSIS,Dalam Kota,,,,2,REGULAR,6:17:00,,285700
260202S003,KLS,2/2/2026,CDELC,A8721VB,Tangerang,Jabodetabek,,,Customer via Hub,14,1.14,11,2,32000,317700,Jawa,TANGERANG,CDE LONG CHASSIS,Internal,JabodetabekTANGERANGCDE LONG CHASSIS,Dalam Kota,,,,2,REGULAR,9:16:00,,285700
260202S010,KLS,2/2/2026,CDELC,A8757VB,Tangerang,Jabodetabek,Solar,17498.67,Customer via Hub,11,11.0,11,5,121992,407692,Jawa,TANGERANG,CDE LONG CHASSIS,Internal,JabodetabekTANGERANGCDE LONG CHASSIS,Dalam Kota,,,,2,REGULAR,9:11:00,,285700
260202S004,KLS,2/2/2026,CDELC,A8759VB,Tangerang,Jabodetabek,Solar,13.08,Customer via Hub,12,11.0,11,5,88944,374644,Jawa,TANGERANG,CDE LONG CHASSIS,Internal,JabodetabekTANGERANGCDE LONG CHASSIS,Dalam Kota,,,,2,REGULAR,8:14:00,,285700
260202S008,KLS,2/2/2026,CDELC,A8801XZ,Serang,Banten,Solar,24.28,Customer via Hub,7,7.0,7,2,356604,507337,Jawa,SERANG,CDE PICK UP,Internal,BantenSERANGCDE PICK UP,Dalam Kota,,,,2,REGULAR,9:54:00,,150733
260202S002,KLS,2/2/2026,CDELC,A8910VB,Cilegon,Banten,Solar,6971.26,Customer via Hub,16,2.23,11,4,326724,612424,Jawa,CILEGON,CDE LONG CHASSIS,Internal,BantenCILEGONCDE LONG CHASSIS,Dalam Kota,,,,2,REGULAR,9:53:00,,285700
260202S006,KLS,2/2/2026,CDELC,A8912VB,Jakarta Pusat,Jabodetabek,Solar,10.43,Customer via Hub,10,11.0,11,5,137424,402717,Jawa,JAKARTA PUSAT,CDE LONG CHASSIS,Internal,JabodetabekJAKARTA PUSATCDE LONG CHASSIS,Dalam Kota,,,,2,REGULAR,9:35:00,,265293
260202S012,KLS,2/2/2026,MVB,B9710SCE,Jakarta Selatan,Jabodetabek,Pertalite,8.95,Customer via Hub,9,5.0,5,7,168000,#N/A,Jawa,JAKARTA SELATAN,MINI VAN BOX,Internal,JabodetabekJAKARTA SELATANMINI VAN BOX,Dalam Kota,,,,2,REGULAR,9:34:00,,#N/A
260203H001,KLS,2/3/2026,WINGBOX,B9068BEN,Jakarta Barat,Jabodetabek,Solar,29.9,HUB,151,27.55,42,5,285320,713744,Jawa,JAKARTA BARAT,WINGBOX,Internal,JabodetabekJAKARTA BARATWINGBOX,Dalam Kota,,,,2,REGULAR,42:51:00,257560,170864
260203C003,KLS,2/3/2026,MVB,A8876ZX,Jakarta Timur,Jabodetabek,Pertalite,11.03,Customer,4,3.2,5,1,212300,789496,Jawa,JAKARTA TIMUR,MINI VAN BOX,Internal,JabodetabekJAKARTA TIMURMINI VAN BOX,Dalam Kota,,,,2,REGULAR,9:30:00,515120,62076
260203C004,KLS,2/3/2026,MVB,A8553VB,Jakarta Timur,Jabodetabek,Pertalite,9.9,Customer,2,4.3,5,1,135000,523960,Jawa,JAKARTA TIMUR,MINI VAN BOX,Internal,JabodetabekJAKARTA TIMURMINI VAN BOX,Dalam Kota,,,,2,REGULAR,7:19:00,257560,131400
260203C005,KLS,2/3/2026,MVB,A8304VC,Bekasi,Jabodetabek,Pertalite,9.2,Customer,4,5.0,5,2,92000,#N/A,Jawa,BEKASI,MINI VAN BOX,Internal,JabodetabekBEKASIMINI VAN BOX,Dalam Kota,,,,2,REGULAR,6:10:00,515120,#N/A
260203C006,KLS,2/3/2026,MVB,B9320SCE,Bogor,Jabodetabek,Pertalite,12.62,Customer,7,5.0,5,6,176700,777960,Jawa,BOGOR,MINI VAN BOX,Internal,JabodetabekBOGORMINI VAN BOX,Dalam Kota,,,,2,REGULAR,8:47:00,515120,86140
260203C007,KLS,2/3/2026,CDELC,A8486VC,Bekasi,Jabodetabek,Solar,13.16,Customer,11,2.6,8,7,162000,#N/A,Jawa,BEKASI,CDE PICKUP,Internal,JabodetabekBEKASICDE PICKUP,Dalam Kota,,,,2,REGULAR,9:07:00,515120,#N/A
260203C008,KLS,2/3/2026,CDELC,A8048ZX,Karawang Selatan,Jabodetabek,Solar,21.65,Customer,68,8.13,11,8,217500,885087,Jawa,KARAWANG SELATAN,CDE LONG CHASSIS,Internal,JabodetabekKARAWANG SELATANCDE LONG CHASSIS,Dalam Kota,,,,2,REGULAR,11:00:00,515120,152467
260203C009,KLS,2/3/2026,MVB,B9642SCE,Karawang Selatan,Jabodetabek,Pertalite,10.05,Customer,6,5.0,5,2,117000,467327,Jawa,KARAWANG SELATAN,MINI VAN BOX,Internal,JabodetabekKARAWANG SELATANMINI VAN BOX,Dalam Kota,,,,2,REGULAR,6:55:00,257560,92767
260203C010,KLS,2/3/2026,MVB,A8504ZX,Purwakarta,Jawa Barat,Pertalite,23.28,Customer,7,5.0,5,2,405300,736960,Jawa,PURWAKARTA,MINI VAN BOX,Internal,Jawa BaratPURWAKARTAMINI VAN BOX,Dalam Kota,,,,2,REGULAR,12:40:00,257560,74100
260203C011,KLS,2/3/2026,CDELC,A8476VC,Karawang Selatan,Jabodetabek,Solar,12.5,Customer,13,3.62,11,7,139000,#N/A,Jawa,KARAWANG SELATAN,CDE LONG CHASSIS,Internal,JabodetabekKARAWANG SELATANCDE LONG CHASSIS,Dalam Kota,,,,2,REGULAR,6:50:00,515120,#N/A
260203C012,KLS,2/3/2026,CDELC,A8159ZC,Bekasi,Jabodetabek,Solar,8.82,Customer,9,7.51,11,8,70000,767987,Jawa,BEKASI,CDE LONG CHASSIS,Internal,JabodetabekBEKASICDE LONG CHASSIS,Dalam Kota,,,,2,REGULAR,6:39:00,515120,182867
260203C013,KLS,2/3/2026,PICKUP,A8721ZV,Bekasi,Jabodetabek,Pertalite,13.58,Customer,19,2.85,3,5,135800,756753,Jawa,BEKASI,PICKUP,Internal,JabodetabekBEKASIPICKUP,Dalam Kota,,,,2,REGULAR,8:33:00,515120,105833
260203C014,KLS,2/3/2026,CDDLC,A8961VB,Jakarta Utara,Jabodetabek,Solar,18.77,Customer,1,11.0,11,1,250000,1077753,Jawa,JAKARTA UTARA,CDD PICKUP,Internal,JabodetabekJAKARTA UTARACDD PICKUP,Dalam Kota,,,,2,REGULAR,8:53:00,515120,312633
260203C016,KLS,2/3/2026,CDELC,A8432ZS,Bogor,Jabodetabek,Solar,28.74,Customer,27,7.16,11,6,453000,1225170,Jawa,BOGOR,CDE LONG CHASSIS,Internal,JabodetabekBOGORCDE LONG CHASSIS,Dalam Kota,,,,2,REGULAR,10:36:00,515120,257050
260203C017,KLS,2/3/2026,MVB,A8017VC,Jakarta Utara,Jabodetabek,Pertalite,13.18,Customer,4,1.11,5,3,201800,1002620,Jawa,JAKARTA UTARA,MINI VAN BOX,Internal,JabodetabekJAKARTA UTARAMINI VAN BOX,Dalam Kota,,,,2,REGULAR,7:06:00,515120,285700
260203C018,KLS,2/3/2026,CDDLC,B9190SDB,Bekasi,Jabodetabek,Solar,11.15,Customer,18,2.11,11,7,113000,824353,Jawa,BEKASI,CDD PICKUP,Internal,JabodetabekBEKASICDD PICKUP,Dalam Kota,,,,2,REGULAR,8:10:00,515120,196233
260203C019,KLS,2/3/2026,MOTOR,B5709BLU,Bekasi,Jabodetabek,Pertalite,1.27,Customer,4,0.14,0.14,1,12700,270290,Jawa,BEKASI,MOTOR BOX,Internal,JabodetabekBEKASIMOTOR BOX,Dalam Kota,,,,2,REGULAR,6:09:00,257560,30
260203C020,KLS,2/3/2026,CDELC,A8503ZX,Depok,Jabodetabek,Solar,15.6,Customer,22,2.92,8,3,159500,827087,Jawa,DEPOK,CDE,Internal,JabodetabekDEPOKCDE,Dalam Kota,,,,2,REGULAR,6:56:00,515120,152467
260203L001,KLS,2/3/2026,CDELC,A8520VC,Sukabumi,Jawa Barat,Solar,29.34,Store,1,11.0,11,1,390500,#N/A,Jawa,SUKABUMI,CDE LONG CHASSIS,Internal,Jawa BaratSUKABUMICDE LONG CHASSIS,Luar Kota,,,,2,REGULAR,9:43:00,257560,#N/A
260203L021,KLS,2/3/2026,CDDLC,A8908XY,Bandung,Jawa Barat,,,Store,1,11.0,16,1,813500,1239780,Jawa,BANDUNG,CDD LONG CHASSIS,Internal,Jawa BaratBANDUNGCDD LONG CHASSIS,Luar Kota,,,,2,REGULAR,9:13:00,257560,168720
260203C023,KLS,2/3/2026,MVB,A8983VB,Karawang Selatan,Jabodetabek,Pertalite,8.92,Customer,4,5.0,5,4,132700,779220,Jawa,KARAWANG SELATAN,MINI VAN BOX,Internal,JabodetabekKARAWANG SELATANMINI VAN BOX,Dalam Kota,,,,2,REGULAR,5:06:00,515120,131400
260203C024,KLS,2/3/2026,MVB,A8373VC,Bekasi,Jabodetabek,Pertalite,8.58,Customer,4,5.0,5,3,118800,#N/A,Jawa,BEKASI,MINI VAN BOX,Internal,JabodetabekBEKASIMINI VAN BOX,Dalam Kota,,,,2,REGULAR,4:43:00,515120,#N/A
260203C025,KLS,2/3/2026,CDELC,A8505VC,Tangerang,Jabodetabek,Solar,19.59,Customer,1,11.0,11,1,191000,#N/A,Jawa,TANGERANG,CDE LONG CHASSIS,Internal,JabodetabekTANGERANGCDE LONG CHASSIS,Dalam Kota,,,,2,REGULAR,9:24:00,257560,#N/A
260203S004,KLS,2/3/2026,CDELC,A8020VC,Tangerang,Jabodetabek,Solar,14.28,Customer via Hub,9,4.18,11,4,166104,451804,Jawa,TANGERANG,CDE LONG CHASSIS,Internal,JabodetabekTANGERANGCDE LONG CHASSIS,Dalam Kota,,,,2,REGULAR,7:41:00,,285700
260203S007,KLS,2/3/2026,MVB,A8437ZH,Jakarta Pusat,Jabodetabek,Pertalite,7.05,Customer via Hub,19,5.0,5,5,129000,239600,Jawa,JAKARTA PUSAT,MINI VAN BOX,Internal,JabodetabekJAKARTA PUSATMINI VAN BOX,Dalam Kota,,,,2,REGULAR,7:23:00,,110600
260203S009,KLS,2/3/2026,MVB,A8537ZF,Tangerang,Jabodetabek,Pertalite,10.45,Customer via Hub,7,1.24,5,3,169500,280100,Jawa,TANGERANG,MINI VAN BOX,Internal,JabodetabekTANGERANGMINI VAN BOX,Dalam Kota,,,,2,REGULAR,11:25:00,,110600
260203S010,KLS,2/3/2026,CDELC,A8757VB,Tangerang,Jabodetabek,Solar,10.5,Customer via Hub,10,2.1,11,3,30563,316263,Jawa,TANGERANG,CDE LONG CHASSIS,Internal,JabodetabekTANGERANGCDE LONG CHASSIS,Dalam Kota,,,,2,REGULAR,6:46:00,,285700
260203S001,KLS,2/3/2026,CDELC,A8759VB,Jakarta Barat,Jabodetabek,Solar,13.81,Customer via Hub,7,1.28,11,1,93908,379608,Jawa,JAKARTA BARAT,CDE LONG CHASSIS,Internal,JabodetabekJAKARTA BARATCDE LONG CHASSIS,Dalam Kota,,,,2,REGULAR,9:09:00,,285700
260203S002,KLS,2/3/2026,CDELC,A8801XZ,Serang,Banten,Solar,26.48,Customer via Hub,20,2.76,7,2,334564,485297,Jawa,SERANG,CDE PICK UP,Internal,BantenSERANGCDE PICK UP,Dalam Kota,,,,2,REGULAR,8:10:00,,150733
260203S005,KLS,2/3/2026,CDELC,A8910VB,Cilegon,Banten,Solar,6893.79,Customer via Hub,27,3.84,11,3,355920,641620,Jawa,CILEGON,CDE LONG CHASSIS,Internal,BantenCILEGONCDE LONG CHASSIS,Dalam Kota,,,,2,REGULAR,11:35:00,,285700
260203S003,KLS,2/3/2026,CDELC,A8912VB,Tangerang,Jabodetabek,Solar,7150.46,Customer via Hub,22,3.72,11,3,92956,358249,Jawa,TANGERANG,CDE LONG CHASSIS,Internal,JabodetabekTANGERANGCDE LONG CHASSIS,Dalam Kota,,,,2,REGULAR,11:05:00,,265293
260203S006,KLS,2/3/2026,MVB,B9064SMV,Jakarta Selatan,Jabodetabek,,,Customer via Hub,6,4.1,5,1,57000,#N/A,Jawa,JAKARTA SELATAN,MINI VAN BOX,Internal,JabodetabekJAKARTA SELATANMINI VAN BOX,Dalam Kota,,,,2,REGULAR,8:49:00,,#N/A
260203S013,KLS,2/3/2026,MVB,B9710SCE,Tangerang,Jabodetabek,Pertalite,9,Customer via Hub,6,5.0,5,4,146000,#N/A,Jawa,TANGERANG,MINI VAN BOX,Internal,JabodetabekTANGERANGMINI VAN BOX,Dalam Kota,,,,2,REGULAR,7:45:00,,#N/A
260204H001,KLS,2/4/2026,WINGBOX,B9055BEN,Jakarta Barat,Jabodetabek,Solar,30.64,HUB,144,21.63,42,4,290352,718776,Jawa,JAKARTA BARAT,WINGBOX,Internal,JabodetabekJAKARTA BARATWINGBOX,Dalam Kota,,,,2,REGULAR,7:43:00,257560,170864
260204C005,KLS,2/4/2026,MVB,A8504ZX,Karawang Selatan,Jabodetabek,Pertalite,18.57,Customer,9,5.0,5,5,382200,713860,Jawa,KARAWANG SELATAN,MINI VAN BOX,Internal,JabodetabekKARAWANG SELATANMINI VAN BOX,Dalam Kota,,,,2,REGULAR,10:56:00,257560,74100
260204C006,KLS,2/4/2026,MVB,B9320SCE,Karawang Selatan,Jabodetabek,Pertalite,12.61,Customer,4,5.0,5,4,207100,550800,Jawa,KARAWANG SELATAN,MINI VAN BOX,Internal,JabodetabekKARAWANG SELATANMINI VAN BOX,Dalam Kota,,,,2,REGULAR,7:45:00,257560,86140
260204C007,KLS,2/4/2026,CDELC,A8505VC,Karawang Selatan,Jabodetabek,Solar,14.70588235,Customer,32,2.09,11,13,133000,#N/A,Jawa,KARAWANG SELATAN,CDE LONG CHASSIS,Internal,JabodetabekKARAWANG SELATANCDE LONG CHASSIS,Dalam Kota,,,,2,REGULAR,11:13:00,515120,#N/A
260204C008,KLS,2/4/2026,CDELC,A8159ZC,Bekasi,Jabodetabek,Solar,9.71,Customer,13,11.0,11,9,95000,792987,Jawa,BEKASI,CDE LONG CHASSIS,Internal,JabodetabekBEKASICDE LONG CHASSIS,Dalam Kota,,,,2,REGULAR,7:35:00,515120,182867
260204C035,KLS,2/4/2026,MVB,B9642SCE,Bogor,Jabodetabek,,,Customer,14,5.0,5,6,,350327,Jawa,BOGOR,MINI VAN BOX,Internal,JabodetabekBOGORMINI VAN BOX,Dalam Kota,,,,2,REGULAR,64:12:00,257560,92767
260204C036,KLS,2/4/2026,CDELC,A8432ZS,Bogor,Jabodetabek,Solar,27.05,Customer,5,11.0,11,2,300440,1072610,Jawa,BOGOR,CDE LONG CHASSIS,Internal,JabodetabekBOGORCDE LONG CHASSIS,Dalam Kota,,,,2,REGULAR,28:27:00,515120,257050
260204C037,KLS,2/4/2026,MVB,A8304VC,Bogor,Jabodetabek,Pertalite,10.2,Customer,5,5.0,5,4,202000,#N/A,Jawa,BOGOR,MINI VAN BOX,Internal,JabodetabekBOGORMINI VAN BOX,Dalam Kota,,,,2,REGULAR,5:35:00,257560,#N/A
260204C038,KLS,2/4/2026,CDELC,A8002XW,Depok,Jabodetabek,Solar,16.98,Customer,8,11.0,11,5,246500,656527,Jawa,DEPOK,CDE LONG CHASSIS,Internal,JabodetabekDEPOKCDE LONG CHASSIS,Dalam Kota,,,,2,REGULAR,7:55:00,257560,152467
260204C039,KLS,2/4/2026,MVB,A8373VC,Jakarta Timur,Jabodetabek,Pertalite,9.22,Customer,6,1.28,5,6,130700,#N/A,Jawa,JAKARTA TIMUR,MINI VAN BOX,Internal,JabodetabekJAKARTA TIMURMINI VAN BOX,Dalam Kota,,,,2,REGULAR,6:35:00,515120,#N/A
260204C040,KLS,2/4/2026,CDELC,A8048ZX,Jakarta Timur,Jabodetabek,Solar,15.89,Customer,14,11.0,11,8,139000,806587,Jawa,JAKARTA TIMUR,CDE LONG CHASSIS,Internal,JabodetabekJAKARTA TIMURCDE LONG CHASSIS,Dalam Kota,,,,2,REGULAR,9:00:00,515120,152467
260204C041,KLS,2/4/2026,MVB,A8017VC,Jakarta Utara,Jabodetabek,Pertalite,12.85,Customer,8,5.0,5,7,193500,736760,Jawa,JAKARTA UTARA,MINI VAN BOX,Internal,JabodetabekJAKARTA UTARAMINI VAN BOX,Dalam Kota,,,,2,REGULAR,8:12:00,257560,285700
260204C043,KLS,2/4/2026,CDDLC,A8961VB,Jakarta Utara,Jabodetabek,Solar,20,Customer,3,10.23,11,2,294000,864193,Jawa,JAKARTA UTARA,CDD PICKUP,Internal,JabodetabekJAKARTA UTARACDD PICKUP,Dalam Kota,,,,2,REGULAR,8:48:00,257560,312633
260204C044,KLS,2/4/2026,MVB,A8983VB,Bekasi,Jabodetabek,Pertalite,10.1,Customer,10,5.0,5,8,147000,535960,Jawa,BEKASI,MINI VAN BOX,Internal,JabodetabekBEKASIMINI VAN BOX,Dalam Kota,,,,2,REGULAR,9:45:00,257560,131400
260204C045,KLS,2/4/2026,MVB,A8553VB,Jakarta Utara,Jabodetabek,Pertalite,13.28,Customer,8,5.0,5,6,207300,853820,Jawa,JAKARTA UTARA,MINI VAN BOX,Internal,JabodetabekJAKARTA UTARAMINI VAN BOX,Dalam Kota,,,,2,REGULAR,10:02:00,515120,131400
260204C046,KLS,2/4/2026,CDELC,A8520VC,Bekasi,Jabodetabek,Solar,17.54,Customer,12,7.7,11,10,177000,#N/A,Jawa,BEKASI,CDE LONG CHASSIS,Internal,JabodetabekBEKASICDE LONG CHASSIS,Dalam Kota,,,,2,REGULAR,12:06:00,515120,#N/A
260204C047,KLS,2/4/2026,MOTOR,B5709BLU,Bekasi,Jabodetabek,Pertalite,1.44,Customer,10,0.14,0.14,6,14400,271990,Jawa,BEKASI,MOTOR BOX,Internal,JabodetabekBEKASIMOTOR BOX,Dalam Kota,,,,2,REGULAR,6:33:00,257560,30
260204C048,KLS,2/4/2026,CDDLC,A8288YX,Bekasi,Jabodetabek,Solar,12.81,Customer,16,16.0,16,13,87000,791087,Jawa,BEKASI,CDD LONG CHASSIS,Internal,JabodetabekBEKASICDD LONG CHASSIS,Dalam Kota,,,,2,REGULAR,6:24:00,515120,188967
260204C049,KLS,2/4/2026,CDDLC,A8908XY,Bekasi,Jabodetabek,Dexlite,1.21,Customer,12,6.02,16,10,82000,765840,Jawa,BEKASI,CDD LONG CHASSIS,Internal,JabodetabekBEKASICDD LONG CHASSIS,Dalam Kota,,,,2,REGULAR,6:35:00,515120,168720
260204C050,KLS,2/4/2026,CDELC,A8476VC,Purwakarta,Jawa Barat,Solar,21.72,Customer,10,11.0,11,5,216196,#N/A,Jawa,PURWAKARTA,CDE LONG CHASSIS,Internal,Jawa BaratPURWAKARTACDE LONG CHASSIS,Dalam Kota,,,,2,REGULAR,9:47:00,515120,#N/A
260204C197,KLS,2/4/2026,CDELC,A8486VC,Cilegon,Banten,Solar,51.95,Customer,2,8.0,8,2,769260,#N/A,Jawa,CILEGON,CDE PICKUP,Internal,BantenCILEGONCDE PICKUP,Dalam Kota,,,,2,REGULAR,15:04:00,515120,#N/A
260204C248,KLS,2/4/2026,CDDLC,B9190SDB,Jakarta Utara,Jabodetabek,Solar,23.53,Customer,2,6.0,11,2,264000,717793,Jawa,JAKARTA UTARA,CDD PICKUP,Internal,JabodetabekJAKARTA UTARACDD PICKUP,Dalam Kota,,,,2,REGULAR,9:09:00,257560,196233
260204C250,KLS,2/4/2026,FUSO,A8186YX,Jakarta Utara,Jabodetabek,Solar,23.53,Customer,7,9.73,34,4,308000,565560,Jawa,JAKARTA UTARA,FUSO,Internal,JabodetabekJAKARTA UTARAFUSO,Dalam Kota,,,,2,REGULAR,6:33:00,257560,0
260204C252,KLS,2/4/2026,CDELC,A8339ZS,Tangerang,Jabodetabek,Solar,23.3,Customer,1,3.0,8,1,237440,760600,Jawa,TANGERANG,CDE PICKUP,Internal,JabodetabekTANGERANGCDE PICKUP,Dalam Kota,,,,2,REGULAR,11:48:00,257560,265600
260204C278,KLS,2/4/2026,PICKUP,A8721ZV,Bekasi,Jabodetabek,Pertalite,5.48,Customer,5,3.0,3,3,54800,418193,Jawa,BEKASI,PICKUP,Internal,JabodetabekBEKASIPICKUP,Dalam Kota,,,,2,REGULAR,5:14:00,257560,105833
260204C280,KLS,2/4/2026,MVB,A8876ZX,Karawang Selatan,Jabodetabek,Pertalite,14.63,Customer,2,5.0,5,2,216800,536436,Jawa,KARAWANG SELATAN,MINI VAN BOX,Internal,JabodetabekKARAWANG SELATANMINI VAN BOX,Dalam Kota,,,,2,REGULAR,8:00:00,257560,62076
260204C297,KLS,2/4/2026,MVB,A8304VC,Purwakarta,Jawa Barat,Pertalite,7.17,Customer,2,5.0,5,2,142200,#N/A,Jawa,PURWAKARTA,MINI VAN BOX,Internal,Jawa BaratPURWAKARTAMINI VAN BOX,Dalam Kota,,,,2,REGULAR,3:37:00,257560,#N/A
260204L040,KLS,2/4/2026,CDDLC,A8976XY,Surabaya,Jawa Timur,,,Store,76,16.0,16,1,3500000,6316347,Jawa,SURABAYA,CDD LONG CHASSIS,Internal,Jawa TimurSURABAYACDD LONG CHASSIS,Luar Kota,,,,2,REGULAR,69:16:00,2060480,755867
260204S010,KLS,2/4/2026,CDELC,A8020VC,Tangerang,Jabodetabek,,,Customer via Hub,18,2.8,11,4,39000,324700,Jawa,TANGERANG,CDE LONG CHASSIS,Internal,JabodetabekTANGERANGCDE LONG CHASSIS,Dalam Kota,,,,2,REGULAR,6:41:00,,285700
260204S003,KLS,2/4/2026,MVB,A8437ZH,Tangerang,Jabodetabek,Pertalite,10.24,Customer via Hub,10,5.0,5,2,160400,271000,Jawa,TANGERANG,MINI VAN BOX,Internal,JabodetabekTANGERANGMINI VAN BOX,Dalam Kota,,,,2,REGULAR,9:37:00,,110600
260204S005,KLS,2/4/2026,MVB,A8537ZF,Tangerang,Jabodetabek,Pertalite,8.2,Customer via Hub,9,5.0,5,9,133500,244100,Jawa,TANGERANG,MINI VAN BOX,Internal,JabodetabekTANGERANGMINI VAN BOX,Dalam Kota,,,,2,REGULAR,6:52:00,,110600
260204S012,KLS,2/4/2026,CDELC,A8717VB,Jakarta Utara,Jabodetabek,Solar,13.97,Customer via Hub,11,11.0,11,5,159496,445196,Jawa,JAKARTA UTARA,CDE LONG CHASSIS,Internal,JabodetabekJAKARTA UTARACDE LONG CHASSIS,Dalam Kota,,,,2,REGULAR,9:30:00,,285700
260204S001,KLS,2/4/2026,CDELC,A8721VB,Jakarta Barat,Jabodetabek,,,Customer via Hub,12,1.52,11,4,66906,352606,Jawa,JAKARTA BARAT,CDE LONG CHASSIS,Internal,JabodetabekJAKARTA BARATCDE LONG CHASSIS,Dalam Kota,,,,2,REGULAR,6:53:00,,285700
260204S008,KLS,2/4/2026,CDELC,A8757VB,Tangerang,Jabodetabek,Solar,100028,Customer via Hub,9,1.89,11,3,117028,402728,Jawa,TANGERANG,CDE LONG CHASSIS,Internal,JabodetabekTANGERANGCDE LONG CHASSIS,Dalam Kota,,,,2,REGULAR,9:30:00,,285700
260204S004,KLS,2/4/2026,CDELC,A8759VB,Tangerang,Jabodetabek,Solar,11.91,Customer via Hub,10,11.0,11,5,128488,414188,Jawa,TANGERANG,CDE LONG CHASSIS,Internal,JabodetabekTANGERANGCDE LONG CHASSIS,Dalam Kota,,,,2,REGULAR,7:35:00,,285700
260204S002,KLS,2/4/2026,CDELC,A8801XZ,Jakarta Barat,Jabodetabek,Solar,14.71,Customer via Hub,5,2.05,7,1,158528,309261,Jawa,JAKARTA BARAT,CDE PICK UP,Internal,JabodetabekJAKARTA BARATCDE PICK UP,Dalam Kota,,,,2,REGULAR,10:57:00,,150733
260204S009,KLS,2/4/2026,CDELC,A8910VB,Cilegon,Banten,Solar,30.9,Customer via Hub,16,11.0,11,4,340120,625820,Jawa,CILEGON,CDE LONG CHASSIS,Internal,BantenCILEGONCDE LONG CHASSIS,Dalam Kota,,,,2,REGULAR,15:06:00,,285700
260204S007,KLS,2/4/2026,CDELC,A8912VB,Jakarta Pusat,Jabodetabek,Solar,12.5,Customer via Hub,9,11.0,11,7,152500,417793,Jawa,JAKARTA PUSAT,CDE LONG CHASSIS,Internal,JabodetabekJAKARTA PUSATCDE LONG CHASSIS,Dalam Kota,,,,2,REGULAR,10:38:00,,265293
260204S011,KLS,2/4/2026,MVB,B9064SMV,Jakarta Selatan,Jabodetabek,,,Customer via Hub,10,5.0,5,10,96000,#N/A,Jawa,JAKARTA SELATAN,MINI VAN BOX,Internal,JabodetabekJAKARTA SELATANMINI VAN BOX,Dalam Kota,,,,2,REGULAR,11:27:00,,#N/A
260204S006,KLS,2/4/2026,MVB,B9710SCE,Jakarta Pusat,Jabodetabek,Pertalite,9.2,Customer via Hub,10,5.0,5,7,150000,#N/A,Jawa,JAKARTA PUSAT,MINI VAN BOX,Internal,JabodetabekJAKARTA PUSATMINI VAN BOX,Dalam Kota,,,,2,REGULAR,9:01:00,,#N/A
260205H001,KLS,2/5/2026,WINGBOX,B9068BEN,Jakarta Barat,Jabodetabek,Solar,28.72,HUB,100,27.87,42,1,277296,705720,Jawa,JAKARTA BARAT,WINGBOX,Internal,JabodetabekJAKARTA BARATWINGBOX,Dalam Kota,,,,2,REGULAR,7:17:00,257560,170864
260205C022,KLS,2/5/2026,CDDLC,A8961VB,Jakarta Utara,Jabodetabek,Solar,17.13,Customer,3,1.13,11,2,216984,787177,Jawa,JAKARTA UTARA,CDD PICKUP,Internal,JabodetabekJAKARTA UTARACDD PICKUP,Dalam Kota,,,,2,REGULAR,7:35:00,257560,312633
260205C023,KLS,2/5/2026,MVB,B9320SCE,Bogor,Jabodetabek,Pertalite,13.85,Customer,4,5.0,5,3,189500,533200,Jawa,BOGOR,MINI VAN BOX,Internal,JabodetabekBOGORMINI VAN BOX,Dalam Kota,,,,2,REGULAR,8:20:00,257560,86140
260205C024,KLS,2/5/2026,CDELC,A8002XW,Depok,Jabodetabek,Solar,19.05,Customer,6,1.9,11,5,262540,930127,Jawa,DEPOK,CDE LONG CHASSIS,Internal,JabodetabekDEPOKCDE LONG CHASSIS,Dalam Kota,,,,2,REGULAR,9:08:00,515120,152467
260205C025,KLS,2/5/2026,CDELC,A8486VC,Jakarta Utara,Jabodetabek,Solar,15.8,Customer,6,2.3,8,1,251940,#N/A,Jawa,JAKARTA UTARA,CDE PICKUP,Internal,JabodetabekJAKARTA UTARACDE PICKUP,Dalam Kota,,,,2,REGULAR,12:12:00,257560,#N/A
260205C026,KLS,2/5/2026,MVB,A8553VB,Jakarta Timur,Jabodetabek,Pertalite,11.83,Customer,10,5.0,5,7,149300,795820,Jawa,JAKARTA TIMUR,MINI VAN BOX,Internal,JabodetabekJAKARTA TIMURMINI VAN BOX,Dalam Kota,,,,2,REGULAR,8:06:00,515120,131400
260205C027,KLS,2/5/2026,CDELC,A8520VC,Bekasi,Jabodetabek,Solar,14.11,Customer,13,11.0,11,6,127448,#N/A,Jawa,BEKASI,CDE LONG CHASSIS,Internal,JabodetabekBEKASICDE LONG CHASSIS,Dalam Kota,,,,2,REGULAR,9:53:00,515120,#N/A
260205C028,KLS,2/5/2026,CDDLC,A8288YX,Bekasi,Jabodetabek,Solar,10.32,Customer,16,3.33,16,12,70156,774243,Jawa,BEKASI,CDD LONG CHASSIS,Internal,JabodetabekBEKASICDD LONG CHASSIS,Dalam Kota,,,,2,REGULAR,5:48:00,515120,188967
260205C029,KLS,2/5/2026,MVB,B9642SCE,Bekasi,Jabodetabek,Pertalite,7.98,Customer,11,5.0,5,6,83800,691687,Jawa,BEKASI,MINI VAN BOX,Internal,JabodetabekBEKASIMINI VAN BOX,Dalam Kota,,,,2,REGULAR,6:29:00,515120,92767
260205C030,KLS,2/5/2026,MVB,A8504ZX,Karawang Selatan,Jabodetabek,Pertalite,17.46,Customer,15,1.88,5,4,333600,665260,Jawa,KARAWANG SELATAN,MINI VAN BOX,Internal,JabodetabekKARAWANG SELATANMINI VAN BOX,Dalam Kota,,,,2,REGULAR,10:32:00,257560,74100
260205C031,KLS,2/5/2026,CDELC,A8048ZX,Purwakarta,Jawa Barat,Solar,27.6,Customer,6,11.0,11,5,494180,904207,Jawa,PURWAKARTA,CDE LONG CHASSIS,Internal,Jawa BaratPURWAKARTACDE LONG CHASSIS,Dalam Kota,,,,2,REGULAR,9:50:00,257560,152467
260205C032,KLS,2/5/2026,CDELC,A8476VC,Karawang Utara,Jabodetabek,Solar,12.89,Customer,9,4.45,11,5,141652,#N/A,Jawa,KARAWANG UTARA,CDE LONG CHASSIS,Internal,JabodetabekKARAWANG UTARACDE LONG CHASSIS,Dalam Kota,,,,2,REGULAR,6:37:00,515120,#N/A
260205C034,KLS,2/5/2026,CDELC,A8505VC,Karawang Selatan,Jabodetabek,Solar,14.83,Customer,27,11.0,11,11,133844,#N/A,Jawa,KARAWANG SELATAN,CDE LONG CHASSIS,Internal,JabodetabekKARAWANG SELATANCDE LONG CHASSIS,Dalam Kota,,,,2,REGULAR,7:08:00,515120,#N/A
260205C035,KLS,2/5/2026,CDELC,A8159ZC,Bekasi,Jabodetabek,Solar,14,Customer,8,3.88,11,5,124200,822187,Jawa,BEKASI,CDE LONG CHASSIS,Internal,JabodetabekBEKASICDE LONG CHASSIS,Dalam Kota,,,,2,REGULAR,24:06:00,515120,182867
260205C036,KLS,2/5/2026,MOTOR,B5709BLU,Bekasi,Jabodetabek,Pertalite,0.98,Customer,11,0.14,0.14,7,9800,267390,Jawa,BEKASI,MOTOR BOX,Internal,JabodetabekBEKASIMOTOR BOX,Dalam Kota,,,,2,REGULAR,6:13:00,257560,30
260205C043,KLS,2/5/2026,MVB,A8017VC,Jakarta Utara,Jabodetabek,Pertalite,14.06,Customer,4,5.0,5,3,231600,1032420,Jawa,JAKARTA UTARA,MINI VAN BOX,Internal,JabodetabekJAKARTA UTARAMINI VAN BOX,Dalam Kota,,,,2,REGULAR,7:59:00,515120,285700
260205C054,KLS,2/5/2026,MVB,A8304VC,Bogor,Jabodetabek,Pertalite,9.61,Customer,1,5.0,5,1,146600,#N/A,Jawa,BOGOR,MINI VAN BOX,Internal,JabodetabekBOGORMINI VAN BOX,Dalam Kota,,,,2,REGULAR,5:50:00,257560,#N/A
260205C197,KLS,2/5/2026,CDELC,A8073VC,Jakarta Utara,Jabodetabek,Solar,15.8,Customer,1,3.0,8,1,187440,587850,Jawa,JAKARTA UTARA,CDE PICKUP,Internal,JabodetabekJAKARTA UTARACDE PICKUP,Dalam Kota,,,,2,REGULAR,7:28:00,257560,142850
260205C224,KLS,2/5/2026,CDELC,A8339ZS,Jakarta Barat,Jabodetabek,Solar,14.15,Customer,1,8.0,8,1,159220,682380,Jawa,JAKARTA BARAT,CDE PICKUP,Internal,JabodetabekJAKARTA BARATCDE PICKUP,Dalam Kota,,,,2,REGULAR,7:09:00,257560,265600
260205L005,KLS,2/5/2026,MVB,A8373VC,Sukabumi,Jawa Barat,,,Store,18,5.0,5,1,,#N/A,Jawa,SUKABUMI,MINI VAN BOX,Internal,Jawa BaratSUKABUMIMINI VAN BOX,Luar Kota,,,,2,REGULAR,5:11:00,257560,#N/A
260205L006,KLS,2/5/2026,CDDLC,A8908XY,Bandung,Jawa Barat,Solar,30.89,Store,80,9.71,16,1,811000,1237280,Jawa,BANDUNG,CDD LONG CHASSIS,Internal,Jawa BaratBANDUNGCDD LONG CHASSIS,Luar Kota,,,,2,REGULAR,11:13:00,257560,168720
260205C241,KLS,2/5/2026,MVB,A8876ZX,Bekasi,Jabodetabek,Pertalite,7,Customer,4,5.0,5,3,70000,389636,Jawa,BEKASI,MINI VAN BOX,Internal,JabodetabekBEKASIMINI VAN BOX,Dalam Kota,,,,2,REGULAR,5:30:00,257560,62076
260205C242,KLS,2/5/2026,CDELC,A8432ZS,Jakarta Barat,Jabodetabek,Solar,15.95,Customer,47,7.97,11,2,222460,737070,Jawa,JAKARTA BARAT,CDE LONG CHASSIS,Internal,JabodetabekJAKARTA BARATCDE LONG CHASSIS,Dalam Kota,,,,2,REGULAR,7:54:00,257560,257050
260205C244,KLS,2/5/2026,MVB,A8983VB,Karawang Selatan,Jabodetabek,Pertalite,6.69,Customer,8,5.0,5,3,99900,488860,Jawa,KARAWANG SELATAN,MINI VAN BOX,Internal,JabodetabekKARAWANG SELATANMINI VAN BOX,Dalam Kota,,,,2,REGULAR,5:16:00,257560,131400
260205C265,KLS,2/5/2026,CDELC,A8503ZX,Karawang Selatan,Jabodetabek,Solar,10.1,Customer,1,8.0,8,1,101680,511707,Jawa,KARAWANG SELATAN,CDE,Internal,JabodetabekKARAWANG SELATANCDE,Dalam Kota,,,,2,REGULAR,2:45:00,257560,152467
260205S011,KLS,2/5/2026,CDELC,A8020VC,Tangerang,Jabodetabek,Solar,13.98,Customer via Hub,10,8.33,11,4,135064,420764,Jawa,TANGERANG,CDE LONG CHASSIS,Internal,JabodetabekTANGERANGCDE LONG CHASSIS,Dalam Kota,,,,2,REGULAR,7:59:00,,285700
260205S003,KLS,2/5/2026,MVB,A8437ZH,Serang,Banten,Pertalite,11.11,Customer via Hub,17,1.78,5,5,174600,285200,Jawa,SERANG,MINI VAN BOX,Internal,BantenSERANGMINI VAN BOX,Dalam Kota,,,,2,REGULAR,8:16:00,,110600
260205S001,KLS,2/5/2026,CDELC,A8481ZH,Jakarta Barat,Jabodetabek,,,Customer via Hub,11,6.68,11,1,105500,326667,Jawa,JAKARTA BARAT,CDE LONG CHASSIS,Internal,JabodetabekJAKARTA BARATCDE LONG CHASSIS,Dalam Kota,,,,2,REGULAR,9:57:00,,221167
260205S009,KLS,2/5/2026,CDELC,A8717VB,Jakarta Utara,Jabodetabek,Solar,18.33,Customer via Hub,23,3.79,11,2,19610,305310,Jawa,JAKARTA UTARA,CDE LONG CHASSIS,Internal,JabodetabekJAKARTA UTARACDE LONG CHASSIS,Dalam Kota,,,,2,REGULAR,9:04:00,,285700
260205S002,KLS,2/5/2026,CDELC,A8721VB,Cilegon,Banten,Solar,6932.91,Customer via Hub,13,2.9,11,5,518048,803748,Jawa,CILEGON,CDE LONG CHASSIS,Internal,BantenCILEGONCDE LONG CHASSIS,Dalam Kota,,,,2,REGULAR,13:26:00,,285700
260205S004,KLS,2/5/2026,CDELC,A8757VB,Tangerang,Jabodetabek,,,Customer via Hub,12,11.0,11,1,71000,356700,Jawa,TANGERANG,CDE LONG CHASSIS,Internal,JabodetabekTANGERANGCDE LONG CHASSIS,Dalam Kota,,,,2,REGULAR,9:12:00,,285700
260205S008,KLS,2/5/2026,CDELC,A8759VB,Jakarta Pusat,Jabodetabek,Solar,7.49,Customer via Hub,8,2.75,11,3,57932,343632,Jawa,JAKARTA PUSAT,CDE LONG CHASSIS,Internal,JabodetabekJAKARTA PUSATCDE LONG CHASSIS,Dalam Kota,,,,2,REGULAR,4:55:00,,285700
260205S005,KLS,2/5/2026,CDELC,A8912VB,Tangerang,Jabodetabek,Solar,10,Customer via Hub,10,2.1,11,4,123000,388293,Jawa,TANGERANG,CDE LONG CHASSIS,Internal,JabodetabekTANGERANGCDE LONG CHASSIS,Dalam Kota,,,,2,REGULAR,7:42:00,,265293
260205S007,KLS,2/5/2026,MVB,B9064SMV,Jakarta Selatan,Jabodetabek,,,Customer via Hub,5,5.0,5,3,20500,#N/A,Jawa,JAKARTA SELATAN,MINI VAN BOX,Internal,JabodetabekJAKARTA SELATANMINI VAN BOX,Dalam Kota,,,,2,REGULAR,7:16:00,,#N/A
260205S006,KLS,2/5/2026,MVB,B9710SCE,Tangerang,Jabodetabek,Pertalite,5.55,Customer via Hub,3,1.8,5,1,115000,#N/A,Jawa,TANGERANG,MINI VAN BOX,Internal,JabodetabekTANGERANGMINI VAN BOX,Dalam Kota,,,,2,REGULAR,5:27:00,,#N/A
260206H001,KLS,2/6/2026,WINGBOX,B9068BEN,Jakarta Barat,Jabodetabek,Solar,33.52,HUB,278,27.75,42,7,227936,656360,Jawa,JAKARTA BARAT,WINGBOX,Internal,JabodetabekJAKARTA BARATWINGBOX,Dalam Kota,,,,2,REGULAR,19:23:00,257560,170864
260206C029,KLS,2/6/2026,CDELC,A8432ZS,Bogor,Jabodetabek,Solar,26.56,Customer,29,3.78,11,6,270088,784698,Jawa,BOGOR,CDE LONG CHASSIS,Internal,JabodetabekBOGORCDE LONG CHASSIS,Dalam Kota,,,,2,REGULAR,12:56:00,257560,257050
260206C031,KLS,2/6/2026,CDELC,A8503ZX,Bogor,Jabodetabek,Solar,16.85,Customer,18,2.25,8,6,208000,875587,Jawa,BOGOR,CDE,Internal,JabodetabekBOGORCDE,Dalam Kota,,,,2,REGULAR,8:35:00,515120,152467
260206C032,KLS,2/6/2026,CDELC,A8002XW,Depok,Jabodetabek,Solar,17.79,Customer,25,3.46,11,8,249500,659527,Jawa,DEPOK,CDE LONG CHASSIS,Internal,JabodetabekDEPOKCDE LONG CHASSIS,Dalam Kota,,,,2,REGULAR,9:34:00,257560,152467
260206C033,KLS,2/6/2026,CDELC,A8520VC,Jakarta Utara,Jabodetabek,Solar,20,Customer,23,2.31,11,7,264000,#N/A,Jawa,JAKARTA UTARA,CDE LONG CHASSIS,Internal,JabodetabekJAKARTA UTARACDE LONG CHASSIS,Dalam Kota,,,,2,REGULAR,11:51:00,257560,#N/A
260206C034,KLS,2/6/2026,MVB,A8017VC,Jakarta Utara,Jabodetabek,Pertalite,0.02,Customer,13,5.0,5,9,87150,887970,Jawa,JAKARTA UTARA,MINI VAN BOX,Internal,JabodetabekJAKARTA UTARAMINI VAN BOX,Dalam Kota,,,,2,REGULAR,10:30:00,515120,285700
260206C035,KLS,2/6/2026,CDDLC,A8961VB,Jakarta Utara,Jabodetabek,Solar,31.77,Customer,2,11.0,11,2,443000,1013193,Jawa,JAKARTA UTARA,CDD PICKUP,Internal,JabodetabekJAKARTA UTARACDD PICKUP,Dalam Kota,,,,2,REGULAR,9:19:00,257560,312633
260206C036,KLS,2/6/2026,MVB,A8553VB,Jakarta Timur,Jabodetabek,Pertalite,11.18,Customer,14,2.03,5,2,164800,553760,Jawa,JAKARTA TIMUR,MINI VAN BOX,Internal,JabodetabekJAKARTA TIMURMINI VAN BOX,Dalam Kota,,,,2,REGULAR,8:42:00,257560,131400
260206C037,KLS,2/6/2026,MVB,A8373VC,Jakarta Timur,Jabodetabek,Pertalite,10.52,Customer,17,1.11,5,6,204700,#N/A,Jawa,JAKARTA TIMUR,MINI VAN BOX,Internal,JabodetabekJAKARTA TIMURMINI VAN BOX,Dalam Kota,,,,2,REGULAR,8:44:00,257560,#N/A
260206C038,KLS,2/6/2026,CDELC,A8048ZX,Bekasi,Jabodetabek,Solar,1.47,Customer,27,4.14,11,9,57500,725087,Jawa,BEKASI,CDE LONG CHASSIS,Internal,JabodetabekBEKASICDE LONG CHASSIS,Dalam Kota,,,,2,REGULAR,8:55:00,515120,152467
260206C039,KLS,2/6/2026,CDDLC,A8288YX,Bekasi,Jabodetabek,Solar,14.82,Customer,14,4.89,16,12,100000,804087,Jawa,BEKASI,CDD LONG CHASSIS,Internal,JabodetabekBEKASICDD LONG CHASSIS,Dalam Kota,,,,2,REGULAR,7:27:00,515120,188967
260206C040,KLS,2/6/2026,MVB,A8983VB,Bekasi,Jabodetabek,Pertalite,9.91,Customer,16,2.23,5,8,168600,557560,Jawa,BEKASI,MINI VAN BOX,Internal,JabodetabekBEKASIMINI VAN BOX,Dalam Kota,,,,2,REGULAR,8:11:00,257560,131400
260206C041,KLS,2/6/2026,CDELC,A8476VC,Karawang Selatan,Jabodetabek,Solar,19.71,Customer,29,6.53,11,6,205500,#N/A,Jawa,KARAWANG SELATAN,CDE LONG CHASSIS,Internal,JabodetabekKARAWANG SELATANCDE LONG CHASSIS,Dalam Kota,,,,2,REGULAR,9:40:00,515120,#N/A
260206C042,KLS,2/6/2026,MVB,B9320SCE,Purwakarta,Jawa Barat,Pertalite,13.18,Customer,6,5.0,5,3,200300,544000,Jawa,PURWAKARTA,MINI VAN BOX,Internal,Jawa BaratPURWAKARTAMINI VAN BOX,Dalam Kota,,,,2,REGULAR,7:18:00,257560,86140
260206C043,KLS,2/6/2026,MVB,B9642SCE,Karawang Selatan,Jabodetabek,Pertalite,11.62,Customer,11,5.0,5,8,159700,510027,Jawa,KARAWANG SELATAN,MINI VAN BOX,Internal,JabodetabekKARAWANG SELATANMINI VAN BOX,Dalam Kota,,,,2,REGULAR,8:19:00,257560,92767
260206C044,KLS,2/6/2026,CDELC,A8505VC,Karawang Selatan,Jabodetabek,Solar,16.9,Customer,31,11.0,11,18,131500,#N/A,Jawa,KARAWANG SELATAN,CDE LONG CHASSIS,Internal,JabodetabekKARAWANG SELATANCDE LONG CHASSIS,Dalam Kota,,,,2,REGULAR,9:11:00,515120,#N/A
260206C045,KLS,2/6/2026,CDELC,A8159ZC,Bekasi,Jabodetabek,Solar,1.47,Customer,17,3.69,11,9,29000,726987,Jawa,BEKASI,CDE LONG CHASSIS,Internal,JabodetabekBEKASICDE LONG CHASSIS,Dalam Kota,,,,2,REGULAR,9:08:00,515120,182867
260206C046,KLS,2/6/2026,CDDLC,A8908XY,Bekasi,Jabodetabek,Solar,13.75,Customer,26,2.55,16,9,93500,777340,Jawa,BEKASI,CDD LONG CHASSIS,Internal,JabodetabekBEKASICDD LONG CHASSIS,Dalam Kota,,,,2,REGULAR,7:44:00,515120,168720
260206C047,KLS,2/6/2026,MOTOR,B5709BLU,Bekasi,Jabodetabek,Pertalite,2,Customer,16,0.14,0.14,10,20000,277590,Jawa,BEKASI,MOTOR BOX,Internal,JabodetabekBEKASIMOTOR BOX,Dalam Kota,,,,2,REGULAR,10:17:00,257560,30
260206C102,KLS,2/6/2026,MVB,A8876ZX,Subang,Jawa Barat,Pertalite,14.8,Customer,14,2.33,5,4,305470,625106,Jawa,SUBANG,MINI VAN BOX,Internal,Jawa BaratSUBANGMINI VAN BOX,DALAM KOTA,,,,2,REGULAR,9:55:00,257560,62076
260206C156,KLS,2/6/2026,CDELC,A8486VC,Bekasi,Jabodetabek,Solar,11.86,Customer,6,8.0,8,3,94500,#N/A,Jawa,BEKASI,CDE PICKUP,Internal,JabodetabekBEKASICDE PICKUP,Dalam Kota,,,,2,REGULAR,6:43:00,515120,#N/A
260206C227,KLS,2/6/2026,CDELC,A8339ZS,Bogor,Jabodetabek,Solar,11.77,Customer,4,8.0,8,2,179000,702160,Jawa,BOGOR,CDE PICKUP,Internal,JabodetabekBOGORCDE PICKUP,Dalam Kota,,,,2,REGULAR,6:45:00,257560,265600
260206C235,KLS,2/6/2026,CDELC,A8098ZH,Jakarta Timur,Jabodetabek,Solar,18.2,Customer,6,11.0,11,4,201000,937287,Jawa,JAKARTA TIMUR,CDE LONG CHASSIS,Internal,JabodetabekJAKARTA TIMURCDE LONG CHASSIS,Dalam Kota,,,,2,REGULAR,7:20:00,515120,221167
260206C241,KLS,2/6/2026,MVB,A8504ZX,Bekasi,Jabodetabek,Pertalite,7.02,Customer,8,5.0,5,4,90700,422360,Jawa,BEKASI,MINI VAN BOX,Internal,JabodetabekBEKASIMINI VAN BOX,Dalam Kota,,,,2,REGULAR,6:18:00,257560,74100
260206C242,KLS,2/6/2026,MVB,A8304VC,Karawang Selatan,Jabodetabek,Pertalite,11.05,Customer,10,5.0,5,4,187000,#N/A,Jawa,KARAWANG SELATAN,MINI VAN BOX,Internal,JabodetabekKARAWANG SELATANMINI VAN BOX,Dalam Kota,,,,2,REGULAR,6:23:00,257560,#N/A
260206C255,KLS,2/6/2026,CDELC,A8513VC,Jakarta Utara,Jabodetabek,Solar,20.44,Customer,1,3.6,11,1,219000,476560,Jawa,JAKARTA UTARA,CDE LONG CHASSIS,Internal,JabodetabekJAKARTA UTARACDE LONG CHASSIS,Dalam Kota,,,,2,REGULAR,8:41:00,257560,0
260206S001,KLS,2/6/2026,CDELC,A8020VC,Jakarta Barat,Jabodetabek,Solar,14.71,Customer via Hub,24,3.58,11,5,141000,426700,Jawa,JAKARTA BARAT,CDE LONG CHASSIS,Internal,JabodetabekJAKARTA BARATCDE LONG CHASSIS,Dalam Kota,,,,2,REGULAR,9:53:00,,285700
260206S004,KLS,2/6/2026,MVB,A8437ZH,Tangerang,Jabodetabek,Pertalite,14.12,Customer via Hub,11,2.67,5,4,127000,237600,Jawa,TANGERANG,MINI VAN BOX,Internal,JabodetabekTANGERANGMINI VAN BOX,Dalam Kota,,,,2,REGULAR,8:23:00,,110600
260206S007,KLS,2/6/2026,MVB,A8537ZF,Tangerang,Jabodetabek,Pertalite,10.95,Customer via Hub,47,2.02,5,9,178000,288600,Jawa,TANGERANG,MINI VAN BOX,Internal,JabodetabekTANGERANGMINI VAN BOX,Dalam Kota,,,,2,REGULAR,9:20:00,,110600
260206S009,KLS,2/6/2026,CDELC,A8717VB,Jakarta Utara,Jabodetabek,,,Customer via Hub,15,3.99,11,4,,285700,Jawa,JAKARTA UTARA,CDE LONG CHASSIS,Internal,JabodetabekJAKARTA UTARACDE LONG CHASSIS,Dalam Kota,,,,2,REGULAR,7:43:00,,285700
260206S005,KLS,2/6/2026,CDELC,A8721VB,Tangerang,Jabodetabek,,,Customer via Hub,15,1.99,11,4,35000,320700,Jawa,TANGERANG,CDE LONG CHASSIS,Internal,JabodetabekTANGERANGCDE LONG CHASSIS,Dalam Kota,,,,2,REGULAR,8:41:00,,285700
260206S008,KLS,2/6/2026,CDELC,A8757VB,Tangerang,Jabodetabek,Solar,13316.67,Customer via Hub,18,2.0,11,6,79900,365600,Jawa,TANGERANG,CDE LONG CHASSIS,Internal,JabodetabekTANGERANGCDE LONG CHASSIS,Dalam Kota,,,,2,REGULAR,8:14:00,,285700
260206S006,KLS,2/6/2026,CDELC,A8759VB,Tangerang,Jabodetabek,Solar,14.4,Customer via Hub,34,4.5,11,7,163926,449626,Jawa,TANGERANG,CDE LONG CHASSIS,Internal,JabodetabekTANGERANGCDE LONG CHASSIS,Dalam Kota,,,,2,REGULAR,10:07:00,,285700
260206S003,KLS,2/6/2026,CDELC,A8801XZ,Serang,Banten,Solar,31.07,Customer via Hub,7,11.0,11,2,348810,499543,Jawa,SERANG,CDE LONG CHASSIS,Internal,BantenSERANGCDE LONG CHASSIS,Dalam Kota,,,,2,REGULAR,12:20:00,,150733
260206S002,KLS,2/6/2026,CDELC,A8910VB,Cilegon,Banten,Solar,6805.89,Customer via Hub,31,3.65,11,6,397818,683518,Jawa,CILEGON,CDE LONG CHASSIS,Internal,BantenCILEGONCDE LONG CHASSIS,Dalam Kota,,,,2,REGULAR,12:16:00,,285700
260206S012,KLS,2/6/2026,CDELC,A8912VB,Jakarta Pusat,Jabodetabek,Solar,15.91,Customer via Hub,22,1.32,11,7,216690,481983,Jawa,JAKARTA PUSAT,CDE LONG CHASSIS,Internal,JabodetabekJAKARTA PUSATCDE LONG CHASSIS,Dalam Kota,,,,2,REGULAR,11:08:00,,265293
260206S011,KLS,2/6/2026,MVB,B9064SMV,Jakarta Selatan,Jabodetabek,,,Customer via Hub,24,1.67,5,7,24000,#N/A,Jawa,JAKARTA SELATAN,MINI VAN BOX,Internal,JabodetabekJAKARTA SELATANMINI VAN BOX,Dalam Kota,,,,2,REGULAR,13:19:00,,#N/A
260206S010,KLS,2/6/2026,MVB,B9710SCE,Jakarta Selatan,Jabodetabek,Pertalite,14.36,Customer via Hub,29,2.03,5,10,241100,#N/A,Jawa,JAKARTA SELATAN,MINI VAN BOX,Internal,JabodetabekJAKARTA SELATANMINI VAN BOX,Dalam Kota,,,,2,REGULAR,12:08:00,,#N/A
260206S001,KLS,2/6/2026,CDELC,A8020VC,Jakarta Barat,Jabodetabek,Solar,14.71,Customer via Hub,24,3.58,11,5,141000,426700,Jawa,JAKARTA BARAT,CDE LONG CHASSIS,Internal,JabodetabekJAKARTA BARATCDE LONG CHASSIS,Dalam Kota,,,,2,REGULAR,9:53:00,,285700
260206S004,KLS,2/6/2026,MVB,A8437ZH,Tangerang,Jabodetabek,Pertalite,14.12,Customer via Hub,11,2.67,5,4,127000,237600,Jawa,TANGERANG,MINI VAN BOX,Internal,JabodetabekTANGERANGMINI VAN BOX,Dalam Kota,,,,2,REGULAR,8:23:00,,110600
260206S007,KLS,2/6/2026,MVB,A8537ZF,Tangerang,Jabodetabek,Pertalite,10.95,Customer via Hub,47,2.02,5,9,178000,288600,Jawa,TANGERANG,MINI VAN BOX,Internal,JabodetabekTANGERANGMINI VAN BOX,Dalam Kota,,,,2,REGULAR,9:20:00,,110600
260206S009,KLS,2/6/2026,CDELC,A8717VB,Jakarta Utara,Jabodetabek,,,Customer via Hub,15,3.99,11,4,,285700,Jawa,JAKARTA UTARA,CDE LONG CHASSIS,Internal,JabodetabekJAKARTA UTARACDE LONG CHASSIS,Dalam Kota,,,,2,REGULAR,7:43:00,,285700
260206S005,KLS,2/6/2026,CDELC,A8721VB,Tangerang,Jabodetabek,,,Customer via Hub,15,1.99,11,4,35000,320700,Jawa,TANGERANG,CDE LONG CHASSIS,Internal,JabodetabekTANGERANGCDE LONG CHASSIS,Dalam Kota,,,,2,REGULAR,8:41:00,,285700
260206S008,KLS,2/6/2026,CDELC,A8757VB,Tangerang,Jabodetabek,Solar,13316.67,Customer via Hub,18,2.0,11,6,79900,365600,Jawa,TANGERANG,CDE LONG CHASSIS,Internal,JabodetabekTANGERANGCDE LONG CHASSIS,Dalam Kota,,,,2,REGULAR,8:14:00,,285700
260206S006,KLS,2/6/2026,CDELC,A8759VB,Tangerang,Jabodetabek,Solar,14.4,Customer via Hub,34,4.5,11,7,163926,449626,Jawa,TANGERANG,CDE LONG CHASSIS,Internal,JabodetabekTANGERANGCDE LONG CHASSIS,Dalam Kota,,,,2,REGULAR,10:07:00,,285700
260206S003,KLS,2/6/2026,CDELC,A8801XZ,Serang,Banten,Solar,31.07,Customer via Hub,7,11.0,11,2,348810,499543,Jawa,SERANG,CDE LONG CHASSIS,Internal,BantenSERANGCDE LONG CHASSIS,Dalam Kota,,,,2,REGULAR,12:20:00,,150733
260206S002,KLS,2/6/2026,CDELC,A8910VB,Cilegon,Banten,Solar,6805.89,Customer via Hub,31,3.65,11,6,397818,683518,Jawa,CILEGON,CDE LONG CHASSIS,Internal,BantenCILEGONCDE LONG CHASSIS,Dalam Kota,,,,2,REGULAR,12:16:00,,285700
260206S012,KLS,2/6/2026,CDELC,A8912VB,Jakarta Pusat,Jabodetabek,Solar,15.91,Customer via Hub,22,1.32,11,7,216690,481983,Jawa,JAKARTA PUSAT,CDE LONG CHASSIS,Internal,JabodetabekJAKARTA PUSATCDE LONG CHASSIS,Dalam Kota,,,,2,REGULAR,11:08:00,,265293
260206S011,KLS,2/6/2026,MVB,B9064SMV,Jakarta Selatan,Jabodetabek,,,Customer via Hub,22,1.64,5,7,24000,#N/A,Jawa,JAKARTA SELATAN,MINI VAN BOX,Internal,JabodetabekJAKARTA SELATANMINI VAN BOX,Dalam Kota,,,,2,REGULAR,13:19:00,,#N/A
260206S010,KLS,2/6/2026,MVB,B9710SCE,Jakarta Selatan,Jabodetabek,Pertalite,14.36,Customer via Hub,28,2.02,5,10,241100,#N/A,Jawa,JAKARTA SELATAN,MINI VAN BOX,Internal,JabodetabekJAKARTA SELATANMINI VAN BOX,Dalam Kota,,,,2,REGULAR,12:08:00,,#N/A
260207H012,KLS,2/7/2026,CDDLC,A8288YX,Jakarta Barat,Jabodetabek,Solar,13.95,HUB,122,10.39,16,2,176860,623387,Jawa,JAKARTA BARAT,CDD LONG CHASSIS,Internal,JabodetabekJAKARTA BARATCDD LONG CHASSIS,Dalam Kota,,,,2,REGULAR,9:02:00,257560,188967
260207C024,KLS,2/7/2026,CDELC,A8476VC,Karawang Selatan,Jabodetabek,Solar,17.98,Customer,18,2.76,11,5,190264,#N/A,Jawa,KARAWANG SELATAN,CDE LONG CHASSIS,Internal,JabodetabekKARAWANG SELATANCDE LONG CHASSIS,Dalam Kota,,,,2,REGULAR,5:16:00,515120,#N/A
260207C025,KLS,2/7/2026,MVB,A8373VC,Bogor,Jabodetabek,Pertalite,14.93,Customer,13,5.0,5,6,237800,#N/A,Jawa,BOGOR,MINI VAN BOX,Internal,JabodetabekBOGORMINI VAN BOX,Dalam Kota,,,,2,REGULAR,8:08:00,515120,#N/A
260207C026,KLS,2/7/2026,MVB,A8017VC,Depok,Jabodetabek,Pertalite,11.37,Customer,17,5.0,5,7,203700,1004520,Jawa,DEPOK,MINI VAN BOX,Internal,JabodetabekDEPOKMINI VAN BOX,Dalam Kota,,,,2,REGULAR,6:22:00,515120,285700
260207C027,KLS,2/7/2026,MVB,A8983VB,Bogor,Jabodetabek,Pertalite,9.95,Customer,12,5.0,5,4,185000,831520,Jawa,BOGOR,MINI VAN BOX,Internal,JabodetabekBOGORMINI VAN BOX,Dalam Kota,,,,2,REGULAR,4:12:00,515120,131400
260207C028,KLS,2/7/2026,MVB,B9642SCE,Jakarta Utara,Jabodetabek,Pertalite,8.9,Customer,11,5.0,5,5,159000,766887,Jawa,JAKARTA UTARA,MINI VAN BOX,Internal,JabodetabekJAKARTA UTARAMINI VAN BOX,Dalam Kota,,,,2,REGULAR,6:36:00,515120,92767
260207C029,KLS,2/7/2026,MVB,A8553VB,Jakarta Timur,Jabodetabek,Pertalite,8.61,Customer,7,5.0,5,4,141600,788120,Jawa,JAKARTA TIMUR,MINI VAN BOX,Internal,JabodetabekJAKARTA TIMURMINI VAN BOX,Dalam Kota,,,,2,REGULAR,5:16:00,515120,131400
260207C030,KLS,2/7/2026,CDELC,A8520VC,Bekasi,Jabodetabek,Solar,12.38,Customer,17,4.2,11,7,144684,#N/A,Jawa,BEKASI,CDE LONG CHASSIS,Internal,JabodetabekBEKASICDE LONG CHASSIS,Dalam Kota,,,,2,REGULAR,7:12:00,515120,#N/A
260207C031,KLS,2/7/2026,CDELC,A8002XW,Bekasi,Jabodetabek,Solar,12.08,Customer,13,4.67,11,4,94000,761587,Jawa,BEKASI,CDE LONG CHASSIS,Internal,JabodetabekBEKASICDE LONG CHASSIS,Dalam Kota,,,,2,REGULAR,8:57:00,515120,152467
260207C226,KLS,2/7/2026,PICKUP,A8721ZV,Jakarta Barat,Jabodetabek,Pertalite,14.31,Customer,1,3.0,3,1,217600,838553,Jawa,JAKARTA BARAT,PICK UP,Internal,JabodetabekJAKARTA BARATPICK UP,Dalam Kota,,,,2,REGULAR,5:54:00,515120,105833
260207L027,KLS,2/7/2026,CDDLC,A8908XY,Surabaya,Jawa Timur,Solar,27.48,Store,71,11.07,16,1,805000,2510121,Jawa,SURABAYA,CDD LONG CHASSIS,Internal,Jawa TimurSURABAYACDD LONG CHASSIS,Luar Kota,,,,2,REGULAR,9:51:00,1030240,674881
260207S001,KLS,2/7/2026,CDELC,A8020VC,Jakarta Barat,Jabodetabek,Solar,12.17,Customer via Hub,11,11.0,11,6,116770,402470,Jawa,JAKARTA BARAT,CDE LONG CHASSIS,Internal,JabodetabekJAKARTA BARATCDE LONG CHASSIS,Dalam Kota,,,,2,REGULAR,7:55:00,,285700
260207S004,KLS,2/7/2026,MVB,A8437ZH,Tangerang,Jabodetabek,Pertalite,8,Customer via Hub,16,1.44,5,8,166000,276600,Jawa,TANGERANG,MINI VAN BOX,Internal,JabodetabekTANGERANGMINI VAN BOX,Dalam Kota,,,,2,REGULAR,6:53:00,,110600
260207S002,KLS,2/7/2026,CDELC,A8481ZH,Cilegon,Banten,Solar,22.07,Customer via Hub,33,6.51,11,6,265103,486270,Jawa,CILEGON,CDE LONG CHASSIS,Internal,BantenCILEGONCDE LONG CHASSIS,Dalam Kota,,,,2,REGULAR,8:18:00,,221167
260207S005,KLS,2/7/2026,MVB,A8537ZF,Jakarta Selatan,Jabodetabek,Pertalite,13,Customer via Hub,11,5.0,5,8,17130,127730,Jawa,JAKARTA SELATAN,MINI VAN BOX,Internal,JabodetabekJAKARTA SELATANMINI VAN BOX,Dalam Kota,,,,2,REGULAR,46:02:00,,110600
260207S003,KLS,2/7/2026,CDELC,A8912VB,Tangerang,Jabodetabek,Solar,12.65,Customer via Hub,28,2.68,11,7,86040,351333,Jawa,TANGERANG,CDE LONG CHASSIS,Internal,JabodetabekTANGERANGCDE LONG CHASSIS,Dalam Kota,,,,2,REGULAR,8:06:00,,265293
260207S006,KLS,2/7/2026,MVB,B9710SCE,Jakarta Pusat,Jabodetabek,Pertalite,10.61,Customer via Hub,20,2.13,5,9,155100,#N/A,Jawa,JAKARTA PUSAT,MINI VAN BOX,Internal,JabodetabekJAKARTA PUSATMINI VAN BOX,Dalam Kota,,,,2,REGULAR,7:41:00,,#N/A
260209H001,KLS,2/9/2026,WINGBOX,B9068BEN,Jakarta Barat,Jabodetabek,Solar,30.83,HUB,192,42.0,42,3,291644,634636,Jawa,JAKARTA BARAT,WINGBOX,Internal,JabodetabekJAKARTA BARATWINGBOX,Dalam Kota,,,,2,REGULAR,8:25:00,257560,85432
260209C003,KLS,2/9/2026,MVB,B9642SCE,Bogor,Jabodetabek,Pertalite,17.11,Customer,15,2.67,5,6,244600,594927,Jawa,BOGOR,MINI VAN BOX,Internal,JabodetabekBOGORMINI VAN BOX,Dalam Kota,,,,2,REGULAR,9:20:00,257560,92767
260209C004,KLS,2/9/2026,CDELC,A8048ZX,Karawang Selatan,Jabodetabek,Solar,17.1,Customer,27,4.14,11,7,163280,573307,Jawa,KARAWANG SELATAN,CDE LONG CHASSIS,Internal,JabodetabekKARAWANG SELATANCDE LONG CHASSIS,Dalam Kota,,,,2,REGULAR,9:02:00,257560,152467
260209C006,KLS,2/9/2026,MVB,A8504ZX,Purwakarta,Jawa Barat,Pertalite,19.73,Customer,12,2.08,5,6,467300,1056520,Jawa,PURWAKARTA,MINI VAN BOX,Internal,Jawa BaratPURWAKARTAMINI VAN BOX,Dalam Kota,,,,2,REGULAR,10:16:00,515120,74100
260209C007,KLS,2/9/2026,CDELC,A8476VC,Karawang Selatan,Jabodetabek,Solar,13.46,Customer,22,11.0,11,11,118528,#N/A,Jawa,KARAWANG SELATAN,CDE LONG CHASSIS,Internal,JabodetabekKARAWANG SELATANCDE LONG CHASSIS,Dalam Kota,,,,2,REGULAR,8:39:00,515120,#N/A
260209C008,KLS,2/9/2026,CDDLC,A8908XY,Bekasi,Jabodetabek,Solar,13.04,Customer,24,3.86,16,10,88672,688152,Jawa,BEKASI,CDD LONG CHASSIS,Internal,JabodetabekBEKASICDD LONG CHASSIS,Dalam Kota,,,,2,REGULAR,6:44:00,515120,84360
260209C009,KLS,2/9/2026,CDDLC,A8288YX,Jakarta Utara,Jabodetabek,Solar,18.66,Customer,2,14.02,16,2,285888,732415,Jawa,JAKARTA UTARA,CDD LONG CHASSIS,Internal,JabodetabekJAKARTA UTARACDD LONG CHASSIS,Dalam Kota,,,,2,REGULAR,7:58:00,257560,188967
260209C010,KLS,2/9/2026,MVB,A8017VC,Jakarta Utara,Jabodetabek,Pertalite,12.2,Customer,9,5.0,5,6,206000,749260,Jawa,JAKARTA UTARA,MINI VAN BOX,Internal,JabodetabekJAKARTA UTARAMINI VAN BOX,Dalam Kota,,,,2,REGULAR,7:17:00,257560,285700
260209C011,KLS,2/9/2026,CDELC,B9044BRO,Jakarta Utara,Jabodetabek,Solar,18.41,Customer,7,4.09,11,6,248188,676612,Jawa,JAKARTA UTARA,CDE LONG CHASSIS,Internal,JabodetabekJAKARTA UTARACDE LONG CHASSIS,Dalam Kota,,,,2,REGULAR,11:22:00,257560,170864
260209C012,KLS,2/9/2026,MVB,A8553VB,Jakarta Timur,Jabodetabek,Pertalite,10.05,Customer,9,5.0,5,6,126500,515460,Jawa,JAKARTA TIMUR,MINI VAN BOX,Internal,JabodetabekJAKARTA TIMURMINI VAN BOX,Dalam Kota,,,,2,REGULAR,7:11:00,257560,131400
260209C013,KLS,2/9/2026,MVB,A8876ZX,Bekasi,Jabodetabek,Pertalite,10.68,Customer,23,3.16,5,16,106800,683996,Jawa,BEKASI,MINI VAN BOX,Internal,JabodetabekBEKASIMINI VAN BOX,Dalam Kota,,,,2,REGULAR,8:31:00,515120,62076
260209C014,KLS,2/9/2026,CDELC,A8520VC,Bekasi,Jabodetabek,Solar,12.83,Customer,19,11.0,11,10,153244,#N/A,Jawa,BEKASI,CDE LONG CHASSIS,Internal,JabodetabekBEKASICDE LONG CHASSIS,Dalam Kota,,,,2,REGULAR,9:12:00,257560,#N/A
260209C015,KLS,2/9/2026,CDELC,A8002XW,Bekasi,Jabodetabek,Solar,12.28,Customer,12,11.0,11,6,122004,789591,Jawa,BEKASI,CDE LONG CHASSIS,Internal,JabodetabekBEKASICDE LONG CHASSIS,Dalam Kota,,,,2,REGULAR,6:58:00,515120,152467
260209C016,KLS,2/9/2026,MVB,B9320SCE,Bogor,Jabodetabek,Pertalite,14.92,Customer,14,5.0,5,8,199700,543400,Jawa,BOGOR,MINI VAN BOX,Internal,JabodetabekBOGORMINI VAN BOX,Dalam Kota,,,,2,REGULAR,10:09:00,257560,86140
260209C017,KLS,2/9/2026,MVB,A8373VC,Jakarta Timur,Jabodetabek,Pertalite,12.75,Customer,9,5.0,5,8,214000,#N/A,Jawa,JAKARTA TIMUR,MINI VAN BOX,Internal,JabodetabekJAKARTA TIMURMINI VAN BOX,Dalam Kota,,,,2,REGULAR,9:16:00,257560,#N/A
260209C018,KLS,2/9/2026,CDELC,A8503ZX,Depok,Jabodetabek,Solar,19.6,Customer,16,3.96,8,9,202280,612307,Jawa,DEPOK,CDE,Internal,JabodetabekDEPOKCDE,Dalam Kota,,,,2,REGULAR,8:24:00,257560,152467
260209C020,KLS,2/9/2026,CDELC,A8159ZC,Bekasi,Jabodetabek,Solar,12.31,Customer,17,3.83,11,9,102708,800695,Jawa,BEKASI,CDE LONG CHASSIS,Internal,JabodetabekBEKASICDE LONG CHASSIS,Dalam Kota,,,,2,REGULAR,9:09:00,515120,182867
260209C021,KLS,2/9/2026,PICKUP,A8721ZV,Bekasi,Jabodetabek,Pertalite,13.71,Customer,13,3.0,3,10,156100,519493,Jawa,BEKASI,PICK UP,Internal,JabodetabekBEKASIPICK UP,Dalam Kota,,,,2,REGULAR,7:58:00,257560,105833
260209C022,KLS,2/9/2026,CDELC,A8505VC,Karawang Selatan,Jabodetabek,Solar,14.29,Customer,14,11.0,11,9,130172,#N/A,Jawa,KARAWANG SELATAN,CDE LONG CHASSIS,Internal,JabodetabekKARAWANG SELATANCDE LONG CHASSIS,Dalam Kota,,,,2,REGULAR,7:01:00,515120,#N/A
260209C023,KLS,2/9/2026,CDELC,A8098ZH,Jakarta Selatan,Jabodetabek,Solar,15.17,Customer,1,8.19,11,1,172156,650883,Jawa,JAKARTA SELATAN,CDE LONG CHASSIS,Internal,JabodetabekJAKARTA SELATANCDE LONG CHASSIS,Dalam Kota,,,,2,REGULAR,7:04:00,257560,221167
260209C024,KLS,2/9/2026,CDELC,A8486VC,Jakarta Selatan,Jabodetabek,Solar,21.32,Customer,4,8.0,8,3,242976,#N/A,Jawa,JAKARTA SELATAN,CDE PICKUP,Internal,JabodetabekJAKARTA SELATANCDE PICKUP,Dalam Kota,,,,2,REGULAR,8:28:00,515120,#N/A
260209C054,KLS,2/9/2026,CDELC,A8432ZS,Tangerang,Jabodetabek,Solar,14.06,Customer,1,4.94,11,2,140608,912778,Jawa,TANGERANG,CDE LONG CHASSIS,Internal,JabodetabekTANGERANGCDE LONG CHASSIS,Dalam Kota,,,,2,REGULAR,8:39:00,515120,257050
260209C256,KLS,2/9/2026,MVB,A8983VB,Karawang Selatan,Jabodetabek,Pertalite,10.42,Customer,14,5.0,5,9,124700,513660,Jawa,KARAWANG SELATAN,MINI VAN BOX,Internal,JabodetabekKARAWANG SELATANMINI VAN BOX,Dalam Kota,,,,2,REGULAR,7:15:00,257560,131400
260209C259,KLS,2/9/2026,CDDLC,B9190SDB,Serang,Banten,Solar,31.21,Customer,3,11.9,13,2,335228,1046581,Jawa,SERANG,CDD PICK UP,Internal,BantenSERANGCDD PICK UP,Dalam Kota,,,,2,REGULAR,10:25:00,515120,196233
260209C267,KLS,2/9/2026,CDDLC,A8961VB,Karawang,Jabodetabek,Solar,10.95,Customer,1,11.41,13,1,74460,644653,Jawa,KARAWANG,CDD PICK UP,Internal,JabodetabekKARAWANGCDD PICK UP,Dalam Kota,,,,2,REGULAR,6:28:00,257560,312633
260209C273,KLS,2/9/2026,MVB,A8304VC,Karawang Selatan,Jabodetabek,Pertalite,13.04,Customer,16,5.0,5,7,157400,#N/A,Jawa,KARAWANG SELATAN,MINI VAN BOX,Internal,JabodetabekKARAWANG SELATANMINI VAN BOX,Dalam Kota,,,,2,REGULAR,7:55:00,515120,#N/A
260209L029,KLS,2/9/2026,CDDLC,A8976XY,Cirebon,Jawa Barat,Solar,52.36,Store,5,16.0,16,1,801500,1248027,Jawa,CIREBON,CDD LONG CHASSIS,Internal,Jawa BaratCIREBONCDD LONG CHASSIS,Luar Kota,,,,2,REGULAR,53:25:00,257560,188967
260209C317,KLS,2/9/2026,CDELC,A8505VC,Jakarta Selatan,Jabodetabek,Solar,11.87,Customer,1,3.92,11,1,135716,#N/A,Jawa,JAKARTA SELATAN,CDE LONG CHASSIS,Internal,JabodetabekJAKARTA SELATANCDE LONG CHASSIS,Dalam Kota,,,,2,REGULAR,5:30:00,515120,#N/A
260209C338,KLS,2/9/2026,CDDLC,A8908XY,Bekasi,Jabodetabek,Solar,0.15,Customer,1,16.0,16,1,1000,600480,Jawa,BEKASI,CDD LONG CHASSIS,Internal,JabodetabekBEKASICDD LONG CHASSIS,Dalam Kota,,,,2,REGULAR,1:15:00,515120,84360
260209S012,KLS,2/9/2026,CDELC,A8020VC,Jakarta Utara,Jabodetabek,Solar,15.43,Customer via Hub,29,1.36,11,3,193424,479124,Jawa,JAKARTA UTARA,CDE LONG CHASSIS,Internal,JabodetabekJAKARTA UTARACDE LONG CHASSIS,Dalam Kota,,,,2,REGULAR,8:27:00,,285700
260209S004,KLS,2/9/2026,MVB,A8437ZH,Tangerang,Jabodetabek,Pertalite,11.79,Customer via Hub,9,1.44,5,3,193900,304500,Jawa,TANGERANG,MINI VAN BOX,Internal,JabodetabekTANGERANGMINI VAN BOX,Dalam Kota,,,,2,REGULAR,10:15:00,,110600
260209S001,KLS,2/9/2026,CDELC,A8481ZH,Jakarta Barat,Jabodetabek,Solar,10.31,Customer via Hub,24,4.02,11,5,100108,321275,Jawa,JAKARTA BARAT,CDE LONG CHASSIS,Internal,JabodetabekJAKARTA BARATCDE LONG CHASSIS,Dalam Kota,,,,2,REGULAR,8:20:00,,221167
260209S007,KLS,2/9/2026,MVB,A8537ZF,Tangerang,Jabodetabek,Pertalite,7.46,Customer via Hub,10,5.0,5,8,119100,229700,Jawa,TANGERANG,MINI VAN BOX,Internal,JabodetabekTANGERANGMINI VAN BOX,Dalam Kota,,,,2,REGULAR,7:17:00,,110600
260209S006,KLS,2/9/2026,CDELC,A8721VB,Tangerang,Jabodetabek,Solar,13.22,Customer via Hub,18,1.71,11,3,89896,375596,Jawa,TANGERANG,CDE LONG CHASSIS,Internal,JabodetabekTANGERANGCDE LONG CHASSIS,Dalam Kota,,,,2,REGULAR,7:07:00,,285700
260209S011,KLS,2/9/2026,CDELC,A8757VB,Tangerang,Jabodetabek,Solar,13.17,Customer via Hub,8,11.0,11,3,17079,302779,Jawa,TANGERANG,CDE LONG CHASSIS,Internal,JabodetabekTANGERANGCDE LONG CHASSIS,Dalam Kota,,,,2,REGULAR,7:06:00,,285700
260209S010,KLS,2/9/2026,CDELC,A8759VB,Jakarta Pusat,Jabodetabek,,,Customer via Hub,15,11.0,11,4,,285700,Jawa,JAKARTA PUSAT,CDE LONG CHASSIS,Internal,JabodetabekJAKARTA PUSATCDE LONG CHASSIS,Dalam Kota,,,,2,REGULAR,22:44:00,,285700
260209S003,KLS,2/9/2026,CDELC,A8801XZ,Tangerang,Jabodetabek,Solar,18.68,Customer via Hub,11,7.0,7,2,173524,324257,Jawa,TANGERANG,CDE PICK UP,Internal,JabodetabekTANGERANGCDE PICK UP,Dalam Kota,,,,2,REGULAR,8:55:00,,150733
260209S002,KLS,2/9/2026,CDELC,A8910VB,Cilegon,Banten,Solar,6802.72,Customer via Hub,30,4.69,11,3,313068,598768,Jawa,CILEGON,CDE LONG CHASSIS,Internal,BantenCILEGONCDE LONG CHASSIS,Dalam Kota,,,,2,REGULAR,7:41:00,,285700
260209S005,KLS,2/9/2026,CDELC,A8912VB,Tangerang,Jabodetabek,Solar,12.21,Customer via Hub,15,5.11,11,4,141028,406321,Jawa,TANGERANG,CDE LONG CHASSIS,Internal,JabodetabekTANGERANGCDE LONG CHASSIS,Dalam Kota,,,,2,REGULAR,6:44:00,,265293
260209S009,KLS,2/9/2026,MVB,B9064SMV,Jakarta Selatan,Jabodetabek,,,Customer via Hub,14,2.04,5,5,75500,#N/A,Jawa,JAKARTA SELATAN,MINI VAN BOX,Internal,JabodetabekJAKARTA SELATANMINI VAN BOX,Dalam Kota,,,,2,REGULAR,9:04:00,,#N/A
260209S008,KLS,2/9/2026,MVB,B9710SCE,Jakarta Selatan,Jabodetabek,Pertalite,8.45,Customer via Hub,17,1.41,5,9,165000,#N/A,Jawa,JAKARTA SELATAN,MINI VAN BOX,Internal,JabodetabekJAKARTA SELATANMINI VAN BOX,Dalam Kota,,,,2,REGULAR,8:50:00,,#N/A
260210H002,KLS,2/10/2026,WINGBOX,B9068BEN,Jakarta Barat,Jabodetabek,Solar,32.35,HUB,125,42.0,42,3,301980,644972,Jawa,JAKARTA BARAT,WINGBOX,Internal,JabodetabekJAKARTA BARATWINGBOX,Dalam Kota,,,,2,REGULAR,8:52:00,257560,85432
260210C005,KLS,2/10/2026,MVB,A8504ZX,Karawang Selatan,Jabodetabek,Pertalite,14.3,Customer,33,4.54,5,3,205000,536660,Jawa,KARAWANG SELATAN,MINI VAN BOX,Internal,JabodetabekKARAWANG SELATANMINI VAN BOX,Dalam Kota,,,,2,REGULAR,7:17:00,257560,74100
260210C006,KLS,2/10/2026,CDELC,A8476VC,Karawang Selatan,Jabodetabek,Solar,16.1,Customer,7,11.0,11,5,163500,#N/A,Jawa,KARAWANG SELATAN,CDE LONG CHASSIS,Internal,JabodetabekKARAWANG SELATANCDE LONG CHASSIS,Dalam Kota,,,,2,REGULAR,7:04:00,515120,#N/A
260210C007,KLS,2/10/2026,CDELC,A8432ZS,Bogor,Jabodetabek,Solar,19.5,Customer,7,11.0,11,2,177000,949170,Jawa,BOGOR,CDE LONG CHASSIS,Internal,JabodetabekBOGORCDE LONG CHASSIS,Dalam Kota,,,,2,REGULAR,8:34:00,515120,257050
260210C008,KLS,2/10/2026,MVB,A8876ZX,Bogor,Jabodetabek,Pertalite,15.64,Customer,16,5.0,5,3,217400,537036,Jawa,BOGOR,MINI VAN BOX,Internal,JabodetabekBOGORMINI VAN BOX,Dalam Kota,,,,2,REGULAR,7:53:00,257560,62076
260210C009,KLS,2/10/2026,PICKUP,A8721ZV,Jakarta Utara,Jabodetabek,Pertalite,14.79,Customer,3,3.0,3,3,271900,892853,Jawa,JAKARTA UTARA,PICK UP,Internal,JabodetabekJAKARTA UTARAPICK UP,Dalam Kota,,,,2,REGULAR,8:02:00,515120,105833
260210C010,KLS,2/10/2026,MVB,A8017VC,Jakarta Utara,Jabodetabek,Pertalite,11.79,Customer,10,5.0,5,3,191900,735160,Jawa,JAKARTA UTARA,MINI VAN BOX,Internal,JabodetabekJAKARTA UTARAMINI VAN BOX,Dalam Kota,,,,2,REGULAR,7:57:00,257560,285700
260210C011,KLS,2/10/2026,MVB,B9320SCE,Bogor,Jabodetabek,Pertalite,13.18,Customer,7,5.0,5,5,185300,529000,Jawa,BOGOR,MINI VAN BOX,Internal,JabodetabekBOGORMINI VAN BOX,Dalam Kota,,,,2,REGULAR,8:25:00,257560,86140
260210C012,KLS,2/10/2026,CDELC,A8503ZX,Depok,Jabodetabek,Solar,12.73,Customer,18,8.0,8,1,167500,501293,Jawa,DEPOK,CDE,Internal,JabodetabekDEPOKCDE,Dalam Kota,,,,2,REGULAR,5:27:00,257560,76233
260210C014,KLS,2/10/2026,MVB,A8373VC,Karawang Selatan,Jabodetabek,Pertalite,9.46,Customer,6,5.0,5,2,137600,#N/A,Jawa,KARAWANG SELATAN,MINI VAN BOX,Internal,JabodetabekKARAWANG SELATANMINI VAN BOX,Dalam Kota,,,,2,REGULAR,7:59:00,515120,#N/A
260210C015,KLS,2/10/2026,CDELC,A8520VC,Jakarta Timur,Jabodetabek,Solar,12.66,Customer,7,2.13,11,6,139000,#N/A,Jawa,JAKARTA TIMUR,CDE LONG CHASSIS,Internal,JabodetabekJAKARTA TIMURCDE LONG CHASSIS,Dalam Kota,,,,2,REGULAR,7:42:00,515120,#N/A
260210C016,KLS,2/10/2026,MVB,A8304VC,Bekasi,Jabodetabek,Pertalite,8.7,Customer,13,5.0,5,2,129500,#N/A,Jawa,BEKASI,MINI VAN BOX,Internal,JabodetabekBEKASIMINI VAN BOX,Dalam Kota,,,,2,REGULAR,6:56:00,515120,#N/A
260210C017,KLS,2/10/2026,MVB,A8983VB,Bekasi,Jabodetabek,Pertalite,7.66,Customer,4,5.0,5,1,86100,475060,Jawa,BEKASI,MINI VAN BOX,Internal,JabodetabekBEKASIMINI VAN BOX,Dalam Kota,,,,2,REGULAR,6:43:00,257560,131400
260210C018,KLS,2/10/2026,CDELC,A8159ZC,Bekasi,Jabodetabek,Solar,12.18,Customer,15,7.61,11,10,108000,805987,Jawa,BEKASI,CDE LONG CHASSIS,Internal,JabodetabekBEKASICDE LONG CHASSIS,Dalam Kota,,,,2,REGULAR,8:52:00,515120,182867
260210C019,KLS,2/10/2026,CDDLC,A8976XY,Bekasi,Jabodetabek,Solar,10.28,Customer,13,16.0,16,4,70000,774087,Jawa,BEKASI,CDD LONG CHASSIS,Internal,JabodetabekBEKASICDD LONG CHASSIS,Dalam Kota,,,,2,REGULAR,6:51:00,515120,188967
260210C020,KLS,2/10/2026,CDDLC,B9190SDB,Bekasi,Jabodetabek,Solar,7.07,Customer,21,2.36,13,4,48000,759353,Jawa,BEKASI,CDD PICK UP,Internal,JabodetabekBEKASICDD PICK UP,Dalam Kota,,,,2,REGULAR,6:14:00,515120,196233
260210C021,KLS,2/10/2026,CDDLC,A8961VB,Jakarta Utara,Jabodetabek,Solar,13.54,Customer,5,6.99,13,4,245000,815193,Jawa,JAKARTA UTARA,CDD PICK UP,Internal,JabodetabekJAKARTA UTARACDD PICK UP,Dalam Kota,,,,2,REGULAR,6:11:00,257560,312633
260210C022,KLS,2/10/2026,MOTOR,B5709BLU,Bekasi,Jabodetabek,Pertalite,2.09,Customer,4,0.14,0.14,4,20900,278490,Jawa,BEKASI,MOTOR BOX,Internal,JabodetabekBEKASIMOTOR BOX,Dalam Kota,,,,2,REGULAR,5:47:00,257560,30
260210C051,KLS,2/10/2026,CDELC,A8048ZX,Purwakarta,Jawa Barat,Solar,19.41,Customer,17,11.0,11,7,186000,853587,Jawa,PURWAKARTA,CDE LONG CHASSIS,Internal,Jawa BaratPURWAKARTACDE LONG CHASSIS,Dalam Kota,,,,2,REGULAR,12:07:00,515120,152467
260210C267,KLS,2/10/2026,CDELC,A8002XW,Jakarta Timur,Jabodetabek,Solar,1.47,Customer,1,11.0,11,1,0,333793,Jawa,JAKARTA TIMUR,CDE LONG CHASSIS,Internal,JabodetabekJAKARTA TIMURCDE LONG CHASSIS,Dalam Kota,,,,2,REGULAR,6:28:00,257560,76233
260210C274,KLS,2/10/2026,CDELC,A8098ZH,Jakarta Timur,Jabodetabek,,0,Customer,1,11.0,11,1,75500,443643,Jawa,JAKARTA TIMUR,CDE LONG CHASSIS,Internal,JabodetabekJAKARTA TIMURCDE LONG CHASSIS,Dalam Kota,,,,2,REGULAR,5:56:00,257560,110583
260209L046,KLS,2/10/2026,MVB,A8553VB,Sukabumi,Jawa Barat,Pertalite,20.96,Store,26,3.67,5,1,380600,1027120,Jawa,SUKABUMI,MINI VAN BOX,Internal,Jawa BaratSUKABUMIMINI VAN BOX,Luar Kota,,,,2,REGULAR,10:29:00,515120,131400
260209L045,KLS,2/10/2026,CDDLC,A8908XY,Bandung,Jawa Barat,,,Store,43,9.16,16,1,818500,1244780,Jawa,BANDUNG,CDD LONG CHASSIS,Internal,Jawa BaratBANDUNGCDD LONG CHASSIS,Luar Kota,,,,2,REGULAR,15:53:00,257560,168720
260210C314,KLS,2/10/2026,CDELC,B9044BRO,Jakarta Barat,Jabodetabek,Solar,24.3,Customer,6,9.48,11,2,285240,713664,Jawa,JAKARTA BARAT,CDE LONG CHASSIS,Internal,JabodetabekJAKARTA BARATCDE LONG CHASSIS,Dalam Kota,,,,2,REGULAR,22:34:00,257560,170864
260210C318,KLS,2/10/2026,MVB,B9642SCE,Karawang Selatan,Jabodetabek,Pertalite,9.91,Customer,9,5.0,5,4,196600,546927,Jawa,KARAWANG SELATAN,MINI VAN BOX,Internal,JabodetabekKARAWANG SELATANMINI VAN BOX,Dalam Kota,,,,2,REGULAR,4:42:00,257560,92767
260210C325,KLS,2/10/2026,CDELC,A8505VC,Jakarta Barat,Jabodetabek,Solar,13.53,Customer,1,8.0,11,1,150000,#N/A,Jawa,JAKARTA BARAT,CDE LONG CHASSIS,Internal,JabodetabekJAKARTA BARATCDE LONG CHASSIS,Dalam Kota,,,,2,REGULAR,5:53:00,257560,#N/A
260210C326,KLS,2/10/2026,CDDLC,A8288YX,Bekasi,Jabodetabek,Solar,7.3,Customer,4,16.0,16,1,49500,496027,Jawa,BEKASI,CDD LONG CHASSIS,Internal,JabodetabekBEKASICDD LONG CHASSIS,Dalam Kota,,,,2,REGULAR,3:21:00,257560,188967
260210C340,KLS,2/10/2026,CDELC,A8002XW,Jakarta Selatan,Jabodetabek,Solar,24.33,Customer,1,2.64,11,1,344000,935353,Jawa,JAKARTA SELATAN,CDE LONG CHASSIS,Internal,JabodetabekJAKARTA SELATANCDE LONG CHASSIS,Dalam Kota,,,,2,REGULAR,5:33:00,515120,76233
260210C342,KLS,2/10/2026,CDELC,A8098ZH,Bekasi,Jabodetabek,Solar,22.37,Customer,1,11.0,11,1,332500,700643,Jawa,BEKASI,CDE LONG CHASSIS,Internal,JabodetabekBEKASICDE LONG CHASSIS,Dalam Kota,,,,2,REGULAR,5:00:00,257560,110583
260210C345,KLS,2/10/2026,CDELC,A8503ZX,Jakarta Timur,Jabodetabek,Solar,11,Customer,1,8.0,8,1,180000,513793,Jawa,JAKARTA TIMUR,CDE,Internal,JabodetabekJAKARTA TIMURCDE,Dalam Kota,,,,2,REGULAR,4:51:00,257560,76233
260210C350,KLS,2/10/2026,CDELC,A8505VC,Jakarta Barat,Jabodetabek,Solar,12.3,Customer,1,11.0,11,1,124640,#N/A,Jawa,JAKARTA BARAT,CDE LONG CHASSIS,Internal,JabodetabekJAKARTA BARATCDE LONG CHASSIS,Dalam Kota,,,,2,NON REGULAR,8:34:00,257560,#N/A
260210C351,KLS,2/10/2026,CDELC,A8339ZS,Jakarta Barat,Jabodetabek,Solar,11.14,Customer,1,8.0,8,1,123752,514112,Jawa,JAKARTA BARAT,CDE PICKUP,Internal,JabodetabekJAKARTA BARATCDE PICKUP,Dalam Kota,,,,2,NON REGULAR,8:37:00,257560,132800
260210S009,KLS,2/10/2026,CDELC,A8020VC,Jakarta Barat,Jabodetabek,Solar,12.77,Customer via Hub,11,2.87,11,3,134336,420036,Jawa,JAKARTA BARAT,CDE LONG CHASSIS,Internal,JabodetabekJAKARTA BARATCDE LONG CHASSIS,Dalam Kota,,,,2,REGULAR,8:02:00,,285700
260210S004,KLS,2/10/2026,CDELC,A8481ZH,Jakarta Barat,Jabodetabek,Solar,12.5,Customer via Hub,7,2.34,11,1,155000,376167,Jawa,JAKARTA BARAT,CDE LONG CHASSIS,Internal,JabodetabekJAKARTA BARATCDE LONG CHASSIS,Dalam Kota,,,,2,REGULAR,11:30:00,,221167
260210S003,KLS,2/10/2026,MVB,A8537ZF,Jakarta Barat,Jabodetabek,Pertalite,10400,Customer via Hub,15,5.0,5,4,189800,300400,Jawa,JAKARTA BARAT,MINI VAN BOX,Internal,JabodetabekJAKARTA BARATMINI VAN BOX,Dalam Kota,,,,2,REGULAR,9:11:00,,110600
260210S008,KLS,2/10/2026,CDELC,A8757VB,Tangerang,Jabodetabek,Solar,15674,Customer via Hub,20,1.73,11,3,94044,379744,Jawa,TANGERANG,CDE LONG CHASSIS,Internal,JabodetabekTANGERANGCDE LONG CHASSIS,Dalam Kota,,,,2,REGULAR,8:12:00,,285700
260210S005,KLS,2/10/2026,CDELC,A8759VB,Tangerang,Jabodetabek,,,Customer via Hub,8,4.92,11,3,,285700,Jawa,TANGERANG,CDE LONG CHASSIS,Internal,JabodetabekTANGERANGCDE LONG CHASSIS,Dalam Kota,,,,2,REGULAR,6:51:00,,285700
260210S002,KLS,2/10/2026,CDELC,A8910VB,Cilegon,Banten,Solar,6971.03,Customer via Hub,27,4.39,11,5,367044,652744,Jawa,CILEGON,CDE LONG CHASSIS,Internal,BantenCILEGONCDE LONG CHASSIS,Dalam Kota,,,,2,REGULAR,13:12:00,,285700
260210S007,KLS,2/10/2026,CDELC,A8912VB,Jakarta Pusat,Jabodetabek,,,Customer via Hub,16,3.5,11,3,,265293,Jawa,JAKARTA PUSAT,CDE LONG CHASSIS,Internal,JabodetabekJAKARTA PUSATCDE LONG CHASSIS,Dalam Kota,,,,2,REGULAR,7:24:00,,265293
260210S006,KLS,2/10/2026,MVB,B9064SMV,Jakarta Barat,Jabodetabek,,,Customer via Hub,7,3.73,5,2,26000,#N/A,Jawa,JAKARTA BARAT,MINI VAN BOX,Internal,JabodetabekJAKARTA BARATMINI VAN BOX,Dalam Kota,,,,2,REGULAR,10:44:00,,#N/A
260211C001,KLS,2/11/2026,CDDLC,A8976XY,Jakarta Utara,Jabodetabek,Solar,16.45,Customer,1,16.0,16,1,245860,692387,Jawa,JAKARTA UTARA,CDD LONG CHASSIS,Internal,JabodetabekJAKARTA UTARACDD LONG CHASSIS,Dalam Kota,,,,2,REGULAR,8:30:00,257560,188967
260211H001,KLS,2/11/2026,WINGBOX,B9068BEN,Jakarta Barat,Jabodetabek,Solar,36.23,HUB,137,42.0,42,3,324364,752788,Jawa,JAKARTA BARAT,WINGBOX,Internal,JabodetabekJAKARTA BARATWINGBOX,Dalam Kota,,,,2,REGULAR,8:14:00,257560,170864
260211C023,KLS,2/11/2026,MVB,A8876ZX,Jakarta Timur,Jabodetabek,Pertalite,10.16,Customer,4,5.0,5,1,137600,457236,Jawa,JAKARTA TIMUR,MINI VAN BOX,Internal,JabodetabekJAKARTA TIMURMINI VAN BOX,Dalam Kota,,,,2,REGULAR,7:16:00,257560,62076
260211C024,KLS,2/11/2026,MVB,A8373VC,Bogor,Jabodetabek,Pertalite,17.17,Customer,12,2.89,5,1,240200,#N/A,Jawa,BOGOR,MINI VAN BOX,Internal,JabodetabekBOGORMINI VAN BOX,Dalam Kota,,,,2,REGULAR,8:55:00,515120,#N/A
260211C025,KLS,2/11/2026,CDDLC,A8961VB,Tangerang,Jabodetabek,Solar,27.2,Customer,1,13.0,13,1,315960,1143713,Jawa,TANGERANG,CDD PICK UP,Internal,JabodetabekTANGERANGCDD PICK UP,Dalam Kota,,,,2,REGULAR,12:00:00,515120,312633
260211C027,KLS,2/11/2026,MVB,A8304VC,Depok,Jabodetabek,Pertalite,10.56,Customer,6,5.0,5,1,195600,#N/A,Jawa,DEPOK,MINI VAN BOX,Internal,JabodetabekDEPOKMINI VAN BOX,Dalam Kota,,,,2,REGULAR,6:19:00,257560,#N/A
260211C028,KLS,2/11/2026,PICKUP,A8721ZV,Jakarta Timur,Jabodetabek,Pertalite,14.64,Customer,5,3.0,3,1,214400,835353,Jawa,JAKARTA TIMUR,PICK UP,Internal,JabodetabekJAKARTA TIMURPICK UP,Dalam Kota,,,,2,REGULAR,8:17:00,515120,105833
260211C029,KLS,2/11/2026,CDDLC,B9190SDB,Jakarta Utara,Jabodetabek,Solar,23.61,Customer,1,13.0,13,2,345548,799341,Jawa,JAKARTA UTARA,CDD PICK UP,Internal,JabodetabekJAKARTA UTARACDD PICK UP,Dalam Kota,,,,2,REGULAR,13:00:00,257560,196233
260211C030,KLS,2/11/2026,CDELC,A8159ZC,Jakarta Utara,Jabodetabek,Solar,21.35,Customer,8,2.85,11,1,291680,989667,Jawa,JAKARTA UTARA,CDE LONG CHASSIS,Internal,JabodetabekJAKARTA UTARACDE LONG CHASSIS,Dalam Kota,,,,2,REGULAR,10:38:00,515120,182867
260211C031,KLS,2/11/2026,CDELC,A8486VC,Jakarta Utara,Jabodetabek,Solar,20.63,Customer,2,8.0,8,1,274784,#N/A,Jawa,JAKARTA UTARA,CDE PICKUP,Internal,JabodetabekJAKARTA UTARACDE PICKUP,Dalam Kota,,,,2,REGULAR,33:06:00,515120,#N/A
260211C032,KLS,2/11/2026,CDELC,B9044BRO,Jakarta Utara,Jabodetabek,Solar,15.32,Customer,11,3.52,11,1,227176,913160,Jawa,JAKARTA UTARA,CDE LONG CHASSIS,Internal,JabodetabekJAKARTA UTARACDE LONG CHASSIS,Dalam Kota,,,,2,REGULAR,9:12:00,515120,170864
260211C033,KLS,2/11/2026,MVB,A8983VB,Bekasi,Jabodetabek,Pertalite,9.17,Customer,9,5.0,5,1,116700,505660,Jawa,BEKASI,MINI VAN BOX,Internal,JabodetabekBEKASIMINI VAN BOX,Dalam Kota,,,,2,REGULAR,7:59:00,257560,131400
260211C034,KLS,2/11/2026,MVB,B9320SCE,Bekasi,Jabodetabek,Pertalite,10.4,Customer,9,2.07,5,1,139500,483200,Jawa,BEKASI,MINI VAN BOX,Internal,JabodetabekBEKASIMINI VAN BOX,Dalam Kota,,,,2,REGULAR,8:40:00,257560,86140
260211C035,KLS,2/11/2026,CDDLC,A8288YX,Bekasi,Jabodetabek,Solar,10.01,Customer,12,16.0,16,1,68068,772155,Jawa,BEKASI,CDD LONG CHASSIS,Internal,JabodetabekBEKASICDD LONG CHASSIS,Dalam Kota,,,,2,REGULAR,6:35:00,515120,188967
260211C036,KLS,2/11/2026,CDELC,A8048ZX,Purwakarta,Jawa Barat,Solar,19.77,Customer,10,11.0,11,2,198436,608463,Jawa,PURWAKARTA,CDE LONG CHASSIS,Internal,Jawa BaratPURWAKARTACDE LONG CHASSIS,Dalam Kota,,,,2,REGULAR,10:24:00,257560,152467
260211C038,KLS,2/11/2026,CDELC,A8476VC,Karawang Selatan,Jabodetabek,Solar,15.14,Customer,11,11.0,11,1,135952,#N/A,Jawa,KARAWANG SELATAN,CDE LONG CHASSIS,Internal,JabodetabekKARAWANG SELATANCDE LONG CHASSIS,Dalam Kota,,,,2,REGULAR,7:05:00,515120,#N/A
260211C039,KLS,2/11/2026,CDELC,A8520VC,Bekasi,Jabodetabek,Solar,10.03,Customer,9,3.58,11,1,75204,#N/A,Jawa,BEKASI,CDE LONG CHASSIS,Internal,JabodetabekBEKASICDE LONG CHASSIS,Dalam Kota,,,,2,REGULAR,7:57:00,257560,#N/A
260211C040,KLS,2/11/2026,CDDLC,A8908XY,Bekasi,Jabodetabek,Solar,68,Customer,11,2.3,16,1,72896,499176,Jawa,BEKASI,CDD LONG CHASSIS,Internal,JabodetabekBEKASICDD LONG CHASSIS,Dalam Kota,,,,2,REGULAR,6:09:00,257560,168720
260211C041,KLS,2/11/2026,MOTOR,B5709BLU,Bekasi,Jabodetabek,Pertalite,1.61,Customer,5,0.14,0.14,1,16100,273690,Jawa,BEKASI,MOTOR BOX,Internal,JabodetabekBEKASIMOTOR BOX,Dalam Kota,,,,2,REGULAR,6:23:00,257560,30
260211C065,KLS,2/11/2026,CDELC,A8098ZH,Purwakarta,Jawa Barat,Solar,20.5,Customer,19,2.04,11,3,227900,706627,Jawa,PURWAKARTA,CDE LONG CHASSIS,Internal,Jawa BaratPURWAKARTACDE LONG CHASSIS,Dalam Kota,,,,2,REGULAR,10:54:00,257560,221167
260211C066,KLS,2/11/2026,CDELC,A8503ZX,Bogor,Jabodetabek,Solar,17.66,Customer,9,4.07,8,1,185088,852675,Jawa,BOGOR,CDE,Internal,JabodetabekBOGORCDE,Dalam Kota,,,,2,REGULAR,8:48:00,515120,152467
260211C069,KLS,2/11/2026,CDELC,A8432ZS,Jakarta Barat,Jabodetabek,Solar,15.29,Customer,1,11.0,11,1,170040,684650,Jawa,JAKARTA BARAT,CDE LONG CHASSIS,Internal,JabodetabekJAKARTA BARATCDE LONG CHASSIS,Dalam Kota,,,,2,REGULAR,7:06:00,257560,257050
260211C226,KLS,2/11/2026,MVB,A8017VC,Karawang Selatan,Jabodetabek,Pertalite,10.19,Customer,4,5.0,5,1,172400,715660,Jawa,KARAWANG SELATAN,MINI VAN BOX,Internal,JabodetabekKARAWANG SELATANMINI VAN BOX,Dalam Kota,,,,2,REGULAR,6:47:00,257560,285700
260211C241,KLS,2/11/2026,CDELC,A8002XW,Jakarta Barat,Jabodetabek,Solar,18.37,Customer,1,11.0,11,1,195916,863503,Jawa,JAKARTA BARAT,CDE LONG CHASSIS,Internal,JabodetabekJAKARTA BARATCDE LONG CHASSIS,Dalam Kota,,,,2,REGULAR,7:57:00,515120,152467
260211C253,KLS,2/11/2026,MVB,B9642SCE,Subang,Jawa Barat,Pertalite,14.82,Customer,4,5.0,5,1,315200,665527,Jawa,SUBANG,MINI VAN BOX,Internal,Jawa BaratSUBANGMINI VAN BOX,DALAM KOTA,,,,2,REGULAR,7:54:00,257560,92767
260211C276,KLS,2/11/2026,CDELC,A8339ZS,Jakarta Utara,Jabodetabek,Solar,14.9,Customer,3,8.0,8,1,201320,724480,Jawa,JAKARTA UTARA,CDE PICKUP,Internal,JabodetabekJAKARTA UTARACDE PICKUP,Dalam Kota,,,,2,REGULAR,5:24:00,257560,265600
260211C278,KLS,2/11/2026,MVB,A8504ZX,Bekasi,Jabodetabek,Pertalite,8.61,Customer,4,5.0,5,1,105100,436760,Jawa,BEKASI,MINI VAN BOX,Internal,JabodetabekBEKASIMINI VAN BOX,Dalam Kota,,,,2,REGULAR,5:33:00,257560,74100
260211C279,KLS,2/11/2026,MVB,A8553VB,Karawang Selatan,Jabodetabek,Pertalite,9.39,Customer,3,5.0,5,1,137400,526360,Jawa,KARAWANG SELATAN,MINI VAN BOX,Internal,JabodetabekKARAWANG SELATANMINI VAN BOX,Dalam Kota,,,,2,REGULAR,4:37:00,257560,131400
260211C288,KLS,2/11/2026,CDELC,A8505VC,Jakarta Barat,Jabodetabek,Solar,18.65,Customer,1,3.04,11,1,241820,#N/A,Jawa,JAKARTA BARAT,CDE LONG CHASSIS,Internal,JabodetabekJAKARTA BARATCDE LONG CHASSIS,Dalam Kota,,,,2,REGULAR,9:04:00,257560,#N/A
260211C308,KLS,2/11/2026,MVB,A8304VC,Bekasi,Jabodetabek,Pertalite,5.91,Customer,2,5.0,5,1,92100,#N/A,Jawa,BEKASI,MINI VAN BOX,Internal,JabodetabekBEKASIMINI VAN BOX,Dalam Kota,,,,2,REGULAR,1:52:00,515120,#N/A
260211S006,KLS,2/11/2026,CDELC,A8020VC,Tangerang,Jabodetabek,Solar,16.19,Customer via Hub,6,11.0,11,3,201092,486792,Jawa,TANGERANG,CDE LONG CHASSIS,Internal,JabodetabekTANGERANGCDE LONG CHASSIS,Dalam Kota,,,,2,REGULAR,9:12:00,,285700
260211S012,KLS,2/11/2026,MVB,A8437ZH,Jakarta Pusat,Jabodetabek,Pertalite,8.73,Customer via Hub,9,5.0,5,2,145800,256400,Jawa,JAKARTA PUSAT,MINI VAN BOX,Internal,JabodetabekJAKARTA PUSATMINI VAN BOX,Dalam Kota,,,,2,REGULAR,8:20:00,,110600
260211S013,KLS,2/11/2026,CDELC,A8481ZH,Jakarta Barat,Jabodetabek,Solar,11.91,Customer via Hub,15,5.91,11,2,148000,369167,Jawa,JAKARTA BARAT,CDE LONG CHASSIS,Internal,JabodetabekJAKARTA BARATCDE LONG CHASSIS,Dalam Kota,,,,2,REGULAR,8:08:00,,221167
260211S002,KLS,2/11/2026,MVB,A8537ZF,Cilegon,Banten,Pertalite,17.85,Customer via Hub,18,2.15,5,3,297000,407600,Jawa,CILEGON,MINI VAN BOX,Internal,BantenCILEGONMINI VAN BOX,Dalam Kota,,,,2,REGULAR,8:30:00,,110600
260211S008,KLS,2/11/2026,CDELC,A8717VB,Jakarta Utara,Jabodetabek,Solar,11.76,Customer via Hub,13,11.0,11,1,124468,410168,Jawa,JAKARTA UTARA,CDE LONG CHASSIS,Internal,JabodetabekJAKARTA UTARACDE LONG CHASSIS,Dalam Kota,,,,2,REGULAR,6:56:00,,285700
260211S011,KLS,2/11/2026,CDELC,A8721VB,Jakarta Selatan,Jabodetabek,Solar,12.5,Customer via Hub,7,11.0,11,1,75,285775,Jawa,JAKARTA SELATAN,CDE LONG CHASSIS,Internal,JabodetabekJAKARTA SELATANCDE LONG CHASSIS,Dalam Kota,,,,2,REGULAR,8:06:00,,285700
260211S007,KLS,2/11/2026,CDELC,A8757VB,Tangerang,Jabodetabek,Solar,14.62,Customer via Hub,10,11.0,11,2,129916,415616,Jawa,TANGERANG,CDE LONG CHASSIS,Internal,JabodetabekTANGERANGCDE LONG CHASSIS,Dalam Kota,,,,2,REGULAR,9:26:00,,285700
260211S004,KLS,2/11/2026,CDELC,A8801XZ,Tangerang,Jabodetabek,Solar,3.83,Customer via Hub,1,2.2,7,1,26044,176777,Jawa,TANGERANG,CDE PICK UP,Internal,JabodetabekTANGERANGCDE PICK UP,Dalam Kota,,,,2,REGULAR,5:18:00,,150733
260211S003,KLS,2/11/2026,CDELC,A8910VB,Serang,Banten,Solar,7107.79,Customer via Hub,14,11.0,11,1,190048,475748,Jawa,SERANG,CDE LONG CHASSIS,Internal,BantenSERANGCDE LONG CHASSIS,Dalam Kota,,,,2,REGULAR,11:36:00,,285700
260211S005,KLS,2/11/2026,CDELC,A8912VB,Tangerang,Jabodetabek,Solar,7144.86,Customer via Hub,13,11.0,11,2,158028,423321,Jawa,TANGERANG,CDE LONG CHASSIS,Internal,JabodetabekTANGERANGCDE LONG CHASSIS,Dalam Kota,,,,2,REGULAR,9:00:00,,265293
260211S009,KLS,2/11/2026,MVB,B9710SCE,Jakarta Selatan,Jabodetabek,Pertalite,8.25,Customer via Hub,8,5.0,5,3,197500,#N/A,Jawa,JAKARTA SELATAN,MINI VAN BOX,Internal,JabodetabekJAKARTA SELATANMINI VAN BOX,Dalam Kota,,,,2,REGULAR,7:23:00,,#N/A
260212H009,KLS,2/12/2026,WINGBOX,B9068BEN,Jakarta Barat,Jabodetabek,Solar,27.93,HUB,321,42.0,42,3,271924,614916,Jawa,JAKARTA BARAT,WINGBOX,Internal,JabodetabekJAKARTA BARATWINGBOX,Dalam Kota,,,,2,REGULAR,4:43:00,257560,85432
260212C025,KLS,2/12/2026,MVB,B9320SCE,Jakarta Utara,Jabodetabek,Pertalite,12.64,Customer,4,5.0,5,4,228900,572600,Jawa,JAKARTA UTARA,MINI VAN BOX,Internal,JabodetabekJAKARTA UTARAMINI VAN BOX,Dalam Kota,,,,2,REGULAR,8:32:00,257560,86140
260212C026,KLS,2/12/2026,CDDLC,A8961VB,Jakarta Utara,Jabodetabek,Solar,15.95,Customer,3,3.98,13,2,232960,803153,Jawa,JAKARTA UTARA,CDD PICK UP,Internal,JabodetabekJAKARTA UTARACDD PICK UP,Dalam Kota,,,,2,REGULAR,7:27:00,257560,312633
260212C027,KLS,2/12/2026,CDELC,A8476VC,Purwakarta,Jawa Barat,Solar,21.38,Customer,29,4.26,11,6,243384,#N/A,Jawa,PURWAKARTA,CDE LONG CHASSIS,Internal,Jawa BaratPURWAKARTACDE LONG CHASSIS,Dalam Kota,,,,2,REGULAR,11:25:00,515120,#N/A
260212C028,KLS,2/12/2026,MVB,A8304VC,Bogor,Jabodetabek,Pertalite,12.01,Customer,24,2.04,5,4,220100,#N/A,Jawa,BOGOR,MINI VAN BOX,Internal,JabodetabekBOGORMINI VAN BOX,Dalam Kota,,,,2,REGULAR,8:10:00,257560,#N/A
260212C029,KLS,2/12/2026,MVB,B9642SCE,Depok,Jabodetabek,Pertalite,15.15,Customer,33,2.82,5,4,278500,628827,Jawa,DEPOK,MINI VAN BOX,Internal,JabodetabekDEPOKMINI VAN BOX,Dalam Kota,,,,2,REGULAR,8:49:00,257560,92767
260212C030,KLS,2/12/2026,MVB,A8373VC,Jakarta Timur,Jabodetabek,Pertalite,13.41,Customer,22,5.0,5,6,232100,#N/A,Jawa,JAKARTA TIMUR,MINI VAN BOX,Internal,JabodetabekJAKARTA TIMURMINI VAN BOX,Dalam Kota,,,,2,REGULAR,17:02:00,257560,#N/A
260212C031,KLS,2/12/2026,CDELC,A8098ZH,Jakarta Timur,Jabodetabek,Solar,13.86,Customer,17,11.0,11,1,144248,880535,Jawa,JAKARTA TIMUR,CDE LONG CHASSIS,Internal,JabodetabekJAKARTA TIMURCDE LONG CHASSIS,Dalam Kota,,,,2,REGULAR,6:38:00,515120,221167
260212C037,KLS,2/12/2026,CDDLC,A8288YX,Bekasi,Jabodetabek,Solar,12.31,Customer,13,2.71,16,4,83708,787795,Jawa,BEKASI,CDD LONG CHASSIS,Internal,JabodetabekBEKASICDD LONG CHASSIS,Dalam Kota,,,,2,REGULAR,8:11:00,515120,188967
260212C089,KLS,2/12/2026,CDELC,A8432ZS,Bogor,Jabodetabek,Solar,19.87,Customer,4,11.0,11,2,208616,723226,Jawa,BOGOR,CDE LONG CHASSIS,Internal,JabodetabekBOGORCDE LONG CHASSIS,Dalam Kota,,,,2,REGULAR,7:54:00,257560,257050
260212C090,KLS,2/12/2026,CDELC,A8503ZX,Bogor,Jabodetabek,Solar,20.69,Customer,37,4.39,8,4,244192,654219,Jawa,BOGOR,CDE,Internal,JabodetabekBOGORCDE,Dalam Kota,,,,2,REGULAR,9:38:00,257560,152467
260212C095,KLS,2/12/2026,CDELC,B9044BRO,Jakarta Utara,Jabodetabek,Solar,16.28,Customer,21,2.22,11,6,234704,663128,Jawa,JAKARTA UTARA,CDE LONG CHASSIS,Internal,JabodetabekJAKARTA UTARACDE LONG CHASSIS,Dalam Kota,,,,2,REGULAR,10:42:00,257560,170864
260212C096,KLS,2/12/2026,CDELC,A8520VC,Bekasi,Jabodetabek,Solar,14.38,Customer,29,3.43,11,6,158784,#N/A,Jawa,BEKASI,CDE LONG CHASSIS,Internal,JabodetabekBEKASICDE LONG CHASSIS,Dalam Kota,,,,2,REGULAR,9:19:00,515120,#N/A
260212C097,KLS,2/12/2026,CDELC,A8159ZC,Bekasi,Jabodetabek,Solar,12.31,Customer,22,2.84,11,9,102708,800695,Jawa,BEKASI,CDE LONG CHASSIS,Internal,JabodetabekBEKASICDE LONG CHASSIS,Dalam Kota,,,,2,REGULAR,7:20:00,515120,182867
260212C098,KLS,2/12/2026,MVB,A8983VB,Bekasi,Jabodetabek,Pertalite,8.3,Customer,22,5.0,5,9,138500,527460,Jawa,BEKASI,MINI VAN BOX,Internal,JabodetabekBEKASIMINI VAN BOX,Dalam Kota,,,,2,REGULAR,7:41:00,257560,131400
260212C099,KLS,2/12/2026,CDELC,A8486VC,Bekasi,Jabodetabek,Solar,8.81,Customer,15,2.24,8,6,69908,#N/A,Jawa,BEKASI,CDE PICKUP,Internal,JabodetabekBEKASICDE PICKUP,Dalam Kota,,,,2,REGULAR,8:50:00,257560,#N/A
260212C100,KLS,2/12/2026,CDDLC,A8976XY,Karawang Selatan,Jabodetabek,Solar,19.14,Customer,23,2.72,16,12,179152,883239,Jawa,KARAWANG SELATAN,CDD LONG CHASSIS,Internal,JabodetabekKARAWANG SELATANCDD LONG CHASSIS,Dalam Kota,,,,2,REGULAR,8:56:00,515120,188967
260212C101,KLS,2/12/2026,MVB,A8504ZX,Karawang Selatan,Jabodetabek,Pertalite,8.97,Customer,14,5.0,5,4,143700,475360,Jawa,KARAWANG SELATAN,MINI VAN BOX,Internal,JabodetabekKARAWANG SELATANMINI VAN BOX,Dalam Kota,,,,2,REGULAR,7:53:00,257560,74100
260212C102,KLS,2/12/2026,MVB,A8876ZX,Subang,Jawa Barat,Pertalite,16.72,Customer,2,5.0,5,2,296700,616336,Jawa,SUBANG,MINI VAN BOX,Internal,Jawa BaratSUBANGMINI VAN BOX,DALAM KOTA,,,,2,REGULAR,7:21:00,257560,62076
260212C103,KLS,2/12/2026,CDELC,A8048ZX,Purwakarta,Jawa Barat,Solar,17.07,Customer,8,6.97,11,4,180076,847663,Jawa,PURWAKARTA,CDE LONG CHASSIS,Internal,Jawa BaratPURWAKARTACDE LONG CHASSIS,Dalam Kota,,,,2,REGULAR,9:09:00,515120,152467
260212C104,KLS,2/12/2026,MOTOR,B5709BLU,Bekasi,Jabodetabek,Pertalite,1.24,Customer,11,0.14,0.14,6,12400,269990,Jawa,BEKASI,MOTOR BOX,Internal,JabodetabekBEKASIMOTOR BOX,Dalam Kota,,,,2,REGULAR,7:15:00,257560,30
260212C205,KLS,2/12/2026,WINGBOX,B9068BEN,Bekasi,Jabodetabek,Solar,17.98,Customer,1,42.0,42,1,207264,550256,Jawa,BEKASI,WINGBOX,Internal,JabodetabekBEKASIWINGBOX,Dalam Kota,,,,2,REGULAR,5:54:00,257560,85432
260212C209,KLS,2/12/2026,CDELC,A8002XW,Bogor,Jabodetabek,Solar,17.41,Customer,2,7.99,11,1,262388,672415,Jawa,BOGOR,CDE LONG CHASSIS,Internal,JabodetabekBOGORCDE LONG CHASSIS,Dalam Kota,,,,2,REGULAR,8:09:00,257560,152467
260212C211,KLS,2/12/2026,CDELC,A8339ZS,Jakarta Selatan,Jabodetabek,Solar,20.86,Customer,2,3.79,8,2,271848,1052568,Jawa,JAKARTA SELATAN,CDE PICKUP,Internal,JabodetabekJAKARTA SELATANCDE PICKUP,Dalam Kota,,,,2,REGULAR,10:54:00,515120,265600
260212C222,KLS,2/12/2026,CDDLC,B9190SDB,Jakarta Selatan,Jabodetabek,Solar,18.62,Customer,2,5.2,13,1,316616,770409,Jawa,JAKARTA SELATAN,CDD PICK UP,Internal,JabodetabekJAKARTA SELATANCDD PICK UP,Dalam Kota,,,,2,REGULAR,6:20:00,257560,196233
260212C242,KLS,2/12/2026,CDELC,A8505VC,Jakarta Barat,Jabodetabek,Solar,16.56,Customer,1,11.0,11,1,165608,#N/A,Jawa,JAKARTA BARAT,CDE LONG CHASSIS,Internal,JabodetabekJAKARTA BARATCDE LONG CHASSIS,Dalam Kota,,,,2,REGULAR,7:20:00,515120,#N/A
260212C243,KLS,2/12/2026,CDDLC,A8151VC,Jakarta Barat,Jabodetabek,Solar,17.91,Customer,1,13.0,16,1,199788,1220015,Jawa,JAKARTA BARAT,CDD LONG CHASSIS,Internal,JabodetabekJAKARTA BARATCDD LONG CHASSIS,Dalam Kota,,,,2,REGULAR,6:39:00,257560,762667
260212C244,KLS,2/12/2026,CDELC,A8046ZX,Bekasi,Jabodetabek,Solar,11.69,Customer,5,11.0,11,3,79492,489519,Jawa,BEKASI,CDE LONG CHASSIS,Internal,JabodetabekBEKASICDE LONG CHASSIS,Dalam Kota,,,,2,REGULAR,5:29:00,257560,152467
260212C246,KLS,2/12/2026,MVB,A8017VC,Karawang Selatan,Jabodetabek,Pertalite,8.02,Customer,2,5.0,5,3,113200,656460,Jawa,KARAWANG SELATAN,MINI VAN BOX,Internal,JabodetabekKARAWANG SELATANMINI VAN BOX,Dalam Kota,,,,2,REGULAR,5:03:00,257560,285700
260212C247,KLS,2/12/2026,CDELC,A8634XZ,Jakarta Barat,Jabodetabek,Solar,11.68,Customer,10,11.0,11,1,137424,474417,Jawa,JAKARTA BARAT,CDE LONG CHASSIS,Internal,JabodetabekJAKARTA BARATCDE LONG CHASSIS,Dalam Kota,,,,2,REGULAR,4:05:00,257560,79433
260212L017,KLS,2/12/2026,CDDLC,A8908XY,Bandung,Jawa Barat,Solar,31.96,Store,100,10.09,16,1,812500,1238780,Jawa,BANDUNG,CDD LONG CHASSIS,Internal,Jawa BaratBANDUNGCDD LONG CHASSIS,Luar Kota,,,,2,REGULAR,8:27:00,257560,168720
260212L010,KLS,2/12/2026,MVB,A8553VB,Sukabumi,Jawa Barat,Pertalite,20.28,Store,24,2.88,5,1,367300,756260,Jawa,SUKABUMI,MINI VAN BOX,Internal,Jawa BaratSUKABUMIMINI VAN BOX,Luar Kota,,,,2,REGULAR,9:15:00,257560,131400
260212S013,KLS,2/12/2026,CDELC,A8020VC,Jakarta Barat,Jabodetabek,Solar,13.24,Customer via Hub,41,5.29,11,7,170532,456232,Jawa,JAKARTA BARAT,CDE LONG CHASSIS,Internal,JabodetabekJAKARTA BARATCDE LONG CHASSIS,Dalam Kota,,,,2,REGULAR,11:31:00,,285700
260212S004,KLS,2/12/2026,MVB,A8437ZH,Tangerang,Jabodetabek,Pertalite,11.4,Customer via Hub,15,2.58,5,3,164500,275100,Jawa,TANGERANG,MINI VAN BOX,Internal,JabodetabekTANGERANGMINI VAN BOX,Dalam Kota,,,,2,REGULAR,8:12:00,,110600
260212S005,KLS,2/12/2026,CDELC,A8481ZH,Tangerang,Jabodetabek,Solar,13.84,Customer via Hub,21,2.56,11,5,164112,385279,Jawa,TANGERANG,CDE LONG CHASSIS,Internal,JabodetabekTANGERANGCDE LONG CHASSIS,Dalam Kota,,,,2,REGULAR,9:59:00,,221167
260212S003,KLS,2/12/2026,MVB,A8537ZF,Serang,Banten,Pertalite,24.6,Customer via Hub,21,1.39,5,5,413000,523600,Jawa,SERANG,MINI VAN BOX,Internal,BantenSERANGMINI VAN BOX,Dalam Kota,,,,2,REGULAR,11:59:00,,110600
260212S009,KLS,2/12/2026,CDELC,A8717VB,Jakarta Utara,Jabodetabek,Solar,14.43,Customer via Hub,23,3.32,11,6,98124,383824,Jawa,JAKARTA UTARA,CDE LONG CHASSIS,Internal,JabodetabekJAKARTA UTARACDE LONG CHASSIS,Dalam Kota,,,,2,REGULAR,6:28:00,,285700
260212S002,KLS,2/12/2026,CDELC,A8721VB,Cilegon,Banten,Solar,7038,Customer via Hub,26,8.26,11,6,333064,618764,Jawa,CILEGON,CDE LONG CHASSIS,Internal,BantenCILEGONCDE LONG CHASSIS,Dalam Kota,,,,2,REGULAR,12:18:00,,285700
260212S010,KLS,2/12/2026,CDELC,A8757VB,Jakarta Selatan,Jabodetabek,Solar,16.76,Customer via Hub,38,2.93,11,10,187000,472700,Jawa,JAKARTA SELATAN,CDE LONG CHASSIS,Internal,JabodetabekJAKARTA SELATANCDE LONG CHASSIS,Dalam Kota,,,,2,REGULAR,8:46:00,,285700
260212S006,KLS,2/12/2026,CDELC,A8759VB,Tangerang,Jabodetabek,,,Customer via Hub,39,5.25,11,7,,285700,Jawa,TANGERANG,CDE LONG CHASSIS,Internal,JabodetabekTANGERANGCDE LONG CHASSIS,Dalam Kota,,,,2,REGULAR,8:57:00,,285700
260212S007,KLS,2/12/2026,CDELC,A8801XZ,Tangerang,Jabodetabek,Solar,16376.67,Customer via Hub,25,1.94,7,8,98260,248993,Jawa,TANGERANG,CDE PICK UP,Internal,JabodetabekTANGERANGCDE PICK UP,Dalam Kota,,,,2,REGULAR,7:57:00,,150733
260212S011,KLS,2/12/2026,CDELC,A8910VB,Jakarta Selatan,Jabodetabek,Solar,15.03,Customer via Hub,37,2.61,11,7,181704,467404,Jawa,JAKARTA SELATAN,CDE LONG CHASSIS,Internal,JabodetabekJAKARTA SELATANCDE LONG CHASSIS,Dalam Kota,,,,2,REGULAR,8:08:00,,285700
260212S012,KLS,2/12/2026,CDELC,A8912VB,Jakarta Pusat,Jabodetabek,,,Customer via Hub,29,2.54,11,8,,265293,Jawa,JAKARTA PUSAT,CDE LONG CHASSIS,Internal,JabodetabekJAKARTA PUSATCDE LONG CHASSIS,Dalam Kota,,,,2,REGULAR,9:08:00,,265293
260212S008,KLS,2/12/2026,MVB,B9710SCE,Tangerang,Jabodetabek,Pertalite,9.55,Customer via Hub,18,1.8,5,5,137500,#N/A,Jawa,TANGERANG,MINI VAN BOX,Internal,JabodetabekTANGERANGMINI VAN BOX,Dalam Kota,,,,2,REGULAR,5:18:00,,#N/A
260213H001,KLS,2/13/2026,WINGBOX,B9068BEN,Jakarta Barat,Jabodetabek,Solar,28.65,HUB,101,42.0,42,3,276820,705244,Jawa,JAKARTA BARAT,WINGBOX,Internal,JabodetabekJAKARTA BARATWINGBOX,Dalam Kota,,,,2,REGULAR,7:33:00,257560,170864
260213C003,KLS,2/13/2026,CDELC,A8505VC,Karawang Selatan,Jabodetabek,Solar,15.79,Customer,7,11.0,11,7,140500,#N/A,Jawa,KARAWANG SELATAN,CDE LONG CHASSIS,Internal,JabodetabekKARAWANG SELATANCDE LONG CHASSIS,Dalam Kota,,,,2,REGULAR,8:36:00,515120,#N/A
260213C023,KLS,2/13/2026,CDELC,A8002XW,Depok,Jabodetabek,Solar,16.29,Customer,6,11.0,11,4,179500,847087,Jawa,DEPOK,CDE LONG CHASSIS,Internal,JabodetabekDEPOKCDE LONG CHASSIS,Dalam Kota,,,,2,REGULAR,7:12:00,515120,152467
260213C024,KLS,2/13/2026,CDELC,A8159ZC,Bekasi,Jabodetabek,Solar,6.62,Customer,11,11.0,11,6,62000,759987,Jawa,BEKASI,CDE LONG CHASSIS,Internal,JabodetabekBEKASICDE LONG CHASSIS,Dalam Kota,,,,2,REGULAR,6:43:00,515120,182867
260213C025,KLS,2/13/2026,MVB,A8504ZX,Purwakarta,Jawa Barat,Pertalite,12.11,Customer,17,5.0,5,6,180600,512260,Jawa,PURWAKARTA,MINI VAN BOX,Internal,Jawa BaratPURWAKARTAMINI VAN BOX,Dalam Kota,,,,2,REGULAR,8:01:00,257560,74100
260213C026,KLS,2/13/2026,MVB,A8304VC,Bogor,Jabodetabek,Pertalite,17.4,Customer,11,5.0,5,1,281500,#N/A,Jawa,BOGOR,MINI VAN BOX,Internal,JabodetabekBOGORMINI VAN BOX,Dalam Kota,,,,2,REGULAR,9:07:00,257560,#N/A
260213C027,KLS,2/13/2026,CDELC,A8432ZS,Bogor,Jabodetabek,Solar,23.54,Customer,5,11.0,11,2,209000,981170,Jawa,BOGOR,CDE LONG CHASSIS,Internal,JabodetabekBOGORCDE LONG CHASSIS,Dalam Kota,,,,2,REGULAR,9:21:00,515120,257050
260213C028,KLS,2/13/2026,CDDLC,A8961VB,Jakarta Utara,Jabodetabek,Solar,17.52,Customer,4,4.18,13,4,299000,869193,Jawa,JAKARTA UTARA,CDD PICK UP,Internal,JabodetabekJAKARTA UTARACDD PICK UP,Dalam Kota,,,,2,REGULAR,9:16:00,257560,312633
260213C029,KLS,2/13/2026,CDELC,B9044BRO,Jakarta Utara,Jabodetabek,Solar,15.8,Customer,7,11.0,11,6,233500,919484,Jawa,JAKARTA UTARA,CDE LONG CHASSIS,Internal,JabodetabekJAKARTA UTARACDE LONG CHASSIS,Dalam Kota,,,,2,REGULAR,8:42:00,515120,170864
260213C030,KLS,2/13/2026,MVB,A8983VB,Bekasi,Jabodetabek,Pertalite,11.04,Customer,13,5.0,5,10,162900,809420,Jawa,BEKASI,MINI VAN BOX,Internal,JabodetabekBEKASIMINI VAN BOX,Dalam Kota,,,,2,REGULAR,9:57:00,515120,131400
260213C031,KLS,2/13/2026,MVB,A8553VB,Jakarta Timur,Jabodetabek,Pertalite,8.91,Customer,3,5.0,5,2,132100,521060,Jawa,JAKARTA TIMUR,MINI VAN BOX,Internal,JabodetabekJAKARTA TIMURMINI VAN BOX,Dalam Kota,,,,2,REGULAR,6:14:00,257560,131400
260213C032,KLS,2/13/2026,MVB,B9642SCE,Bekasi,Jabodetabek,Pertalite,10.24,Customer,21,5.0,5,10,123900,731787,Jawa,BEKASI,MINI VAN BOX,Internal,JabodetabekBEKASIMINI VAN BOX,Dalam Kota,,,,2,REGULAR,6:49:00,515120,92767
260213C033,KLS,2/13/2026,CDDLC,A8908XY,Bekasi,Jabodetabek,Solar,15.59,Customer,16,2.84,16,7,106000,789840,Jawa,BEKASI,CDD LONG CHASSIS,Internal,JabodetabekBEKASICDD LONG CHASSIS,Dalam Kota,,,,2,REGULAR,9:11:00,515120,168720
260213C072,KLS,2/13/2026,MVB,A8373VC,Bogor,Jabodetabek,Pertalite,8.37,Customer,9,5.0,5,6,134200,#N/A,Jawa,BOGOR,MINI VAN BOX,Internal,JabodetabekBOGORMINI VAN BOX,Dalam Kota,,,,2,REGULAR,6:58:00,515120,#N/A
260213C074,KLS,2/13/2026,CDDLC,A8288YX,Bekasi,Jabodetabek,Solar,12.69,Customer,7,3.0,16,6,86000,790087,Jawa,BEKASI,CDD LONG CHASSIS,Internal,JabodetabekBEKASICDD LONG CHASSIS,Dalam Kota,,,,2,REGULAR,7:00:00,515120,188967
260213C083,KLS,2/13/2026,CDELC,A8048ZX,Purwakarta,Jawa Barat,Solar,22.91,Customer,6,2.87,11,5,338500,1006087,Jawa,PURWAKARTA,CDE LONG CHASSIS,Internal,Jawa BaratPURWAKARTACDE LONG CHASSIS,Dalam Kota,,,,2,REGULAR,8:45:00,515120,152467
260213C136,KLS,2/13/2026,MOTOR,B5709BLU,Bekasi,Jabodetabek,Pertalite,1.5,Customer,8,0.14,0.14,5,15000,272590,Jawa,BEKASI,MOTOR BOX,Internal,JabodetabekBEKASIMOTOR BOX,Dalam Kota,,,,2,REGULAR,5:43:00,257560,30
260213C202,KLS,2/13/2026,CDELC,A8098ZH,Bekasi,Jabodetabek,Solar,17.35,Customer,3,11.0,11,2,168500,904787,Jawa,BEKASI,CDE LONG CHASSIS,Internal,JabodetabekBEKASICDE LONG CHASSIS,Dalam Kota,,,,2,REGULAR,7:59:00,515120,221167
260213C203,KLS,2/13/2026,CDDLC,A8976XY,Bogor,Jabodetabek,Solar,20.44,Customer,1,5.92,16,1,260500,707027,Jawa,BOGOR,CDD LONG CHASSIS,Internal,JabodetabekBOGORCDD LONG CHASSIS,Dalam Kota,,,,2,REGULAR,7:09:00,257560,188967
260213C215,KLS,2/13/2026,CDDLC,B9190SDB,Tangerang,Jabodetabek,Solar,22.05882353,Customer,1,13.0,13,1,279000,732793,Jawa,TANGERANG,CDD PICK UP,Internal,JabodetabekTANGERANGCDD PICK UP,Dalam Kota,,,,2,REGULAR,8:28:00,257560,196233
260213C216,KLS,2/13/2026,MVB,A8017VC,Jakarta Utara,Jabodetabek,Pertalite,10.19,Customer,3,5.0,5,4,161900,705160,Jawa,JAKARTA UTARA,MINI VAN BOX,Internal,JabodetabekJAKARTA UTARAMINI VAN BOX,Dalam Kota,,,,2,REGULAR,7:51:00,257560,285700
260213C220,KLS,2/13/2026,CDELC,A8520VC,Jakarta Barat,Jabodetabek,Solar,14.41,Customer,1,11.0,11,1,156000,#N/A,Jawa,JAKARTA BARAT,CDE LONG CHASSIS,Internal,JabodetabekJAKARTA BARATCDE LONG CHASSIS,Dalam Kota,,,,2,REGULAR,13:09:00,257560,#N/A
260213C221,KLS,2/13/2026,CDELC,A8503ZX,Karawang Selatan,Jabodetabek,Solar,13.48,Customer,6,8.0,8,4,118500,528527,Jawa,KARAWANG SELATAN,CDE,Internal,JabodetabekKARAWANG SELATANCDE,Dalam Kota,,,,2,REGULAR,9:13:00,257560,152467
260213C233,KLS,2/13/2026,CDELC,A8476VC,Subang,Jawa Barat,Solar,19.49,Customer,14,4.43,11,3,347000,#N/A,Jawa,SUBANG,CDE LONG CHASSIS,Internal,Jawa BaratSUBANGCDE LONG CHASSIS,DALAM KOTA,,,,2,REGULAR,10:25:00,515120,#N/A
260213C238,KLS,2/13/2026,CDDLC,A8151VC,Jakarta Barat,Jabodetabek,Solar,23.46,Customer,1,13.0,16,1,233000,1253227,Jawa,JAKARTA BARAT,CDD LONG CHASSIS,Internal,JabodetabekJAKARTA BARATCDD LONG CHASSIS,Dalam Kota,,,,2,REGULAR,13:29:00,257560,762667
260213C239,KLS,2/13/2026,CDELC,A8486VC,Tangerang,Jabodetabek,Solar,19.49,Customer,1,8.0,8,1,261500,#N/A,Jawa,TANGERANG,CDE PICKUP,Internal,JabodetabekTANGERANGCDE PICKUP,Dalam Kota,,,,2,REGULAR,7:39:00,257560,#N/A
260213C241,KLS,2/13/2026,CDELC,A8339ZS,Tangerang,Jabodetabek,Solar,21.13,Customer,2,8.0,8,2,231000,1011720,Jawa,TANGERANG,CDE PICKUP,Internal,JabodetabekTANGERANGCDE PICKUP,Dalam Kota,,,,2,REGULAR,9:08:00,515120,265600
260213C251,KLS,2/13/2026,MVB,A8876ZX,Karawang Selatan,Jabodetabek,Pertalite,8.63,Customer,18,5.0,5,5,156800,445398,Jawa,KARAWANG SELATAN,MINI VAN BOX,Internal,JabodetabekKARAWANG SELATANMINI VAN BOX,Dalam Kota,,,,2,REGULAR,5:53:00,257560,31038
260213C260,KLS,2/13/2026,CDDLC,A8876ZX,Bekasi,Jabodetabek,,3.94,Customer,1,13.0,13,1,72400,360998,Jawa,BEKASI,CDD PICK UP,Internal,JabodetabekBEKASICDD PICK UP,Dalam Kota,,,,2,REGULAR,2:28:00,257560,31038
260213C271,KLS,2/13/2026,PICKUP,A8721ZV,Jakarta Barat,Jabodetabek,Pertalite,14.8,Customer,2,3.0,3,1,199000,819953,Jawa,JAKARTA BARAT,PICK UP,Internal,JabodetabekJAKARTA BARATPICK UP,Dalam Kota,,,,2,REGULAR,7:50:00,515120,105833
260213S005,KLS,2/13/2026,MVB,A8437ZH,Tangerang,Jabodetabek,Pertalite,9.04,Customer via Hub,18,1.52,5,5,61500,172100,Jawa,TANGERANG,MINI VAN BOX,Internal,JabodetabekTANGERANGMINI VAN BOX,Dalam Kota,,,,2,REGULAR,7:05:00,,110600
260213S010,KLS,2/13/2026,CDELC,A8481ZH,Jakarta Barat,Jabodetabek,Solar,9.56,Customer via Hub,12,2.97,11,1,109000,330167,Jawa,JAKARTA BARAT,CDE LONG CHASSIS,Internal,JabodetabekJAKARTA BARATCDE LONG CHASSIS,Dalam Kota,,,,2,REGULAR,10:03:00,,221167
260213S007,KLS,2/13/2026,MVB,A8537ZF,Tangerang,Jabodetabek,Pertalite,8.25,Customer via Hub,2,5.0,5,1,116000,226600,Jawa,TANGERANG,MINI VAN BOX,Internal,JabodetabekTANGERANGMINI VAN BOX,Dalam Kota,,,,2,REGULAR,6:44:00,,110600
260213S011,KLS,2/13/2026,CDELC,A8717VB,Jakarta Utara,Jabodetabek,Solar,12.96,Customer via Hub,5,1.79,11,2,146628,432328,Jawa,JAKARTA UTARA,CDE LONG CHASSIS,Internal,JabodetabekJAKARTA UTARACDE LONG CHASSIS,Dalam Kota,,,,2,REGULAR,9:27:00,,285700
260213S009,KLS,2/13/2026,CDELC,A8721VB,Jakarta Pusat,Jabodetabek,Dexlite,1.63,Customer via Hub,11,2.89,11,4,175500,461200,Jawa,JAKARTA PUSAT,CDE LONG CHASSIS,Internal,JabodetabekJAKARTA PUSATCDE LONG CHASSIS,Dalam Kota,,,,2,REGULAR,9:23:00,,285700
260213S006,KLS,2/13/2026,CDELC,A8757VB,Tangerang,Jabodetabek,Solar,16.17,Customer via Hub,9,2.56,11,2,170956,456656,Jawa,TANGERANG,CDE LONG CHASSIS,Internal,JabodetabekTANGERANGCDE LONG CHASSIS,Dalam Kota,,,,2,REGULAR,10:21:00,,285700
260213S003,KLS,2/13/2026,CDELC,A8801XZ,Serang,Banten,Solar,16.92,Customer via Hub,3,7.0,7,1,174056,324789,Jawa,SERANG,CDE PICK UP,Internal,BantenSERANGCDE PICK UP,Dalam Kota,,,,2,REGULAR,10:21:00,,150733
260213S002,KLS,2/13/2026,CDELC,A8910VB,Cilegon,Banten,Solar,6928.15,Customer via Hub,20,4.31,11,3,313132,598832,Jawa,CILEGON,CDE LONG CHASSIS,Internal,BantenCILEGONCDE LONG CHASSIS,Dalam Kota,,,,2,REGULAR,10:46:00,,285700
260213S004,KLS,2/13/2026,CDELC,A8912VB,Tangerang,Jabodetabek,Solar,14.12,Customer via Hub,15,11.0,11,2,138016,403309,Jawa,TANGERANG,CDE LONG CHASSIS,Internal,JabodetabekTANGERANGCDE LONG CHASSIS,Dalam Kota,,,,2,REGULAR,9:30:00,,265293
260213S008,KLS,2/13/2026,MVB,B9710SCE,Jakarta Selatan,Jabodetabek,Pertalite,9.15,Customer via Hub,7,5.0,5,1,157000,#N/A,Jawa,JAKARTA SELATAN,MINI VAN BOX,Internal,JabodetabekJAKARTA SELATANMINI VAN BOX,Dalam Kota,,,,2,REGULAR,10:14:00,,#N/A
260214C175,KLS,2/14/2026,CDELC,B9044BRO,Karawang Selatan,Jabodetabek,Solar,16.98,Customer,8,11.0,11,3,166964,852948,Jawa,KARAWANG SELATAN,CDE LONG CHASSIS,Internal,JabodetabekKARAWANG SELATANCDE LONG CHASSIS,Dalam Kota,,,,2,REGULAR,5:47:00,515120,170864
260214C176,KLS,2/14/2026,CDELC,A8432ZS,Bogor,Jabodetabek,Solar,20.28,Customer,23,3.41,11,5,247904,1020074,Jawa,BOGOR,CDE LONG CHASSIS,Internal,JabodetabekBOGORCDE LONG CHASSIS,Dalam Kota,,,,2,REGULAR,8:19:00,515120,257050
260214C177,KLS,2/14/2026,MVB,A8304VC,Bekasi,Jabodetabek,Pertalite,7.1,Customer,11,5.0,5,3,99000,#N/A,Jawa,BEKASI,MINI VAN BOX,Internal,JabodetabekBEKASIMINI VAN BOX,Dalam Kota,,,,2,REGULAR,5:49:00,515120,#N/A
260214C179,KLS,2/14/2026,MVB,A8373VC,Jakarta Selatan,Jabodetabek,Pertalite,10.54,Customer,8,5.0,5,6,167400,#N/A,Jawa,JAKARTA SELATAN,MINI VAN BOX,Internal,JabodetabekJAKARTA SELATANMINI VAN BOX,Dalam Kota,,,,2,REGULAR,5:55:00,515120,#N/A
260214C181,KLS,2/14/2026,CDELC,A8505VC,Cilegon,Banten,Solar,35.43,Customer,23,6.72,11,5,493424,#N/A,Jawa,CILEGON,CDE LONG CHASSIS,Internal,BantenCILEGONCDE LONG CHASSIS,Dalam Kota,,,,2,REGULAR,9:47:00,515120,#N/A
260214C201,KLS,2/14/2026,CDELC,A8520VC,Tangerang,Jabodetabek,Solar,20.08,Customer,4,11.0,11,4,234544,#N/A,Jawa,TANGERANG,CDE LONG CHASSIS,Internal,JabodetabekTANGERANGCDE LONG CHASSIS,Dalam Kota,,,,2,REGULAR,9:10:00,515120,#N/A
260214C210,KLS,2/14/2026,CDELC,A8339ZS,Jakarta Utara,Jabodetabek,Solar,3.02,Customer,2,8.0,8,1,20536,543696,Jawa,JAKARTA UTARA,CDE PICKUP,Internal,JabodetabekJAKARTA UTARACDE PICKUP,Dalam Kota,,,,2,REGULAR,3:56:00,257560,265600
260214C212,KLS,2/14/2026,CDDLC,A8961VB,Jakarta Utara,Jabodetabek,Solar,6.41,Customer,2,13.0,13,1,43588,871341,Jawa,JAKARTA UTARA,CDD PICK UP,Internal,JabodetabekJAKARTA UTARACDD PICK UP,Dalam Kota,,,,2,REGULAR,4:45:00,515120,312633
260214C213,KLS,2/14/2026,CDELC,A8486VC,Jakarta Utara,Jabodetabek,Solar,4.57,Customer,2,8.0,8,1,31076,#N/A,Jawa,JAKARTA UTARA,CDE PICKUP,Internal,JabodetabekJAKARTA UTARACDE PICKUP,Dalam Kota,,,,2,REGULAR,4:13:00,257560,#N/A
260214L018,KLS,2/14/2026,CDDLC,A8288YX,Bandung,Jawa Barat,Solar,28.3,Store,66,14.57,16,1,806500,1253027,Jawa,BANDUNG,CDD LONG CHASSIS,Internal,Jawa BaratBANDUNGCDD LONG CHASSIS,Luar Kota,,,,2,REGULAR,9:23:00,257560,188967
260214L021,KLS,2/14/2026,CDDLC,A8976XY,Cirebon,Jawa Barat,Solar,11.25,Store,40,5.76,16,1,791500,1238027,Jawa,CIREBON,CDD LONG CHASSIS,Internal,Jawa BaratCIREBONCDD LONG CHASSIS,Luar Kota,,,,2,REGULAR,15:00:00,257560,188967
260214C247,KLS,2/14/2026,CDDLC,A8151VC,Tangerang,Jabodetabek,Solar,21.97,Customer,1,8.0,16,1,252396,1272623,Jawa,TANGERANG,CDD LONG CHASSIS,Internal,JabodetabekTANGERANGCDD LONG CHASSIS,Dalam Kota,,,,2,REGULAR,3:50:00,257560,762667
260216H001,KLS,2/16/2026,CDDLC,A8908XY,Jakarta Barat,Jabodetabek,Solar,16.82,HUB,88,12.88,16,2,192376,618656,Jawa,JAKARTA BARAT,CDD LONG CHASSIS,Internal,JabodetabekJAKARTA BARATCDD LONG CHASSIS,Dalam Kota,,,,2,REGULAR,7:27:00,257560,168720
260216C028,KLS,2/16/2026,CDELC,A8476VC,Purwakarta,Jawa Barat,Solar,18.28,Customer,12,11.0,11,5,233804,#N/A,Jawa,PURWAKARTA,CDE LONG CHASSIS,Internal,Jawa BaratPURWAKARTACDE LONG CHASSIS,Dalam Kota,,,,2,REGULAR,54:16:00,515120,#N/A
260216C029,KLS,2/16/2026,MVB,A8983VB,Bogor,Jabodetabek,Pertalite,18.3,Customer,7,5.0,5,6,251500,898020,Jawa,BOGOR,MINI VAN BOX,Internal,JabodetabekBOGORMINI VAN BOX,Dalam Kota,,,,2,REGULAR,54:16:00,515120,131400
260216C030,KLS,2/16/2026,MVB,A8876ZX,Bogor,Jabodetabek,Pertalite,8.52,Customer,6,5.0,5,4,141700,718896,Jawa,BOGOR,MINI VAN BOX,Internal,JabodetabekBOGORMINI VAN BOX,Dalam Kota,,,,2,REGULAR,6:08:00,515120,62076
260216C031,KLS,2/16/2026,MVB,B9642SCE,Depok,Jabodetabek,Pertalite,12.79,Customer,8,5.0,5,6,241400,849287,Jawa,DEPOK,MINI VAN BOX,Internal,JabodetabekDEPOKMINI VAN BOX,Dalam Kota,,,,2,REGULAR,6:04:00,515120,92767
260216C032,KLS,2/16/2026,MVB,A8017VC,Jakarta Utara,Jabodetabek,Pertalite,10.57,Customer,14,5.0,5,7,173700,974520,Jawa,JAKARTA UTARA,MINI VAN BOX,Internal,JabodetabekJAKARTA UTARAMINI VAN BOX,Dalam Kota,,,,2,REGULAR,5:41:00,515120,285700
260216C033,KLS,2/16/2026,MVB,A8373VC,Jakarta Timur,Jabodetabek,Pertalite,10.76,Customer,9,5.0,5,7,170600,#N/A,Jawa,JAKARTA TIMUR,MINI VAN BOX,Internal,JabodetabekJAKARTA TIMURMINI VAN BOX,Dalam Kota,,,,2,REGULAR,6:17:00,515120,#N/A
260216C034,KLS,2/16/2026,MVB,A8553VB,Jakarta Timur,Jabodetabek,Pertalite,9.49,Customer,7,5.0,5,7,134900,781420,Jawa,JAKARTA TIMUR,MINI VAN BOX,Internal,JabodetabekJAKARTA TIMURMINI VAN BOX,Dalam Kota,,,,2,REGULAR,6:38:00,515120,131400
260216C035,KLS,2/16/2026,MVB,A8304VC,Bekasi,Jabodetabek,Pertalite,9.75,Customer,9,5.0,5,7,154000,#N/A,Jawa,BEKASI,MINI VAN BOX,Internal,JabodetabekBEKASIMINI VAN BOX,Dalam Kota,,,,2,REGULAR,6:22:00,515120,#N/A
260216C036,KLS,2/16/2026,CDELC,A8505VC,Bekasi,Jabodetabek,Solar,11.83,Customer,10,11.0,11,5,99444,#N/A,Jawa,BEKASI,CDE LONG CHASSIS,Internal,JabodetabekBEKASICDE LONG CHASSIS,Dalam Kota,,,,2,REGULAR,7:03:00,515120,#N/A
260216C037,KLS,2/16/2026,CDDLC,A8288YX,Bekasi,Jabodetabek,Solar,9.7,Customer,8,16.0,16,5,72960,777047,Jawa,BEKASI,CDD LONG CHASSIS,Internal,JabodetabekBEKASICDD LONG CHASSIS,Dalam Kota,,,,2,REGULAR,7:00:00,515120,188967
260216S001,KLS,2/16/2026,CDELC,A8020VC,Jakarta Barat,Jabodetabek,Solar,13.24,Customer via Hub,7,11.0,11,5,109532,395232,Jawa,JAKARTA BARAT,CDE LONG CHASSIS,Internal,JabodetabekJAKARTA BARATCDE LONG CHASSIS,Dalam Kota,,,,2,REGULAR,8:19:00,,285700
260216S006,KLS,2/16/2026,MVB,A8437ZH,Jakarta Selatan,Jabodetabek,Pertalite,10300,Customer via Hub,10,5.0,5,7,75800,186400,Jawa,JAKARTA SELATAN,MINI VAN BOX,Internal,JabodetabekJAKARTA SELATANMINI VAN BOX,Dalam Kota,,,,2,REGULAR,4:40:00,,110600
260216S004,KLS,2/16/2026,MVB,A8537ZF,Tangerang,Jabodetabek,Pertalite,9.06,Customer via Hub,9,2.64,5,5,160100,270700,Jawa,TANGERANG,MINI VAN BOX,Internal,JabodetabekTANGERANGMINI VAN BOX,Dalam Kota,,,,2,REGULAR,6:16:00,,110600
260216S008,KLS,2/16/2026,CDELC,A8721VB,Tangerang,Jabodetabek,Solar,13.33,Customer via Hub,7,11.0,11,4,166144,451844,Jawa,TANGERANG,CDE LONG CHASSIS,Internal,JabodetabekTANGERANGCDE LONG CHASSIS,Dalam Kota,,,,2,REGULAR,6:48:00,,285700
260216S007,KLS,2/16/2026,CDELC,A8757VB,Tangerang,Jabodetabek,Solar,10.3,Customer via Hub,9,11.0,11,5,113540,399240,Jawa,TANGERANG,CDE LONG CHASSIS,Internal,JabodetabekTANGERANGCDE LONG CHASSIS,Dalam Kota,,,,2,REGULAR,5:26:00,,285700
260216S003,KLS,2/16/2026,CDELC,A8759VB,Tangerang,Jabodetabek,,,Customer via Hub,13,11.0,11,3,145000,430700,Jawa,TANGERANG,CDE LONG CHASSIS,Internal,JabodetabekTANGERANGCDE LONG CHASSIS,Dalam Kota,,,,2,REGULAR,5:14:00,,285700
260216S002,KLS,2/16/2026,CDELC,A8801XZ,Cilegon,Banten,Solar,25,Customer via Hub,3,4.6,7,3,297000,447733,Jawa,CILEGON,CDE PICK UP,Internal,BantenCILEGONCDE PICK UP,Dalam Kota,,,,2,REGULAR,10:12:00,,150733
260216S005,KLS,2/16/2026,MVB,B9710SCE,Jakarta Selatan,Jabodetabek,Pertalite,6.46,Customer via Hub,8,5.0,5,6,115600,#N/A,Jawa,JAKARTA SELATAN,MINI VAN BOX,Internal,JabodetabekJAKARTA SELATANMINI VAN BOX,Dalam Kota,,,,2,REGULAR,5:13:00,,#N/A
260218H002,KLS,2/18/2026,WINGBOX,B9068BEN,Jakarta Barat,Jabodetabek,Solar,33.91,HUB,102,42.0,42,2,312588,741012,Jawa,JAKARTA BARAT,WINGBOX,Internal,JabodetabekJAKARTA BARATWINGBOX,Dalam Kota,,,,2,REGULAR,7:45:00,257560,170864
260218C004,KLS,2/18/2026,CDELC,A8486VC,Jakarta Utara,Jabodetabek,Solar,14.52,Customer,3,8.0,8,3,251236,#N/A,Jawa,JAKARTA UTARA,CDE PICKUP,Internal,JabodetabekJAKARTA UTARACDE PICKUP,Dalam Kota,,,,2,REGULAR,7:28:00,257560,#N/A
260218C005,KLS,2/18/2026,MVB,B9642SCE,Depok,Jabodetabek,Pertalite,16.37,Customer,5,5.0,5,1,175300,479243,Jawa,DEPOK,MINI VAN BOX,Internal,JabodetabekDEPOKMINI VAN BOX,Dalam Kota,,,,2,REGULAR,6:32:00,257560,46383
260218C006,KLS,2/18/2026,CDELC,A8339ZS,Bogor,Jabodetabek,Solar,24.94,Customer,8,8.0,8,3,358092,1138812,Jawa,BOGOR,CDE PICKUP,Internal,JabodetabekBOGORCDE PICKUP,Dalam Kota,,,,2,REGULAR,9:30:00,515120,265600
260218C007,KLS,2/18/2026,MVB,A8876ZX,Bogor,Jabodetabek,Pertalite,8.32,Customer,4,5.0,5,1,126700,446336,Jawa,BOGOR,MINI VAN BOX,Internal,JabodetabekBOGORMINI VAN BOX,Dalam Kota,,,,2,REGULAR,7:27:00,257560,62076
260218C008,KLS,2/18/2026,MVB,A8373VC,Jakarta Timur,Jabodetabek,Pertalite,9.59,Customer,6,5.0,5,1,162400,#N/A,Jawa,JAKARTA TIMUR,MINI VAN BOX,Internal,JabodetabekJAKARTA TIMURMINI VAN BOX,Dalam Kota,,,,2,REGULAR,6:35:00,515120,#N/A
260218C009,KLS,2/18/2026,CDELC,A8503ZX,Bekasi,Jabodetabek,Solar,10.31,Customer,5,2.35,8,2,116108,783695,Jawa,BEKASI,CDE,Internal,JabodetabekBEKASICDE,Dalam Kota,,,,2,REGULAR,7:26:00,515120,152467
260218C010,KLS,2/18/2026,MVB,A8983VB,Bekasi,Jabodetabek,Pertalite,8.18,Customer,3,5.0,5,1,107800,754320,Jawa,BEKASI,MINI VAN BOX,Internal,JabodetabekBEKASIMINI VAN BOX,Dalam Kota,,,,2,REGULAR,7:23:00,515120,131400
260218C011,KLS,2/18/2026,MVB,B9320SCE,Jakarta Utara,Jabodetabek,Pertalite,16.05,Customer,8,5.0,5,1,235500,579200,Jawa,JAKARTA UTARA,MINI VAN BOX,Internal,JabodetabekJAKARTA UTARAMINI VAN BOX,Dalam Kota,,,,2,REGULAR,127:55:00,257560,86140
260218C012,KLS,2/18/2026,MVB,A8017VC,Jakarta Utara,Jabodetabek,Pertalite,9.43,Customer,3,5.0,5,2,164300,707560,Jawa,JAKARTA UTARA,MINI VAN BOX,Internal,JabodetabekJAKARTA UTARAMINI VAN BOX,Dalam Kota,,,,2,REGULAR,6:35:00,257560,285700
260218C013,KLS,2/18/2026,CDELC,A8098ZH,Purwakarta,Jawa Barat,Solar,18.9,Customer,18,11.0,11,7,182020,660747,Jawa,PURWAKARTA,CDE LONG CHASSIS,Internal,Jawa BaratPURWAKARTACDE LONG CHASSIS,Dalam Kota,,,,2,REGULAR,8:10:00,257560,221167
260218C014,KLS,2/18/2026,CDELC,A8002XW,Jakarta Timur,Jabodetabek,Solar,10.68,Customer,5,3.94,11,1,130624,798211,Jawa,JAKARTA TIMUR,CDE LONG CHASSIS,Internal,JabodetabekJAKARTA TIMURCDE LONG CHASSIS,Dalam Kota,,,,2,REGULAR,6:41:00,515120,152467
260218C016,KLS,2/18/2026,MVB,A8504ZX,Purwakarta,Jawa Barat,Pertalite,20.99,Customer,6,5.0,5,1,396900,986120,Jawa,PURWAKARTA,MINI VAN BOX,Internal,Jawa BaratPURWAKARTAMINI VAN BOX,Dalam Kota,,,,2,REGULAR,8:20:00,515120,74100
260218C017,KLS,2/18/2026,CDELC,A8476VC,Karawang Selatan,Jabodetabek,Solar,15.77,Customer,12,11.0,11,5,166236,#N/A,Jawa,KARAWANG SELATAN,CDE LONG CHASSIS,Internal,JabodetabekKARAWANG SELATANCDE LONG CHASSIS,Dalam Kota,,,,2,REGULAR,8:43:00,515120,#N/A
260218C018,KLS,2/18/2026,CDELC,A8505VC,Karawang Selatan,Jabodetabek,Solar,14.66,Customer,18,11.0,11,2,132688,#N/A,Jawa,KARAWANG SELATAN,CDE LONG CHASSIS,Internal,JabodetabekKARAWANG SELATANCDE LONG CHASSIS,Dalam Kota,,,,2,REGULAR,7:29:00,515120,#N/A
260218C019,KLS,2/18/2026,PICKUP,A8721ZV,Bekasi,Jabodetabek,Pertalite,12.94,Customer,10,3.0,3,1,129400,750353,Jawa,BEKASI,PICK UP,Internal,JabodetabekBEKASIPICK UP,Dalam Kota,,,,2,REGULAR,5:18:00,515120,105833
260218C020,KLS,2/18/2026,CDDLC,A8908XY,Bekasi,Jabodetabek,Solar,11.04,Customer,17,4.0,16,1,75072,758912,Jawa,BEKASI,CDD LONG CHASSIS,Internal,JabodetabekBEKASICDD LONG CHASSIS,Dalam Kota,,,,2,REGULAR,6:15:00,515120,168720
260218C021,KLS,2/18/2026,CDELC,A8159ZC,Bekasi,Jabodetabek,Solar,10.21,Customer,8,11.0,11,1,69428,767415,Jawa,BEKASI,CDE LONG CHASSIS,Internal,JabodetabekBEKASICDE LONG CHASSIS,Dalam Kota,,,,2,REGULAR,7:18:00,515120,182867
260218C022,KLS,2/18/2026,MOTOR,B5709BLU,Bekasi,Jabodetabek,Pertalite,1.32,Customer,22,0.14,0.14,1,13200,270790,Jawa,BEKASI,MOTOR BOX,Internal,JabodetabekBEKASIMOTOR BOX,Dalam Kota,,,,2,REGULAR,6:24:00,257560,30
260218L002,KLS,2/18/2026,CDELC,A8520VC,Sukabumi,Jawa Barat,Solar,31.87,Store,27,2.99,11,1,390716,#N/A,Jawa,SUKABUMI,CDE LONG CHASSIS,Internal,Jawa BaratSUKABUMICDE LONG CHASSIS,Luar Kota,,,,2,REGULAR,10:24:00,257560,#N/A
260218L001,KLS,2/18/2026,CDDLC,A8288YX,Bandung,Jawa Barat,Solar,27.45,Store,1,11.0,16,1,805500,1252027,Jawa,BANDUNG,CDD LONG CHASSIS,Internal,Jawa BaratBANDUNGCDD LONG CHASSIS,Luar Kota,,,,2,REGULAR,7:57:00,257560,188967
260218C210,KLS,2/18/2026,MVB,A8553VB,Karawang Selatan,Jabodetabek,Pertalite,9.67,Customer,3,5.0,5,3,150700,539660,Jawa,KARAWANG SELATAN,MINI VAN BOX,Internal,JabodetabekKARAWANG SELATANMINI VAN BOX,Dalam Kota,,,,2,REGULAR,5:13:00,257560,131400
260218C325,KLS,2/18/2026,MVB,B9642SCE,Karawang Selatan,Jabodetabek,Pertalite,5.45,Customer,2,5.0,5,1,87500,649003,Jawa,KARAWANG SELATAN,MINI VAN BOX,Internal,JabodetabekKARAWANG SELATANMINI VAN BOX,Dalam Kota,,,,2,NON REGULAR,1:54:00,515120,46383
260218S001,KLS,2/18/2026,CDELC,A8020VC,Jakarta Barat,Jabodetabek,Solar,11.75,Customer via Hub,9,11.0,11,2,122900,408600,Jawa,JAKARTA BARAT,CDE LONG CHASSIS,Internal,JabodetabekJAKARTA BARATCDE LONG CHASSIS,Dalam Kota,,,,2,REGULAR,8:09:00,,285700
260218S004,KLS,2/18/2026,MVB,A8437ZH,Tangerang,Jabodetabek,Pertalite,9.31,Customer via Hub,28,5.0,5,3,154600,265200,Jawa,TANGERANG,MINI VAN BOX,Internal,JabodetabekTANGERANGMINI VAN BOX,Dalam Kota,,,,2,REGULAR,7:56:00,,110600
260218S009,KLS,2/18/2026,MVB,A8537ZF,Jakarta Selatan,Jabodetabek,Pertalite,11.05,Customer via Hub,5,5.0,5,4,110500,221100,Jawa,JAKARTA SELATAN,MINI VAN BOX,Internal,JabodetabekJAKARTA SELATANMINI VAN BOX,Dalam Kota,,,,2,REGULAR,7:50:00,,110600
260218S003,KLS,2/18/2026,CDELC,A8721VB,Serang,Banten,Solar,14.97,Customer via Hub,11,11.0,11,4,160296,445996,Jawa,SERANG,CDE LONG CHASSIS,Internal,BantenSERANGCDE LONG CHASSIS,Dalam Kota,,,,2,REGULAR,7:27:00,,285700
260218S008,KLS,2/18/2026,CDELC,A8757VB,Tangerang,Jabodetabek,Solar,13.57,Customer via Hub,6,11.0,11,1,145276,430976,Jawa,TANGERANG,CDE LONG CHASSIS,Internal,JabodetabekTANGERANGCDE LONG CHASSIS,Dalam Kota,,,,2,REGULAR,5:27:00,,285700
260218S006,KLS,2/18/2026,CDELC,A8759VB,Tangerang,Jabodetabek,,,Customer via Hub,6,2.2,11,1,,285700,Jawa,TANGERANG,CDE LONG CHASSIS,Internal,JabodetabekTANGERANGCDE LONG CHASSIS,Dalam Kota,,,,2,REGULAR,8:09:00,,285700
260218S005,KLS,2/18/2026,CDELC,A8801XZ,Tangerang,Jabodetabek,Solar,11.48,Customer via Hub,18,2.84,7,3,78064,228797,Jawa,TANGERANG,CDE PICK UP,Internal,JabodetabekTANGERANGCDE PICK UP,Dalam Kota,,,,2,REGULAR,9:46:00,,150733
260218S002,KLS,2/18/2026,CDELC,A8910VB,Cilegon,Banten,Solar,7065.82,Customer via Hub,10,1.84,11,2,295448,581148,Jawa,CILEGON,CDE LONG CHASSIS,Internal,BantenCILEGONCDE LONG CHASSIS,Dalam Kota,,,,2,REGULAR,9:39:00,,285700
260218S011,KLS,2/18/2026,CDELC,A8912VB,Jakarta Pusat,Jabodetabek,Solar,10,Customer via Hub,9,11.0,11,2,60,265353,Jawa,JAKARTA PUSAT,CDE LONG CHASSIS,Internal,JabodetabekJAKARTA PUSATCDE LONG CHASSIS,Dalam Kota,,,,2,REGULAR,6:51:00,,265293
260218S010,KLS,2/18/2026,MVB,B9710SCE,Jakarta Selatan,Jabodetabek,Pertalite,6.8,Customer via Hub,6,5.0,5,1,123500,#N/A,Jawa,JAKARTA SELATAN,MINI VAN BOX,Internal,JabodetabekJAKARTA SELATANMINI VAN BOX,Dalam Kota,,,,2,REGULAR,6:49:00,,#N/A
260219C002,KLS,2/19/2026,PICKUP,A8721ZV,Bogor,Jabodetabek,Pertalite,13.81,Customer,14,3.0,3,3,224100,845053,Jawa,BOGOR,PICK UP,Internal,JabodetabekBOGORPICK UP,Dalam Kota,,,,2,REGULAR,-3:15:00,515120,105833
260219C003,KLS,2/19/2026,CDELC,A8002XW,Depok,Jabodetabek,Solar,15.74,Customer,12,5.12,11,6,208032,875619,Jawa,DEPOK,CDE LONG CHASSIS,Internal,JabodetabekDEPOKCDE LONG CHASSIS,Dalam Kota,,,,2,REGULAR,-1:40:00,515120,152467
260219H001,KLS,2/19/2026,WINGBOX,B9068BEN,Jakarta Barat,Jabodetabek,Solar,36.3,HUB,124,42.0,42,4,328840,671832,Jawa,JAKARTA BARAT,WINGBOX,Internal,JabodetabekJAKARTA BARATWINGBOX,Dalam Kota,,,,2,REGULAR,7:10:00,257560,85432
260219C004,KLS,2/19/2026,CDELC,A8486VC,Jakarta Utara,Jabodetabek,Solar,10.93,Customer,3,8.0,8,2,217324,#N/A,Jawa,JAKARTA UTARA,CDE PICKUP,Internal,JabodetabekJAKARTA UTARACDE PICKUP,Dalam Kota,,,,2,REGULAR,-2:17:00,257560,#N/A
260219C005,KLS,2/19/2026,MVB,B9320SCE,Jakarta Utara,Jabodetabek,Pertalite,16.63,Customer,10,5.0,5,9,270800,872060,Jawa,JAKARTA UTARA,MINI VAN BOX,Internal,JabodetabekJAKARTA UTARAMINI VAN BOX,Dalam Kota,,,,2,REGULAR,0:03:00,515120,86140
260219C006,KLS,2/19/2026,MVB,A8876ZX,Jakarta Timur,Jabodetabek,Pertalite,8.39,Customer,4,5.0,5,4,142900,462536,Jawa,JAKARTA TIMUR,MINI VAN BOX,Internal,JabodetabekJAKARTA TIMURMINI VAN BOX,Dalam Kota,,,,2,REGULAR,-2:39:00,257560,62076
260219C007,KLS,2/19/2026,MVB,A8983VB,Bekasi,Jabodetabek,Pertalite,10.34,Customer,6,5.0,5,4,160400,806920,Jawa,BEKASI,MINI VAN BOX,Internal,JabodetabekBEKASIMINI VAN BOX,Dalam Kota,,,,2,REGULAR,5:08:00,515120,131400
260219C008,KLS,2/19/2026,CDDLC,A8288YX,Bekasi,Jabodetabek,Solar,13.22,Customer,15,2.0,16,8,89896,793983,Jawa,BEKASI,CDD LONG CHASSIS,Internal,JabodetabekBEKASICDD LONG CHASSIS,Dalam Kota,,,,2,REGULAR,-3:24:00,515120,188967
260219C009,KLS,2/19/2026,MOTOR,B5709BLU,Bekasi,Jabodetabek,Pertalite,1.75,Customer,9,0.14,0.14,7,17500,275090,Jawa,BEKASI,MOTOR BOX,Internal,JabodetabekBEKASIMOTOR BOX,Dalam Kota,,,,2,REGULAR,-2:15:00,257560,30
260219C010,KLS,2/19/2026,CDELC,A8159ZC,Bekasi,Jabodetabek,Solar,10.93,Customer,16,2.32,11,9,84324,782311,Jawa,BEKASI,CDE LONG CHASSIS,Internal,JabodetabekBEKASICDE LONG CHASSIS,Dalam Kota,,,,2,REGULAR,-3:16:00,515120,182867
260219C011,KLS,2/19/2026,MVB,A8504ZX,Purwakarta,Jawa Barat,Pertalite,10.14,Customer,8,5.0,5,6,155400,487060,Jawa,PURWAKARTA,MINI VAN BOX,Internal,Jawa BaratPURWAKARTAMINI VAN BOX,Dalam Kota,,,,2,REGULAR,-1:20:00,257560,74100
260219C012,KLS,2/19/2026,CDELC,A8505VC,Karawang Selatan,Jabodetabek,Solar,17.68,Customer,31,11.0,11,13,153224,#N/A,Jawa,KARAWANG SELATAN,CDE LONG CHASSIS,Internal,JabodetabekKARAWANG SELATANCDE LONG CHASSIS,Dalam Kota,,,,2,REGULAR,-0:52:00,515120,#N/A
260219C013,KLS,2/19/2026,CDELC,A8476VC,Karawang Selatan,Jabodetabek,Solar,16.65,Customer,12,11.0,11,9,167220,#N/A,Jawa,KARAWANG SELATAN,CDE LONG CHASSIS,Internal,JabodetabekKARAWANG SELATANCDE LONG CHASSIS,Dalam Kota,,,,2,REGULAR,-1:49:00,515120,#N/A
260219C014,KLS,2/19/2026,CDDLC,A8976XY,Bekasi,Jabodetabek,Solar,11.78,Customer,19,16.0,16,6,84104,788191,Jawa,BEKASI,CDD LONG CHASSIS,Internal,JabodetabekBEKASICDD LONG CHASSIS,Dalam Kota,,,,2,REGULAR,-0:33:00,515120,188967
260219C015,KLS,2/19/2026,CDELC,B9044BRO,Jakarta Barat,Jabodetabek,Solar,18.16,Customer,41,11.0,11,2,215488,643912,Jawa,JAKARTA BARAT,CDE LONG CHASSIS,Internal,JabodetabekJAKARTA BARATCDE LONG CHASSIS,Dalam Kota,,,,2,REGULAR,-0:03:00,257560,170864
260219C016,KLS,2/19/2026,CDELC,A8503ZX,Purwakarta,Jawa Barat,Solar,18.11,Customer,14,8.0,8,4,186648,596675,Jawa,PURWAKARTA,CDE,Internal,Jawa BaratPURWAKARTACDE,Dalam Kota,,,,2,REGULAR,0:29:00,257560,152467
260219C017,KLS,2/19/2026,MVB,B9642SCE,Jakarta Utara,Jabodetabek,Pertalite,11.43,Customer,9,5.0,5,8,184300,534627,Jawa,JAKARTA UTARA,MINI VAN BOX,Internal,JabodetabekJAKARTA UTARAMINI VAN BOX,Dalam Kota,,,,2,REGULAR,-1:24:00,257560,92767
260219C230,KLS,2/19/2026,MVB,A8373VC,Bogor,Jabodetabek,Pertalite,13.87,Customer,7,3.01,5,3,206200,#N/A,Jawa,BOGOR,MINI VAN BOX,Internal,JabodetabekBOGORMINI VAN BOX,Dalam Kota,,,,2,REGULAR,-0:35:00,257560,#N/A
260219C234,KLS,2/19/2026,CDELC,A8098ZH,Jakarta Utara,Jabodetabek,Solar,25.38,Customer,2,4.93,11,2,296584,1032871,Jawa,JAKARTA UTARA,CDE LONG CHASSIS,Internal,JabodetabekJAKARTA UTARACDE LONG CHASSIS,Dalam Kota,,,,2,REGULAR,0:50:00,515120,221167
260219C236,KLS,2/19/2026,CDELC,A8520VC,Bekasi,Jabodetabek,Solar,10.62,Customer,23,3.53,11,7,107716,#N/A,Jawa,BEKASI,CDE LONG CHASSIS,Internal,JabodetabekBEKASICDE LONG CHASSIS,Dalam Kota,,,,2,REGULAR,-2:45:00,257560,#N/A
260219C268,KLS,2/19/2026,CDDLC,B9190SDB,Jakarta Utara,Jabodetabek,Solar,19.51,Customer,1,13.0,13,1,253168,706961,Jawa,JAKARTA UTARA,CDD PICK UP,Internal,JabodetabekJAKARTA UTARACDD PICK UP,Dalam Kota,,,,2,REGULAR,-0:40:00,257560,196233
260219C270,KLS,2/19/2026,CDDLC,A8961VB,Jakarta Utara,Jabodetabek,Solar,10.37,Customer,1,5.0,13,1,188516,758709,Jawa,JAKARTA UTARA,CDD PICK UP,Internal,JabodetabekJAKARTA UTARACDD PICK UP,Dalam Kota,,,,2,REGULAR,-2:19:00,257560,312633
260219C271,KLS,2/19/2026,CDDLC,A8908XY,Jakarta Utara,Jabodetabek,Solar,13.26,Customer,1,5.0,16,1,208168,634448,Jawa,JAKARTA UTARA,CDD LONG CHASSIS,Internal,JabodetabekJAKARTA UTARACDD LONG CHASSIS,Dalam Kota,,,,2,REGULAR,-3:05:00,257560,168720
260219C273,KLS,2/19/2026,CDELC,A8339ZS,Jakarta Utara,Jabodetabek,Solar,14.46,Customer,2,8.0,8,2,227328,750488,Jawa,JAKARTA UTARA,CDE PICKUP,Internal,JabodetabekJAKARTA UTARACDE PICKUP,Dalam Kota,,,,2,REGULAR,-1:36:00,257560,265600
260219C274,KLS,2/19/2026,MVB,A8304VC,Karawang Selatan,Jabodetabek,Pertalite,10.06,Customer,8,5.0,5,5,144100,#N/A,Jawa,KARAWANG SELATAN,MINI VAN BOX,Internal,JabodetabekKARAWANG SELATANMINI VAN BOX,Dalam Kota,,,,2,REGULAR,3:15:00,257560,#N/A
260219C275,KLS,2/19/2026,CDELC,A8432ZS,Jakarta Pusat,Jabodetabek,Solar,12.39,Customer,1,2.64,11,1,125252,897422,Jawa,JAKARTA PUSAT,CDE LONG CHASSIS,Internal,JabodetabekJAKARTA PUSATCDE LONG CHASSIS,Dalam Kota,,,,2,REGULAR,-2:19:00,515120,257050
260219C294,KLS,2/19/2026,CDELC,A8048ZX,Bekasi,Jabodetabek,Solar,4.99,Customer,3,11.0,11,2,33932,443959,Jawa,BEKASI,CDE LONG CHASSIS,Internal,JabodetabekBEKASICDE LONG CHASSIS,Dalam Kota,,,,2,REGULAR,2:04:00,257560,152467
260219S006,KLS,2/19/2026,MVB,A8437ZH,Tangerang,Jabodetabek,Pertalite,10125,Customer via Hub,12,5.0,5,2,118000,228600,Jawa,TANGERANG,MINI VAN BOX,Internal,JabodetabekTANGERANGMINI VAN BOX,Dalam Kota,,,,2,REGULAR,7:01:00,,110600
260219S011,KLS,2/19/2026,CDELC,A8481ZH,Jakarta Barat,Jabodetabek,Solar,10.15,Customer via Hub,14,4.61,11,4,152500,373667,Jawa,JAKARTA BARAT,CDE LONG CHASSIS,Internal,JabodetabekJAKARTA BARATCDE LONG CHASSIS,Dalam Kota,,,,2,REGULAR,7:25:00,,221167
260219S005,KLS,2/19/2026,MVB,A8537ZF,Tangerang,Jabodetabek,Pertalite,9.65,Customer via Hub,20,2.32,5,4,151500,262100,Jawa,TANGERANG,MINI VAN BOX,Internal,JabodetabekTANGERANGMINI VAN BOX,Dalam Kota,,,,2,REGULAR,6:54:00,,110600
260219S008,KLS,2/19/2026,MVB,A8542XB,Jakarta Selatan,Jabodetabek,Pertalite,5.5,Customer via Hub,7,1.04,5,3,55000,55000,Jawa,JAKARTA SELATAN,MINI VAN BOX,Internal,JabodetabekJAKARTA SELATANMINI VAN BOX,Dalam Kota,,,,2,REGULAR,4:46:00,,0
260219S009,KLS,2/19/2026,CDELC,A8721VB,Jakarta Selatan,Jabodetabek,Solar,12.67,Customer via Hub,6,11.0,11,2,76,285776,Jawa,JAKARTA SELATAN,CDE LONG CHASSIS,Internal,JabodetabekJAKARTA SELATANCDE LONG CHASSIS,Dalam Kota,,,,2,REGULAR,4:21:00,,285700
260219S007,KLS,2/19/2026,CDELC,A8757VB,Tangerang,Jabodetabek,Solar,14.7,Customer via Hub,6,11.0,11,2,156960,442660,Jawa,TANGERANG,CDE LONG CHASSIS,Internal,JabodetabekTANGERANGCDE LONG CHASSIS,Dalam Kota,,,,2,REGULAR,7:33:00,,285700
260219S010,KLS,2/19/2026,CDELC,A8759VB,Jakarta Pusat,Jabodetabek,Solar,13.25,Customer via Hub,8,6.28,11,4,151100,436800,Jawa,JAKARTA PUSAT,CDE LONG CHASSIS,Internal,JabodetabekJAKARTA PUSATCDE LONG CHASSIS,Dalam Kota,,,,2,REGULAR,6:18:00,,285700
260219S003,KLS,2/19/2026,CDELC,A8801XZ,Serang,Banten,Solar,19.86,Customer via Hub,16,3.61,7,3,195548,346281,Jawa,SERANG,CDE PICK UP,Internal,BantenSERANGCDE PICK UP,Dalam Kota,,,,2,REGULAR,9:11:00,,150733
260219S002,KLS,2/19/2026,CDELC,A8910VB,Cilegon,Banten,Solar,6805.44,Customer via Hub,23,4.63,11,3,243636,529336,Jawa,CILEGON,CDE LONG CHASSIS,Internal,BantenCILEGONCDE LONG CHASSIS,Dalam Kota,,,,2,REGULAR,7:30:00,,285700
260219S004,KLS,2/19/2026,CDELC,A8912VB,Tangerang,Jabodetabek,,,Customer via Hub,8,2.21,11,3,47500,312793,Jawa,TANGERANG,CDE LONG CHASSIS,Internal,JabodetabekTANGERANGCDE LONG CHASSIS,Dalam Kota,,,,2,REGULAR,7:08:00,,265293
260220X007,KLS,2/20/2026,WINGBOX,B9068BEN,Tangerang,Jabodetabek,,,Other Delivery,1,42.0,42,1,,428424,Jawa,TANGERANG,WINGBOX,Internal,JabodetabekTANGERANGWINGBOX,Dalam Kota,,,,2,REGULAR,-1105808:18:00,257560,170864
260220C028,KLS,2/20/2026,CDELC,A8520VC,Bekasi,Jabodetabek,Solar,12.04,Customer,18,11.0,11,9,117372,#N/A,Jawa,BEKASI,CDE LONG CHASSIS,Internal,JabodetabekBEKASICDE LONG CHASSIS,Dalam Kota,,,,2,REGULAR,-0:50:00,515120,#N/A
260220C029,KLS,2/20/2026,MVB,A8876ZX,Bogor,Jabodetabek,Pertalite,16.4,Customer,17,5.0,5,7,241000,560636,Jawa,BOGOR,MINI VAN BOX,Internal,JabodetabekBOGORMINI VAN BOX,Dalam Kota,,,,2,REGULAR,2:10:00,257560,62076
260220C030,KLS,2/20/2026,CDDLC,B9190SDB,Tangerang,Jabodetabek,Solar,28.05,Customer,1,13.0,13,1,306240,760033,Jawa,TANGERANG,CDD PICK UP,Internal,JabodetabekTANGERANGCDD PICK UP,Dalam Kota,,,,2,REGULAR,9:51:00,257560,196233
260220C031,KLS,2/20/2026,CDELC,A8002XW,Bogor,Jabodetabek,Solar,13.38,Customer,11,11.0,11,5,172984,840571,Jawa,BOGOR,CDE LONG CHASSIS,Internal,JabodetabekBOGORCDE LONG CHASSIS,Dalam Kota,,,,2,REGULAR,7:49:00,515120,152467
260220C032,KLS,2/20/2026,MVB,A8983VB,Depok,Jabodetabek,Pertalite,16.43,Customer,23,5.0,5,9,266300,912820,Jawa,DEPOK,MINI VAN BOX,Internal,JabodetabekDEPOKMINI VAN BOX,Dalam Kota,,,,2,REGULAR,9:13:00,515120,131400
260220H015,KLS,2/20/2026,CDDLC,A8976XY,Jakarta Barat,Jabodetabek,Solar,19.27,HUB,202,15.45,16,3,209036,655563,Jawa,JAKARTA BARAT,CDD LONG CHASSIS,Internal,JabodetabekJAKARTA BARATCDD LONG CHASSIS,Dalam Kota,,,,2,REGULAR,-7:27:00,257560,188967
260220C034,KLS,2/20/2026,MVB,A8373VC,Jakarta Timur,Jabodetabek,Pertalite,12.89,Customer,13,5.0,5,6,197900,#N/A,Jawa,JAKARTA TIMUR,MINI VAN BOX,Internal,JabodetabekJAKARTA TIMURMINI VAN BOX,Dalam Kota,,,,2,REGULAR,9:49:00,515120,#N/A
260220C035,KLS,2/20/2026,CDELC,A8098ZH,Jakarta Timur,Jabodetabek,Solar,14.87,Customer,7,11.0,11,5,127116,863403,Jawa,JAKARTA TIMUR,CDE LONG CHASSIS,Internal,JabodetabekJAKARTA TIMURCDE LONG CHASSIS,Dalam Kota,,,,2,REGULAR,6:39:00,515120,221167
260220C036,KLS,2/20/2026,CDDLC,A8961VB,Jakarta Utara,Jabodetabek,Solar,22.75,Customer,8,3.97,13,3,349700,919893,Jawa,JAKARTA UTARA,CDD PICK UP,Internal,JabodetabekJAKARTA UTARACDD PICK UP,Dalam Kota,,,,2,REGULAR,8:21:00,257560,312633
260220C037,KLS,2/20/2026,CDELC,B9044BRO,Jakarta Utara,Jabodetabek,Solar,18.38,Customer,13,11.0,11,8,223984,909968,Jawa,JAKARTA UTARA,CDE LONG CHASSIS,Internal,JabodetabekJAKARTA UTARACDE LONG CHASSIS,Dalam Kota,,,,2,REGULAR,12:45:00,515120,170864
260220C038,KLS,2/20/2026,MVB,A8017VC,Jakarta Utara,Jabodetabek,Pertalite,11.34,Customer,5,5.0,5,4,194400,737660,Jawa,JAKARTA UTARA,MINI VAN BOX,Internal,JabodetabekJAKARTA UTARAMINI VAN BOX,Dalam Kota,,,,2,REGULAR,8:14:00,257560,285700
260220C039,KLS,2/20/2026,CDELC,A8503ZX,Bekasi,Jabodetabek,Solar,13.94,Customer,13,2.3,8,4,175792,843379,Jawa,BEKASI,CDE,Internal,JabodetabekBEKASICDE,Dalam Kota,,,,2,REGULAR,8:03:00,515120,152467
260220C040,KLS,2/20/2026,CDDLC,A8288YX,Bekasi,Jabodetabek,Solar,11.57,Customer,10,2.19,16,8,92676,796763,Jawa,BEKASI,CDD LONG CHASSIS,Internal,JabodetabekBEKASICDD LONG CHASSIS,Dalam Kota,,,,2,REGULAR,6:19:00,515120,188967
260220C041,KLS,2/20/2026,CDELC,A8159ZC,Bekasi,Jabodetabek,Solar,10.91,Customer,16,11.0,11,10,103188,801175,Jawa,BEKASI,CDE LONG CHASSIS,Internal,JabodetabekBEKASICDE LONG CHASSIS,Dalam Kota,,,,2,REGULAR,6:30:00,515120,182867
260220C042,KLS,2/20/2026,CDELC,A8048ZX,Purwakarta,Jawa Barat,Solar,24.27,Customer,22,11.0,11,8,283536,693563,Jawa,PURWAKARTA,CDE LONG CHASSIS,Internal,Jawa BaratPURWAKARTACDE LONG CHASSIS,Dalam Kota,,,,2,REGULAR,12:01:00,257560,152467
260220C043,KLS,2/20/2026,CDELC,A8476VC,Karawang Selatan,Jabodetabek,Solar,12.44,Customer,11,11.0,11,5,138592,#N/A,Jawa,KARAWANG SELATAN,CDE LONG CHASSIS,Internal,JabodetabekKARAWANG SELATANCDE LONG CHASSIS,Dalam Kota,,,,2,REGULAR,8:06:00,257560,#N/A
260220C044,KLS,2/20/2026,CDDLC,A8908XY,Bekasi,Jabodetabek,Solar,8.5,Customer,21,16.0,16,6,57800,741640,Jawa,BEKASI,CDD LONG CHASSIS,Internal,JabodetabekBEKASICDD LONG CHASSIS,Dalam Kota,,,,2,REGULAR,6:06:00,515120,168720
260220C045,KLS,2/20/2026,CDELC,A8505VC,Karawang Selatan,Jabodetabek,Solar,14.28,Customer,34,11.0,11,13,113604,#N/A,Jawa,KARAWANG SELATAN,CDE LONG CHASSIS,Internal,JabodetabekKARAWANG SELATANCDE LONG CHASSIS,Dalam Kota,,,,2,REGULAR,6:55:00,515120,#N/A
260220C046,KLS,2/20/2026,MVB,A8504ZX,Purwakarta,Jawa Barat,Pertalite,11.2,Customer,9,5.0,5,7,176000,507660,Jawa,PURWAKARTA,MINI VAN BOX,Internal,Jawa BaratPURWAKARTAMINI VAN BOX,Dalam Kota,,,,2,REGULAR,-0:49:00,257560,74100
260220C047,KLS,2/20/2026,MVB,A8553VB,Bekasi,Jabodetabek,Pertalite,8.11,Customer,14,5.0,5,11,81100,727620,Jawa,BEKASI,MINI VAN BOX,Internal,JabodetabekBEKASIMINI VAN BOX,Dalam Kota,,,,2,REGULAR,5:48:00,515120,131400
260220C256,KLS,2/20/2026,MVB,A8304VC,Bekasi,Jabodetabek,Pertalite,11.41,Customer,14,5.0,5,7,147100,#N/A,Jawa,BEKASI,MINI VAN BOX,Internal,JabodetabekBEKASIMINI VAN BOX,Dalam Kota,,,,2,REGULAR,7:31:00,515120,#N/A
260220C257,KLS,2/20/2026,PICKUP,A8721ZV,Jakarta Pusat,Jabodetabek,Pertalite,13.31,Customer,1,3.0,3,1,172100,793053,Jawa,JAKARTA PUSAT,PICK UP,Internal,JabodetabekJAKARTA PUSATPICK UP,Dalam Kota,,,,2,REGULAR,8:12:00,515120,105833
260220C271,KLS,2/20/2026,MVB,B9320SCE,Karawang Selatan,Jabodetabek,Pertalite,8.87,Customer,3,5.0,5,3,115700,459400,Jawa,KARAWANG SELATAN,MINI VAN BOX,Internal,JabodetabekKARAWANG SELATANMINI VAN BOX,Dalam Kota,,,,2,REGULAR,1:06:00,257560,86140
260221H019,KLS,2/21/2026,CDDLC,A8288YX,Jakarta Barat,Jabodetabek,Solar,15.95,HUB,188,9.23,16,4,184460,536503,Jawa,JAKARTA BARAT,CDD LONG CHASSIS,Internal,JabodetabekJAKARTA BARATCDD LONG CHASSIS,Dalam Kota,,,,2,REGULAR,0:43:00,257560,94483
260221C026,KLS,2/21/2026,CDELC,A8505VC,Bogor,Jabodetabek,Solar,22.06,Customer,20,3.03,11,7,214500,#N/A,Jawa,BOGOR,CDE LONG CHASSIS,Internal,JabodetabekBOGORCDE LONG CHASSIS,Dalam Kota,,,,2,REGULAR,6:15:00,515120,#N/A
260221C027,KLS,2/21/2026,MVB,B9642SCE,Depok,Jabodetabek,Pertalite,13.54,Customer,15,5.0,5,5,238900,846787,Jawa,DEPOK,MINI VAN BOX,Internal,JabodetabekDEPOKMINI VAN BOX,Dalam Kota,,,,2,REGULAR,5:59:00,515120,92767
260221C028,KLS,2/21/2026,MVB,A8983VB,Bogor,Jabodetabek,Pertalite,9.99,Customer,9,5.0,5,4,160400,806920,Jawa,BOGOR,MINI VAN BOX,Internal,JabodetabekBOGORMINI VAN BOX,Dalam Kota,,,,2,REGULAR,6:04:00,515120,131400
260221C029,KLS,2/21/2026,MVB,A8504ZX,Karawang Selatan,Jabodetabek,Pertalite,11.24,Customer,12,2.34,5,5,173900,763120,Jawa,KARAWANG SELATAN,MINI VAN BOX,Internal,JabodetabekKARAWANG SELATANMINI VAN BOX,Dalam Kota,,,,2,REGULAR,5:20:00,515120,74100
260221C030,KLS,2/21/2026,MVB,A8373VC,Jakarta Timur,Jabodetabek,Pertalite,7.99,Customer,11,5.0,5,4,152400,#N/A,Jawa,JAKARTA TIMUR,MINI VAN BOX,Internal,JabodetabekJAKARTA TIMURMINI VAN BOX,Dalam Kota,,,,2,REGULAR,5:23:00,257560,#N/A
260221C031,KLS,2/21/2026,MVB,A8017VC,Jakarta Utara,Jabodetabek,Pertalite,9.29,Customer,13,5.0,5,4,158900,959720,Jawa,JAKARTA UTARA,MINI VAN BOX,Internal,JabodetabekJAKARTA UTARAMINI VAN BOX,Dalam Kota,,,,2,REGULAR,5:16:00,515120,285700
260221C032,KLS,2/21/2026,MVB,A8553VB,Jakarta Timur,Jabodetabek,Pertalite,7.52,Customer,8,5.0,5,4,125200,514160,Jawa,JAKARTA TIMUR,MINI VAN BOX,Internal,JabodetabekJAKARTA TIMURMINI VAN BOX,Dalam Kota,,,,2,REGULAR,2:43:00,257560,131400
260221C033,KLS,2/21/2026,CDELC,A8520VC,Bekasi,Jabodetabek,Dexlite,1.16,Customer,22,11.0,11,9,132380,#N/A,Jawa,BEKASI,CDE LONG CHASSIS,Internal,JabodetabekBEKASICDE LONG CHASSIS,Dalam Kota,,,,2,REGULAR,7:33:00,515120,#N/A
260221C034,KLS,2/21/2026,MVB,A8304VC,Bekasi,Jabodetabek,Pertalite,5.84,Customer,14,5.0,5,5,106400,#N/A,Jawa,BEKASI,MINI VAN BOX,Internal,JabodetabekBEKASIMINI VAN BOX,Dalam Kota,,,,2,REGULAR,4:13:00,515120,#N/A
260221C195,KLS,2/21/2026,CDELC,A8476VC,Bogor,Jabodetabek,Solar,12.4,Customer,2,10.4,11,2,84000,#N/A,Jawa,BOGOR,CDE LONG CHASSIS,Internal,JabodetabekBOGORCDE LONG CHASSIS,Dalam Kota,,,,2,REGULAR,5:24:00,515120,#N/A
260221C209,KLS,2/21/2026,CDELC,A8486VC,Jakarta Utara,Jabodetabek,Solar,18.2,Customer,4,8.0,8,1,218260,#N/A,Jawa,JAKARTA UTARA,CDE PICKUP,Internal,JabodetabekJAKARTA UTARACDE PICKUP,Dalam Kota,,,,2,REGULAR,6:17:00,515120,#N/A
260221C210,KLS,2/21/2026,CDELC,A8339ZS,Jakarta Utara,Jabodetabek,Solar,13.68,Customer,3,8.0,8,3,200000,723160,Jawa,JAKARTA UTARA,CDE PICKUP,Internal,JabodetabekJAKARTA UTARACDE PICKUP,Dalam Kota,,,,2,REGULAR,5:39:00,257560,265600
260221L019,KLS,2/21/2026,CDDLC,A8976XY,Bandung,Jawa Barat,Solar,30.48,Store,13,2.06,16,1,810500,1257027,Jawa,BANDUNG,CDD LONG CHASSIS,Internal,Jawa BaratBANDUNGCDD LONG CHASSIS,Luar Kota,,,,2,REGULAR,8:03:00,257560,188967
260221S003,KLS,2/21/2026,CDELC,A8020VC,Tangerang,Jabodetabek,Solar,20.59,Customer via Hub,22,11.0,11,7,226000,511700,Jawa,TANGERANG,CDE LONG CHASSIS,Internal,JabodetabekTANGERANGCDE LONG CHASSIS,Dalam Kota,,,,2,REGULAR,8:25:00,,285700
260221S001,KLS,2/21/2026,MVB,A8437ZH,Jakarta Barat,Jabodetabek,,,Customer via Hub,23,1.05,5,6,69500,180100,Jawa,JAKARTA BARAT,MINI VAN BOX,Internal,JabodetabekJAKARTA BARATMINI VAN BOX,Dalam Kota,,,,2,REGULAR,5:40:00,,110600
260221S005,KLS,2/21/2026,CDELC,A8481ZH,Jakarta Selatan,Jabodetabek,Solar,11.03,Customer via Hub,41,11.0,11,11,150000,371167,Jawa,JAKARTA SELATAN,CDE LONG CHASSIS,Internal,JabodetabekJAKARTA SELATANCDE LONG CHASSIS,Dalam Kota,,,,2,REGULAR,8:32:00,,221167
260221S004,KLS,2/21/2026,MVB,A8537ZF,Tangerang,Jabodetabek,Pertalite,8.6,Customer via Hub,25,5.0,5,7,166500,277100,Jawa,TANGERANG,MINI VAN BOX,Internal,JabodetabekTANGERANGMINI VAN BOX,Dalam Kota,,,,2,REGULAR,7:33:00,,110600
260221S007,KLS,2/21/2026,CDELC,A8717VB,Jakarta Utara,Jabodetabek,Solar,13.98,Customer via Hub,15,11.0,11,5,172064,457764,Jawa,JAKARTA UTARA,CDE LONG CHASSIS,Internal,JabodetabekJAKARTA UTARACDE LONG CHASSIS,Dalam Kota,,,,2,REGULAR,1:40:00,,285700
260221S006,KLS,2/21/2026,CDELC,A8757VB,Jakarta Pusat,Jabodetabek,,,Customer via Hub,25,11.0,11,13,,285700,Jawa,JAKARTA PUSAT,CDE LONG CHASSIS,Internal,JabodetabekJAKARTA PUSATCDE LONG CHASSIS,Dalam Kota,,,,2,REGULAR,50:54:00,,285700
260221S002,KLS,2/21/2026,CDELC,A8759VB,Cilegon,Banten,Solar,26.77,Customer via Hub,22,5.72,11,7,331036,616736,Jawa,CILEGON,CDE LONG CHASSIS,Internal,BantenCILEGONCDE LONG CHASSIS,Dalam Kota,,,,2,REGULAR,8:55:00,,285700
260223H002,KLS,2/23/2026,WINGBOX,B9068BEN,Jakarta Barat,Jabodetabek,Solar,32.23,HUB,100,42.0,42,2,301164,729588,Jawa,JAKARTA BARAT,WINGBOX,Internal,JabodetabekJAKARTA BARATWINGBOX,Dalam Kota,,,,2,REGULAR,-2:24:00,257560,170864
260223C029,KLS,2/23/2026,CDELC,A8503ZX,Bogor,Jabodetabek,Solar,21.99,Customer,12,8.0,8,5,212032,622059,Jawa,BOGOR,CDE,Internal,JabodetabekBOGORCDE,Dalam Kota,,,,2,REGULAR,9:03:00,257560,152467
260223C030,KLS,2/23/2026,CDDLC,A8961VB,Jakarta Utara,Jabodetabek,Solar,15.57,Customer,1,13.0,13,1,245376,1073129,Jawa,JAKARTA UTARA,CDD PICK UP,Internal,JabodetabekJAKARTA UTARACDD PICK UP,Dalam Kota,,,,2,REGULAR,7:12:00,515120,312633
260223C031,KLS,2/23/2026,CDELC,A8432ZS,Subang,Jawa Barat,Solar,24.86,Customer,8,4.79,11,5,376548,1148718,Jawa,SUBANG,CDE LONG CHASSIS,Internal,Jawa BaratSUBANGCDE LONG CHASSIS,DALAM KOTA,,,,2,REGULAR,8:25:00,515120,257050
260223C032,KLS,2/23/2026,MVB,A8504ZX,Purwakarta,Jawa Barat,Pertalite,12.51,Customer,14,3.47,5,9,179100,510760,Jawa,PURWAKARTA,MINI VAN BOX,Internal,Jawa BaratPURWAKARTAMINI VAN BOX,Dalam Kota,,,,2,REGULAR,10:18:00,257560,74100
260223C033,KLS,2/23/2026,CDELC,A8048ZX,Karawang Selatan,Jabodetabek,Solar,23.15,Customer,26,3.53,11,10,247920,915507,Jawa,KARAWANG SELATAN,CDE LONG CHASSIS,Internal,JabodetabekKARAWANG SELATANCDE LONG CHASSIS,Dalam Kota,,,,2,REGULAR,8:44:00,515120,152467
260223C034,KLS,2/23/2026,CDELC,A8476VC,Karawang Selatan,Jabodetabek,Solar,14.24,Customer,13,11.0,11,9,150832,#N/A,Jawa,KARAWANG SELATAN,CDE LONG CHASSIS,Internal,JabodetabekKARAWANG SELATANCDE LONG CHASSIS,Dalam Kota,,,,2,REGULAR,7:14:00,515120,#N/A
260223C035,KLS,2/23/2026,CDELC,A8505VC,Karawang Selatan,Jabodetabek,Solar,17.79,Customer,28,2.93,11,12,137472,#N/A,Jawa,KARAWANG SELATAN,CDE LONG CHASSIS,Internal,JabodetabekKARAWANG SELATANCDE LONG CHASSIS,Dalam Kota,,,,2,REGULAR,7:03:00,515120,#N/A
260223C036,KLS,2/23/2026,MVB,A8373VC,Depok,Jabodetabek,Pertalite,14.67,Customer,11,5.0,5,5,252700,#N/A,Jawa,DEPOK,MINI VAN BOX,Internal,JabodetabekDEPOKMINI VAN BOX,Dalam Kota,,,,2,REGULAR,6:40:00,515120,#N/A
260223C037,KLS,2/23/2026,CDELC,A8520VC,Bogor,Jabodetabek,Solar,15.09,Customer,11,6.85,11,7,189612,#N/A,Jawa,BOGOR,CDE LONG CHASSIS,Internal,JabodetabekBOGORCDE LONG CHASSIS,Dalam Kota,,,,2,REGULAR,7:50:00,515120,#N/A
260223C038,KLS,2/23/2026,CDELC,B9044BRO,Jakarta Utara,Jabodetabek,Solar,18.29,Customer,8,11.0,11,8,205372,891356,Jawa,JAKARTA UTARA,CDE LONG CHASSIS,Internal,JabodetabekJAKARTA UTARACDE LONG CHASSIS,Dalam Kota,,,,2,REGULAR,7:13:00,515120,170864
260223C039,KLS,2/23/2026,CDELC,A8159ZC,Bekasi,Jabodetabek,Solar,10.56,Customer,14,2.5,11,6,98808,796795,Jawa,BEKASI,CDE LONG CHASSIS,Internal,JabodetabekBEKASICDE LONG CHASSIS,Dalam Kota,,,,2,REGULAR,4:27:00,515120,182867
260223C040,KLS,2/23/2026,CDDLC,A8288YX,Bekasi,Jabodetabek,Solar,15.56,Customer,22,16.0,16,13,105808,809895,Jawa,BEKASI,CDD LONG CHASSIS,Internal,JabodetabekBEKASICDD LONG CHASSIS,Dalam Kota,,,,2,REGULAR,7:10:00,515120,188967
260223C042,KLS,2/23/2026,MVB,A8553VB,Jakarta Timur,Jabodetabek,Pertalite,10.11,Customer,5,5.0,5,6,120100,766620,Jawa,JAKARTA TIMUR,MINI VAN BOX,Internal,JabodetabekJAKARTA TIMURMINI VAN BOX,Dalam Kota,,,,2,REGULAR,3:37:00,515120,131400
260223C044,KLS,2/23/2026,MVB,B9642SCE,Bekasi,Jabodetabek,Pertalite,9.01,Customer,8,5.0,5,5,99600,449927,Jawa,BEKASI,MINI VAN BOX,Internal,JabodetabekBEKASIMINI VAN BOX,Dalam Kota,,,,2,REGULAR,6:32:00,257560,92767
260223C045,KLS,2/23/2026,MVB,A8983VB,Bekasi,Jabodetabek,Pertalite,9.2,Customer,5,5.0,5,4,132500,779020,Jawa,BEKASI,MINI VAN BOX,Internal,JabodetabekBEKASIMINI VAN BOX,Dalam Kota,,,,2,REGULAR,3:35:00,515120,131400
260223C046,KLS,2/23/2026,CDDLC,A8908XY,Bekasi,Jabodetabek,Solar,7.22,Customer,10,16.0,16,7,53096,736936,Jawa,BEKASI,CDD LONG CHASSIS,Internal,JabodetabekBEKASICDD LONG CHASSIS,Dalam Kota,,,,2,REGULAR,5:54:00,515120,168720
260223C047,KLS,2/23/2026,PICKUP,A8721ZV,Bekasi,Jabodetabek,Pertalite,12.06,Customer,16,3.0,3,7,160100,781053,Jawa,BEKASI,PICK UP,Internal,JabodetabekBEKASIPICK UP,Dalam Kota,,,,2,REGULAR,8:08:00,515120,105833
260223C052,KLS,2/23/2026,MVB,A8017VC,Jakarta Utara,Jabodetabek,Pertalite,14.81,Customer,6,5.0,5,6,208100,1008920,Jawa,JAKARTA UTARA,MINI VAN BOX,Internal,JabodetabekJAKARTA UTARAMINI VAN BOX,Dalam Kota,,,,2,REGULAR,9:26:00,515120,285700
260223C053,KLS,2/23/2026,MVB,B9320SCE,Bogor,Jabodetabek,Pertalite,18.59,Customer,6,5.0,5,6,363400,707100,Jawa,BOGOR,MINI VAN BOX,Internal,JabodetabekBOGORMINI VAN BOX,Dalam Kota,,,,2,REGULAR,9:54:00,257560,86140
260223C066,KLS,2/23/2026,CDELC,A8339ZS,Jakarta Barat,Jabodetabek,Solar,15.05,Customer,1,8.0,8,1,170340,693500,Jawa,JAKARTA BARAT,CDE PICKUP,Internal,JabodetabekJAKARTA BARATCDE PICKUP,Dalam Kota,,,,2,REGULAR,8:00:00,257560,265600
260223L012,KLS,2/23/2026,CDDLC,A8976XY,Cirebon,Jawa Barat,,,Store,32,8.07,16,1,786500,1233027,Jawa,CIREBON,CDD LONG CHASSIS,Internal,Jawa BaratCIREBONCDD LONG CHASSIS,Luar Kota,,,,2,REGULAR,16:53:00,257560,188967
260223C274,KLS,2/23/2026,MVB,A8304VC,Karawang Selatan,Jabodetabek,Pertalite,11.27,Customer,9,5.0,5,2,156200,#N/A,Jawa,KARAWANG SELATAN,MINI VAN BOX,Internal,JabodetabekKARAWANG SELATANMINI VAN BOX,Dalam Kota,,,,2,REGULAR,6:30:00,257560,#N/A
260223C291,KLS,2/23/2026,MVB,A8876ZX,Jakarta Utara,Jabodetabek,Pertalite,10.7,Customer,3,5.0,5,2,188500,508136,Jawa,JAKARTA UTARA,MINI VAN BOX,Internal,JabodetabekJAKARTA UTARAMINI VAN BOX,Dalam Kota,,,,2,REGULAR,7:25:00,257560,62076
260223S006,KLS,2/23/2026,CDELC,A8020VC,Tangerang,Jabodetabek,Solar,14.7,Customer via Hub,7,4.63,11,4,148460,434160,Jawa,TANGERANG,CDE LONG CHASSIS,Internal,JabodetabekTANGERANGCDE LONG CHASSIS,Dalam Kota,,,,2,REGULAR,6:37:00,,285700
260223S004,KLS,2/23/2026,MVB,A8437ZH,Tangerang,Jabodetabek,Pertalite,24.2,Customer via Hub,4,5.0,5,3,242,110842,Jawa,TANGERANG,MINI VAN BOX,Internal,JabodetabekTANGERANGMINI VAN BOX,Dalam Kota,,,,2,REGULAR,7:13:00,,110600
260223S001,KLS,2/23/2026,CDELC,A8481ZH,Jakarta Barat,Jabodetabek,Solar,7.79,Customer via Hub,9,1.65,11,2,68000,289167,Jawa,JAKARTA BARAT,CDE LONG CHASSIS,Internal,JabodetabekJAKARTA BARATCDE LONG CHASSIS,Dalam Kota,,,,2,REGULAR,8:19:00,,221167
260223S008,KLS,2/23/2026,MVB,A8542XB,Jakarta Selatan,Jabodetabek,Pertalite,9.3,Customer via Hub,6,5.0,5,3,166000,166000,Jawa,JAKARTA SELATAN,MINI VAN BOX,Internal,JabodetabekJAKARTA SELATANMINI VAN BOX,Dalam Kota,,,,2,REGULAR,6:53:00,,0
260223S011,KLS,2/23/2026,CDELC,A8717VB,Tangerang,Jabodetabek,Solar,13.48,Customer via Hub,35,2.11,11,5,91668,377368,Jawa,TANGERANG,CDE LONG CHASSIS,Internal,JabodetabekTANGERANGCDE LONG CHASSIS,Dalam Kota,,,,2,REGULAR,6:41:00,,285700
260223S009,KLS,2/23/2026,CDELC,A8721VB,Jakarta Selatan,Jabodetabek,Solar,8.1,Customer via Hub,6,11.0,11,4,94080,379780,Jawa,JAKARTA SELATAN,CDE LONG CHASSIS,Internal,JabodetabekJAKARTA SELATANCDE LONG CHASSIS,Dalam Kota,,,,2,REGULAR,6:35:00,,285700
260223S010,KLS,2/23/2026,CDELC,A8759VB,Jakarta Pusat,Jabodetabek,Solar,8.83,Customer via Hub,6,11.0,11,5,82544,368244,Jawa,JAKARTA PUSAT,CDE LONG CHASSIS,Internal,JabodetabekJAKARTA PUSATCDE LONG CHASSIS,Dalam Kota,,,,2,REGULAR,9:01:00,,285700
260223S003,KLS,2/23/2026,CDELC,A8801XZ,Serang,Banten,Solar,18.1,Customer via Hub,16,6.12,7,4,188580,339313,Jawa,SERANG,CDE PICK UP,Internal,BantenSERANGCDE PICK UP,Dalam Kota,,,,2,REGULAR,-12:53:00,,150733
260223S002,KLS,2/23/2026,CDELC,A8910VB,Cilegon,Banten,Solar,6857.93,Customer via Hub,13,2.03,11,4,326164,611864,Jawa,CILEGON,CDE LONG CHASSIS,Internal,BantenCILEGONCDE LONG CHASSIS,Dalam Kota,,,,2,REGULAR,10:09:00,,285700
260223S005,KLS,2/23/2026,CDELC,A8912VB,Tangerang,Jabodetabek,Solar,18.39,Customer via Hub,17,2.06,11,4,175052,440345,Jawa,TANGERANG,CDE LONG CHASSIS,Internal,JabodetabekTANGERANGCDE LONG CHASSIS,Dalam Kota,,,,2,REGULAR,11:49:00,,265293
260224H001,KLS,2/24/2026,WINGBOX,B9070BEN,Jakarta Barat,Jabodetabek,Solar,32.93,HUB,255,42.0,42,3,301924,730348,Jawa,JAKARTA BARAT,WINGBOX,Internal,JabodetabekJAKARTA BARATWINGBOX,Dalam Kota,,,,2,REGULAR,1:18:00,257560,170864
260224C001,KLS,2/24/2026,CDDLC,A8961VB,Karawang Selatan,Jabodetabek,Solar,13.04,Customer,21,13.0,13,4,168672,996425,Jawa,KARAWANG SELATAN,CDD PICK UP,Internal,JabodetabekKARAWANG SELATANCDD PICK UP,Dalam Kota,,,,2,REGULAR,8:11:00,515120,312633
260224C002,KLS,2/24/2026,CDELC,A8159ZC,Bekasi,Jabodetabek,Solar,9.22,Customer,20,2.63,11,9,91696,789683,Jawa,BEKASI,CDE LONG CHASSIS,Internal,JabodetabekBEKASICDE LONG CHASSIS,Dalam Kota,,,,2,REGULAR,7:12:00,515120,182867
260224C003,KLS,2/24/2026,CDELC,A8486VC,Jakarta Utara,Jabodetabek,Solar,14.92,Customer,5,8.0,8,1,218456,#N/A,Jawa,JAKARTA UTARA,CDE PICKUP,Internal,JabodetabekJAKARTA UTARACDE PICKUP,Dalam Kota,,,,2,REGULAR,5:28:00,257560,#N/A
260224C004,KLS,2/24/2026,MVB,A8504ZX,Purwakarta,Jawa Barat,Pertalite,15.39,Customer,12,5.0,5,5,289300,620960,Jawa,PURWAKARTA,MINI VAN BOX,Internal,Jawa BaratPURWAKARTAMINI VAN BOX,Dalam Kota,,,,2,REGULAR,8:42:00,257560,74100
260224C005,KLS,2/24/2026,CDELC,A8048ZX,Purwakarta,Jawa Barat,Solar,16.58,Customer,33,6.56,11,8,176244,586271,Jawa,PURWAKARTA,CDE LONG CHASSIS,Internal,Jawa BaratPURWAKARTACDE LONG CHASSIS,Dalam Kota,,,,2,REGULAR,8:19:00,257560,152467
260224C006,KLS,2/24/2026,CDELC,A8432ZS,Bogor,Jabodetabek,Solar,26.22,Customer,26,4.72,11,10,239296,753906,Jawa,BOGOR,CDE LONG CHASSIS,Internal,JabodetabekBOGORCDE LONG CHASSIS,Dalam Kota,,,,2,REGULAR,12:47:00,257560,257050
260224C007,KLS,2/24/2026,MVB,B9320SCE,Karawang Selatan,Jabodetabek,Pertalite,12.34,Customer,6,5.0,5,5,171900,515600,Jawa,KARAWANG SELATAN,MINI VAN BOX,Internal,JabodetabekKARAWANG SELATANMINI VAN BOX,Dalam Kota,,,,2,REGULAR,8:48:00,257560,86140
260224C008,KLS,2/24/2026,CDELC,A8098ZH,Karawang Selatan,Jabodetabek,Solar,21.55,Customer,18,11.0,11,12,179540,915827,Jawa,KARAWANG SELATAN,CDE LONG CHASSIS,Internal,JabodetabekKARAWANG SELATANCDE LONG CHASSIS,Dalam Kota,,,,2,REGULAR,8:35:00,515120,221167
260224C009,KLS,2/24/2026,CDDLC,A8288YX,Bekasi,Jabodetabek,Solar,15.82,Customer,13,5.72,16,11,107576,811663,Jawa,BEKASI,CDD LONG CHASSIS,Internal,JabodetabekBEKASICDD LONG CHASSIS,Dalam Kota,,,,2,REGULAR,6:54:00,515120,188967
260224C010,KLS,2/24/2026,MVB,B9642SCE,Bogor,Jabodetabek,Pertalite,21.35,Customer,10,5.0,5,6,329500,679827,Jawa,BOGOR,MINI VAN BOX,Internal,JabodetabekBOGORMINI VAN BOX,Dalam Kota,,,,2,REGULAR,9:59:00,257560,92767
260224C011,KLS,2/24/2026,MVB,A8553VB,Jakarta Timur,Jabodetabek,Pertalite,11.36,Customer,14,2.0,5,9,170600,559560,Jawa,JAKARTA TIMUR,MINI VAN BOX,Internal,JabodetabekJAKARTA TIMURMINI VAN BOX,Dalam Kota,,,,2,REGULAR,7:28:00,257560,131400
260224C012,KLS,2/24/2026,CDDLC,B9190SDB,Jakarta Utara,Jabodetabek,Solar,22.07,Customer,20,4.59,13,6,268576,979929,Jawa,JAKARTA UTARA,CDD PICK UP,Internal,JabodetabekJAKARTA UTARACDD PICK UP,Dalam Kota,,,,2,REGULAR,7:26:00,515120,196233
260224C013,KLS,2/24/2026,MVB,A8017VC,Jakarta Utara,Jabodetabek,Pertalite,10.76,Customer,2,5.0,5,2,169600,712860,Jawa,JAKARTA UTARA,MINI VAN BOX,Internal,JabodetabekJAKARTA UTARAMINI VAN BOX,Dalam Kota,,,,2,REGULAR,7:11:00,257560,285700
260224C014,KLS,2/24/2026,MVB,A8304VC,Bekasi,Jabodetabek,Pertalite,11.96,Customer,18,5.0,5,9,164100,#N/A,Jawa,BEKASI,MINI VAN BOX,Internal,JabodetabekBEKASIMINI VAN BOX,Dalam Kota,,,,2,REGULAR,7:48:00,515120,#N/A
260224C015,KLS,2/24/2026,MVB,A8373VC,Depok,Jabodetabek,Pertalite,15.67,Customer,28,2.95,5,9,265200,#N/A,Jawa,DEPOK,MINI VAN BOX,Internal,JabodetabekDEPOKMINI VAN BOX,Dalam Kota,,,,2,REGULAR,7:55:00,257560,#N/A
260224C016,KLS,2/24/2026,MVB,A8876ZX,Jakarta Timur,Jabodetabek,Pertalite,8.71,Customer,12,5.0,5,7,145100,464736,Jawa,JAKARTA TIMUR,MINI VAN BOX,Internal,JabodetabekJAKARTA TIMURMINI VAN BOX,Dalam Kota,,,,2,REGULAR,7:16:00,257560,62076
260224C017,KLS,2/24/2026,PICKUP,A8721ZV,Bogor,Jabodetabek,Pertalite,11.55,Customer,19,3.0,3,8,183000,546393,Jawa,BOGOR,PICK UP,Internal,JabodetabekBOGORPICK UP,Dalam Kota,,,,2,REGULAR,8:17:00,257560,105833
260224C018,KLS,2/24/2026,CDELC,A8520VC,Bekasi,Jabodetabek,Solar,13.07,Customer,13,11.0,11,9,152876,#N/A,Jawa,BEKASI,CDE LONG CHASSIS,Internal,JabodetabekBEKASICDE LONG CHASSIS,Dalam Kota,,,,2,REGULAR,7:29:00,515120,#N/A
260224C019,KLS,2/24/2026,CDDLC,A8976XY,Bekasi,Jabodetabek,Solar,11.51,Customer,31,8.23,16,13,82268,786355,Jawa,BEKASI,CDD LONG CHASSIS,Internal,JabodetabekBEKASICDD LONG CHASSIS,Dalam Kota,,,,2,REGULAR,9:33:00,515120,188967
260224C048,KLS,2/24/2026,MOTOR,B5709BLU,Bekasi,Jabodetabek,Pertalite,1.63,Customer,6,0.14,0.14,6,16300,273890,Jawa,BEKASI,MOTOR BOX,Internal,JabodetabekBEKASIMOTOR BOX,Dalam Kota,,,,2,REGULAR,6:53:00,257560,30
260224C224,KLS,2/24/2026,CDELC,A8002XW,Bekasi,Jabodetabek,Solar,9.57,Customer,3,6.45,11,1,103076,436869,Jawa,BEKASI,CDE LONG CHASSIS,Internal,JabodetabekBEKASICDE LONG CHASSIS,Dalam Kota,,,,2,REGULAR,6:39:00,257560,76233
260224C246,KLS,2/24/2026,CDELC,A8339ZS,Jakarta Barat,Jabodetabek,Solar,18.65,Customer,2,8.0,8,1,293820,816980,Jawa,JAKARTA BARAT,CDE PICKUP,Internal,JabodetabekJAKARTA BARATCDE PICKUP,Dalam Kota,,,,2,REGULAR,6:36:00,257560,265600
260224C265,KLS,2/24/2026,CDELC,A8503ZX,Bekasi,Jabodetabek,Solar,9.33,Customer,9,4.52,8,5,63444,731031,Jawa,BEKASI,CDE,Internal,JabodetabekBEKASICDE,Dalam Kota,,,,2,REGULAR,6:47:00,515120,152467
260224C275,KLS,2/24/2026,CDELC,A8476VC,Jakarta Barat,Jabodetabek,Solar,13.85,Customer,1,11.0,11,1,152180,#N/A,Jawa,JAKARTA BARAT,CDE LONG CHASSIS,Internal,JabodetabekJAKARTA BARATCDE LONG CHASSIS,Dalam Kota,,,,2,REGULAR,1:05:00,257560,#N/A
260224C279,KLS,2/24/2026,CDELC,A8476VC,Bekasi,Jabodetabek,Solar,16.34,Customer,5,11.0,11,4,144112,#N/A,Jawa,BEKASI,CDE LONG CHASSIS,Internal,JabodetabekBEKASICDE LONG CHASSIS,Dalam Kota,,,,2,REGULAR,6:37:00,515120,#N/A
260224L012,KLS,2/24/2026,MVB,A8983VB,Sukabumi,Jawa Barat,Pertalite,20.57,Store,1,5.0,5,1,382200,771160,Jawa,SUKABUMI,MINI VAN BOX,Internal,Jawa BaratSUKABUMIMINI VAN BOX,Luar Kota,,,,2,REGULAR,9:58:00,257560,131400
260224X043,KLS,2/24/2026,CDELC,A8505VC,Serang,Banten,Solar,19.68,Other Delivery,1,11.0,11,1,228824,#N/A,Jawa,SERANG,CDE LONG CHASSIS,Internal,BantenSERANGCDE LONG CHASSIS,Dalam Kota,,,,2,REGULAR,7:01:00,257560,#N/A
260224L011,KLS,2/24/2026,CDDLC,A8908XY,Bandung,Jawa Barat,,,Store,1,13.0,16,1,811000,1237280,Jawa,BANDUNG,CDD LONG CHASSIS,Internal,Jawa BaratBANDUNGCDD LONG CHASSIS,Luar Kota,,,,2,REGULAR,7:22:00,257560,168720
260224X048,KLS,2/24/2026,WINGBOX,B9068BEN,Tangerang,Jabodetabek,Solar,34.59,Other Delivery,1,42.0,42,1,478212,1164196,Jawa,TANGERANG,WINGBOX,Internal,JabodetabekTANGERANGWINGBOX,Dalam Kota,,,,2,REGULAR,8:38:00,515120,170864
260224C302,KLS,2/24/2026,CDELC,A8002XW,Karawang Selatan,Jabodetabek,Solar,7.42,Customer,1,11.0,11,1,83456,417249,Jawa,KARAWANG SELATAN,CDE LONG CHASSIS,Internal,JabodetabekKARAWANG SELATANCDE LONG CHASSIS,Dalam Kota,,,,2,REGULAR,3:01:00,257560,76233
260224S009,KLS,2/24/2026,CDELC,A8020VC,Jakarta Utara,Jabodetabek,Solar,14.71,Customer via Hub,20,2.99,11,6,154000,439700,Jawa,JAKARTA UTARA,CDE LONG CHASSIS,Internal,JabodetabekJAKARTA UTARACDE LONG CHASSIS,Dalam Kota,,,,2,REGULAR,-11:16:00,,285700
260224S006,KLS,2/24/2026,MVB,A8437ZH,Tangerang,Jabodetabek,Pertalite,9.5,Customer via Hub,17,1.36,5,7,107,110707,Jawa,TANGERANG,MINI VAN BOX,Internal,JabodetabekTANGERANGMINI VAN BOX,Dalam Kota,,,,2,REGULAR,8:11:00,,110600
260224S001,KLS,2/24/2026,CDELC,A8481ZH,Cilegon,Banten,Solar,26.03,Customer via Hub,35,9.6,11,6,298504,519671,Jawa,CILEGON,CDE LONG CHASSIS,Internal,BantenCILEGONCDE LONG CHASSIS,Dalam Kota,,,,2,REGULAR,11:08:00,,221167
260224S013,KLS,2/24/2026,MVB,A8537ZF,Jakarta Barat,Jabodetabek,Pertalite,12.45,Customer via Hub,12,5.0,5,2,215500,326100,Jawa,JAKARTA BARAT,MINI VAN BOX,Internal,JabodetabekJAKARTA BARATMINI VAN BOX,Dalam Kota,,,,2,REGULAR,7:40:00,,110600
260224S007,KLS,2/24/2026,MVB,A8542XB,Jakarta Selatan,Jabodetabek,Pertalite,10.25,Customer via Hub,25,1.44,5,8,184000,184000,Jawa,JAKARTA SELATAN,MINI VAN BOX,Internal,JabodetabekJAKARTA SELATANMINI VAN BOX,Dalam Kota,,,,2,REGULAR,8:48:00,,0
260224S008,KLS,2/24/2026,CDELC,A8717VB,Tangerang,Jabodetabek,Solar,19.83,Customer via Hub,17,2.26,11,8,134844,420544,Jawa,TANGERANG,CDE LONG CHASSIS,Internal,JabodetabekTANGERANGCDE LONG CHASSIS,Dalam Kota,,,,2,REGULAR,10:53:00,,285700
260224S004,KLS,2/24/2026,CDELC,A8721VB,Tangerang,Jabodetabek,,,Customer via Hub,28,6.26,11,5,66000,351700,Jawa,TANGERANG,CDE LONG CHASSIS,Internal,JabodetabekTANGERANGCDE LONG CHASSIS,Dalam Kota,,,,2,REGULAR,-11:29:00,,285700
260224S005,KLS,2/24/2026,CDELC,A8759VB,Tangerang,Jabodetabek,Solar,15.19,Customer via Hub,28,4.54,11,7,103292,388992,Jawa,TANGERANG,CDE LONG CHASSIS,Internal,JabodetabekTANGERANGCDE LONG CHASSIS,Dalam Kota,,,,2,REGULAR,7:51:00,,285700
260224S002,KLS,2/24/2026,CDELC,A8801XZ,Serang,Banten,Solar,17.65,Customer via Hub,24,7.0,7,6,183520,334253,Jawa,SERANG,CDE PICK UP,Internal,BantenSERANGCDE PICK UP,Dalam Kota,,,,2,REGULAR,9:09:00,,150733
260224S010,KLS,2/24/2026,CDELC,A8910VB,Jakarta Selatan,Jabodetabek,Solar,15.21,Customer via Hub,32,3.13,11,11,148428,434128,Jawa,JAKARTA SELATAN,CDE LONG CHASSIS,Internal,JabodetabekJAKARTA SELATANCDE LONG CHASSIS,Dalam Kota,,,,2,REGULAR,8:52:00,,285700
260224S011,KLS,2/24/2026,CDELC,A8912VB,Jakarta Pusat,Jabodetabek,Solar,15.15,Customer via Hub,29,7.21,11,10,231020,496313,Jawa,JAKARTA PUSAT,CDE LONG CHASSIS,Internal,JabodetabekJAKARTA PUSATCDE LONG CHASSIS,Dalam Kota,,,,2,REGULAR,10:28:00,,265293
260225C004,KLS,2/25/2026,CDELC,A8002XW,Jakarta Timur,Jabodetabek,Solar,13.86,Customer,8,11.0,11,7,140248,807835,Jawa,JAKARTA TIMUR,CDE LONG CHASSIS,Internal,JabodetabekJAKARTA TIMURCDE LONG CHASSIS,Dalam Kota,,,,2,REGULAR,7:40:00,515120,152467
260225C005,KLS,2/25/2026,CDDLC,B9190SDB,Bekasi,Jabodetabek,Solar,19.43,Customer,18,7.12,13,14,159124,870477,Jawa,BEKASI,CDD PICK UP,Internal,JabodetabekBEKASICDD PICK UP,Dalam Kota,,,,2,REGULAR,8:57:00,515120,196233
260225H001,KLS,2/25/2026,WINGBOX,B9070BEN,Jakarta Barat,Jabodetabek,Solar,28.64,HUB,183,42.0,42,4,276752,705176,Jawa,JAKARTA BARAT,WINGBOX,Internal,JabodetabekJAKARTA BARATWINGBOX,Dalam Kota,,,,2,REGULAR,1:50:00,257560,170864
260225C011,KLS,2/25/2026,CDELC,A8098ZH,Purwakarta,Jawa Barat,Solar,17.7,Customer,21,4.71,11,7,208860,687587,Jawa,PURWAKARTA,CDE LONG CHASSIS,Internal,Jawa BaratPURWAKARTACDE LONG CHASSIS,Dalam Kota,,,,2,REGULAR,8:55:00,257560,221167
260225C012,KLS,2/25/2026,MVB,A8304VC,Bogor,Jabodetabek,Pertalite,17.21,Customer,10,2.63,5,7,230600,#N/A,Jawa,BOGOR,MINI VAN BOX,Internal,JabodetabekBOGORMINI VAN BOX,Dalam Kota,,,,2,REGULAR,7:47:00,515120,#N/A
260225C013,KLS,2/25/2026,CDELC,A8505VC,Karawang Selatan,Jabodetabek,Solar,19.74,Customer,18,2.54,11,10,156732,#N/A,Jawa,KARAWANG SELATAN,CDE LONG CHASSIS,Internal,JabodetabekKARAWANG SELATANCDE LONG CHASSIS,Dalam Kota,,,,2,REGULAR,7:55:00,515120,#N/A
260225C016,KLS,2/25/2026,MVB,B9320SCE,Bogor,Jabodetabek,Pertalite,13.63,Customer,16,2.54,5,13,202300,803560,Jawa,BOGOR,MINI VAN BOX,Internal,JabodetabekBOGORMINI VAN BOX,Dalam Kota,,,,2,REGULAR,14:55:00,515120,86140
260225C023,KLS,2/25/2026,CDELC,A8520VC,Bekasi,Jabodetabek,Solar,11.49,Customer,22,4.78,11,8,127132,#N/A,Jawa,BEKASI,CDE LONG CHASSIS,Internal,JabodetabekBEKASICDE LONG CHASSIS,Dalam Kota,,,,2,REGULAR,8:01:00,257560,#N/A
260225C028,KLS,2/25/2026,CDDLC,A8288YX,Bekasi,Jabodetabek,Solar,11.42,Customer,12,2.96,16,8,77656,781743,Jawa,BEKASI,CDD LONG CHASSIS,Internal,JabodetabekBEKASICDD LONG CHASSIS,Dalam Kota,,,,2,REGULAR,6:59:00,515120,188967
260225C032,KLS,2/25/2026,MVB,A8504ZX,Purwakarta,Jawa Barat,Pertalite,14.11,Customer,14,5.0,5,6,226100,557760,Jawa,PURWAKARTA,MINI VAN BOX,Internal,Jawa BaratPURWAKARTAMINI VAN BOX,Dalam Kota,,,,2,REGULAR,10:01:00,257560,74100
260225C037,KLS,2/25/2026,CDELC,B9044BRO,Jakarta Utara,Jabodetabek,Solar,16.1,Customer,12,2.64,11,9,196480,882464,Jawa,JAKARTA UTARA,CDE LONG CHASSIS,Internal,JabodetabekJAKARTA UTARACDE LONG CHASSIS,Dalam Kota,,,,2,REGULAR,22:18:00,515120,170864
260225C038,KLS,2/25/2026,CDELC,A8486VC,Jakarta Utara,Jabodetabek,Solar,16,Customer,16,2.57,8,12,266300,#N/A,Jawa,JAKARTA UTARA,CDE PICKUP,Internal,JabodetabekJAKARTA UTARACDE PICKUP,Dalam Kota,,,,2,REGULAR,8:24:00,515120,#N/A
260225C039,KLS,2/25/2026,CDELC,A8159ZC,Jakarta Timur,Jabodetabek,Solar,16.79,Customer,9,11.0,11,8,183172,881159,Jawa,JAKARTA TIMUR,CDE LONG CHASSIS,Internal,JabodetabekJAKARTA TIMURCDE LONG CHASSIS,Dalam Kota,,,,2,REGULAR,8:51:00,515120,182867
260225C040,KLS,2/25/2026,PICKUP,A8721ZV,Bekasi,Jabodetabek,Pertalite,4.56,Customer,10,2.19,3,7,45600,666553,Jawa,BEKASI,PICK UP,Internal,JabodetabekBEKASIPICK UP,Dalam Kota,,,,2,REGULAR,4:00:00,515120,105833
260225C101,KLS,2/25/2026,MVB,B9642SCE,Bogor,Jabodetabek,Pertalite,15.67,Customer,4,5.0,5,4,206700,557027,Jawa,BOGOR,MINI VAN BOX,Internal,JabodetabekBOGORMINI VAN BOX,Dalam Kota,,,,2,REGULAR,6:48:00,257560,92767
260225C103,KLS,2/25/2026,MVB,A8373VC,Depok,Jabodetabek,Pertalite,14.41,Customer,22,5.0,5,12,251100,#N/A,Jawa,DEPOK,MINI VAN BOX,Internal,JabodetabekDEPOKMINI VAN BOX,Dalam Kota,,,,2,REGULAR,8:55:00,257560,#N/A
260225C104,KLS,2/25/2026,CDELC,A8339ZS,Jakarta Utara,Jabodetabek,Solar,16.76,Customer,3,2.45,8,3,291968,815128,Jawa,JAKARTA UTARA,CDE PICKUP,Internal,JabodetabekJAKARTA UTARACDE PICKUP,Dalam Kota,,,,2,REGULAR,7:30:00,257560,265600
260225C105,KLS,2/25/2026,CDELC,A8048ZX,Bekasi,Jabodetabek,Solar,13.92,Customer,14,11.0,11,9,159656,827243,Jawa,BEKASI,CDE LONG CHASSIS,Internal,JabodetabekBEKASICDE LONG CHASSIS,Dalam Kota,,,,2,REGULAR,7:35:00,515120,152467
260225C107,KLS,2/25/2026,MOTOR,B5709BLU,Bekasi,Jabodetabek,Pertalite,1.3,Customer,12,0.14,0.14,9,13000,270590,Jawa,BEKASI,MOTOR BOX,Internal,JabodetabekBEKASIMOTOR BOX,Dalam Kota,,,,2,REGULAR,7:26:00,257560,30
260225C112,KLS,2/25/2026,CDELC,B9899BXA..,Jakarta Barat,Jabodetabek,,,Customer,37,11.0,11,2,,257560,Jawa,JAKARTA BARAT,CDE LONG CHASSIS,Internal,JabodetabekJAKARTA BARATCDE LONG CHASSIS,Dalam Kota,,,,2,REGULAR,-1105883:59:00,257560,0
260225C213,KLS,2/25/2026,CDELC,A8476VC,Karawang Selatan,Jabodetabek,Solar,11.68,Customer,8,11.0,11,4,133424,#N/A,Jawa,KARAWANG SELATAN,CDE LONG CHASSIS,Internal,JabodetabekKARAWANG SELATANCDE LONG CHASSIS,Dalam Kota,,,,2,REGULAR,6:08:00,257560,#N/A
260225C216,KLS,2/25/2026,CDELC,A8503ZX,Jakarta Barat,Jabodetabek,Solar,15.39,Customer,1,8.0,8,1,161152,828739,Jawa,JAKARTA BARAT,CDE,Internal,JabodetabekJAKARTA BARATCDE,Dalam Kota,,,,2,REGULAR,7:38:00,515120,152467
260225C241,KLS,2/25/2026,CDDLC,A8961VB,Bekasi,Jabodetabek,Solar,12.09,Customer,6,13.0,13,1,82212,909965,Jawa,BEKASI,CDD PICK UP,Internal,JabodetabekBEKASICDD PICK UP,Dalam Kota,,,,2,REGULAR,3:34:00,515120,312633
260225C242,KLS,2/25/2026,CDELC,A8371WX,Karawang Selatan,Jabodetabek,Solar,10.56,Customer,1,8.0,8,1,125308,538668,Jawa,KARAWANG SELATAN,CDE,Internal,JabodetabekKARAWANG SELATANCDE,Dalam Kota,,,,2,REGULAR,4:26:00,257560,155800
260225C244,KLS,2/25/2026,CDELC,A8432ZS,Bekasi,Jabodetabek,Solar,29.32,Customer,20,3.96,11,2,511876,1284046,Jawa,BEKASI,CDE LONG CHASSIS,Internal,JabodetabekBEKASICDE LONG CHASSIS,Dalam Kota,,,,2,REGULAR,12:06:00,515120,257050
260225C252,KLS,2/25/2026,CDELC,A8145ZH,Jakarta Barat,Jabodetabek,Solar,13.18,Customer,16,9.53,11,2,140624,619351,Jawa,JAKARTA BARAT,CDE LONG CHASSIS,Internal,JabodetabekJAKARTA BARATCDE LONG CHASSIS,Dalam Kota,,,,2,REGULAR,6:00:00,257560,221167
260225X053,KLS,2/25/2026,MVB,A8876ZX,Serang,Banten,Pertalite,14.06,Other Delivery,1,5.0,5,1,238600,558236,Jawa,SERANG,MINI VAN BOX,Internal,BantenSERANGMINI VAN BOX,Dalam Kota,,,,2,REGULAR,6:21:00,257560,62076
260225C257,KLS,2/25/2026,MVB,A8553VB,Tangerang,Jabodetabek,Pertalite,20.84,Customer,1,5.0,5,1,341900,730860,Jawa,TANGERANG,MINI VAN BOX,Internal,JabodetabekTANGERANGMINI VAN BOX,Dalam Kota,,,,2,REGULAR,6:24:00,257560,131400
260225C263,KLS,2/25/2026,MVB,A8983VB,Jakarta Selatan,Jabodetabek,Pertalite,10.44,Customer,1,5.0,5,1,155400,544360,Jawa,JAKARTA SELATAN,MINI VAN BOX,Internal,JabodetabekJAKARTA SELATANMINI VAN BOX,Dalam Kota,,,,2,REGULAR,5:27:00,257560,131400
260225C266,KLS,2/25/2026,MVB,A8017VC,Karawang Selatan,Jabodetabek,Pertalite,10.4,Customer,1,5.0,5,1,147500,948320,Jawa,KARAWANG SELATAN,MINI VAN BOX,Internal,JabodetabekKARAWANG SELATANMINI VAN BOX,Dalam Kota,,,,2,REGULAR,-4:56:00,515120,285700
260225S008,KLS,2/25/2026,CDELC,A8020VC,Tangerang,Jabodetabek,Solar,16.91,Customer via Hub,21,11.0,11,6,184988,470688,Jawa,TANGERANG,CDE LONG CHASSIS,Internal,JabodetabekTANGERANGCDE LONG CHASSIS,Dalam Kota,,,,2,REGULAR,10:05:00,,285700
260225S002,KLS,2/25/2026,CDELC,A8481ZH,Jakarta Barat,Jabodetabek,Solar,11.03,Customer via Hub,19,3.39,11,7,176500,397667,Jawa,JAKARTA BARAT,CDE LONG CHASSIS,Internal,JabodetabekJAKARTA BARATCDE LONG CHASSIS,Dalam Kota,,,,2,REGULAR,8:57:00,,221167
260225S009,KLS,2/25/2026,MVB,A8537ZF,Tangerang,Jabodetabek,Pertalite,12.45,Customer via Hub,19,1.5,5,9,193000,303600,Jawa,TANGERANG,MINI VAN BOX,Internal,JabodetabekTANGERANGMINI VAN BOX,Dalam Kota,,,,2,REGULAR,9:34:00,,110600
260225S010,KLS,2/25/2026,MVB,A8542XB,Jakarta Selatan,Jabodetabek,Pertalite,9,Customer via Hub,17,1.86,5,8,147000,147000,Jawa,JAKARTA SELATAN,MINI VAN BOX,Internal,JabodetabekJAKARTA SELATANMINI VAN BOX,Dalam Kota,,,,2,REGULAR,9:06:00,,0
260225S013,KLS,2/25/2026,CDELC,A8717VB,Jakarta Utara,Jabodetabek,Solar,14.86,Customer via Hub,24,11.0,11,6,101048,386748,Jawa,JAKARTA UTARA,CDE LONG CHASSIS,Internal,JabodetabekJAKARTA UTARACDE LONG CHASSIS,Dalam Kota,,,,2,REGULAR,9:14:00,,285700
260225S011,KLS,2/25/2026,CDELC,A8721VB,Jakarta Selatan,Jabodetabek,Solar,12.92,Customer via Hub,18,2.43,11,10,137856,423556,Jawa,JAKARTA SELATAN,CDE LONG CHASSIS,Internal,JabodetabekJAKARTA SELATANCDE LONG CHASSIS,Dalam Kota,,,,2,REGULAR,8:25:00,,285700
260225S007,KLS,2/25/2026,CDELC,A8757VB,Tangerang,Jabodetabek,Solar,20.15,Customer via Hub,12,4.6,11,5,171020,456720,Jawa,TANGERANG,CDE LONG CHASSIS,Internal,JabodetabekTANGERANGCDE LONG CHASSIS,Dalam Kota,,,,2,REGULAR,10:17:00,,285700
260225S012,KLS,2/25/2026,CDELC,A8759VB,Jakarta Pusat,Jabodetabek,Solar,16.61,Customer via Hub,19,2.88,11,6,112928,398628,Jawa,JAKARTA PUSAT,CDE LONG CHASSIS,Internal,JabodetabekJAKARTA PUSATCDE LONG CHASSIS,Dalam Kota,,,,2,REGULAR,12:41:00,,285700
260225S005,KLS,2/25/2026,CDELC,A8801XZ,Tangerang,Jabodetabek,Solar,18.4,Customer via Hub,14,2.45,7,4,206120,356853,Jawa,TANGERANG,CDE PICK UP,Internal,JabodetabekTANGERANGCDE PICK UP,Dalam Kota,,,,2,REGULAR,10:35:00,,150733
260225S003,KLS,2/25/2026,CDELC,A8910VB,Cilegon,Banten,Solar,6930.77,Customer via Hub,19,2.46,11,6,302700,588400,Jawa,CILEGON,CDE LONG CHASSIS,Internal,BantenCILEGONCDE LONG CHASSIS,Dalam Kota,,,,2,REGULAR,8:35:00,,285700
260225S006,KLS,2/25/2026,CDELC,A8912VB,Tangerang,Jabodetabek,,,Customer via Hub,14,2.94,11,5,353500,618793,Jawa,TANGERANG,CDE LONG CHASSIS,Internal,JabodetabekTANGERANGCDE LONG CHASSIS,Dalam Kota,,,,2,REGULAR,10:47:00,,265293
260226C003,KLS,2/26/2026,MVB,A8017VC,Jakarta Utara,Jabodetabek,Pertalite,11.16,Customer,9,5.0,5,7,164600,707860,Jawa,JAKARTA UTARA,MINI VAN BOX,Internal,JabodetabekJAKARTA UTARAMINI VAN BOX,Dalam Kota,,,,2,REGULAR,7:58:00,257560,285700
260226H005,KLS,2/26/2026,WINGBOX,B9070BEN,Jakarta Barat,Jabodetabek,Solar,29.51,HUB,183,42.0,42,1,282668,625660,Jawa,JAKARTA BARAT,WINGBOX,Internal,JabodetabekJAKARTA BARATWINGBOX,Dalam Kota,,,,2,REGULAR,4:47:00,257560,85432
260226C004,KLS,2/26/2026,MVB,A8553VB,Jakarta Timur,Jabodetabek,Pertalite,11.2,Customer,4,5.0,5,5,167000,555960,Jawa,JAKARTA TIMUR,MINI VAN BOX,Internal,JabodetabekJAKARTA TIMURMINI VAN BOX,Dalam Kota,,,,2,REGULAR,7:51:00,257560,131400
260226C005,KLS,2/26/2026,MVB,A8983VB,Bekasi,Jabodetabek,Pertalite,10.1,Customer,7,5.0,5,6,163500,552460,Jawa,BEKASI,MINI VAN BOX,Internal,JabodetabekBEKASIMINI VAN BOX,Dalam Kota,,,,2,REGULAR,9:39:00,257560,131400
260226C006,KLS,2/26/2026,CDELC,A8048ZX,Purwakarta,Jawa Barat,Solar,30.12,Customer,25,6.87,11,10,498816,1166403,Jawa,PURWAKARTA,CDE LONG CHASSIS,Internal,Jawa BaratPURWAKARTACDE LONG CHASSIS,Dalam Kota,,,,2,REGULAR,11:08:00,515120,152467
260226C007,KLS,2/26/2026,MVB,A8504ZX,Karawang Selatan,Jabodetabek,Pertalite,9.06,Customer,6,5.0,5,5,144600,476260,Jawa,KARAWANG SELATAN,MINI VAN BOX,Internal,JabodetabekKARAWANG SELATANMINI VAN BOX,Dalam Kota,,,,2,REGULAR,7:46:00,257560,74100
260226C008,KLS,2/26/2026,CDELC,A8505VC,Karawang Selatan,Jabodetabek,Solar,14.97,Customer,16,11.0,11,10,134796,#N/A,Jawa,KARAWANG SELATAN,CDE LONG CHASSIS,Internal,JabodetabekKARAWANG SELATANCDE LONG CHASSIS,Dalam Kota,,,,2,REGULAR,6:00:00,515120,#N/A
260226C009,KLS,2/26/2026,CDELC,A8503ZX,Bekasi,Jabodetabek,Solar,10.91,Customer,13,2.59,8,10,74188,741775,Jawa,BEKASI,CDE,Internal,JabodetabekBEKASICDE,Dalam Kota,,,,2,REGULAR,4:09:00,515120,152467
260226C010,KLS,2/26/2026,CDELC,A8476VC,Bekasi,Jabodetabek,Solar,10.88,Customer,17,5.45,11,8,84120,#N/A,Jawa,BEKASI,CDE LONG CHASSIS,Internal,JabodetabekBEKASICDE LONG CHASSIS,Dalam Kota,,,,2,REGULAR,6:30:00,515120,#N/A
260226C011,KLS,2/26/2026,CDELC,A8159ZC,Bekasi,Jabodetabek,Solar,12.45,Customer,17,4.46,11,12,103660,801647,Jawa,BEKASI,CDE LONG CHASSIS,Internal,JabodetabekBEKASICDE LONG CHASSIS,Dalam Kota,,,,2,REGULAR,8:36:00,515120,182867
260226C102,KLS,2/26/2026,CDELC,A8520VC,Purwakarta,Jawa Barat,Solar,23.87,Customer,9,11.0,11,6,207316,#N/A,Jawa,PURWAKARTA,CDE LONG CHASSIS,Internal,Jawa BaratPURWAKARTACDE LONG CHASSIS,Dalam Kota,,,,2,REGULAR,10:30:00,515120,#N/A
260226C103,KLS,2/26/2026,MVB,B9642SCE,Bogor,Jabodetabek,Pertalite,17.99,Customer,9,2.45,5,4,245900,596227,Jawa,BOGOR,MINI VAN BOX,Internal,JabodetabekBOGORMINI VAN BOX,Dalam Kota,,,,2,REGULAR,8:25:00,257560,92767
260226C104,KLS,2/26/2026,CDELC,A8432ZS,Bogor,Jabodetabek,Solar,27.54,Customer,9,4.72,11,6,350772,1122942,Jawa,BOGOR,CDE LONG CHASSIS,Internal,JabodetabekBOGORCDE LONG CHASSIS,Dalam Kota,,,,2,REGULAR,6:56:00,515120,257050
260226C105,KLS,2/26/2026,CDELC,A8002XW,Depok,Jabodetabek,Solar,13.7,Customer,6,11.0,11,3,215160,625187,Jawa,DEPOK,CDE LONG CHASSIS,Internal,JabodetabekDEPOKCDE LONG CHASSIS,Dalam Kota,,,,2,REGULAR,6:23:00,257560,152467
260226C106,KLS,2/26/2026,MVB,A8876ZX,Bogor,Jabodetabek,Pertalite,10.09,Customer,16,5.0,5,7,174400,494036,Jawa,BOGOR,MINI VAN BOX,Internal,JabodetabekBOGORMINI VAN BOX,Dalam Kota,,,,2,REGULAR,5:45:00,257560,62076
260226C107,KLS,2/26/2026,MVB,A8373VC,Jakarta Timur,Jabodetabek,Pertalite,9.79,Customer,5,2.09,5,5,165900,#N/A,Jawa,JAKARTA TIMUR,MINI VAN BOX,Internal,JabodetabekJAKARTA TIMURMINI VAN BOX,Dalam Kota,,,,2,REGULAR,6:22:00,257560,#N/A
260226C111,KLS,2/26/2026,MVB,A8304VC,Bekasi,Jabodetabek,Pertalite,10.42,Customer,8,5.0,5,8,144700,#N/A,Jawa,BEKASI,MINI VAN BOX,Internal,JabodetabekBEKASIMINI VAN BOX,Dalam Kota,,,,2,REGULAR,6:56:00,515120,#N/A
260226C147,KLS,2/26/2026,PICKUP,A8721ZV,Jakarta Utara,Jabodetabek,Pertalite,14,Customer,3,3.0,3,1,265000,628393,Jawa,JAKARTA UTARA,PICK UP,Internal,JabodetabekJAKARTA UTARAPICK UP,Dalam Kota,,,,2,REGULAR,3:14:00,257560,105833
260226C149,KLS,2/26/2026,CDELC,A8371WX,Jakarta Utara,Jabodetabek,Solar,14.03,Customer,4,8.0,8,4,151404,564764,Jawa,JAKARTA UTARA,CDE,Internal,JabodetabekJAKARTA UTARACDE,Dalam Kota,,,,2,REGULAR,5:18:00,257560,155800
260226C156,KLS,2/26/2026,MVB,B9320SCE,Karawang Selatan,Jabodetabek,Pertalite,9.63,Customer,10,5.0,5,4,129300,473000,Jawa,KARAWANG SELATAN,MINI VAN BOX,Internal,JabodetabekKARAWANG SELATANMINI VAN BOX,Dalam Kota,,,,2,REGULAR,5:43:00,257560,86140
260226C159,KLS,2/26/2026,MOTOR,B5709BLU,Bekasi,Jabodetabek,Pertalite,1.2,Customer,10,0.14,0.14,8,12000,269590,Jawa,BEKASI,MOTOR BOX,Internal,JabodetabekBEKASIMOTOR BOX,Dalam Kota,,,,2,REGULAR,1:53:00,257560,30
260226C201,KLS,2/26/2026,CDDLC,B9190SDB,Bekasi,Jabodetabek,Solar,9.87,Customer,3,8.31,13,2,92116,803469,Jawa,BEKASI,CDD PICK UP,Internal,JabodetabekBEKASICDD PICK UP,Dalam Kota,,,,2,REGULAR,5:22:00,515120,196233
260226C202,KLS,2/26/2026,CDELC,A8339ZS,Jakarta Selatan,Jabodetabek,Solar,16.01,Customer,1,4.82,8,1,193368,974088,Jawa,JAKARTA SELATAN,CDE PICKUP,Internal,JabodetabekJAKARTA SELATANCDE PICKUP,Dalam Kota,,,,2,REGULAR,7:23:00,515120,265600
260226C215,KLS,2/26/2026,WINGBOX,B9070BEN,Bekasi,Jabodetabek,Solar,6.67,Customer,1,42.0,42,1,45356,388348,Jawa,BEKASI,WINGBOX,Internal,JabodetabekBEKASIWINGBOX,Dalam Kota,,,,2,REGULAR,3:40:00,257560,85432
260226C220,KLS,2/26/2026,CDELC,B9044BRO,Bekasi,Jabodetabek,Solar,11.17,Customer,4,11.0,11,4,75956,504380,Jawa,BEKASI,CDE LONG CHASSIS,Internal,JabodetabekBEKASICDE LONG CHASSIS,Dalam Kota,,,,2,REGULAR,5:33:00,257560,170864
260219L102,KLS,2/26/2026,CDDLC,A8288YX,Bandung,Jawa Barat,Solar,9.04,Store,1,13.0,16,1,821500,1268027,Jawa,BANDUNG,CDD LONG CHASSIS,Internal,Jawa BaratBANDUNGCDD LONG CHASSIS,Luar Kota,,,,2,REGULAR,-5:08:00,257560,188967
260226L014,KLS,2/26/2026,CDDLC,A8486VC,Bandung,Jawa Barat,,,Store,79,13.0,13,1,820000,#N/A,Jawa,BANDUNG,CDD PICK UP,Internal,Jawa BaratBANDUNGCDD PICK UP,Luar Kota,,,,2,REGULAR,14:58:00,257560,#N/A
260226C222,KLS,2/26/2026,CDELC,A8959ZD,Tangerang,Jabodetabek,Solar,27.27,Customer,1,8.0,8,2,456436,713996,Jawa,TANGERANG,CDE,Internal,JabodetabekTANGERANGCDE,Dalam Kota,,,,2,REGULAR,7:22:00,257560,0
260226C232,KLS,2/26/2026,CDDLC,A8961VB,Tangerang,Jabodetabek,Solar,25.39,Customer,1,7.43,13,1,383152,1210905,Jawa,TANGERANG,CDD PICK UP,Internal,JabodetabekTANGERANGCDD PICK UP,Dalam Kota,,,,2,REGULAR,5:20:00,515120,312633
260226X050,KLS,2/26/2026,WINGBOX,B9068BEN,Tangerang,Jabodetabek,Solar,39.22,Other Delivery,1,42.0,42,1,478696,1164680,Jawa,TANGERANG,WINGBOX,Internal,JabodetabekTANGERANGWINGBOX,Dalam Kota,,,,2,REGULAR,1:29:00,515120,170864
260226C254,KLS,2/26/2026,MVB,A8373VC,Karawang Selatan,Jabodetabek,Pertalite,6.46,Customer,1,5.0,5,1,97600,#N/A,Jawa,KARAWANG SELATAN,MINI VAN BOX,Internal,JabodetabekKARAWANG SELATANMINI VAN BOX,Dalam Kota,,,,2,REGULAR,4:10:00,257560,#N/A
260226S001,KLS,2/26/2026,CDELC,A8020VC,Jakarta Barat,Jabodetabek,Solar,13.24,Customer via Hub,9,2.24,11,1,149032,434732,Jawa,JAKARTA BARAT,CDE LONG CHASSIS,Internal,JabodetabekJAKARTA BARATCDE LONG CHASSIS,Dalam Kota,,,,2,REGULAR,6:52:00,,285700
260226S003,KLS,2/26/2026,MVB,A8437ZH,Serang,Banten,,,Customer via Hub,21,3.47,5,3,,110600,Jawa,SERANG,MINI VAN BOX,Internal,BantenSERANGMINI VAN BOX,Dalam Kota,,,,2,REGULAR,7:34:00,,110600
260226S004,KLS,2/26/2026,CDELC,A8481ZH,Tangerang,Jabodetabek,Solar,15.33,Customer via Hub,11,3.5,11,3,92,221259,Jawa,TANGERANG,CDE LONG CHASSIS,Internal,JabodetabekTANGERANGCDE LONG CHASSIS,Dalam Kota,,,,2,REGULAR,9:03:00,,221167
260226S007,KLS,2/26/2026,MVB,A8537ZF,Tangerang,Jabodetabek,Pertalite,8.15,Customer via Hub,12,2.68,5,6,143000,253600,Jawa,TANGERANG,MINI VAN BOX,Internal,JabodetabekTANGERANGMINI VAN BOX,Dalam Kota,,,,2,REGULAR,6:41:00,,110600
260226S009,KLS,2/26/2026,MVB,A8542XB,Jakarta Selatan,Jabodetabek,Pertalite,7.2,Customer via Hub,10,1.31,5,4,125000,125000,Jawa,JAKARTA SELATAN,MINI VAN BOX,Internal,JabodetabekJAKARTA SELATANMINI VAN BOX,Dalam Kota,,,,2,REGULAR,6:16:00,,0
260226S012,KLS,2/26/2026,CDELC,A8717VB,Jakarta Utara,Jabodetabek,Solar,8.53,Customer via Hub,20,1.11,11,3,58004,343704,Jawa,JAKARTA UTARA,CDE LONG CHASSIS,Internal,JabodetabekJAKARTA UTARACDE LONG CHASSIS,Dalam Kota,,,,2,REGULAR,5:57:00,,285700
260226S005,KLS,2/26/2026,CDELC,A8721VB,Tangerang,Jabodetabek,Solar,6925.54,Customer via Hub,19,6.53,11,6,135032,420732,Jawa,TANGERANG,CDE LONG CHASSIS,Internal,JabodetabekTANGERANGCDE LONG CHASSIS,Dalam Kota,,,,2,REGULAR,8:31:00,,285700
260226S011,KLS,2/26/2026,CDELC,A8757VB,Tangerang,Jabodetabek,Solar,22.06,Customer via Hub,14,3.07,11,3,150000,435700,Jawa,TANGERANG,CDE LONG CHASSIS,Internal,JabodetabekTANGERANGCDE LONG CHASSIS,Dalam Kota,,,,2,REGULAR,11:34:00,,285700
260226S006,KLS,2/26/2026,CDELC,A8759VB,Tangerang,Jabodetabek,Solar,17.67,Customer via Hub,10,2.52,11,3,163656,449356,Jawa,TANGERANG,CDE LONG CHASSIS,Internal,JabodetabekTANGERANGCDE LONG CHASSIS,Dalam Kota,,,,2,REGULAR,8:01:00,,285700
260226S002,KLS,2/26/2026,CDELC,A8910VB,Cilegon,Banten,Solar,6847.85,Customer via Hub,25,5.5,11,4,332892,618592,Jawa,CILEGON,CDE LONG CHASSIS,Internal,BantenCILEGONCDE LONG CHASSIS,Dalam Kota,,,,2,REGULAR,10:02:00,,285700
260226S010,KLS,2/26/2026,CDELC,A8912VB,Jakarta Pusat,Jabodetabek,Solar,10.89,Customer via Hub,14,5.1,11,6,100052,365345,Jawa,JAKARTA PUSAT,CDE LONG CHASSIS,Internal,JabodetabekJAKARTA PUSATCDE LONG CHASSIS,Dalam Kota,,,,2,REGULAR,7:02:00,,265293
260227C001,KLS,2/27/2026,CDELC,A8472VC,Jakarta Utara,Jabodetabek,Solar,15.47,Customer,2,11.0,11,2,223196,780756,Jawa,JAKARTA UTARA,CDE LONG CHASSIS,Internal,JabodetabekJAKARTA UTARACDE LONG CHASSIS,Dalam Kota,,,,2,REGULAR,7:32:00,257560,300000
260227H002,KLS,2/27/2026,WINGBOX,B9068BEN,Jakarta Barat,Jabodetabek,Solar,29.74,HUB,162,42.0,42,3,284232,627224,Jawa,JAKARTA BARAT,WINGBOX,Internal,JabodetabekJAKARTA BARATWINGBOX,Dalam Kota,,,,2,REGULAR,5:19:00,257560,85432
260227C024,KLS,2/27/2026,CDELC,A8503ZX,Purwakarta,Jawa Barat,Solar,22.62,Customer,18,4.67,8,10,279316,946903,Jawa,PURWAKARTA,CDE,Internal,Jawa BaratPURWAKARTACDE,Dalam Kota,,,,2,REGULAR,10:28:00,515120,152467
260227C025,KLS,2/27/2026,MVB,B9320SCE,Purwakarta,Jawa Barat,Pertalite,21.53,Customer,6,5.0,5,4,377300,721000,Jawa,PURWAKARTA,MINI VAN BOX,Internal,Jawa BaratPURWAKARTAMINI VAN BOX,Dalam Kota,,,,2,REGULAR,9:39:00,257560,86140
260227C026,KLS,2/27/2026,CDELC,A8505VC,Karawang Selatan,Jabodetabek,Solar,11.61,Customer,8,11.0,11,8,95448,#N/A,Jawa,KARAWANG SELATAN,CDE LONG CHASSIS,Internal,JabodetabekKARAWANG SELATANCDE LONG CHASSIS,Dalam Kota,,,,2,REGULAR,7:55:00,257560,#N/A
260227C027,KLS,2/27/2026,CDELC,A8432ZS,Bogor,Jabodetabek,Solar,21.06,Customer,20,8.91,11,3,247208,761818,Jawa,BOGOR,CDE LONG CHASSIS,Internal,JabodetabekBOGORCDE LONG CHASSIS,Dalam Kota,,,,2,REGULAR,9:48:00,257560,257050
260227C028,KLS,2/27/2026,MVB,B9642SCE,Bogor,Jabodetabek,Pertalite,15.67,Customer,13,2.76,5,9,219200,827087,Jawa,BOGOR,MINI VAN BOX,Internal,JabodetabekBOGORMINI VAN BOX,Dalam Kota,,,,2,REGULAR,12:12:00,515120,92767
260227C029,KLS,2/27/2026,CDDLC,A8976XY,Jakarta Utara,Jabodetabek,Solar,17.22,Customer,4,7.59,16,3,256596,703123,Jawa,JAKARTA UTARA,CDD LONG CHASSIS,Internal,JabodetabekJAKARTA UTARACDD LONG CHASSIS,Dalam Kota,,,,2,REGULAR,9:18:00,257560,188967
260227C030,KLS,2/27/2026,MVB,A8017VC,Jakarta Utara,Jabodetabek,Pertalite,11.94,Customer,11,3.43,5,1,200400,743660,Jawa,JAKARTA UTARA,MINI VAN BOX,Internal,JabodetabekJAKARTA UTARAMINI VAN BOX,Dalam Kota,,,,2,REGULAR,10:22:00,257560,285700
260227C031,KLS,2/27/2026,MVB,A8553VB,Jakarta Timur,Jabodetabek,Pertalite,12.69,Customer,11,5.0,5,4,188900,835420,Jawa,JAKARTA TIMUR,MINI VAN BOX,Internal,JabodetabekJAKARTA TIMURMINI VAN BOX,Dalam Kota,,,,2,REGULAR,8:31:00,515120,131400
260227C032,KLS,2/27/2026,CDELC,B9044BRO,Jakarta Utara,Jabodetabek,Solar,19.05,Customer,19,2.36,11,1,237540,923524,Jawa,JAKARTA UTARA,CDE LONG CHASSIS,Internal,JabodetabekJAKARTA UTARACDE LONG CHASSIS,Dalam Kota,,,,2,REGULAR,10:25:00,515120,170864
260227C033,KLS,2/27/2026,CDELC,A8002XW,Depok,Jabodetabek,Solar,16.95,Customer,23,6.12,11,3,252760,920347,Jawa,DEPOK,CDE LONG CHASSIS,Internal,JabodetabekDEPOKCDE LONG CHASSIS,Dalam Kota,,,,2,REGULAR,6:42:00,515120,152467
260227C034,KLS,2/27/2026,MVB,A8983VB,Bekasi,Jabodetabek,Pertalite,11.96,Customer,14,5.0,5,7,183100,829620,Jawa,BEKASI,MINI VAN BOX,Internal,JabodetabekBEKASIMINI VAN BOX,Dalam Kota,,,,2,REGULAR,12:11:00,515120,131400
260227C035,KLS,2/27/2026,CDDLC,A8288YX,Bekasi,Jabodetabek,Solar,12.86,Customer,13,2.22,16,11,87448,791535,Jawa,BEKASI,CDD LONG CHASSIS,Internal,JabodetabekBEKASICDD LONG CHASSIS,Dalam Kota,,,,2,REGULAR,7:36:00,515120,188967
260227C036,KLS,2/27/2026,CDELC,A8159ZC,Bekasi,Jabodetabek,Solar,12.99,Customer,14,4.31,11,12,98332,796319,Jawa,BEKASI,CDE LONG CHASSIS,Internal,JabodetabekBEKASICDE LONG CHASSIS,Dalam Kota,,,,2,REGULAR,8:56:00,515120,182867
260227C134,KLS,2/27/2026,MVB,A8876ZX,Bogor,Jabodetabek,Pertalite,14.37,Customer,5,5.0,5,4,188200,507836,Jawa,BOGOR,MINI VAN BOX,Internal,JabodetabekBOGORMINI VAN BOX,Dalam Kota,,,,2,REGULAR,7:38:00,257560,62076
260227C135,KLS,2/27/2026,CDELC,A8476VC,Karawang Selatan,Jabodetabek,Solar,15.18,Customer,5,11.0,11,4,162224,#N/A,Jawa,KARAWANG SELATAN,CDE LONG CHASSIS,Internal,JabodetabekKARAWANG SELATANCDE LONG CHASSIS,Dalam Kota,,,,2,REGULAR,7:55:00,257560,#N/A
260227C137,KLS,2/27/2026,MOTOR,B5709BLU,Bekasi,Jabodetabek,Pertalite,1.16,Customer,8,0.14,0.14,8,11600,269190,Jawa,BEKASI,MOTOR BOX,Internal,JabodetabekBEKASIMOTOR BOX,Dalam Kota,,,,2,REGULAR,5:33:00,257560,30
260227C146,KLS,2/27/2026,CDDLC,A8908XY,Bekasi,Jabodetabek,Solar,14.5,Customer,13,6.29,16,9,108600,792440,Jawa,BEKASI,CDD LONG CHASSIS,Internal,JabodetabekBEKASICDD LONG CHASSIS,Dalam Kota,,,,2,REGULAR,7:37:00,515120,168720
260227C147,KLS,2/27/2026,CDELC,A8520VC,Bekasi,Jabodetabek,Solar,17.79,Customer,29,5.22,11,6,162472,#N/A,Jawa,BEKASI,CDE LONG CHASSIS,Internal,JabodetabekBEKASICDE LONG CHASSIS,Dalam Kota,,,,2,REGULAR,10:33:00,515120,#N/A
260227C158,KLS,2/27/2026,MVB,A8373VC,Jakarta Timur,Jabodetabek,Pertalite,12.8,Customer,16,5.0,5,2,182000,#N/A,Jawa,JAKARTA TIMUR,MINI VAN BOX,Internal,JabodetabekJAKARTA TIMURMINI VAN BOX,Dalam Kota,,,,2,REGULAR,9:11:00,257560,#N/A
260227C205,KLS,2/27/2026,CDELC,A8339ZS,Tangerang,Jabodetabek,Solar,21.85,Customer,1,4.5,8,1,236080,759240,Jawa,TANGERANG,CDE PICKUP,Internal,JabodetabekTANGERANGCDE PICKUP,Dalam Kota,,,,2,REGULAR,8:26:00,257560,265600
260227C210,KLS,2/27/2026,CDDLC,B9190SDB,Tangerang,Jabodetabek,Solar,20.42,Customer,2,13.0,13,1,348856,1060209,Jawa,TANGERANG,CDD PICK UP,Internal,JabodetabekTANGERANGCDD PICK UP,Dalam Kota,,,,2,REGULAR,6:49:00,515120,196233
260227C218,KLS,2/27/2026,WINGBOX,B9070BEN,Bekasi,Jabodetabek,Solar,9.49,Customer,1,42.0,42,1,64500,492924,Jawa,BEKASI,WINGBOX,Internal,JabodetabekBEKASIWINGBOX,Dalam Kota,,,,2,REGULAR,4:18:00,257560,170864
260227C221,KLS,2/27/2026,CDELC,A8486VC,Jakarta Timur,Jabodetabek,Solar,19.02,Customer,2,5.5,8,2,258336,#N/A,Jawa,JAKARTA TIMUR,CDE PICKUP,Internal,JabodetabekJAKARTA TIMURCDE PICKUP,Dalam Kota,,,,2,REGULAR,6:21:00,515120,#N/A
260227C238,KLS,2/27/2026,CDDLC,A8961VB,Tangerang,Jabodetabek,Solar,21.35,Customer,2,11.96,13,2,300180,1127933,Jawa,TANGERANG,CDD PICK UP,Internal,JabodetabekTANGERANGCDD PICK UP,Dalam Kota,,,,2,REGULAR,8:43:00,515120,312633
260227C239,KLS,2/27/2026,CDELC,A8048ZX,Jakarta Barat,Jabodetabek,Solar,11.89,Customer,11,6.78,11,1,131852,465645,Jawa,JAKARTA BARAT,CDE LONG CHASSIS,Internal,JabodetabekJAKARTA BARATCDE LONG CHASSIS,Dalam Kota,,,,2,REGULAR,5:14:00,257560,76233
260227C242,KLS,2/27/2026,MVB,A8504ZX,Bekasi,Jabodetabek,Pertalite,4.62,Customer,5,5.0,5,1,46200,635420,Jawa,BEKASI,MINI VAN BOX,Internal,JabodetabekBEKASIMINI VAN BOX,Dalam Kota,,,,2,REGULAR,3:53:00,515120,74100
260227C243,KLS,2/27/2026,MVB,A8304VC,Karawang Selatan,Jabodetabek,Pertalite,8.88,Customer,4,5.0,5,1,121800,#N/A,Jawa,KARAWANG SELATAN,MINI VAN BOX,Internal,JabodetabekKARAWANG SELATANMINI VAN BOX,Dalam Kota,,,,2,REGULAR,5:29:00,257560,#N/A
260227L038,KLS,2/27/2026,CDELC,A8098ZH,Sukabumi,Jawa Barat,Solar,35.7,Store,25,2.38,11,1,462760,941487,Jawa,SUKABUMI,CDE LONG CHASSIS,Internal,Jawa BaratSUKABUMICDE LONG CHASSIS,Luar Kota,,,,2,REGULAR,12:38:00,257560,221167
260227H073,KLS,2/27/2026,CDELC,A8959ZD,Jakarta Barat,Jabodetabek,Solar,16.87,HUB,1,8.0,8,1,192716,707836,Jawa,JAKARTA BARAT,CDE,Internal,JabodetabekJAKARTA BARATCDE,Dalam Kota,,,,2,REGULAR,-0:12:00,515120,0
260227C245,KLS,2/27/2026,CDELC,A8073VC,Tangerang,Jabodetabek,Solar,18.47,Customer,1,3.66,8,1,198596,599006,Jawa,TANGERANG,CDE PICKUP,Internal,JabodetabekTANGERANGCDE PICKUP,Dalam Kota,,,,2,REGULAR,7:53:00,257560,142850
260227C261,KLS,2/27/2026,PICKUP,A8721ZV,Jakarta Utara,Jabodetabek,Pertalite,11.76,Customer,2,3.0,3,1,222600,585993,Jawa,JAKARTA UTARA,PICK UP,Internal,JabodetabekJAKARTA UTARAPICK UP,Dalam Kota,,,,2,REGULAR,5:12:00,257560,105833
260227C266,KLS,2/27/2026,WINGBOX,B9068BEN,Bekasi,Jabodetabek,Solar,6.22,Customer,1,42.0,42,1,42296,385288,Jawa,BEKASI,WINGBOX,Internal,JabodetabekBEKASIWINGBOX,Dalam Kota,,,,2,REGULAR,5:27:00,257560,85432
260227C277,KLS,2/27/2026,CDELC,A8048ZX,Karawang Selatan,Jabodetabek,Solar,9.15,Customer,4,11.0,11,4,95220,429013,Jawa,KARAWANG SELATAN,CDE LONG CHASSIS,Internal,JabodetabekKARAWANG SELATANCDE LONG CHASSIS,Dalam Kota,,,,2,REGULAR,4:10:00,257560,76233
260227S006,KLS,2/27/2026,CDELC,A8020VC,Tangerang,Jabodetabek,Solar,16.92,Customer via Hub,7,3.21,11,3,227556,513256,Jawa,TANGERANG,CDE LONG CHASSIS,Internal,JabodetabekTANGERANGCDE LONG CHASSIS,Dalam Kota,,,,2,REGULAR,10:49:00,,285700
260227S004,KLS,2/27/2026,MVB,A8437ZH,Tangerang,Jabodetabek,Pertalite,10.55,Customer via Hub,6,5.0,5,1,175500,286100,Jawa,TANGERANG,MINI VAN BOX,Internal,JabodetabekTANGERANGMINI VAN BOX,Dalam Kota,,,,2,REGULAR,12:30:00,,110600
260227S001,KLS,2/27/2026,CDELC,A8481ZH,Jakarta Barat,Jabodetabek,Solar,9.56,Customer via Hub,32,9.65,11,6,152500,373667,Jawa,JAKARTA BARAT,CDE LONG CHASSIS,Internal,JabodetabekJAKARTA BARATCDE LONG CHASSIS,Dalam Kota,,,,2,REGULAR,9:00:00,,221167
260227S003,KLS,2/27/2026,MVB,A8537ZF,Serang,Banten,Pertalite,15,Customer via Hub,10,5.0,5,2,236499,347099,Jawa,SERANG,MINI VAN BOX,Internal,BantenSERANGMINI VAN BOX,Dalam Kota,,,,2,REGULAR,8:22:00,,110600
260227S011,KLS,2/27/2026,CDELC,A8717VB,Jakarta Utara,Jabodetabek,Solar,7.36,Customer via Hub,8,2.71,11,3,86048,371748,Jawa,JAKARTA UTARA,CDE LONG CHASSIS,Internal,JabodetabekJAKARTA UTARACDE LONG CHASSIS,Dalam Kota,,,,2,REGULAR,3:38:00,,285700
260227S007,KLS,2/27/2026,CDELC,A8721VB,Jakarta Selatan,Jabodetabek,Solar,14.71,Customer via Hub,18,6.88,11,8,197500,483200,Jawa,JAKARTA SELATAN,CDE LONG CHASSIS,Internal,JabodetabekJAKARTA SELATANCDE LONG CHASSIS,Dalam Kota,,,,2,REGULAR,8:56:00,,285700
260227S012,KLS,2/27/2026,CDELC,A8757VB,Tangerang,Jabodetabek,Solar,22.54,Customer via Hub,12,3.79,11,4,237772,523472,Jawa,TANGERANG,CDE LONG CHASSIS,Internal,JabodetabekTANGERANGCDE LONG CHASSIS,Dalam Kota,,,,2,REGULAR,11:31:00,,285700
260227S009,KLS,2/27/2026,CDELC,A8759VB,Jakarta Pusat,Jabodetabek,,,Customer via Hub,25,8.46,11,8,104000,389700,Jawa,JAKARTA PUSAT,CDE LONG CHASSIS,Internal,JabodetabekJAKARTA PUSATCDE LONG CHASSIS,Dalam Kota,,,,2,REGULAR,8:46:00,,285700
260227S008,KLS,2/27/2026,CDELC,A8801XZ,Jakarta Selatan,Jabodetabek,Solar,15.46,Customer via Hub,12,2.62,7,3,165628,316361,Jawa,JAKARTA SELATAN,CDE PICK UP,Internal,JabodetabekJAKARTA SELATANCDE PICK UP,Dalam Kota,,,,2,REGULAR,8:01:00,,150733
260227S002,KLS,2/27/2026,CDELC,A8910VB,Cilegon,Banten,Solar,6890.67,Customer via Hub,19,5.15,11,5,331548,617248,Jawa,CILEGON,CDE LONG CHASSIS,Internal,BantenCILEGONCDE LONG CHASSIS,Dalam Kota,,,,2,REGULAR,9:16:00,,285700
260227S005,KLS,2/27/2026,CDELC,A8912VB,Tangerang,Jabodetabek,Solar,14.67,Customer via Hub,12,5.91,11,4,88,265381,Jawa,TANGERANG,CDE LONG CHASSIS,Internal,JabodetabekTANGERANGCDE LONG CHASSIS,Dalam Kota,,,,2,REGULAR,11:39:00,,265293
260228H001,KLS,2/28/2026,WINGBOX,B9070BEN,Jakarta Barat,Jabodetabek,Solar,28.91,HUB,201,42.0,42,2,283588,712012,Jawa,JAKARTA BARAT,WINGBOX,Internal,JabodetabekJAKARTA BARATWINGBOX,Dalam Kota,,,,2,REGULAR,1:01:00,257560,170864
260228C084,KLS,2/28/2026,CDELC,A8520VC,Bekasi,Jabodetabek,Solar,8.29,Customer,23,6.88,11,5,84372,#N/A,Jawa,BEKASI,CDE LONG CHASSIS,Internal,JabodetabekBEKASICDE LONG CHASSIS,Dalam Kota,,,,2,REGULAR,4:33:00,257560,#N/A
260228C085,KLS,2/28/2026,CDELC,A8476VC,Bogor,Jabodetabek,Solar,18.84,Customer,11,11.0,11,2,201612,#N/A,Jawa,BOGOR,CDE LONG CHASSIS,Internal,JabodetabekBOGORCDE LONG CHASSIS,Dalam Kota,,,,2,REGULAR,5:49:00,515120,#N/A
260228C086,KLS,2/28/2026,CDELC,A8098ZH,Depok,Jabodetabek,Solar,17.08,Customer,25,5.34,11,6,221144,957431,Jawa,DEPOK,CDE LONG CHASSIS,Internal,JabodetabekDEPOKCDE LONG CHASSIS,Dalam Kota,,,,2,REGULAR,6:30:00,515120,221167
260228C087,KLS,2/28/2026,CDELC,A8002XW,Bogor,Jabodetabek,Solar,12.32,Customer,11,2.15,11,3,138776,548803,Jawa,BOGOR,CDE LONG CHASSIS,Internal,JabodetabekBOGORCDE LONG CHASSIS,Dalam Kota,,,,2,REGULAR,5:43:00,257560,152467
260228C088,KLS,2/28/2026,MVB,A8017VC,Purwakarta,Jawa Barat,,,Customer,18,3.42,5,4,73500,616760,Jawa,PURWAKARTA,MINI VAN BOX,Internal,Jawa BaratPURWAKARTAMINI VAN BOX,Dalam Kota,,,,2,REGULAR,7:15:00,257560,285700
260228C089,KLS,2/28/2026,CDELC,B9044BRO,Jakarta Utara,Jabodetabek,Solar,13.21,Customer,12,6.98,11,6,145828,831812,Jawa,JAKARTA UTARA,CDE LONG CHASSIS,Internal,JabodetabekJAKARTA UTARACDE LONG CHASSIS,Dalam Kota,,,,2,REGULAR,6:54:00,515120,170864
260228C090,KLS,2/28/2026,MVB,A8553VB,Jakarta Timur,Jabodetabek,Pertalite,9.16,Customer,9,2.77,5,3,146800,535760,Jawa,JAKARTA TIMUR,MINI VAN BOX,Internal,JabodetabekJAKARTA TIMURMINI VAN BOX,Dalam Kota,,,,2,REGULAR,6:06:00,257560,131400
260228C091,KLS,2/28/2026,MVB,A8373VC,Jakarta Timur,Jabodetabek,Pertalite,10.36,Customer,8,5.0,5,5,181100,#N/A,Jawa,JAKARTA TIMUR,MINI VAN BOX,Internal,JabodetabekJAKARTA TIMURMINI VAN BOX,Dalam Kota,,,,2,REGULAR,6:47:00,257560,#N/A
260228C092,KLS,2/28/2026,MVB,A8983VB,Bekasi,Jabodetabek,Pertalite,5.56,Customer,20,3.03,5,5,86600,475560,Jawa,BEKASI,MINI VAN BOX,Internal,JabodetabekBEKASIMINI VAN BOX,Dalam Kota,,,,2,REGULAR,4:21:00,257560,131400
260228C209,KLS,2/28/2026,CDDLC,A8961VB,Bekasi,Jabodetabek,Solar,11.32,Customer,1,13.0,13,1,76976,904729,Jawa,BEKASI,CDD PICK UP,Internal,JabodetabekBEKASICDD PICK UP,Dalam Kota,,,,2,REGULAR,2:41:00,515120,312633
260228C222,KLS,2/28/2026,CDDLC,B9190SDB,Serang,Banten,Solar,28.8,Customer,1,13.0,13,1,449840,903633,Jawa,SERANG,CDD PICK UP,Internal,BantenSERANGCDD PICK UP,Dalam Kota,,,,2,REGULAR,7:35:00,257560,196233
260228C262,KLS,2/28/2026,WINGBOX,B9068BEN,Jakarta Utara,Jabodetabek,Solar,31.13,Customer,6,42.0,42,3,352684,1038668,Jawa,JAKARTA UTARA,WINGBOX,Internal,JabodetabekJAKARTA UTARAWINGBOX,Dalam Kota,,,,2,REGULAR,11:40:00,515120,170864
260228C263,KLS,2/28/2026,CDELC,A8339ZS,Jakarta Utara,Jabodetabek,Solar,14.17,Customer,2,7.73,8,2,214356,737516,Jawa,JAKARTA UTARA,CDE PICKUP,Internal,JabodetabekJAKARTA UTARACDE PICKUP,Dalam Kota,,,,2,REGULAR,6:20:00,257560,265600
260228H071,KLS,2/28/2026,CDDLC,A8976XY,Jakarta Barat,Jabodetabek,Solar,14.1,HUB,1,16.0,16,1,177880,624407,Jawa,JAKARTA BARAT,CDD LONG CHASSIS,Internal,JabodetabekJAKARTA BARATCDD LONG CHASSIS,Dalam Kota,,,,2,REGULAR,1:20:00,257560,188967
260228L084,KLS,2/28/2026,CDDLC,A8908XY,Bandung,Jawa Barat,,,Store,1,16.0,16,1,810985,1237265,Jawa,BANDUNG,CDD LONG CHASSIS,Internal,Jawa BaratBANDUNGCDD LONG CHASSIS,Luar Kota,,,,2,REGULAR,10:14:00,257560,168720
260228C265,KLS,2/28/2026,CDDLC,A8288YX,Bekasi,Jabodetabek,Solar,6.4,Customer,2,16.0,16,1,43520,490047,Jawa,BEKASI,CDD LONG CHASSIS,Internal,JabodetabekBEKASICDD LONG CHASSIS,Dalam Kota,,,,2,REGULAR,2:49:00,257560,188967
260228C278,KLS,2/28/2026,CDELC,A8486VC,Karawang Selatan,Jabodetabek,Solar,9.1,Customer,2,8.0,8,2,61880,#N/A,Jawa,KARAWANG SELATAN,CDE PICKUP,Internal,JabodetabekKARAWANG SELATANCDE PICKUP,Dalam Kota,,,,2,REGULAR,3:02:00,257560,#N/A
260228S002,KLS,2/28/2026,CDELC,A8020VC,Cilegon,Banten,Solar,7082.52,Customer via Hub,25,1.98,11,5,313898,599598,Jawa,CILEGON,CDE LONG CHASSIS,Internal,BantenCILEGONCDE LONG CHASSIS,Dalam Kota,,,,2,REGULAR,7:42:00,,285700
260228S005,KLS,2/28/2026,CDELC,A8481ZH,Jakarta Selatan,Jabodetabek,Solar,9.12,Customer via Hub,34,10.29,11,7,127000,348167,Jawa,JAKARTA SELATAN,CDE LONG CHASSIS,Internal,JabodetabekJAKARTA SELATANCDE LONG CHASSIS,Dalam Kota,,,,2,REGULAR,8:43:00,,221167
260228S006,KLS,2/28/2026,MVB,A8537ZF,Jakarta Selatan,Jabodetabek,Pertalite,8.79,Customer via Hub,22,2.26,5,9,107400,218000,Jawa,JAKARTA SELATAN,MINI VAN BOX,Internal,JabodetabekJAKARTA SELATANMINI VAN BOX,Dalam Kota,,,,2,REGULAR,6:21:00,,110600
260228S008,KLS,2/28/2026,CDELC,A8757VB,Jakarta Barat,Jabodetabek,,,Customer via Hub,20,3.62,11,4,,285700,Jawa,JAKARTA BARAT,CDE LONG CHASSIS,Internal,JabodetabekJAKARTA BARATCDE LONG CHASSIS,Dalam Kota,,,,2,REGULAR,5:49:00,,285700
260228S004,KLS,2/28/2026,CDELC,A8759VB,Tangerang,Jabodetabek,Solar,11.8,Customer via Hub,22,5.41,11,7,202740,488440,Jawa,TANGERANG,CDE LONG CHASSIS,Internal,JabodetabekTANGERANGCDE LONG CHASSIS,Dalam Kota,,,,2,REGULAR,6:37:00,,285700
260228S003,KLS,2/28/2026,CDELC,A8910VB,Tangerang,Jabodetabek,Solar,16.92,Customer via Hub,43,11.0,11,9,185056,470756,Jawa,TANGERANG,CDE LONG CHASSIS,Internal,JabodetabekTANGERANGCDE LONG CHASSIS,Dalam Kota,,,,2,REGULAR,8:07:00,,285700
260228S007,KLS,2/28/2026,CDELC,A8912VB,Jakarta Utara,Jabodetabek,,,Customer via Hub,30,7.06,11,7,,265293,Jawa,JAKARTA UTARA,CDE LONG CHASSIS,Internal,JabodetabekJAKARTA UTARACDE LONG CHASSIS,Dalam Kota,,,,2,REGULAR,6:07:00,,265293
260302C024,KLS,3/2/2026,MVB,B9642SCE,Karawang Selatan,Jabodetabek,Pertalite,7.43,Customer,12,5.0,5,7,107500,457827,Jawa,KARAWANG SELATAN,MINI VAN BOX,Internal,JabodetabekKARAWANG SELATANMINI VAN BOX,Dalam Kota,,,,3,REGULAR,4:35:00,257560,92767
260302C026,KLS,3/2/2026,CDELC,A8339ZS,Jakarta Utara,Jabodetabek,Solar,13.91,Customer,4,6.75,8,3,225588,748748,Jawa,JAKARTA UTARA,CDE PICKUP,Internal,JabodetabekJAKARTA UTARACDE PICKUP,Dalam Kota,,,,3,REGULAR,5:31:00,257560,265600
260302C027,KLS,3/2/2026,CDELC,A8048ZX,Purwakarta,Jawa Barat,Solar,18.34,Customer,8,11.0,11,4,178712,846299,Jawa,PURWAKARTA,CDE LONG CHASSIS,Internal,Jawa BaratPURWAKARTACDE LONG CHASSIS,Dalam Kota,,,,3,REGULAR,7:52:00,515120,152467
260302C028,KLS,3/2/2026,CDELC,A8505VC,Karawang Selatan,Jabodetabek,Solar,23.79,Customer,12,2.42,11,6,188272,#N/A,Jawa,KARAWANG SELATAN,CDE LONG CHASSIS,Internal,JabodetabekKARAWANG SELATANCDE LONG CHASSIS,Dalam Kota,,,,3,REGULAR,8:20:00,257560,#N/A
260302C029,KLS,3/2/2026,CDELC,A8476VC,Karawang Selatan,Jabodetabek,Solar,15.37,Customer,14,11.0,11,7,158516,#N/A,Jawa,KARAWANG SELATAN,CDE LONG CHASSIS,Internal,JabodetabekKARAWANG SELATANCDE LONG CHASSIS,Dalam Kota,,,,3,REGULAR,8:37:00,257560,#N/A
260302C030,KLS,3/2/2026,MVB,B9320SCE,Karawang Selatan,Jabodetabek,Pertalite,10.63,Customer,22,5.0,5,6,139300,740560,Jawa,KARAWANG SELATAN,MINI VAN BOX,Internal,JabodetabekKARAWANG SELATANMINI VAN BOX,Dalam Kota,,,,3,REGULAR,7:39:00,515120,86140
260302C031,KLS,3/2/2026,MVB,A8304VC,Bogor,Jabodetabek,Pertalite,16.03,Customer,6,5.0,5,6,247300,#N/A,Jawa,BOGOR,MINI VAN BOX,Internal,JabodetabekBOGORMINI VAN BOX,Dalam Kota,,,,3,REGULAR,8:04:00,515120,#N/A
260302C032,KLS,3/2/2026,CDELC,A8098ZH,Bogor,Jabodetabek,Solar,23.83,Customer,23,6.34,11,10,215544,951831,Jawa,BOGOR,CDE LONG CHASSIS,Internal,JabodetabekBOGORCDE LONG CHASSIS,Dalam Kota,,,,3,REGULAR,10:17:00,515120,221167
260302C033,KLS,3/2/2026,CDELC,A8503ZX,Bogor,Jabodetabek,Solar,18.59,Customer,15,2.05,8,7,191412,858999,Jawa,BOGOR,CDE,Internal,JabodetabekBOGORCDE,Dalam Kota,,,,3,REGULAR,10:24:00,515120,152467
260302H002,KLS,3/2/2026,WINGBOX,B9068BEN,Jakarta Barat,Jabodetabek,Solar,29.73,HUB,96,9.75,42,2,284164,712588,Jawa,JAKARTA BARAT,WINGBOX,Internal,JabodetabekJAKARTA BARATWINGBOX,Dalam Kota,,,,3,REGULAR,-0:53:00,257560,170864
260302C034,KLS,3/2/2026,CDELC,A8002XW,Depok,Jabodetabek,Solar,16.36,Customer,9,11.0,11,9,266248,676275,Jawa,DEPOK,CDE LONG CHASSIS,Internal,JabodetabekDEPOKCDE LONG CHASSIS,Dalam Kota,,,,3,REGULAR,5:09:00,257560,152467
260302C035,KLS,3/2/2026,CDELC,B9044BRO,Jakarta Utara,Jabodetabek,Solar,16.51,Customer,19,3.37,11,7,228268,914252,Jawa,JAKARTA UTARA,CDE LONG CHASSIS,Internal,JabodetabekJAKARTA UTARACDE LONG CHASSIS,Dalam Kota,,,,3,REGULAR,7:40:00,515120,170864
260302C036,KLS,3/2/2026,MVB,A8017VC,Jakarta Utara,Jabodetabek,Pertalite,13.98,Customer,5,5.0,5,2,203800,747060,Jawa,JAKARTA UTARA,MINI VAN BOX,Internal,JabodetabekJAKARTA UTARAMINI VAN BOX,Dalam Kota,,,,3,REGULAR,6:40:00,257560,285700
260302C037,KLS,3/2/2026,MVB,A8553VB,Jakarta Timur,Jabodetabek,Pertalite,13.5,Customer,11,5.0,5,9,168000,814520,Jawa,JAKARTA TIMUR,MINI VAN BOX,Internal,JabodetabekJAKARTA TIMURMINI VAN BOX,Dalam Kota,,,,3,REGULAR,8:45:00,515120,131400
260302C038,KLS,3/2/2026,CDELC,A8520VC,Bekasi,Jabodetabek,Solar,11.92,Customer,7,3.74,11,5,127056,#N/A,Jawa,BEKASI,CDE LONG CHASSIS,Internal,JabodetabekBEKASICDE LONG CHASSIS,Dalam Kota,,,,3,REGULAR,7:13:00,257560,#N/A
260302C039,KLS,3/2/2026,MVB,A8373VC,Jakarta Timur,Jabodetabek,Pertalite,11.73,Customer,2,5.0,5,2,192800,#N/A,Jawa,JAKARTA TIMUR,MINI VAN BOX,Internal,JabodetabekJAKARTA TIMURMINI VAN BOX,Dalam Kota,,,,3,REGULAR,7:55:00,257560,#N/A
260302C040,KLS,3/2/2026,MVB,A8983VB,Bekasi,Jabodetabek,Pertalite,8.75,Customer,12,5.0,5,8,146000,534960,Jawa,BEKASI,MINI VAN BOX,Internal,JabodetabekBEKASIMINI VAN BOX,Dalam Kota,,,,3,REGULAR,8:06:00,257560,131400
260302C041,KLS,3/2/2026,CDDLC,A8976XY,Bekasi,Jabodetabek,Solar,8.57,Customer,6,2.77,16,6,58276,762363,Jawa,BEKASI,CDD LONG CHASSIS,Internal,JabodetabekBEKASICDD LONG CHASSIS,Dalam Kota,,,,3,REGULAR,6:33:00,515120,188967
260302C042,KLS,3/2/2026,CDELC,A8159ZC,Bekasi,Jabodetabek,Solar,9.72,Customer,6,11.0,11,5,73096,771083,Jawa,BEKASI,CDE LONG CHASSIS,Internal,JabodetabekBEKASICDE LONG CHASSIS,Dalam Kota,,,,3,REGULAR,7:52:00,515120,182867
260302C043,KLS,3/2/2026,PICKUP,A8721ZV,Bekasi,Jabodetabek,Pertalite,9.38,Customer,18,3.0,3,10,110300,473693,Jawa,BEKASI,PICKUP,Internal,JabodetabekBEKASIPICKUP,Dalam Kota,,,,3,REGULAR,6:19:00,257560,105833
260302C046,KLS,3/2/2026,MOTOR,B5709BLU,Bekasi,Jabodetabek,Pertalite,1.7,Customer,9,0.14,0.14,8,17000,274590,Jawa,BEKASI,MOTOR BOX,Internal,JabodetabekBEKASIMOTOR BOX,Dalam Kota,,,,3,REGULAR,7:17:00,257560,30
260302C279,KLS,3/2/2026,MVB,A8876ZX,Bekasi,Jabodetabek,Pertalite,11.15,Customer,13,1.87,5,6,133000,452636,Jawa,BEKASI,MINI VAN BOX,Internal,JabodetabekBEKASIMINI VAN BOX,Dalam Kota,,,,3,REGULAR,7:39:00,257560,62076
260302C287,KLS,3/2/2026,CDDLC,A8961VB,Jakarta Utara,Jabodetabek,Solar,11.47,Customer,2,13.0,13,2,210996,781189,Jawa,JAKARTA UTARA,CDD PICK UP,Internal,JabodetabekJAKARTA UTARACDD PICK UP,Dalam Kota,,,,3,REGULAR,6:22:00,257560,312633
260302L012,KLS,3/2/2026,CDDLC,A8486VC,Cirebon,Jawa Barat,Solar,47.24,Store,1,13.0,13,1,793000,#N/A,Jawa,CIREBON,CDD PICK UP,Internal,Jawa BaratCIREBONCDD PICK UP,Luar Kota,,,,3,REGULAR,16:26:00,257560,#N/A
260302C323,KLS,3/2/2026,CDDLC,B9190SDB,Bekasi,Jabodetabek,,,Customer,1,13.0,13,1,,453793,Jawa,BEKASI,CDD PICK UP,Internal,JabodetabekBEKASICDD PICK UP,Dalam Kota,,,,3,REGULAR,33:26:00,257560,196233
260302C332,KLS,3/2/2026,CDDLC,A8908XY,Tangerang,Jabodetabek,Solar,28.1,Customer,1,10.2,16,1,447080,1130920,Jawa,TANGERANG,CDD LONG CHASSIS,Internal,JabodetabekTANGERANGCDD LONG CHASSIS,Dalam Kota,,,,3,REGULAR,9:04:00,515120,168720
260302S001,KLS,3/2/2026,CDELC,A8020VC,Jakarta Barat,Jabodetabek,,,Customer via Hub,12,2.6,11,4,,285700,Jawa,JAKARTA BARAT,CDE LONG CHASSIS,Internal,JabodetabekJAKARTA BARATCDE LONG CHASSIS,Dalam Kota,,,,3,REGULAR,8:08:00,,285700
260302S012,KLS,3/2/2026,MVB,A8437ZH,Tangerang,Jabodetabek,Pertalite,9.35,Customer via Hub,5,5.0,5,4,158000,268600,Jawa,TANGERANG,MINI VAN BOX,Internal,JabodetabekTANGERANGMINI VAN BOX,Dalam Kota,,,,3,REGULAR,7:11:00,,110600
260302S005,KLS,3/2/2026,CDELC,A8481ZH,Tangerang,Jabodetabek,Solar,11.32,Customer via Hub,12,11.0,11,4,116976,338143,Jawa,TANGERANG,CDE LONG CHASSIS,Internal,JabodetabekTANGERANGCDE LONG CHASSIS,Dalam Kota,,,,3,REGULAR,8:54:00,,221167
260302S004,KLS,3/2/2026,MVB,A8537ZF,Tangerang,Jabodetabek,Pertalite,14.35,Customer via Hub,9,2.39,5,2,143500,254100,Jawa,TANGERANG,MINI VAN BOX,Internal,JabodetabekTANGERANGMINI VAN BOX,Dalam Kota,,,,3,REGULAR,8:13:00,,110600
260302S007,KLS,3/2/2026,MVB,A8542XB,Jakarta Selatan,Jabodetabek,Pertalite,12.2,Customer via Hub,6,5.0,5,4,218000,218000,Jawa,JAKARTA SELATAN,MINI VAN BOX,Internal,JabodetabekJAKARTA SELATANMINI VAN BOX,Dalam Kota,,,,3,REGULAR,7:45:00,,0
260302S002,KLS,3/2/2026,CDELC,A8721VB,Cilegon,Banten,Solar,25.15,Customer via Hub,13,11.0,11,3,301020,586720,Jawa,CILEGON,CDE LONG CHASSIS,Internal,BantenCILEGONCDE LONG CHASSIS,Dalam Kota,,,,3,REGULAR,7:30:00,,285700
260302S013,KLS,3/2/2026,CDELC,A8757VB,Jakarta Utara,Jabodetabek,Solar,17.07,Customer via Hub,7,4.85,11,4,157076,442776,Jawa,JAKARTA UTARA,CDE LONG CHASSIS,Internal,JabodetabekJAKARTA UTARACDE LONG CHASSIS,Dalam Kota,,,,3,REGULAR,5:46:00,,285700
260302S003,KLS,3/2/2026,CDELC,A8759VB,Serang,Banten,Solar,20,Customer via Hub,17,11.0,11,5,194500,480200,Jawa,SERANG,CDE LONG CHASSIS,Internal,BantenSERANGCDE LONG CHASSIS,Dalam Kota,,,,3,REGULAR,7:09:00,,285700
260302S006,KLS,3/2/2026,CDELC,A8801XZ,Tangerang,Jabodetabek,Solar,10.15,Customer via Hub,16,2.4,8,4,86020,236753,Jawa,TANGERANG,CDE PICK UP,Internal,JabodetabekTANGERANGCDE PICK UP,Dalam Kota,,,,3,REGULAR,6:06:00,,150733
260302S008,KLS,3/2/2026,CDELC,A8910VB,Jakarta Selatan,Jabodetabek,Solar,6920.31,Customer via Hub,9,11.0,11,7,135964,421664,Jawa,JAKARTA SELATAN,CDE LONG CHASSIS,Internal,JabodetabekJAKARTA SELATANCDE LONG CHASSIS,Dalam Kota,,,,3,REGULAR,7:38:00,,285700
260302S009,KLS,3/2/2026,CDELC,A8912VB,Jakarta Pusat,Jabodetabek,Solar,11.83,Customer via Hub,4,11.0,11,3,71,265364,Jawa,JAKARTA PUSAT,CDE LONG CHASSIS,Internal,JabodetabekJAKARTA PUSATCDE LONG CHASSIS,Dalam Kota,,,,3,REGULAR,8:03:00,,265293
260303C006,KLS,3/3/2026,CDELC,A8339ZS,Jakarta Barat,Jabodetabek,Solar,14.23,Customer,1,8.0,8,1,161764,942484,Jawa,JAKARTA BARAT,CDE PICKUP,Internal,JabodetabekJAKARTA BARATCDE PICKUP,Dalam Kota,,,,3,REGULAR,6:51:00,515120,265600
260303C007,KLS,3/3/2026,CDDLC,A8961VB,Jakarta Timur,Jabodetabek,Solar,14.97,Customer,2,7.31,13,2,126796,696989,Jawa,JAKARTA TIMUR,CDD PICK UP,Internal,JabodetabekJAKARTA TIMURCDD PICK UP,Dalam Kota,,,,3,REGULAR,14:35:00,257560,312633
260303C008,KLS,3/3/2026,WINGBOX,B9064BEN,Jakarta Utara,Jabodetabek,Dexlite,2.51,Customer,1,42.0,42,1,301612,644604,Jawa,JAKARTA UTARA,WINGBOX,Internal,JabodetabekJAKARTA UTARAWINGBOX,Dalam Kota,,,,3,REGULAR,306:00:00,257560,85432
260303C009,KLS,3/3/2026,CDDLC,A8908XY,Bekasi,Jabodetabek,Solar,25.24,Customer,11,16.0,16,5,91660,775500,Jawa,BEKASI,CDD LONG CHASSIS,Internal,JabodetabekBEKASICDD LONG CHASSIS,Dalam Kota,,,,3,REGULAR,10:21:00,515120,168720
260303C010,KLS,3/3/2026,WINGBOX,B9068BEN,Jakarta Utara,Jabodetabek,Solar,25.39,Customer,2,13.38,42,1,303652,732076,Jawa,JAKARTA UTARA,WINGBOX,Internal,JabodetabekJAKARTA UTARAWINGBOX,Dalam Kota,,,,3,REGULAR,2:53:00,257560,170864
260303H002,KLS,3/3/2026,WINGBOX,B9064BEN,Jakarta Barat,Jabodetabek,Solar,29.46,HUB,204,32.12,42,4,282328,625320,Jawa,JAKARTA BARAT,WINGBOX,Internal,JabodetabekJAKARTA BARATWINGBOX,Dalam Kota,,,,3,REGULAR,6:39:00,257560,85432
260303C011,KLS,3/3/2026,MVB,B9320SCE,Bogor,Jabodetabek,Pertalite,17.48,Customer,6,1.34,5,5,232300,576000,Jawa,BOGOR,MINI VAN BOX,Internal,JabodetabekBOGORMINI VAN BOX,Dalam Kota,,,,3,REGULAR,9:49:00,257560,86140
260303C012,KLS,3/3/2026,CDELC,A8486VC,Jakarta Utara,Jabodetabek,Solar,15.09,Customer,5,2.29,8,2,287612,#N/A,Jawa,JAKARTA UTARA,CDE PICKUP,Internal,JabodetabekJAKARTA UTARACDE PICKUP,Dalam Kota,,,,3,REGULAR,-1:23:00,257560,#N/A
260303C013,KLS,3/3/2026,MVB,A8876ZX,Jakarta Utara,Jabodetabek,Pertalite,11.27,Customer,13,5.0,5,5,183700,503336,Jawa,JAKARTA UTARA,MINI VAN BOX,Internal,JabodetabekJAKARTA UTARAMINI VAN BOX,Dalam Kota,,,,3,REGULAR,8:37:00,257560,62076
260303C014,KLS,3/3/2026,MVB,A8553VB,Jakarta Timur,Jabodetabek,Pertalite,9.79,Customer,10,5.0,5,7,130900,519860,Jawa,JAKARTA TIMUR,MINI VAN BOX,Internal,JabodetabekJAKARTA TIMURMINI VAN BOX,Dalam Kota,,,,3,REGULAR,8:24:00,257560,131400
260303C015,KLS,3/3/2026,PICKUP,A8721ZV,Bogor,Jabodetabek,Pertalite,14.93,Customer,19,1.87,3,8,264300,885253,Jawa,BOGOR,PICKUP,Internal,JabodetabekBOGORPICKUP,Dalam Kota,,,,3,REGULAR,10:33:00,515120,105833
260303C017,KLS,3/3/2026,MVB,A8983VB,Bekasi,Jabodetabek,Pertalite,8.71,Customer,10,1.17,5,5,158100,804620,Jawa,BEKASI,MINI VAN BOX,Internal,JabodetabekBEKASIMINI VAN BOX,Dalam Kota,,,,3,REGULAR,-0:14:00,515120,131400
260303C018,KLS,3/3/2026,CDELC,A8503ZX,Bekasi,Jabodetabek,Solar,11.35,Customer,16,2.64,8,10,77180,744767,Jawa,BEKASI,CDE,Internal,JabodetabekBEKASICDE,Dalam Kota,,,,3,REGULAR,6:46:00,515120,152467
260303C020,KLS,3/3/2026,CDELC,A8098ZH,Karawang Selatan,Jabodetabek,Solar,18.61,Customer,27,1.86,11,4,220048,698775,Jawa,KARAWANG SELATAN,CDE LONG CHASSIS,Internal,JabodetabekKARAWANG SELATANCDE LONG CHASSIS,Dalam Kota,,,,3,REGULAR,8:39:00,257560,221167
260303C021,KLS,3/3/2026,CDELC,A8048ZX,Purwakarta,Jawa Barat,Solar,13.94,Customer,4,1.84,11,3,148792,558819,Jawa,PURWAKARTA,CDE LONG CHASSIS,Internal,Jawa BaratPURWAKARTACDE LONG CHASSIS,Dalam Kota,,,,3,REGULAR,8:47:00,257560,152467
260303C022,KLS,3/3/2026,CDELC,A8476VC,Karawang Selatan,Jabodetabek,Solar,13.53,Customer,11,11.0,11,6,119004,#N/A,Jawa,KARAWANG SELATAN,CDE LONG CHASSIS,Internal,JabodetabekKARAWANG SELATANCDE LONG CHASSIS,Dalam Kota,,,,3,REGULAR,7:40:00,515120,#N/A
260303C023,KLS,3/3/2026,CDELC,A8505VC,Karawang Selatan,Jabodetabek,Solar,13.58,Customer,18,1.25,11,13,125344,#N/A,Jawa,KARAWANG SELATAN,CDE LONG CHASSIS,Internal,JabodetabekKARAWANG SELATANCDE LONG CHASSIS,Dalam Kota,,,,3,REGULAR,7:13:00,515120,#N/A
260303C024,KLS,3/3/2026,MVB,B9642SCE,Bekasi,Jabodetabek,Pertalite,11.01,Customer,9,3.29,5,3,119100,726987,Jawa,BEKASI,MINI VAN BOX,Internal,JabodetabekBEKASIMINI VAN BOX,Dalam Kota,,,,3,REGULAR,7:29:00,515120,92767
260303C050,KLS,3/3/2026,MVB,A8304VC,Bogor,Jabodetabek,Pertalite,17.34,Customer,15,2.49,5,5,185400,#N/A,Jawa,BOGOR,MINI VAN BOX,Internal,JabodetabekBOGORMINI VAN BOX,Dalam Kota,,,,3,REGULAR,16:59:00,515120,#N/A
260303C051,KLS,3/3/2026,CDELC,A8002XW,Depok,Jabodetabek,Solar,20.93,Customer,17,11.0,11,7,301324,968911,Jawa,DEPOK,CDE LONG CHASSIS,Internal,JabodetabekDEPOKCDE LONG CHASSIS,Dalam Kota,,,,3,REGULAR,10:19:00,515120,152467
260303C052,KLS,3/3/2026,MVB,A8373VC,Jakarta Timur,Jabodetabek,Pertalite,11.41,Customer,9,5.0,5,6,160100,#N/A,Jawa,JAKARTA TIMUR,MINI VAN BOX,Internal,JabodetabekJAKARTA TIMURMINI VAN BOX,Dalam Kota,,,,3,REGULAR,8:10:00,257560,#N/A
260303C053,KLS,3/3/2026,CDELC,A8520VC,Bekasi,Jabodetabek,Solar,11.62,Customer,25,2.83,11,9,135516,#N/A,Jawa,BEKASI,CDE LONG CHASSIS,Internal,JabodetabekBEKASICDE LONG CHASSIS,Dalam Kota,,,,3,REGULAR,7:49:00,515120,#N/A
260303C257,KLS,3/3/2026,CDELC,B9044BRO,Jakarta Timur,Jabodetabek,Solar,16.73,Customer,2,10.83,11,1,172264,858248,Jawa,JAKARTA TIMUR,CDE LONG CHASSIS,Internal,JabodetabekJAKARTA TIMURCDE LONG CHASSIS,Dalam Kota,,,,3,REGULAR,6:25:00,515120,170864
260303C258,KLS,3/3/2026,MVB,A8017VC,Jakarta Utara,Jabodetabek,Pertalite,12.28,Customer,14,5.0,5,5,175800,976620,Jawa,JAKARTA UTARA,MINI VAN BOX,Internal,JabodetabekJAKARTA UTARAMINI VAN BOX,Dalam Kota,,,,3,REGULAR,8:42:00,515120,285700
260303C266,KLS,3/3/2026,MOTOR,B5709BLU,Bekasi,Jabodetabek,Pertalite,1.49,Customer,9,0.14,0.14,7,14900,272490,Jawa,BEKASI,MOTOR BOX,Internal,JabodetabekBEKASIMOTOR BOX,Dalam Kota,,,,3,REGULAR,7:52:00,257560,30
260303L008,KLS,3/3/2026,CDDLC,A8976XY,Bandung,Jawa Barat,Solar,28.54,Store,44,9.1,16,1,807000,1253527,Jawa,BANDUNG,CDD LONG CHASSIS,Internal,Jawa BaratBANDUNGCDD LONG CHASSIS,Luar Kota,,,,3,REGULAR,13:51:00,257560,188967
260303C312,KLS,3/3/2026,CDDLC,B9190SDB,Jakarta Utara,Jabodetabek,Solar,16.22,Customer,4,3.17,13,3,215796,669589,Jawa,JAKARTA UTARA,CDD PICK UP,Internal,JabodetabekJAKARTA UTARACDD PICK UP,Dalam Kota,,,,3,REGULAR,5:58:00,257560,196233
260303C313,KLS,3/3/2026,CDDLC,A8288YX,Tangerang,Jabodetabek,Solar,27.28,Customer,2,4.63,16,2,301504,1005591,Jawa,TANGERANG,CDD LONG CHASSIS,Internal,JabodetabekTANGERANGCDD LONG CHASSIS,Dalam Kota,,,,3,REGULAR,10:31:00,515120,188967
260303C333,KLS,3/3/2026,MVB,A8504ZX,Karawang Selatan,Jabodetabek,Pertalite,7.21,Customer,6,5.0,5,2,110100,441760,Jawa,KARAWANG SELATAN,MINI VAN BOX,Internal,JabodetabekKARAWANG SELATANMINI VAN BOX,Dalam Kota,,,,3,REGULAR,4:56:00,257560,74100
260303C344,KLS,3/3/2026,CDELC,A8159ZC,Jakarta Barat,Jabodetabek,Solar,15.49,Customer,3,1.78,11,3,179332,619759,Jawa,JAKARTA BARAT,CDE LONG CHASSIS,Internal,JabodetabekJAKARTA BARATCDE LONG CHASSIS,Dalam Kota,,,,3,REGULAR,2:23:00,257560,182867
260303C354,KLS,3/3/2026,MVB,A8373VC,Karawang Selatan,Jabodetabek,Pertalite,4.74,Customer,1,5.0,5,1,80400,#N/A,Jawa,KARAWANG SELATAN,MINI VAN BOX,Internal,JabodetabekKARAWANG SELATANMINI VAN BOX,Dalam Kota,,,,3,NON REGULAR,3:10:00,257560,#N/A
260303S003,KLS,3/3/2026,CDELC,A8020VC,Serang,Banten,Solar,21.33,Customer via Hub,17,3.19,11,8,145044,430744,Jawa,SERANG,CDE LONG CHASSIS,Internal,BantenSERANGCDE LONG CHASSIS,Dalam Kota,,,,3,REGULAR,12:41:00,,285700
260303S010,KLS,3/3/2026,MVB,A8437ZH,Jakarta Selatan,Jabodetabek,Pertalite,16.09,Customer via Hub,18,1.61,5,8,166400,277000,Jawa,JAKARTA SELATAN,MINI VAN BOX,Internal,JabodetabekJAKARTA SELATANMINI VAN BOX,Dalam Kota,,,,3,REGULAR,9:38:00,,110600
260303S001,KLS,3/3/2026,CDELC,A8481ZH,Jakarta Barat,Jabodetabek,,,Customer via Hub,19,11.0,11,7,,221167,Jawa,JAKARTA BARAT,CDE LONG CHASSIS,Internal,JabodetabekJAKARTA BARATCDE LONG CHASSIS,Dalam Kota,,,,3,REGULAR,10:31:00,,221167
260303S008,KLS,3/3/2026,MVB,A8537ZF,Tangerang,Jabodetabek,Pertalite,10562.5,Customer via Hub,15,1.87,5,9,136000,246600,Jawa,TANGERANG,MINI VAN BOX,Internal,JabodetabekTANGERANGMINI VAN BOX,Dalam Kota,,,,3,REGULAR,8:11:00,,110600
260303S009,KLS,3/3/2026,MVB,A8542XB,Jakarta Selatan,Jabodetabek,Pertalite,11.35,Customer via Hub,14,1.51,5,8,230000,230000,Jawa,JAKARTA SELATAN,MINI VAN BOX,Internal,JabodetabekJAKARTA SELATANMINI VAN BOX,Dalam Kota,,,,3,REGULAR,10:02:00,,0
260303S012,KLS,3/3/2026,CDELC,A8717VB,Jakarta Utara,Jabodetabek,Solar,14.71,Customer via Hub,26,11.0,11,6,100028,385728,Jawa,JAKARTA UTARA,CDE LONG CHASSIS,Internal,JabodetabekJAKARTA UTARACDE LONG CHASSIS,Dalam Kota,,,,3,REGULAR,7:59:00,,285700
260303S002,KLS,3/3/2026,CDELC,A8721VB,Cilegon,Banten,Solar,27.63,Customer via Hub,9,3.2,11,5,322884,608584,Jawa,CILEGON,CDE LONG CHASSIS,Internal,BantenCILEGONCDE LONG CHASSIS,Dalam Kota,,,,3,REGULAR,10:32:00,,285700
260303S005,KLS,3/3/2026,CDELC,A8757VB,Tangerang,Jabodetabek,Solar,10.81,Customer via Hub,16,11.0,11,5,133508,419208,Jawa,TANGERANG,CDE LONG CHASSIS,Internal,JabodetabekTANGERANGCDE LONG CHASSIS,Dalam Kota,,,,3,REGULAR,8:47:00,,285700
260303S011,KLS,3/3/2026,CDELC,A8759VB,Jakarta Pusat,Jabodetabek,Solar,18.33,Customer via Hub,16,11.0,11,6,110,285810,Jawa,JAKARTA PUSAT,CDE LONG CHASSIS,Internal,JabodetabekJAKARTA PUSATCDE LONG CHASSIS,Dalam Kota,,,,3,REGULAR,10:48:00,,285700
260303S007,KLS,3/3/2026,CDELC,A8910VB,Tangerang,Jabodetabek,Solar,13.69,Customer via Hub,23,4.55,11,9,163592,449292,Jawa,TANGERANG,CDE LONG CHASSIS,Internal,JabodetabekTANGERANGCDE LONG CHASSIS,Dalam Kota,,,,3,REGULAR,9:20:00,,285700
260303S006,KLS,3/3/2026,CDELC,A8912VB,Tangerang,Jabodetabek,Solar,16.63,Customer via Hub,22,6.45,11,2,162584,427877,Jawa,TANGERANG,CDE LONG CHASSIS,Internal,JabodetabekTANGERANGCDE LONG CHASSIS,Dalam Kota,,,,3,REGULAR,12:08:00,,265293
260304C001,KLS,3/4/2026,CDELC,A8339ZS,Serang,Banten,Solar,18.86,Customer,,8.0,8,1,170248,693408,Jawa,SERANG,CDE PICKUP,Internal,BantenSERANGCDE PICKUP,Dalam Kota,,,,3,REGULAR,8:13:00,257560,265600
260304H011,KLS,3/4/2026,WINGBOX,B9055BEN,Jakarta Barat,Jabodetabek,Solar,32.94,HUB,151,17.89,42,3,301992,644984,Jawa,JAKARTA BARAT,WINGBOX,Internal,JabodetabekJAKARTA BARATWINGBOX,Dalam Kota,,,,3,REGULAR,6:59:00,257560,85432
260304C023,KLS,3/4/2026,MVB,B9320SCE,Bogor,Jabodetabek,Pertalite,14.67,Customer,12,1.56,5,1,191700,492330,Jawa,BOGOR,MINI VAN BOX,Internal,JabodetabekBOGORMINI VAN BOX,Dalam Kota,,,,3,REGULAR,7:43:00,257560,43070
260304C024,KLS,3/4/2026,CDELC,A8432ZS,Bogor,Jabodetabek,Solar,17.17,Customer,5,11.0,11,1,182756,697366,Jawa,BOGOR,CDE LONG CHASSIS,Internal,JabodetabekBOGORCDE LONG CHASSIS,Dalam Kota,,,,3,REGULAR,7:35:00,257560,257050
260304C025,KLS,3/4/2026,CDELC,A8503ZX,Bogor,Jabodetabek,Solar,13.71,Customer,8,8.0,8,1,164228,574255,Jawa,BOGOR,CDE,Internal,JabodetabekBOGORCDE,Dalam Kota,,,,3,REGULAR,7:31:00,257560,152467
260304C026,KLS,3/4/2026,MVB,A8876ZX,Depok,Jabodetabek,Pertalite,12.35,Customer,12,2.99,5,1,212000,531636,Jawa,DEPOK,MINI VAN BOX,Internal,JabodetabekDEPOKMINI VAN BOX,Dalam Kota,,,,3,REGULAR,7:19:00,257560,62076
260304C027,KLS,3/4/2026,MVB,A8373VC,Jakarta Timur,Jabodetabek,Pertalite,9.07,Customer,4,5.0,5,1,140700,#N/A,Jawa,JAKARTA TIMUR,MINI VAN BOX,Internal,JabodetabekJAKARTA TIMURMINI VAN BOX,Dalam Kota,,,,3,REGULAR,7:10:00,257560,#N/A
260304C028,KLS,3/4/2026,MVB,A8553VB,Jakarta Timur,Jabodetabek,Pertalite,13.45,Customer,10,5.0,5,2,184500,831020,Jawa,JAKARTA TIMUR,MINI VAN BOX,Internal,JabodetabekJAKARTA TIMURMINI VAN BOX,Dalam Kota,,,,3,REGULAR,9:16:00,515120,131400
260304C029,KLS,3/4/2026,CDDLC,B9190SDB,Bogor,Jabodetabek,Solar,14.91,Customer,1,13.0,13,1,166888,878241,Jawa,BOGOR,CDD PICK UP,Internal,JabodetabekBOGORCDD PICK UP,Dalam Kota,,,,3,REGULAR,6:36:00,515120,196233
260304C030,KLS,3/4/2026,CDELC,A8098ZH,Jakarta Utara,Jabodetabek,Solar,14.86,Customer,2,11.0,11,2,223048,701775,Jawa,JAKARTA UTARA,CDE LONG CHASSIS,Internal,JabodetabekJAKARTA UTARACDE LONG CHASSIS,Dalam Kota,,,,3,REGULAR,9:35:00,257560,221167
260304C031,KLS,3/4/2026,CDELC,B9044BRO,Jakarta Utara,Jabodetabek,Solar,12.98,Customer,10,8.54,11,3,174264,602688,Jawa,JAKARTA UTARA,CDE LONG CHASSIS,Internal,JabodetabekJAKARTA UTARACDE LONG CHASSIS,Dalam Kota,,,,3,REGULAR,9:35:00,257560,170864
260304C032,KLS,3/4/2026,MVB,A8017VC,Jakarta Utara,Jabodetabek,Pertalite,11.61,Customer,9,1.29,5,1,174100,717360,Jawa,JAKARTA UTARA,MINI VAN BOX,Internal,JabodetabekJAKARTA UTARAMINI VAN BOX,Dalam Kota,,,,3,REGULAR,7:01:00,257560,285700
260304C033,KLS,3/4/2026,MVB,A8983VB,Bekasi,Jabodetabek,Pertalite,8.8,Customer,5,5.0,5,4,141000,529960,Jawa,BEKASI,MINI VAN BOX,Internal,JabodetabekBEKASIMINI VAN BOX,Dalam Kota,,,,3,REGULAR,7:14:00,257560,131400
260304C034,KLS,3/4/2026,MVB,A8304VC,Bekasi,Jabodetabek,Pertalite,9.92,Customer,16,2.45,5,1,140700,#N/A,Jawa,BEKASI,MINI VAN BOX,Internal,JabodetabekBEKASIMINI VAN BOX,Dalam Kota,,,,3,REGULAR,6:25:00,515120,#N/A
260304C035,KLS,3/4/2026,CDELC,A8048ZX,Purwakarta,Jawa Barat,Solar,16.93,Customer,7,11.0,11,1,169124,836711,Jawa,PURWAKARTA,CDE LONG CHASSIS,Internal,Jawa BaratPURWAKARTACDE LONG CHASSIS,Dalam Kota,,,,3,REGULAR,6:53:00,515120,152467
260304C037,KLS,3/4/2026,CDELC,A8505VC,Karawang Selatan,Jabodetabek,Solar,10.79,Customer,9,11.0,11,1,114372,#N/A,Jawa,KARAWANG SELATAN,CDE LONG CHASSIS,Internal,JabodetabekKARAWANG SELATANCDE LONG CHASSIS,Dalam Kota,,,,3,REGULAR,7:28:00,257560,#N/A
260304C038,KLS,3/4/2026,CDELC,A8476VC,Karawang Selatan,Jabodetabek,Solar,13.36,Customer,7,11.0,11,3,144848,#N/A,Jawa,KARAWANG SELATAN,CDE LONG CHASSIS,Internal,JabodetabekKARAWANG SELATANCDE LONG CHASSIS,Dalam Kota,,,,3,REGULAR,7:30:00,257560,#N/A
260304C039,KLS,3/4/2026,MVB,A8504ZX,Karawang Selatan,Jabodetabek,Pertalite,14.59,Customer,17,5.0,5,5,302900,634560,Jawa,KARAWANG SELATAN,MINI VAN BOX,Internal,JabodetabekKARAWANG SELATANMINI VAN BOX,Dalam Kota,,,,3,REGULAR,9:43:00,257560,74100
260304C041,KLS,3/4/2026,CDELC,A8520VC,Bekasi,Jabodetabek,Solar,11.22,Customer,14,3.85,11,1,83296,#N/A,Jawa,BEKASI,CDE LONG CHASSIS,Internal,JabodetabekBEKASICDE LONG CHASSIS,Dalam Kota,,,,3,REGULAR,7:38:00,515120,#N/A
260304C042,KLS,3/4/2026,CDDLC,A8288YX,Bekasi,Jabodetabek,Solar,11.75,Customer,8,16.0,16,1,79900,783987,Jawa,BEKASI,CDD LONG CHASSIS,Internal,JabodetabekBEKASICDD LONG CHASSIS,Dalam Kota,,,,3,REGULAR,6:55:00,515120,188967
260304C043,KLS,3/4/2026,CDELC,A8159ZC,Bekasi,Jabodetabek,Solar,8.58,Customer,18,2.06,11,1,58344,756331,Jawa,BEKASI,CDE LONG CHASSIS,Internal,JabodetabekBEKASICDE LONG CHASSIS,Dalam Kota,,,,3,REGULAR,6:11:00,515120,182867
260304C045,KLS,3/4/2026,MOTOR,B5709BLU,Bekasi,Jabodetabek,Pertalite,1.15,Customer,8,0.14,0.14,1,11500,269090,Jawa,BEKASI,MOTOR BOX,Internal,JabodetabekBEKASIMOTOR BOX,Dalam Kota,,,,3,REGULAR,7:07:00,257560,30
260304C049,KLS,3/4/2026,WINGBOX,B9068BEN,Jakarta Utara,Jabodetabek,Solar,39.71,Customer,1,42.0,42,1,351028,779452,Jawa,JAKARTA UTARA,WINGBOX,Internal,JabodetabekJAKARTA UTARAWINGBOX,Dalam Kota,,,,3,REGULAR,9:40:00,257560,170864
260304C244,KLS,3/4/2026,CDDLC,A8908XY,Jakarta Utara,Jabodetabek,Solar,32.76,Customer,1,13.0,16,1,419786,1103626,Jawa,JAKARTA UTARA,CDD LONG CHASSIS,Internal,JabodetabekJAKARTA UTARACDD LONG CHASSIS,Dalam Kota,,,,3,REGULAR,13:12:00,515120,168720
260304C271,KLS,3/4/2026,CDELC,A8486VC,Jakarta Utara,Jabodetabek,Solar,11.49,Customer,1,8.0,8,1,247632,#N/A,Jawa,JAKARTA UTARA,CDE PICKUP,Internal,JabodetabekJAKARTA UTARACDE PICKUP,Dalam Kota,,,,3,REGULAR,5:43:00,257560,#N/A
260304C272,KLS,3/4/2026,CDDLC,A8961VB,Jakarta Utara,Jabodetabek,Solar,9.49,Customer,1,13.0,13,1,177532,747725,Jawa,JAKARTA UTARA,CDD PICK UP,Internal,JabodetabekJAKARTA UTARACDD PICK UP,Dalam Kota,,,,3,REGULAR,5:50:00,257560,312633
260304C273,KLS,3/4/2026,MVB,B9642SCE,Karawang Selatan,Jabodetabek,Pertalite,10.71,Customer,7,5.0,5,6,150600,500927,Jawa,KARAWANG SELATAN,MINI VAN BOX,Internal,JabodetabekKARAWANG SELATANMINI VAN BOX,Dalam Kota,,,,3,REGULAR,5:35:00,257560,92767
260304C284,KLS,3/4/2026,CDELC,A8002XW,Jakarta Utara,Jabodetabek,Solar,20.17,Customer,1,11.0,11,1,254656,922243,Jawa,JAKARTA UTARA,CDE LONG CHASSIS,Internal,JabodetabekJAKARTA UTARACDE LONG CHASSIS,Dalam Kota,,,,3,REGULAR,7:03:00,515120,152467
260304C285,KLS,3/4/2026,PICKUP,A8721ZV,Bekasi,Jabodetabek,Pertalite,392,Customer,2,3.0,3,1,39200,402593,Jawa,BEKASI,PICKUP,Internal,JabodetabekBEKASIPICKUP,Dalam Kota,,,,3,REGULAR,4:47:00,257560,105833
260304C305,KLS,3/4/2026,MVB,B9320SCE,Karawang Utara,Jabodetabek,Pertalite,6.72,Customer,2,5.0,5,2,100200,400830,Jawa,KARAWANG UTARA,MINI VAN BOX,Internal,JabodetabekKARAWANG UTARAMINI VAN BOX,Dalam Kota,,,,3,NON REGULAR,3:50:00,257560,43070
260304S001,KLS,3/4/2026,CDELC,A8020VC,Jakarta Barat,Jabodetabek,,,Customer via Hub,14,2.86,11,3,,285700,Jawa,JAKARTA BARAT,CDE LONG CHASSIS,Internal,JabodetabekJAKARTA BARATCDE LONG CHASSIS,Dalam Kota,,,,3,REGULAR,9:35:00,,285700
260304S004,KLS,3/4/2026,MVB,A8437ZH,Tangerang,Jabodetabek,Pertalite,7.5,Customer via Hub,9,5.0,5,3,107500,218100,Jawa,TANGERANG,MINI VAN BOX,Internal,JabodetabekTANGERANGMINI VAN BOX,Dalam Kota,,,,3,REGULAR,6:48:00,,110600
260304S007,KLS,3/4/2026,MVB,A8537ZF,Tangerang,Jabodetabek,Pertalite,13,Customer via Hub,13,5.0,5,9,219500,330100,Jawa,TANGERANG,MINI VAN BOX,Internal,JabodetabekTANGERANGMINI VAN BOX,Dalam Kota,,,,3,REGULAR,10:19:00,,110600
260304S009,KLS,3/4/2026,MVB,A8542XB,Jakarta Selatan,Jabodetabek,Pertalite,9.85,Customer via Hub,15,1.38,5,6,105500,105500,Jawa,JAKARTA SELATAN,MINI VAN BOX,Internal,JabodetabekJAKARTA SELATANMINI VAN BOX,Dalam Kota,,,,3,REGULAR,10:10:00,,0
260304S012,KLS,3/4/2026,CDELC,A8717VB,Jakarta Utara,Jabodetabek,Solar,20.6,Customer via Hub,12,2.9,11,6,199580,485280,Jawa,JAKARTA UTARA,CDE LONG CHASSIS,Internal,JabodetabekJAKARTA UTARACDE LONG CHASSIS,Dalam Kota,,,,3,REGULAR,10:30:00,,285700
260304S003,KLS,3/4/2026,CDELC,A8721VB,Cilegon,Banten,Solar,36.06,Customer via Hub,11,11.0,11,2,375208,660908,Jawa,CILEGON,CDE LONG CHASSIS,Internal,BantenCILEGONCDE LONG CHASSIS,Dalam Kota,,,,3,REGULAR,10:52:00,,285700
260304S011,KLS,3/4/2026,CDELC,A8757VB,Tangerang,Jabodetabek,Solar,14.16,Customer via Hub,10,11.0,11,4,96288,381988,Jawa,TANGERANG,CDE LONG CHASSIS,Internal,JabodetabekTANGERANGCDE LONG CHASSIS,Dalam Kota,,,,3,REGULAR,7:04:00,,285700
260304S005,KLS,3/4/2026,CDELC,A8759VB,Tangerang,Jabodetabek,Solar,19.12,Customer via Hub,19,4.06,11,8,177035,462735,Jawa,TANGERANG,CDE LONG CHASSIS,Internal,JabodetabekTANGERANGCDE LONG CHASSIS,Dalam Kota,,,,3,REGULAR,9:49:00,,285700
260304S002,KLS,3/4/2026,CDELC,A8801XZ,Serang,Banten,Solar,22.35,Customer via Hub,16,4.67,8,2,152000,302733,Jawa,SERANG,CDE PICK UP,Internal,BantenSERANGCDE PICK UP,Dalam Kota,,,,3,REGULAR,12:35:00,,150733
260304S006,KLS,3/4/2026,CDELC,A8910VB,Tangerang,Jabodetabek,Solar,7140,Customer via Hub,29,2.81,11,3,149960,435660,Jawa,TANGERANG,CDE LONG CHASSIS,Internal,JabodetabekTANGERANGCDE LONG CHASSIS,Dalam Kota,,,,3,REGULAR,8:11:00,,285700
260304S010,KLS,3/4/2026,CDELC,A8912VB,Jakarta Pusat,Jabodetabek,Solar,16.67,Customer via Hub,15,11.0,11,5,100,265393,Jawa,JAKARTA PUSAT,CDE LONG CHASSIS,Internal,JabodetabekJAKARTA PUSATCDE LONG CHASSIS,Dalam Kota,,,,3,REGULAR,12:07:00,,265293
260305C024,KLS,3/5/2026,MVB,A8983VB,Bekasi,Jabodetabek,Pertalite,8.04,Customer,10,1.44,5,7,158900,805420,Jawa,BEKASI,MINI VAN BOX,Internal,JabodetabekBEKASIMINI VAN BOX,Dalam Kota,,,,3,REGULAR,8:08:00,515120,131400
260305C025,KLS,3/5/2026,MVB,A8304VC,Bekasi,Jabodetabek,Pertalite,11.84,Customer,10,5.0,5,6,173400,#N/A,Jawa,BEKASI,MINI VAN BOX,Internal,JabodetabekBEKASIMINI VAN BOX,Dalam Kota,,,,3,REGULAR,8:04:00,257560,#N/A
260305C026,KLS,3/5/2026,MVB,B9642SCE,Bogor,Jabodetabek,Pertalite,12.77,Customer,14,1.16,5,7,191200,799087,Jawa,BOGOR,MINI VAN BOX,Internal,JabodetabekBOGORMINI VAN BOX,Dalam Kota,,,,3,REGULAR,7:54:00,515120,92767
260305C028,KLS,3/5/2026,CDDLC,B9190SDB,Bekasi,Jabodetabek,Solar,13.52,Customer,10,4.73,13,7,91936,803289,Jawa,BEKASI,CDD PICK UP,Internal,JabodetabekBEKASICDD PICK UP,Dalam Kota,,,,3,REGULAR,7:12:00,515120,196233
260305C029,KLS,3/5/2026,MOTOR,B5709BLU,Bekasi,Jabodetabek,Pertalite,0.81,Customer,9,0.14,0.14,5,8100,265690,Jawa,BEKASI,MOTOR BOX,Internal,JabodetabekBEKASIMOTOR BOX,Dalam Kota,,,,3,REGULAR,6:20:00,257560,30
260305C030,KLS,3/5/2026,CDDLC,A8976XY,Bekasi,Jabodetabek,Solar,12.69,Customer,16,2.76,16,5,105292,809379,Jawa,BEKASI,CDD LONG CHASSIS,Internal,JabodetabekBEKASICDD LONG CHASSIS,Dalam Kota,,,,3,REGULAR,7:27:00,515120,188967
260305H010,KLS,3/5/2026,WINGBOX,B9068BEN,Jakarta Barat,Jabodetabek,Solar,33.58,HUB,211,39.47,42,4,310344,653336,Jawa,JAKARTA BARAT,WINGBOX,Internal,JabodetabekJAKARTA BARATWINGBOX,Dalam Kota,,,,3,REGULAR,8:37:00,257560,85432
260305C032,KLS,3/5/2026,MVB,A8553VB,Jakarta Timur,Jabodetabek,Pertalite,11.96,Customer,12,5.0,5,9,159600,806120,Jawa,JAKARTA TIMUR,MINI VAN BOX,Internal,JabodetabekJAKARTA TIMURMINI VAN BOX,Dalam Kota,,,,3,REGULAR,8:43:00,515120,131400
260305C033,KLS,3/5/2026,MVB,A8017VC,Jakarta Utara,Jabodetabek,Pertalite,14.52,Customer,13,2.13,5,8,199200,1000020,Jawa,JAKARTA UTARA,MINI VAN BOX,Internal,JabodetabekJAKARTA UTARAMINI VAN BOX,Dalam Kota,,,,3,REGULAR,9:36:00,515120,285700
260305C035,KLS,3/5/2026,CDELC,A8505VC,Karawang Selatan,Jabodetabek,Solar,16.09,Customer,26,11.0,11,10,109412,#N/A,Jawa,KARAWANG SELATAN,CDE LONG CHASSIS,Internal,JabodetabekKARAWANG SELATANCDE LONG CHASSIS,Dalam Kota,,,,3,REGULAR,14:50:00,515120,#N/A
260305C036,KLS,3/5/2026,CDELC,A8476VC,Karawang Selatan,Jabodetabek,Solar,17.46,Customer,15,6.96,11,9,172728,#N/A,Jawa,KARAWANG SELATAN,CDE LONG CHASSIS,Internal,JabodetabekKARAWANG SELATANCDE LONG CHASSIS,Dalam Kota,,,,3,REGULAR,8:10:00,515120,#N/A
260305C037,KLS,3/5/2026,CDELC,A8048ZX,Purwakarta,Jawa Barat,Solar,18.48,Customer,12,11.0,11,9,187664,855251,Jawa,PURWAKARTA,CDE LONG CHASSIS,Internal,Jawa BaratPURWAKARTACDE LONG CHASSIS,Dalam Kota,,,,3,REGULAR,8:58:00,515120,152467
260305C038,KLS,3/5/2026,CDDLC,A8961VB,Jakarta Utara,Jabodetabek,Solar,21.1,Customer,7,3.66,13,5,293980,1121733,Jawa,JAKARTA UTARA,CDD PICK UP,Internal,JabodetabekJAKARTA UTARACDD PICK UP,Dalam Kota,,,,3,REGULAR,7:07:00,515120,312633
260305C039,KLS,3/5/2026,PICKUP,A8721ZV,Purwakarta,Jawa Barat,Pertalite,13.31,Customer,14,1.34,3,8,183600,804553,Jawa,PURWAKARTA,PICKUP,Internal,Jawa BaratPURWAKARTAPICKUP,Dalam Kota,,,,3,REGULAR,8:26:00,515120,105833
260305C040,KLS,3/5/2026,CDELC,A8503ZX,Bogor,Jabodetabek,Solar,24.38,Customer,16,2.02,8,8,250784,660811,Jawa,BOGOR,CDE,Internal,JabodetabekBOGORCDE,Dalam Kota,,,,3,REGULAR,9:40:00,257560,152467
260305C041,KLS,3/5/2026,CDELC,A8002XW,Depok,Jabodetabek,Solar,18.42,Customer,15,1.25,11,12,245756,913343,Jawa,DEPOK,CDE LONG CHASSIS,Internal,JabodetabekDEPOKCDE LONG CHASSIS,Dalam Kota,,,,3,REGULAR,8:04:00,515120,152467
260305C042,KLS,3/5/2026,CDELC,A8520VC,Jakarta Selatan,Jabodetabek,Solar,11.97,Customer,3,11.0,11,2,134396,#N/A,Jawa,JAKARTA SELATAN,CDE LONG CHASSIS,Internal,JabodetabekJAKARTA SELATANCDE LONG CHASSIS,Dalam Kota,,,,3,REGULAR,7:09:00,515120,#N/A
260305C043,KLS,3/5/2026,MVB,A8373VC,Jakarta Timur,Jabodetabek,Pertalite,11.25,Customer,6,1.95,5,6,173000,#N/A,Jawa,JAKARTA TIMUR,MINI VAN BOX,Internal,JabodetabekJAKARTA TIMURMINI VAN BOX,Dalam Kota,,,,3,REGULAR,7:49:00,257560,#N/A
260305C044,KLS,3/5/2026,CDELC,B9044BRO,Jakarta Utara,Jabodetabek,Solar,16.31,Customer,15,1.85,11,8,222908,908892,Jawa,JAKARTA UTARA,CDE LONG CHASSIS,Internal,JabodetabekJAKARTA UTARACDE LONG CHASSIS,Dalam Kota,,,,3,REGULAR,9:04:00,515120,170864
260305C045,KLS,3/5/2026,CDDLC,A8908XY,Bekasi,Jabodetabek,Solar,5.83,Customer,12,2.34,16,4,39644,723484,Jawa,BEKASI,CDD LONG CHASSIS,Internal,JabodetabekBEKASICDD LONG CHASSIS,Dalam Kota,,,,3,REGULAR,6:59:00,515120,168720
260305C217,KLS,3/5/2026,MVB,B9320SCE,Bogor,Jabodetabek,Pertalite,18.18,Customer,6,1.08,5,4,309300,653000,Jawa,BOGOR,MINI VAN BOX,Internal,JabodetabekBOGORMINI VAN BOX,Dalam Kota,,,,3,REGULAR,8:02:00,257560,86140
260305C218,KLS,3/5/2026,MVB,A8876ZX,Subang,Jawa Barat,Pertalite,13.4,Customer,4,5.0,5,2,227000,546636,Jawa,SUBANG,MINI VAN BOX,Internal,Jawa BaratSUBANGMINI VAN BOX,DALAM KOTA,,,,3,REGULAR,7:01:00,257560,62076
260305C228,KLS,3/5/2026,CDELC,A8486VC,Tangerang,Jabodetabek,Solar,20.42,Customer,2,8.0,8,2,311856,#N/A,Jawa,TANGERANG,CDE PICKUP,Internal,JabodetabekTANGERANGCDE PICKUP,Dalam Kota,,,,3,REGULAR,7:04:00,515120,#N/A
260305C232,KLS,3/5/2026,CDELC,A8339ZS,Cilegon,Banten,Solar,32.62,Customer,1,3.16,8,1,475816,998976,Jawa,CILEGON,CDE PICKUP,Internal,BantenCILEGONCDE PICKUP,Dalam Kota,,,,3,REGULAR,10:53:00,257560,265600
260303L009,KLS,3/5/2026,CDDLC,A8432ZS,Sukabumi,Jawa Barat,,,Store,32,3.07,13,1,138000,652610,Jawa,SUKABUMI,CDD PICK UP,Internal,Jawa BaratSUKABUMICDD PICK UP,Luar Kota,,,,3,REGULAR,11:33:00,257560,257050
260305L002,KLS,3/5/2026,CDDLC,A8288YX,Bandung,Jawa Barat,Solar,30.66,Store,56,7.14,16,1,810500,1257027,Jawa,BANDUNG,CDD LONG CHASSIS,Internal,Jawa BaratBANDUNGCDD LONG CHASSIS,Luar Kota,,,,3,REGULAR,11:44:00,257560,188967
260305C274,KLS,3/5/2026,CDELC,A8098ZH,Karawang Selatan,Jabodetabek,Solar,9.9,Customer,5,11.0,11,5,83820,562547,Jawa,KARAWANG SELATAN,CDE LONG CHASSIS,Internal,JabodetabekKARAWANG SELATANCDE LONG CHASSIS,Dalam Kota,,,,3,REGULAR,3:58:00,257560,221167
260305C282,KLS,3/5/2026,MVB,A8504ZX,Bogor,Jabodetabek,Pertalite,3.93,Customer,7,5.0,5,1,39300,370960,Jawa,BOGOR,MINI VAN BOX,Internal,JabodetabekBOGORMINI VAN BOX,Dalam Kota,,,,3,REGULAR,3:03:00,257560,74100
260305X067,KLS,3/5/2026,WINGBOX,B9068BEN,Bekasi,Jabodetabek,,,Other Delivery,,42.0,42,1,,342992,Jawa,BEKASI,WINGBOX,Internal,JabodetabekBEKASIWINGBOX,Dalam Kota,,,,3,REGULAR,-4:55:00,257560,85432
260305S005,KLS,3/5/2026,CDELC,A8020VC,Jakarta Utara,Jabodetabek,Solar,14.72,Customer via Hub,23,3.45,11,7,100096,385796,Jawa,JAKARTA UTARA,CDE LONG CHASSIS,Internal,JabodetabekJAKARTA UTARACDE LONG CHASSIS,Dalam Kota,,,,3,REGULAR,8:44:00,,285700
260305S003,KLS,3/5/2026,MVB,A8437ZH,Jakarta Selatan,Jabodetabek,Pertalite,6.9,Customer via Hub,12,4.21,5,7,96000,206600,Jawa,JAKARTA SELATAN,MINI VAN BOX,Internal,JabodetabekJAKARTA SELATANMINI VAN BOX,Dalam Kota,,,,3,REGULAR,8:42:00,,110600
260305S001,KLS,3/5/2026,CDELC,A8481ZH,Jakarta Barat,Jabodetabek,,,Customer via Hub,20,5.08,11,6,,221167,Jawa,JAKARTA BARAT,CDE LONG CHASSIS,Internal,JabodetabekJAKARTA BARATCDE LONG CHASSIS,Dalam Kota,,,,3,REGULAR,9:43:00,,221167
260305S007,KLS,3/5/2026,MVB,A8537ZF,Tangerang,Jabodetabek,Pertalite,10,Customer via Hub,14,1.29,5,8,200500,311100,Jawa,TANGERANG,MINI VAN BOX,Internal,JabodetabekTANGERANGMINI VAN BOX,Dalam Kota,,,,3,REGULAR,9:20:00,,110600
260305S004,KLS,3/5/2026,MVB,A8542XB,Jakarta Selatan,Jabodetabek,Pertalite,9.8,Customer via Hub,12,5.0,5,9,210000,210000,Jawa,JAKARTA SELATAN,MINI VAN BOX,Internal,JabodetabekJAKARTA SELATANMINI VAN BOX,Dalam Kota,,,,3,REGULAR,8:51:00,,0
260305S012,KLS,3/5/2026,CDELC,A8721VB,Cilegon,Banten,,,Customer via Hub,21,2.81,11,6,17000,302700,Jawa,CILEGON,CDE LONG CHASSIS,Internal,BantenCILEGONCDE LONG CHASSIS,Dalam Kota,,,,3,REGULAR,11:51:00,,285700
260305S008,KLS,3/5/2026,CDELC,A8757VB,Tangerang,Jabodetabek,Solar,15.45,Customer via Hub,31,3.7,11,8,147560,433260,Jawa,TANGERANG,CDE LONG CHASSIS,Internal,JabodetabekTANGERANGCDE LONG CHASSIS,Dalam Kota,,,,3,REGULAR,9:57:00,,285700
260305S002,KLS,3/5/2026,CDELC,A8759VB,Jakarta Pusat,Jabodetabek,Solar,16.92,Customer via Hub,15,6.83,11,7,218056,503756,Jawa,JAKARTA PUSAT,CDE LONG CHASSIS,Internal,JabodetabekJAKARTA PUSATCDE LONG CHASSIS,Dalam Kota,,,,3,REGULAR,10:15:00,,285700
260305S011,KLS,3/5/2026,CDELC,A8801XZ,Serang,Banten,Solar,17.73,Customer via Hub,16,3.05,8,3,195564,346297,Jawa,SERANG,CDE PICK UP,Internal,BantenSERANGCDE PICK UP,Dalam Kota,,,,3,REGULAR,11:19:00,,150733
260305S006,KLS,3/5/2026,CDELC,A8910VB,Tangerang,Jabodetabek,Solar,6842.95,Customer via Hub,20,7.78,11,6,195016,480716,Jawa,TANGERANG,CDE LONG CHASSIS,Internal,JabodetabekTANGERANGCDE LONG CHASSIS,Dalam Kota,,,,3,REGULAR,12:30:00,,285700
260305S009,KLS,3/5/2026,CDELC,A8912VB,Tangerang,Jabodetabek,Solar,17.65,Customer via Hub,26,11.0,11,4,156020,421313,Jawa,TANGERANG,CDE LONG CHASSIS,Internal,JabodetabekTANGERANGCDE LONG CHASSIS,Dalam Kota,,,,3,REGULAR,11:56:00,,265293
260306H002,KLS,3/6/2026,WINGBOX,B9068BEN,Jakarta Barat,Jabodetabek,Solar,30.21,HUB,300,41.94,42,2,287428,715852,Jawa,JAKARTA BARAT,WINGBOX,Internal,JabodetabekJAKARTA BARATWINGBOX,Dalam Kota,,,,3,REGULAR,5:03:00,257560,170864
260306C006,KLS,3/6/2026,CDELC,A8339ZS,Bogor,Jabodetabek,Solar,24.44,Customer,18,6.21,8,6,469192,1249912,Jawa,BOGOR,CDE PICKUP,Internal,JabodetabekBOGORCDE PICKUP,Dalam Kota,,,,3,REGULAR,11:54:00,515120,265600
260306C007,KLS,3/6/2026,MVB,A8876ZX,Bekasi,Jabodetabek,Pertalite,6.61,Customer,10,2.3,5,8,66100,385736,Jawa,BEKASI,MINI VAN BOX,Internal,JabodetabekBEKASIMINI VAN BOX,Dalam Kota,,,,3,REGULAR,7:56:00,257560,62076
260306C008,KLS,3/6/2026,CDDLC,A8908XY,Bekasi,Jabodetabek,Solar,12.93,Customer,42,3.16,16,10,87924,771764,Jawa,BEKASI,CDD LONG CHASSIS,Internal,JabodetabekBEKASICDD LONG CHASSIS,Dalam Kota,,,,3,REGULAR,9:13:00,515120,168720
260306C009,KLS,3/6/2026,CDELC,A8159ZC,Bekasi,Jabodetabek,Solar,11.52,Customer,24,1.38,11,9,97336,795323,Jawa,BEKASI,CDE LONG CHASSIS,Internal,JabodetabekBEKASICDE LONG CHASSIS,Dalam Kota,,,,3,REGULAR,6:08:00,515120,182867
260306C010,KLS,3/6/2026,CDELC,B9044BRO,Jakarta Utara,Jabodetabek,Solar,25.53,Customer,11,11.0,11,8,328104,1014088,Jawa,JAKARTA UTARA,CDE LONG CHASSIS,Internal,JabodetabekJAKARTA UTARACDE LONG CHASSIS,Dalam Kota,,,,3,REGULAR,13:23:00,515120,170864
260306C011,KLS,3/6/2026,CDELC,A8505VC,Karawang Selatan,Jabodetabek,Solar,19.96,Customer,27,11.0,11,10,168728,#N/A,Jawa,KARAWANG SELATAN,CDE LONG CHASSIS,Internal,JabodetabekKARAWANG SELATANCDE LONG CHASSIS,Dalam Kota,,,,3,REGULAR,7:32:00,515120,#N/A
260306C012,KLS,3/6/2026,CDELC,A8476VC,Karawang Selatan,Jabodetabek,Solar,20.38,Customer,16,2.83,11,12,197584,#N/A,Jawa,KARAWANG SELATAN,CDE LONG CHASSIS,Internal,JabodetabekKARAWANG SELATANCDE LONG CHASSIS,Dalam Kota,,,,3,REGULAR,12:44:00,515120,#N/A
260306C013,KLS,3/6/2026,CDELC,A8098ZH,Karawang Selatan,Jabodetabek,Solar,19.64,Customer,46,4.78,11,11,180552,916839,Jawa,KARAWANG SELATAN,CDE LONG CHASSIS,Internal,JabodetabekKARAWANG SELATANCDE LONG CHASSIS,Dalam Kota,,,,3,REGULAR,9:46:00,515120,221167
260306C014,KLS,3/6/2026,CDDLC,A8961VB,Jakarta Utara,Jabodetabek,Solar,19.69,Customer,5,3.03,13,3,303892,874085,Jawa,JAKARTA UTARA,CDD PICK UP,Internal,JabodetabekJAKARTA UTARACDD PICK UP,Dalam Kota,,,,3,REGULAR,7:44:00,257560,312633
260306C015,KLS,3/6/2026,CDELC,A8503ZX,Subang,Jawa Barat,Solar,30.67,Customer,7,1.19,8,3,378556,788583,Jawa,SUBANG,CDE,Internal,Jawa BaratSUBANGCDE,DALAM KOTA,,,,3,REGULAR,11:50:00,257560,152467
260306C016,KLS,3/6/2026,MVB,B9320SCE,Bogor,Jabodetabek,Pertalite,23.87,Customer,28,1.72,5,6,317200,660900,Jawa,BOGOR,MINI VAN BOX,Internal,JabodetabekBOGORMINI VAN BOX,Dalam Kota,,,,3,REGULAR,15:03:00,257560,86140
260306C039,KLS,3/6/2026,CDELC,A8520VC,Bekasi,Jabodetabek,Solar,12.27,Customer,38,5.75,11,12,136936,#N/A,Jawa,BEKASI,CDE LONG CHASSIS,Internal,JabodetabekBEKASICDE LONG CHASSIS,Dalam Kota,,,,3,REGULAR,7:37:00,515120,#N/A
260306C040,KLS,3/6/2026,MVB,A8983VB,Bekasi,Jabodetabek,Pertalite,11.86,Customer,19,1.34,5,9,180600,827120,Jawa,BEKASI,MINI VAN BOX,Internal,JabodetabekBEKASIMINI VAN BOX,Dalam Kota,,,,3,REGULAR,9:19:00,515120,131400
260306C041,KLS,3/6/2026,MVB,A8504ZX,Bogor,Jabodetabek,Pertalite,20.02,Customer,7,5.0,5,6,373700,705360,Jawa,BOGOR,MINI VAN BOX,Internal,JabodetabekBOGORMINI VAN BOX,Dalam Kota,,,,3,REGULAR,12:56:00,257560,74100
260306C042,KLS,3/6/2026,PICKUP,A8721ZV,Jakarta Timur,Jabodetabek,Pertalite,11.55,Customer,12,3.0,3,7,206000,569393,Jawa,JAKARTA TIMUR,PICKUP,Internal,JabodetabekJAKARTA TIMURPICKUP,Dalam Kota,,,,3,REGULAR,9:42:00,257560,105833
260306C043,KLS,3/6/2026,CDELC,A8002XW,Jakarta Timur,Jabodetabek,Solar,14.5,Customer,23,5.33,11,7,170600,580627,Jawa,JAKARTA TIMUR,CDE LONG CHASSIS,Internal,JabodetabekJAKARTA TIMURCDE LONG CHASSIS,Dalam Kota,,,,3,REGULAR,9:12:00,257560,152467
260306C044,KLS,3/6/2026,CDELC,A8048ZX,Purwakarta,Jawa Barat,Solar,19.91,Customer,12,1.82,11,7,203888,871475,Jawa,PURWAKARTA,CDE LONG CHASSIS,Internal,Jawa BaratPURWAKARTACDE LONG CHASSIS,Dalam Kota,,,,3,REGULAR,10:16:00,515120,152467
260306C046,KLS,3/6/2026,MVB,A8373VC,Depok,Jabodetabek,Pertalite,14.64,Customer,37,3.66,5,7,277400,#N/A,Jawa,DEPOK,MINI VAN BOX,Internal,JabodetabekDEPOKMINI VAN BOX,Dalam Kota,,,,3,REGULAR,11:14:00,257560,#N/A
260306C047,KLS,3/6/2026,MVB,A8017VC,Jakarta Utara,Jabodetabek,Pertalite,14.69,Customer,22,5.0,5,12,242900,1043720,Jawa,JAKARTA UTARA,MINI VAN BOX,Internal,JabodetabekJAKARTA UTARAMINI VAN BOX,Dalam Kota,,,,3,REGULAR,10:49:00,515120,285700
260306C048,KLS,3/6/2026,MOTOR,B5709BLU,Bekasi,Jabodetabek,Pertalite,1.74,Customer,9,0.14,0.14,5,17400,274990,Jawa,BEKASI,MOTOR BOX,Internal,JabodetabekBEKASIMOTOR BOX,Dalam Kota,,,,3,REGULAR,8:11:00,257560,30
260306C057,KLS,3/6/2026,CDDLC,A8976XY,Tangerang,Jabodetabek,Solar,24.3,Customer,2,16.0,16,1,332240,1036327,Jawa,TANGERANG,CDD LONG CHASSIS,Internal,JabodetabekTANGERANGCDD LONG CHASSIS,Dalam Kota,,,,3,REGULAR,11:45:00,515120,188967
260306C058,KLS,3/6/2026,CDELC,A8486VC,Tangerang,Jabodetabek,Solar,24.08,Customer,3,7.0,8,1,323744,#N/A,Jawa,TANGERANG,CDE PICKUP,Internal,JabodetabekTANGERANGCDE PICKUP,Dalam Kota,,,,3,REGULAR,12:13:00,257560,#N/A
260306C243,KLS,3/6/2026,CDDLC,A8288YX,Bekasi,Jabodetabek,Solar,13.33,Customer,20,16.0,16,7,90644,794731,Jawa,BEKASI,CDD LONG CHASSIS,Internal,JabodetabekBEKASICDD LONG CHASSIS,Dalam Kota,,,,3,REGULAR,7:23:00,515120,188967
260306C267,KLS,3/6/2026,MVB,A8553VB,Bekasi,Jabodetabek,Pertalite,12.47,Customer,14,5.0,5,10,178700,567660,Jawa,BEKASI,MINI VAN BOX,Internal,JabodetabekBEKASIMINI VAN BOX,Dalam Kota,,,,3,REGULAR,7:02:00,257560,131400
260306C268,KLS,3/6/2026,CDDLC,B9190SDB,Tangerang,Jabodetabek,Solar,35.11,Customer,3,13.0,13,2,362248,816041,Jawa,TANGERANG,CDD PICK UP,Internal,JabodetabekTANGERANGCDD PICK UP,Dalam Kota,,,,3,REGULAR,15:20:00,257560,196233
260306H067,KLS,3/6/2026,CDELC,A8432ZS,Jakarta Barat,Jabodetabek,Solar,11.4,HUB,18,11.0,11,1,135520,521605,Jawa,JAKARTA BARAT,CDE LONG CHASSIS,Internal,JabodetabekJAKARTA BARATCDE LONG CHASSIS,Dalam Kota,,,,3,REGULAR,4:50:00,257560,128525
260306L156,KLS,3/6/2026,WINGBOX,B9055BEN,Lampung,Sumatera,Solar,131.04,Store,1,42.0,42,1,6061800,6747784,Jawa,LAMPUNG,WINGBOX,Internal,SumateraLAMPUNGWINGBOX,Luar Kota,,,,3,REGULAR,38:07:00,515120,170864
260306C303,KLS,3/6/2026,MVB,B9642SCE,Karawang Selatan,Jabodetabek,Pertalite,7.31,Customer,1,5.0,5,1,106100,456427,Jawa,KARAWANG SELATAN,MINI VAN BOX,Internal,JabodetabekKARAWANG SELATANMINI VAN BOX,Dalam Kota,,,,3,NON REGULAR,2:11:00,257560,92767
260306S004,KLS,3/6/2026,CDELC,A8020VC,Jakarta Barat,Jabodetabek,,,Customer via Hub,15,4.05,11,6,,285700,Jawa,JAKARTA BARAT,CDE LONG CHASSIS,Internal,JabodetabekJAKARTA BARATCDE LONG CHASSIS,Dalam Kota,,,,3,REGULAR,11:20:00,,285700
260306S009,KLS,3/6/2026,MVB,A8437ZH,Tangerang,Jabodetabek,Pertalite,14.01,Customer via Hub,17,3.43,5,3,200100,310700,Jawa,TANGERANG,MINI VAN BOX,Internal,JabodetabekTANGERANGMINI VAN BOX,Dalam Kota,,,,3,REGULAR,11:46:00,,110600
260306S008,KLS,3/6/2026,CDELC,A8481ZH,Tangerang,Jabodetabek,,,Customer via Hub,32,3.97,11,4,37000,258167,Jawa,TANGERANG,CDE LONG CHASSIS,Internal,JabodetabekTANGERANGCDE LONG CHASSIS,Dalam Kota,,,,3,REGULAR,10:02:00,,221167
260306S010,KLS,3/6/2026,MVB,A8537ZF,Serang,Banten,Pertalite,33.97,Customer via Hub,23,1.99,5,2,362500,473100,Jawa,SERANG,MINI VAN BOX,Internal,BantenSERANGMINI VAN BOX,Dalam Kota,,,,3,REGULAR,11:59:00,,110600
260306S002,KLS,3/6/2026,MVB,A8542XB,Jakarta Selatan,Jabodetabek,Pertalite,3.4,Customer via Hub,23,2.89,5,10,34000,34000,Jawa,JAKARTA SELATAN,MINI VAN BOX,Internal,JabodetabekJAKARTA SELATANMINI VAN BOX,Dalam Kota,,,,3,REGULAR,9:50:00,,0
260306S012,KLS,3/6/2026,CDELC,A8717VB,Jakarta Utara,Jabodetabek,Solar,164.8,Customer via Hub,43,2.51,11,9,1120640,1406340,Jawa,JAKARTA UTARA,CDE LONG CHASSIS,Internal,JabodetabekJAKARTA UTARACDE LONG CHASSIS,Dalam Kota,,,,3,REGULAR,9:59:00,,285700
260306S011,KLS,3/6/2026,CDELC,A8721VB,Cilegon,Banten,Solar,42.67,Customer via Hub,40,6.27,11,10,421656,707356,Jawa,CILEGON,CDE LONG CHASSIS,Internal,BantenCILEGONCDE LONG CHASSIS,Dalam Kota,,,,3,REGULAR,10:07:00,,285700
260306S007,KLS,3/6/2026,CDELC,A8757VB,Tangerang,Jabodetabek,Solar,14.12,Customer via Hub,18,4.41,11,6,140016,425716,Jawa,TANGERANG,CDE LONG CHASSIS,Internal,JabodetabekTANGERANGCDE LONG CHASSIS,Dalam Kota,,,,3,REGULAR,9:22:00,,285700
260306S005,KLS,3/6/2026,CDELC,A8759VB,Tangerang,Jabodetabek,Solar,13.99,Customer via Hub,31,3.42,11,8,181632,467332,Jawa,TANGERANG,CDE LONG CHASSIS,Internal,JabodetabekTANGERANGCDE LONG CHASSIS,Dalam Kota,,,,3,REGULAR,9:27:00,,285700
260306S006,KLS,3/6/2026,CDELC,A8801XZ,Tangerang,Jabodetabek,Solar,13.31,Customer via Hub,21,5.84,8,10,90508,241241,Jawa,TANGERANG,CDE PICK UP,Internal,JabodetabekTANGERANGCDE PICK UP,Dalam Kota,,,,3,REGULAR,8:54:00,,150733
260306S003,KLS,3/6/2026,CDELC,A8910VB,Jakarta Selatan,Jabodetabek,Solar,19.12,Customer via Hub,17,7.07,11,8,232000,517700,Jawa,JAKARTA SELATAN,CDE LONG CHASSIS,Internal,JabodetabekJAKARTA SELATANCDE LONG CHASSIS,Dalam Kota,,,,3,REGULAR,12:45:00,,285700
260306S001,KLS,3/6/2026,CDELC,A8912VB,Jakarta Pusat,Jabodetabek,Solar,17.29,Customer via Hub,35,4.99,11,8,187572,452865,Jawa,JAKARTA PUSAT,CDE LONG CHASSIS,Internal,JabodetabekJAKARTA PUSATCDE LONG CHASSIS,Dalam Kota,,,,3,REGULAR,11:31:00,,265293
260307C088,KLS,3/7/2026,MVB,A8504ZX,Bogor,Jabodetabek,Pertalite,14.72,Customer,33,1.42,5,3,216700,805920,Jawa,BOGOR,MINI VAN BOX,Internal,JabodetabekBOGORMINI VAN BOX,Dalam Kota,,,,3,REGULAR,7:55:00,515120,74100
260307H050,KLS,3/7/2026,CDDLC,A8908XY,Jakarta Barat,Jabodetabek,Solar,17.81,HUB,184,10.21,16,2,199108,625388,Jawa,JAKARTA BARAT,CDD LONG CHASSIS,Internal,JabodetabekJAKARTA BARATCDD LONG CHASSIS,Dalam Kota,,,,3,REGULAR,10:04:00,257560,168720
260307C091,KLS,3/7/2026,MVB,A8304VC,Bogor,Jabodetabek,Pertalite,10.59,Customer,17,5.0,5,4,209900,#N/A,Jawa,BOGOR,MINI VAN BOX,Internal,JabodetabekBOGORMINI VAN BOX,Dalam Kota,,,,3,REGULAR,5:24:00,257560,#N/A
260307C092,KLS,3/7/2026,MVB,A8876ZX,Depok,Jabodetabek,Pertalite,12.88,Customer,25,5.0,5,7,226800,546436,Jawa,DEPOK,MINI VAN BOX,Internal,JabodetabekDEPOKMINI VAN BOX,Dalam Kota,,,,3,REGULAR,6:14:00,257560,62076
260307C093,KLS,3/7/2026,CDELC,A8476VC,Jakarta Utara,Jabodetabek,Solar,16.59,Customer,18,11.0,11,1,182812,#N/A,Jawa,JAKARTA UTARA,CDE LONG CHASSIS,Internal,JabodetabekJAKARTA UTARACDE LONG CHASSIS,Dalam Kota,,,,3,REGULAR,5:23:00,515120,#N/A
260307C094,KLS,3/7/2026,MVB,A8553VB,Jakarta Timur,Jabodetabek,Pertalite,9.38,Customer,12,5.0,5,3,114300,760820,Jawa,JAKARTA TIMUR,MINI VAN BOX,Internal,JabodetabekJAKARTA TIMURMINI VAN BOX,Dalam Kota,,,,3,REGULAR,5:19:00,515120,131400
260307C095,KLS,3/7/2026,MVB,A8373VC,Jakarta Timur,Jabodetabek,Pertalite,10.75,Customer,16,5.0,5,2,202000,#N/A,Jawa,JAKARTA TIMUR,MINI VAN BOX,Internal,JabodetabekJAKARTA TIMURMINI VAN BOX,Dalam Kota,,,,3,REGULAR,6:12:00,515120,#N/A
260307C096,KLS,3/7/2026,MVB,A8983VB,Bekasi,Jabodetabek,Pertalite,9.09,Customer,29,5.0,5,7,153400,542360,Jawa,BEKASI,MINI VAN BOX,Internal,JabodetabekBEKASIMINI VAN BOX,Dalam Kota,,,,3,REGULAR,37:15:00,257560,131400
260307C098,KLS,3/7/2026,PICKUP,A8721ZV,Bekasi,Jabodetabek,Pertalite,5.66,Customer,17,3.0,3,1,102600,465993,Jawa,BEKASI,PICKUP,Internal,JabodetabekBEKASIPICKUP,Dalam Kota,,,,3,REGULAR,5:19:00,257560,105833
260307C099,KLS,3/7/2026,CDELC,A8505VC,Purwakarta,Jawa Barat,Solar,18.96,Customer,17,1.22,11,4,207428,#N/A,Jawa,PURWAKARTA,CDE LONG CHASSIS,Internal,Jawa BaratPURWAKARTACDE LONG CHASSIS,Dalam Kota,,,,3,REGULAR,8:26:00,257560,#N/A
260307C222,KLS,3/7/2026,WINGBOX,B9068BEN,Bekasi,Jabodetabek,Solar,18.7,Customer,1,42.0,42,1,220160,648584,Jawa,BEKASI,WINGBOX,Internal,JabodetabekBEKASIWINGBOX,Dalam Kota,,,,3,REGULAR,5:23:00,257560,170864
260307C228,KLS,3/7/2026,MVB,B9642SCE,Jakarta Selatan,Jabodetabek,Pertalite,8.22,Customer,1,1.47,5,1,123200,473527,Jawa,JAKARTA SELATAN,MINI VAN BOX,Internal,JabodetabekJAKARTA SELATANMINI VAN BOX,Dalam Kota,,,,3,REGULAR,4:44:00,257560,92767
260307C258,KLS,3/7/2026,CDELC,A8486VC,Bekasi,Jabodetabek,Solar,9.23,Customer,1,8.0,8,1,135764,#N/A,Jawa,BEKASI,CDE PICKUP,Internal,JabodetabekBEKASICDE PICKUP,Dalam Kota,,,,3,REGULAR,5:13:00,257560,#N/A
260307C259,KLS,3/7/2026,CDDLC,A8961VB,Tangerang,Jabodetabek,Solar,24.1,Customer,7,13.0,13,2,279380,849573,Jawa,TANGERANG,CDD PICK UP,Internal,JabodetabekTANGERANGCDD PICK UP,Dalam Kota,,,,3,REGULAR,13:46:00,257560,312633
260307L006,KLS,3/7/2026,CDDLC,A8288YX,Bandung,Jawa Barat,,,Store,116,16.0,16,1,810000,1256527,Jawa,BANDUNG,CDD LONG CHASSIS,Internal,Jawa BaratBANDUNGCDD LONG CHASSIS,Luar Kota,,,,3,REGULAR,10:33:00,257560,188967
260307C260,KLS,3/7/2026,CDELC,A8339ZS,Jakarta Utara,Jabodetabek,Solar,17.47,Customer,2,2.2,8,2,240796,1021516,Jawa,JAKARTA UTARA,CDE PICKUP,Internal,JabodetabekJAKARTA UTARACDE PICKUP,Dalam Kota,,,,3,REGULAR,11:07:00,515120,265600
260307C261,KLS,3/7/2026,CDDLC,A8976XY,Jakarta Utara,Jabodetabek,Solar,13.67,Customer,2,2.11,16,2,217456,663983,Jawa,JAKARTA UTARA,CDD LONG CHASSIS,Internal,JabodetabekJAKARTA UTARACDD LONG CHASSIS,Dalam Kota,,,,3,REGULAR,5:50:00,257560,188967
260307X048,KLS,3/7/2026,CDDLC,B9190SDB,Jakarta Timur,Jabodetabek,Solar,10.81,Other Delivery,1,13.0,13,1,126508,580301,Jawa,JAKARTA TIMUR,CDD PICK UP,Internal,JabodetabekJAKARTA TIMURCDD PICK UP,Dalam Kota,,,,3,REGULAR,6:26:00,257560,196233
260307S003,KLS,3/7/2026,CDELC,A8020VC,Jakarta Barat,Jabodetabek,Solar,80.9,Customer via Hub,18,11.0,11,7,77012,362712,Jawa,JAKARTA BARAT,CDE LONG CHASSIS,Internal,JabodetabekJAKARTA BARATCDE LONG CHASSIS,Dalam Kota,,,,3,REGULAR,6:52:00,,285700
260307S007,KLS,3/7/2026,CDELC,A8481ZH,Cilegon,Banten,Solar,36.78,Customer via Hub,27,5.52,11,6,391604,612771,Jawa,CILEGON,CDE LONG CHASSIS,Internal,BantenCILEGONCDE LONG CHASSIS,Dalam Kota,,,,3,REGULAR,11:12:00,,221167
260307S002,KLS,3/7/2026,MVB,A8537ZF,Jakarta Selatan,Jabodetabek,Pertalite,10,Customer via Hub,25,5.0,5,11,100000,210600,Jawa,JAKARTA SELATAN,MINI VAN BOX,Internal,JabodetabekJAKARTA SELATANMINI VAN BOX,Dalam Kota,,,,3,REGULAR,8:22:00,,110600
260307S004,KLS,3/7/2026,CDELC,A8717VB,Jakarta Utara,Jabodetabek,Solar,11.77,Customer via Hub,19,11.0,11,8,158036,443736,Jawa,JAKARTA UTARA,CDE LONG CHASSIS,Internal,JabodetabekJAKARTA UTARACDE LONG CHASSIS,Dalam Kota,,,,3,REGULAR,6:30:00,,285700
260307S006,KLS,3/7/2026,CDELC,A8721VB,Tangerang,Jabodetabek,,,Customer via Hub,19,11.0,11,7,65000,350700,Jawa,TANGERANG,CDE LONG CHASSIS,Internal,JabodetabekTANGERANGCDE LONG CHASSIS,Dalam Kota,,,,3,REGULAR,6:28:00,,285700
260307S001,KLS,3/7/2026,CDELC,A8757VB,Jakarta Pusat,Jabodetabek,Solar,16.17,Customer via Hub,33,11.0,11,9,97,285797,Jawa,JAKARTA PUSAT,CDE LONG CHASSIS,Internal,JabodetabekJAKARTA PUSATCDE LONG CHASSIS,Dalam Kota,,,,3,REGULAR,9:37:00,,285700
260307S005,KLS,3/7/2026,CDELC,A8759VB,Tangerang,Jabodetabek,Solar,15.74,Customer via Hub,41,11.0,11,10,107032,392732,Jawa,TANGERANG,CDE LONG CHASSIS,Internal,JabodetabekTANGERANGCDE LONG CHASSIS,Dalam Kota,,,,3,REGULAR,7:00:00,,285700
260308C158,KLS,3/8/2026,CDDLC,A8908XY,Jakarta Pusat,Jabodetabek,Solar,13.57,Customer,1,16.0,16,1,145776,572056,Jawa,JAKARTA PUSAT,CDD LONG CHASSIS,Internal,JabodetabekJAKARTA PUSATCDD LONG CHASSIS,Dalam Kota,,,,3,REGULAR,6:43:00,257560,168720
260309C030,KLS,3/9/2026,MVB,A8304VC,Bekasi,Jabodetabek,Pertalite,9.99,Customer,14,1.66,5,9,147400,#N/A,Jawa,BEKASI,MINI VAN BOX,Internal,JabodetabekBEKASIMINI VAN BOX,Dalam Kota,,,,3,REGULAR,7:31:00,257560,#N/A
260309C031,KLS,3/9/2026,MVB,B9642SCE,Bogor,Jabodetabek,Pertalite,11.53,Customer,11,1.52,5,7,171800,522127,Jawa,BOGOR,MINI VAN BOX,Internal,JabodetabekBOGORMINI VAN BOX,Dalam Kota,,,,3,REGULAR,7:59:00,257560,92767
260309C032,KLS,3/9/2026,MVB,B9320SCE,Bogor,Jabodetabek,Pertalite,15.9,Customer,7,1.44,5,5,209000,552700,Jawa,BOGOR,MINI VAN BOX,Internal,JabodetabekBOGORMINI VAN BOX,Dalam Kota,,,,3,REGULAR,6:53:00,257560,86140
260309C033,KLS,3/9/2026,CDDLC,A8976XY,Bekasi,Jabodetabek,Solar,12.89,Customer,18,4.42,16,11,87652,791739,Jawa,BEKASI,CDD LONG CHASSIS,Internal,JabodetabekBEKASICDD LONG CHASSIS,Dalam Kota,,,,3,REGULAR,7:48:00,515120,188967
260309C034,KLS,3/9/2026,CDDLC,A8908XY,Bekasi,Jabodetabek,Solar,12.79,Customer,22,8.35,16,10,86972,770812,Jawa,BEKASI,CDD LONG CHASSIS,Internal,JabodetabekBEKASICDD LONG CHASSIS,Dalam Kota,,,,3,REGULAR,7:42:00,515120,168720
260309C035,KLS,3/9/2026,MOTOR,B5709BLU,Bekasi,Jabodetabek,Pertalite,1.33,Customer,6,0.14,0.14,6,13300,528450,Jawa,BEKASI,MOTOR BOX,Internal,JabodetabekBEKASIMOTOR BOX,Dalam Kota,,,,3,REGULAR,7:06:00,515120,30
260309C036,KLS,3/9/2026,CDELC,A8159ZC,Bekasi,Jabodetabek,Solar,12.09,Customer,20,2.93,11,9,111212,809199,Jawa,BEKASI,CDE LONG CHASSIS,Internal,JabodetabekBEKASICDE LONG CHASSIS,Dalam Kota,,,,3,REGULAR,7:37:00,515120,182867
260309C037,KLS,3/9/2026,MVB,A8876ZX,Depok,Jabodetabek,Pertalite,11.44,Customer,13,1.56,5,7,222400,510998,Jawa,DEPOK,MINI VAN BOX,Internal,JabodetabekDEPOKMINI VAN BOX,Dalam Kota,,,,3,REGULAR,6:55:00,257560,31038
260309H001,KLS,3/9/2026,WINGBOX,B9068BEN,Jakarta Barat,Jabodetabek,Solar,31.05,HUB,204,27.38,42,6,289140,632132,Jawa,JAKARTA BARAT,WINGBOX,Internal,JabodetabekJAKARTA BARATWINGBOX,Dalam Kota,,,,3,REGULAR,9:42:00,257560,85432
260309C039,KLS,3/9/2026,CDELC,A8098ZH,Jakarta Timur,Jabodetabek,Solar,15.56,Customer,9,5.77,11,9,155808,892095,Jawa,JAKARTA TIMUR,CDE LONG CHASSIS,Internal,JabodetabekJAKARTA TIMURCDE LONG CHASSIS,Dalam Kota,,,,3,REGULAR,8:11:00,515120,221167
260309C040,KLS,3/9/2026,MVB,A8017VC,Jakarta Utara,Jabodetabek,Pertalite,14.52,Customer,6,5.0,5,7,240700,783960,Jawa,JAKARTA UTARA,MINI VAN BOX,Internal,JabodetabekJAKARTA UTARAMINI VAN BOX,Dalam Kota,,,,3,REGULAR,57:21:00,257560,285700
260309C041,KLS,3/9/2026,CDELC,A8505VC,Karawang Selatan,Jabodetabek,Solar,18.35,Customer,21,2.26,11,11,141280,#N/A,Jawa,KARAWANG SELATAN,CDE LONG CHASSIS,Internal,JabodetabekKARAWANG SELATANCDE LONG CHASSIS,Dalam Kota,,,,3,REGULAR,9:12:00,515120,#N/A
260309C042,KLS,3/9/2026,CDELC,A8476VC,Karawang Selatan,Jabodetabek,Solar,18.5,Customer,21,3.79,11,8,179800,#N/A,Jawa,KARAWANG SELATAN,CDE LONG CHASSIS,Internal,JabodetabekKARAWANG SELATANCDE LONG CHASSIS,Dalam Kota,,,,3,REGULAR,9:59:00,515120,#N/A
260309C043,KLS,3/9/2026,CDELC,A8048ZX,Purwakarta,Jawa Barat,Solar,20.41,Customer,14,2.1,11,9,221288,631315,Jawa,PURWAKARTA,CDE LONG CHASSIS,Internal,Jawa BaratPURWAKARTACDE LONG CHASSIS,Dalam Kota,,,,3,REGULAR,11:33:00,257560,152467
260309C044,KLS,3/9/2026,CDELC,A8002XW,Jakarta Utara,Jabodetabek,Solar,14.89,Customer,5,6.19,11,2,190252,857839,Jawa,JAKARTA UTARA,CDE LONG CHASSIS,Internal,JabodetabekJAKARTA UTARACDE LONG CHASSIS,Dalam Kota,,,,3,REGULAR,8:25:00,515120,152467
260309C045,KLS,3/9/2026,MVB,A8983VB,Bekasi,Jabodetabek,Pertalite,11.32,Customer,12,1.09,5,10,188200,834720,Jawa,BEKASI,MINI VAN BOX,Internal,JabodetabekBEKASIMINI VAN BOX,Dalam Kota,,,,3,REGULAR,8:23:00,515120,131400
260309C046,KLS,3/9/2026,MVB,A8373VC,Jakarta Timur,Jabodetabek,Pertalite,15.3,Customer,9,5.0,5,7,203500,#N/A,Jawa,JAKARTA TIMUR,MINI VAN BOX,Internal,JabodetabekJAKARTA TIMURMINI VAN BOX,Dalam Kota,,,,3,REGULAR,10:44:00,515120,#N/A
260309C047,KLS,3/9/2026,CDELC,A8432ZS,Bogor,Jabodetabek,Solar,18.09,Customer,10,11.0,11,4,177012,691622,Jawa,BOGOR,CDE LONG CHASSIS,Internal,JabodetabekBOGORCDE LONG CHASSIS,Dalam Kota,,,,3,REGULAR,8:48:00,257560,257050
260309C048,KLS,3/9/2026,CDELC,A8520VC,Jakarta Utara,Jabodetabek,Solar,18.69,Customer,12,1.97,11,10,198092,#N/A,Jawa,JAKARTA UTARA,CDE LONG CHASSIS,Internal,JabodetabekJAKARTA UTARACDE LONG CHASSIS,Dalam Kota,,,,3,REGULAR,28:08:00,515120,#N/A
260309C049,KLS,3/9/2026,CDELC,A8503ZX,Karawang Selatan,Jabodetabek,Solar,30.94,Customer,15,5.46,8,5,517892,1185479,Jawa,KARAWANG SELATAN,CDE,Internal,JabodetabekKARAWANG SELATANCDE,Dalam Kota,,,,3,REGULAR,10:53:00,515120,152467
260309C050,KLS,3/9/2026,CDDLC,A8961VB,Jakarta Utara,Jabodetabek,Solar,20.56,Customer,1,10.44,13,1,310308,880501,Jawa,JAKARTA UTARA,CDD PICK UP,Internal,JabodetabekJAKARTA UTARACDD PICK UP,Dalam Kota,,,,3,REGULAR,10:45:00,257560,312633
260309C051,KLS,3/9/2026,PICKUP,A8721ZV,Tangerang,Jabodetabek,Pertalite,12.05,Customer,1,3.0,3,1,202000,512477,Jawa,TANGERANG,PICKUP,Internal,JabodetabekTANGERANGPICKUP,Dalam Kota,,,,3,REGULAR,4:29:00,257560,52917
260309C052,KLS,3/9/2026,MVB,A8553VB,Karawang Selatan,Jabodetabek,Pertalite,11.4,Customer,17,5.0,5,3,157500,546460,Jawa,KARAWANG SELATAN,MINI VAN BOX,Internal,JabodetabekKARAWANG SELATANMINI VAN BOX,Dalam Kota,,,,3,REGULAR,20:14:00,257560,131400
260309C053,KLS,3/9/2026,CDDLC,B9190SDB,Bogor,Jabodetabek,Solar,19.39,Customer,1,3.97,13,1,179352,633145,Jawa,BOGOR,CDD PICK UP,Internal,JabodetabekBOGORCDD PICK UP,Dalam Kota,,,,3,REGULAR,5:47:00,257560,196233
260309C054,KLS,3/9/2026,CDELC,A8339ZS,Jakarta Utara,Jabodetabek,Solar,14.06,Customer,2,4.4,8,2,171608,694768,Jawa,JAKARTA UTARA,CDE PICKUP,Internal,JabodetabekJAKARTA UTARACDE PICKUP,Dalam Kota,,,,3,REGULAR,7:47:00,257560,265600
260309C275,KLS,3/9/2026,MVB,A8504ZX,Bekasi,Jabodetabek,Pertalite,7.2,Customer,11,5.0,5,5,72000,403660,Jawa,BEKASI,MINI VAN BOX,Internal,JabodetabekBEKASIMINI VAN BOX,Dalam Kota,,,,3,REGULAR,5:21:00,257560,74100
260309L009,KLS,3/9/2026,CDDLC,A8288YX,Cirebon,Jawa Barat,,,Store,59,8.3,16,1,796000,1242527,Jawa,CIREBON,CDD LONG CHASSIS,Internal,Jawa BaratCIREBONCDD LONG CHASSIS,Luar Kota,,,,3,REGULAR,13:47:00,257560,188967
260309C330,KLS,3/9/2026,CDELC,A8486VC,Jakarta Timur,Jabodetabek,Solar,10.28,Customer,1,8.0,8,1,97904,#N/A,Jawa,JAKARTA TIMUR,CDE PICKUP,Internal,JabodetabekJAKARTA TIMURCDE PICKUP,Dalam Kota,,,,3,REGULAR,5:40:00,257560,#N/A
260309C344,KLS,3/9/2026,PICKUP,A8721ZV,Karawang Selatan,Jabodetabek,Pertalite,5.75,Customer,2,3.0,3,2,90500,400977,Jawa,KARAWANG SELATAN,PICKUP,Internal,JabodetabekKARAWANG SELATANPICKUP,Dalam Kota,,,,3,REGULAR,2:20:00,257560,52917
260309C354,KLS,3/9/2026,MVB,A8876ZX,Bekasi,Jabodetabek,Pertalite,3.11,Customer,3,5.0,5,1,31100,319698,Jawa,BEKASI,MINI VAN BOX,Internal,JabodetabekBEKASIMINI VAN BOX,Dalam Kota,,,,3,REGULAR,2:32:00,257560,31038
260309S006,KLS,3/9/2026,CDELC,A8020VC,Tangerang,Jabodetabek,Solar,17.66,Customer via Hub,14,11.0,11,8,197588,483288,Jawa,TANGERANG,CDE LONG CHASSIS,Internal,JabodetabekTANGERANGCDE LONG CHASSIS,Dalam Kota,,,,3,REGULAR,9:23:00,,285700
260309S010,KLS,3/9/2026,MVB,A8437ZH,Tangerang,Jabodetabek,Pertalite,11.99,Customer via Hub,9,5.0,5,3,190400,301000,Jawa,TANGERANG,MINI VAN BOX,Internal,JabodetabekTANGERANGMINI VAN BOX,Dalam Kota,,,,3,REGULAR,9:45:00,,110600
260309S004,KLS,3/9/2026,CDELC,A8481ZH,Jakarta Barat,Jabodetabek,,,Customer via Hub,18,4.25,11,5,,221167,Jawa,JAKARTA BARAT,CDE LONG CHASSIS,Internal,JabodetabekJAKARTA BARATCDE LONG CHASSIS,Dalam Kota,,,,3,REGULAR,10:41:00,,221167
260309S007,KLS,3/9/2026,MVB,A8537ZF,Tangerang,Jabodetabek,Pertalite,10750,Customer via Hub,12,5.0,5,9,179000,289600,Jawa,TANGERANG,MINI VAN BOX,Internal,JabodetabekTANGERANGMINI VAN BOX,Dalam Kota,,,,3,REGULAR,9:16:00,,110600
260309S003,KLS,3/9/2026,MVB,A8542XB,Jakarta Selatan,Jabodetabek,Pertalite,8.1,Customer via Hub,14,5.0,5,6,165000,165000,Jawa,JAKARTA SELATAN,MINI VAN BOX,Internal,JabodetabekJAKARTA SELATANMINI VAN BOX,Dalam Kota,,,,3,REGULAR,9:22:00,,0
260309S002,KLS,3/9/2026,CDELC,A8717VB,Jakarta Selatan,Jabodetabek,Solar,14,Customer via Hub,17,11.0,11,8,95200,380900,Jawa,JAKARTA SELATAN,CDE LONG CHASSIS,Internal,JabodetabekJAKARTA SELATANCDE LONG CHASSIS,Dalam Kota,,,,3,REGULAR,10:22:00,,285700
260309S012,KLS,3/9/2026,CDELC,A8721VB,Cilegon,Banten,Solar,30.45,Customer via Hub,19,2.39,11,4,353060,638760,Jawa,CILEGON,CDE LONG CHASSIS,Internal,BantenCILEGONCDE LONG CHASSIS,Dalam Kota,,,,3,REGULAR,11:11:00,,285700
260309S008,KLS,3/9/2026,CDELC,A8757VB,Tangerang,Jabodetabek,Solar,13.24,Customer via Hub,17,4.01,11,5,90032,375732,Jawa,TANGERANG,CDE LONG CHASSIS,Internal,JabodetabekTANGERANGCDE LONG CHASSIS,Dalam Kota,,,,3,REGULAR,12:08:00,,285700
260309S001,KLS,3/9/2026,CDELC,A8759VB,Jakarta Pusat,Jabodetabek,Solar,12.86,Customer via Hub,17,11.0,11,6,165028,450728,Jawa,JAKARTA PUSAT,CDE LONG CHASSIS,Internal,JabodetabekJAKARTA PUSATCDE LONG CHASSIS,Dalam Kota,,,,3,REGULAR,10:21:00,,285700
260309S011,KLS,3/9/2026,CDELC,A8801XZ,Serang,Banten,Solar,21.78,Customer via Hub,9,8.0,8,2,148104,298837,Jawa,SERANG,CDE PICK UP,Internal,BantenSERANGCDE PICK UP,Dalam Kota,,,,3,REGULAR,11:34:00,,150733
260309S009,KLS,3/9/2026,CDELC,A8910VB,Tangerang,Jabodetabek,Solar,6872.25,Customer via Hub,14,11.0,11,2,146956,432656,Jawa,TANGERANG,CDE LONG CHASSIS,Internal,JabodetabekTANGERANGCDE LONG CHASSIS,Dalam Kota,,,,3,REGULAR,10:56:00,,285700
260309S005,KLS,3/9/2026,CDELC,A8912VB,Jakarta Utara,Jabodetabek,Solar,15.76,Customer via Hub,33,3.4,11,6,107168,372461,Jawa,JAKARTA UTARA,CDE LONG CHASSIS,Internal,JabodetabekJAKARTA UTARACDE LONG CHASSIS,Dalam Kota,,,,3,REGULAR,10:34:00,,265293
260310C002,KLS,3/10/2026,MVB,A8983VB,Bekasi,Jabodetabek,Pertalite,11.02,Customer,12,1.62,5,8,203700,592660,Jawa,BEKASI,MINI VAN BOX,Internal,JabodetabekBEKASIMINI VAN BOX,Dalam Kota,,,,3,REGULAR,8:19:00,257560,131400
260310C003,KLS,3/10/2026,MVB,A8304VC,Bogor,Jabodetabek,Pertalite,16.51,Customer,18,2.27,5,8,259100,#N/A,Jawa,BOGOR,MINI VAN BOX,Internal,JabodetabekBOGORMINI VAN BOX,Dalam Kota,,,,3,REGULAR,9:35:00,257560,#N/A
260310C004,KLS,3/10/2026,CDELC,A8520VC,Bekasi,Jabodetabek,Solar,13.97,Customer,29,5.0,11,15,94996,#N/A,Jawa,BEKASI,CDE LONG CHASSIS,Internal,JabodetabekBEKASICDE LONG CHASSIS,Dalam Kota,,,,3,REGULAR,9:12:00,515120,#N/A
260310C005,KLS,3/10/2026,CDELC,A8002XW,Bekasi,Jabodetabek,Solar,8.9,Customer,24,2.23,11,10,60520,728107,Jawa,BEKASI,CDE LONG CHASSIS,Internal,JabodetabekBEKASICDE LONG CHASSIS,Dalam Kota,,,,3,REGULAR,7:57:00,515120,152467
260310C006,KLS,3/10/2026,CDELC,A8159ZC,Bekasi,Jabodetabek,Solar,14.1,Customer,20,2.68,11,10,114880,812867,Jawa,BEKASI,CDE LONG CHASSIS,Internal,JabodetabekBEKASICDE LONG CHASSIS,Dalam Kota,,,,3,REGULAR,8:46:00,515120,182867
260310C007,KLS,3/10/2026,MVB,B9642SCE,Depok,Jabodetabek,Pertalite,13.46,Customer,17,1.6,5,9,254600,604927,Jawa,DEPOK,MINI VAN BOX,Internal,JabodetabekDEPOKMINI VAN BOX,Dalam Kota,,,,3,REGULAR,7:33:00,257560,92767
260310H003,KLS,3/10/2026,WINGBOX,B9068BEN,Jakarta Barat,Jabodetabek,Solar,27.89,HUB,213,27.17,42,7,271652,614644,Jawa,JAKARTA BARAT,WINGBOX,Internal,JabodetabekJAKARTA BARATWINGBOX,Dalam Kota,,,,3,REGULAR,7:35:00,257560,85432
260310C008,KLS,3/10/2026,MVB,A8553VB,Jakarta Timur,Jabodetabek,Pertalite,11.34,Customer,13,1.78,5,10,158400,547360,Jawa,JAKARTA TIMUR,MINI VAN BOX,Internal,JabodetabekJAKARTA TIMURMINI VAN BOX,Dalam Kota,,,,3,REGULAR,7:57:00,257560,131400
260310C009,KLS,3/10/2026,CDELC,B9044BRO,Jakarta Utara,Jabodetabek,Solar,16.92,Customer,14,4.0,11,8,219056,647480,Jawa,JAKARTA UTARA,CDE LONG CHASSIS,Internal,JabodetabekJAKARTA UTARACDE LONG CHASSIS,Dalam Kota,,,,3,REGULAR,8:53:00,257560,170864
260310C010,KLS,3/10/2026,CDELC,A8476VC,Karawang Selatan,Jabodetabek,Solar,13.53,Customer,13,11.0,11,8,146004,#N/A,Jawa,KARAWANG SELATAN,CDE LONG CHASSIS,Internal,JabodetabekKARAWANG SELATANCDE LONG CHASSIS,Dalam Kota,,,,3,REGULAR,7:37:00,257560,#N/A
260310C011,KLS,3/10/2026,CDELC,A8048ZX,Purwakarta,Jawa Barat,Solar,20.3,Customer,27,1.16,11,8,192040,859627,Jawa,PURWAKARTA,CDE LONG CHASSIS,Internal,Jawa BaratPURWAKARTACDE LONG CHASSIS,Dalam Kota,,,,3,REGULAR,11:21:00,515120,152467
260310C012,KLS,3/10/2026,CDELC,A8098ZH,Purwakarta,Jawa Barat,Solar,24.44,Customer,26,3.17,11,11,383192,1119479,Jawa,PURWAKARTA,CDE LONG CHASSIS,Internal,Jawa BaratPURWAKARTACDE LONG CHASSIS,Dalam Kota,,,,3,REGULAR,11:01:00,515120,221167
260310C013,KLS,3/10/2026,CDELC,A8339ZS,Jakarta Utara,Jabodetabek,Solar,14.19,Customer,4,2.26,8,3,273492,796652,Jawa,JAKARTA UTARA,CDE PICKUP,Internal,JabodetabekJAKARTA UTARACDE PICKUP,Dalam Kota,,,,3,REGULAR,6:44:00,257560,265600
260310C040,KLS,3/10/2026,MVB,A8017VC,Jakarta Utara,Jabodetabek,Pertalite,12.98,Customer,8,2.14,5,5,197800,741060,Jawa,JAKARTA UTARA,MINI VAN BOX,Internal,JabodetabekJAKARTA UTARAMINI VAN BOX,Dalam Kota,,,,3,REGULAR,9:26:00,257560,285700
260310C041,KLS,3/10/2026,CDELC,A8505VC,Karawang Selatan,Jabodetabek,Solar,14.92,Customer,17,2.3,11,8,121956,#N/A,Jawa,KARAWANG SELATAN,CDE LONG CHASSIS,Internal,JabodetabekKARAWANG SELATANCDE LONG CHASSIS,Dalam Kota,,,,3,REGULAR,7:16:00,515120,#N/A
260310C042,KLS,3/10/2026,MVB,A8876ZX,Bekasi,Jabodetabek,Pertalite,10.64,Customer,25,1.99,5,10,165900,485536,Jawa,BEKASI,MINI VAN BOX,Internal,JabodetabekBEKASIMINI VAN BOX,Dalam Kota,,,,3,REGULAR,10:12:00,257560,62076
260310C043,KLS,3/10/2026,MVB,B9320SCE,Bogor,Jabodetabek,Pertalite,14,Customer,13,1.52,5,8,193000,536700,Jawa,BOGOR,MINI VAN BOX,Internal,JabodetabekBOGORMINI VAN BOX,Dalam Kota,,,,3,REGULAR,8:30:00,257560,86140
260310C044,KLS,3/10/2026,MVB,A8373VC,Jakarta Timur,Jabodetabek,Pertalite,10.88,Customer,8,1.57,5,7,189300,#N/A,Jawa,JAKARTA TIMUR,MINI VAN BOX,Internal,JabodetabekJAKARTA TIMURMINI VAN BOX,Dalam Kota,,,,3,REGULAR,7:28:00,257560,#N/A
260310C053,KLS,3/10/2026,CDELC,A8503ZX,Bogor,Jabodetabek,Solar,27.21,Customer,6,8.0,8,6,425732,835759,Jawa,BOGOR,CDE,Internal,JabodetabekBOGORCDE,Dalam Kota,,,,3,REGULAR,9:49:00,257560,152467
260310C055,KLS,3/10/2026,MOTOR,B5709BLU,Bekasi,Jabodetabek,Pertalite,2.06,Customer,14,0.14,0.14,12,20600,278190,Jawa,BEKASI,MOTOR BOX,Internal,JabodetabekBEKASIMOTOR BOX,Dalam Kota,,,,3,REGULAR,8:01:00,257560,30
260310C269,KLS,3/10/2026,CDELC,A8432ZS,Tangerang,Jabodetabek,Solar,20.31,Customer,1,5.01,11,1,261108,1033278,Jawa,TANGERANG,CDE LONG CHASSIS,Internal,JabodetabekTANGERANGCDE LONG CHASSIS,Dalam Kota,,,,3,REGULAR,11:05:00,515120,257050
260310C270,KLS,3/10/2026,CDDLC,A8288YX,Bekasi,Jabodetabek,Solar,13.43,Customer,12,10.35,16,7,91324,795411,Jawa,BEKASI,CDD LONG CHASSIS,Internal,JabodetabekBEKASICDD LONG CHASSIS,Dalam Kota,,,,3,REGULAR,7:54:00,515120,188967
260310C298,KLS,3/10/2026,MVB,A8504ZX,Karawang Selatan,Jabodetabek,Pertalite,9.87,Customer,11,5.0,5,3,169200,758420,Jawa,KARAWANG SELATAN,MINI VAN BOX,Internal,JabodetabekKARAWANG SELATANMINI VAN BOX,Dalam Kota,,,,3,REGULAR,1106200:07:00,515120,74100
260310C322,KLS,3/10/2026,CDDLC,A8976XY,Jakarta Utara,Jabodetabek,Solar,17.4,Customer,3,7.56,16,2,231320,677847,Jawa,JAKARTA UTARA,CDD LONG CHASSIS,Internal,JabodetabekJAKARTA UTARACDD LONG CHASSIS,Dalam Kota,,,,3,REGULAR,6:25:00,257560,188967
260310L002,KLS,3/10/2026,CDDLC,B9190SDB,Bandung,Jawa Barat,,,Store,9,13.0,13,1,808500,1262293,Jawa,BANDUNG,CDD PICK UP,Internal,Jawa BaratBANDUNGCDD PICK UP,Luar Kota,,,,3,REGULAR,11:54:00,257560,196233
260310L100,KLS,3/10/2026,CDDLC,A8961VB,Surabaya,Jawa Timur,Solar,198.53,Store,1,2.2,13,1,3463000,6774013,Jawa,SURABAYA,CDD PICK UP,Internal,Jawa TimurSURABAYACDD PICK UP,Luar Kota,,,,3,REGULAR,56:21:00,2060480,1250533
260310X066,KLS,3/10/2026,CDDLC,A8486VC,Serang,Banten,Solar,23.11,Other Delivery,1,13.0,13,1,305148,#N/A,Jawa,SERANG,CDD PICK UP,Internal,BantenSERANGCDD PICK UP,Dalam Kota,,,,3,REGULAR,7:02:00,257560,#N/A
260310S004,KLS,3/10/2026,CDELC,A8020VC,Jakarta Barat,Jabodetabek,Solar,13.09,Customer via Hub,22,4.22,11,7,141012,426712,Jawa,JAKARTA BARAT,CDE LONG CHASSIS,Internal,JabodetabekJAKARTA BARATCDE LONG CHASSIS,Dalam Kota,,,,3,REGULAR,10:10:00,,285700
260310S006,KLS,3/10/2026,MVB,A8437ZH,Tangerang,Jabodetabek,Pertalite,9.35,Customer via Hub,22,4.69,5,6,128500,239100,Jawa,TANGERANG,MINI VAN BOX,Internal,JabodetabekTANGERANGMINI VAN BOX,Dalam Kota,,,,3,REGULAR,9:11:00,,110600
260310S007,KLS,3/10/2026,MVB,A8537ZF,Tangerang,Jabodetabek,Pertalite,10433.33,Customer via Hub,12,1.17,5,8,152900,263500,Jawa,TANGERANG,MINI VAN BOX,Internal,JabodetabekTANGERANGMINI VAN BOX,Dalam Kota,,,,3,REGULAR,8:12:00,,110600
260310S002,KLS,3/10/2026,MVB,A8542XB,Jakarta Selatan,Jabodetabek,Pertalite,9.8,Customer via Hub,18,1.66,5,8,155000,155000,Jawa,JAKARTA SELATAN,MINI VAN BOX,Internal,JabodetabekJAKARTA SELATANMINI VAN BOX,Dalam Kota,,,,3,REGULAR,10:01:00,,0
260310S005,KLS,3/10/2026,CDELC,A8717VB,Jakarta Utara,Jabodetabek,Solar,16.93,Customer via Hub,18,11.0,11,5,115124,400824,Jawa,JAKARTA UTARA,CDE LONG CHASSIS,Internal,JabodetabekJAKARTA UTARACDE LONG CHASSIS,Dalam Kota,,,,3,REGULAR,8:51:00,,285700
260310S003,KLS,3/10/2026,CDELC,A8721VB,Jakarta Selatan,Jabodetabek,Solar,13.04,Customer via Hub,16,11.0,11,9,141672,427372,Jawa,JAKARTA SELATAN,CDE LONG CHASSIS,Internal,JabodetabekJAKARTA SELATANCDE LONG CHASSIS,Dalam Kota,,,,3,REGULAR,7:41:00,,285700
260310S008,KLS,3/10/2026,CDELC,A8757VB,Tangerang,Jabodetabek,Solar,15.15,Customer via Hub,18,11.0,11,6,114020,399720,Jawa,TANGERANG,CDE LONG CHASSIS,Internal,JabodetabekTANGERANGCDE LONG CHASSIS,Dalam Kota,,,,3,REGULAR,10:19:00,,285700
260310S009,KLS,3/10/2026,CDELC,A8759VB,Tangerang,Jabodetabek,,,Customer via Hub,13,2.21,11,5,53000,338700,Jawa,TANGERANG,CDE LONG CHASSIS,Internal,JabodetabekTANGERANGCDE LONG CHASSIS,Dalam Kota,,,,3,REGULAR,10:18:00,,285700
260310S011,KLS,3/10/2026,CDELC,A8801XZ,Serang,Banten,Solar,21.51,Customer via Hub,18,3.58,8,4,204268,355001,Jawa,SERANG,CDE PICK UP,Internal,BantenSERANGCDE PICK UP,Dalam Kota,,,,3,REGULAR,11:55:00,,150733
260310S012,KLS,3/10/2026,CDELC,A8910VB,Cilegon,Banten,Solar,33.58,Customer via Hub,29,5.67,11,6,369334,655034,Jawa,CILEGON,CDE LONG CHASSIS,Internal,BantenCILEGONCDE LONG CHASSIS,Dalam Kota,,,,3,REGULAR,12:45:00,,285700
260310S001,KLS,3/10/2026,CDELC,A8912VB,Jakarta Pusat,Jabodetabek,Solar,13.24,Customer via Hub,20,4.12,11,6,151032,416325,Jawa,JAKARTA PUSAT,CDE LONG CHASSIS,Internal,JabodetabekJAKARTA PUSATCDE LONG CHASSIS,Dalam Kota,,,,3,REGULAR,8:42:00,,265293
260311H008,KLS,3/11/2026,WINGBOX,B9064BEN,Jakarta Barat,Jabodetabek,Solar,41.27,HUB,232,28.94,42,3,362636,791060,Jawa,JAKARTA BARAT,WINGBOX,Internal,JabodetabekJAKARTA BARATWINGBOX,Dalam Kota,,,,3,REGULAR,6:41:00,257560,170864
260311C031,KLS,3/11/2026,MVB,A8983VB,Bekasi,Jabodetabek,Pertalite,9.82,Customer,16,5.0,5,10,177200,566160,Jawa,BEKASI,MINI VAN BOX,Internal,JabodetabekBEKASIMINI VAN BOX,Dalam Kota,,,,3,REGULAR,10:34:00,257560,131400
260311C032,KLS,3/11/2026,MVB,A8304VC,Bekasi,Jabodetabek,Pertalite,11.38,Customer,15,1.05,5,8,189300,#N/A,Jawa,BEKASI,MINI VAN BOX,Internal,JabodetabekBEKASIMINI VAN BOX,Dalam Kota,,,,3,REGULAR,7:11:00,257560,#N/A
260311C033,KLS,3/11/2026,MVB,B9320SCE,Bogor,Jabodetabek,Pertalite,16.15,Customer,16,4.33,5,10,227500,571200,Jawa,BOGOR,MINI VAN BOX,Internal,JabodetabekBOGORMINI VAN BOX,Dalam Kota,,,,3,REGULAR,13:36:00,257560,86140
260311C034,KLS,3/11/2026,CDELC,A8048ZX,Bogor,Jabodetabek,Solar,24.01,Customer,26,4.46,11,7,220768,888355,Jawa,BOGOR,CDE LONG CHASSIS,Internal,JabodetabekBOGORCDE LONG CHASSIS,Dalam Kota,,,,3,REGULAR,9:01:00,515120,152467
260311C035,KLS,3/11/2026,PICKUP,A8721ZV,Bekasi,Jabodetabek,Pertalite,9.12,Customer,7,3.0,3,8,91200,401677,Jawa,BEKASI,PICKUP,Internal,JabodetabekBEKASIPICKUP,Dalam Kota,,,,3,REGULAR,6:11:00,257560,52917
260311C036,KLS,3/11/2026,MVB,A8876ZX,Bekasi,Jabodetabek,Pertalite,7.15,Customer,10,1.8,5,5,71500,391136,Jawa,BEKASI,MINI VAN BOX,Internal,JabodetabekBEKASIMINI VAN BOX,Dalam Kota,,,,3,REGULAR,7:36:00,257560,62076
260311C037,KLS,3/11/2026,CDELC,A8159ZC,Bekasi,Jabodetabek,Solar,9.57,Customer,13,1.81,11,7,100076,540503,Jawa,BEKASI,CDE LONG CHASSIS,Internal,JabodetabekBEKASICDE LONG CHASSIS,Dalam Kota,,,,3,REGULAR,8:06:00,257560,182867
260311C038,KLS,3/11/2026,CDELC,A8432ZS,Jakarta Timur,Jabodetabek,Solar,12.51,Customer,12,2.46,11,8,139000,653610,Jawa,JAKARTA TIMUR,CDE LONG CHASSIS,Internal,JabodetabekJAKARTA TIMURCDE LONG CHASSIS,Dalam Kota,,,,3,REGULAR,10:08:00,257560,257050
260311C039,KLS,3/11/2026,MVB,A8373VC,Jakarta Timur,Jabodetabek,Pertalite,13.02,Customer,24,2.99,5,11,210700,#N/A,Jawa,JAKARTA TIMUR,MINI VAN BOX,Internal,JabodetabekJAKARTA TIMURMINI VAN BOX,Dalam Kota,,,,3,REGULAR,9:49:00,257560,#N/A
260311C040,KLS,3/11/2026,CDELC,A8476VC,Karawang Selatan,Jabodetabek,Solar,4.95,Customer,11,5.08,11,9,192660,#N/A,Jawa,KARAWANG SELATAN,CDE LONG CHASSIS,Internal,JabodetabekKARAWANG SELATANCDE LONG CHASSIS,Dalam Kota,,,,3,REGULAR,9:51:00,515120,#N/A
260311C041,KLS,3/11/2026,MVB,A8504ZX,Purwakarta,Jawa Barat,Pertalite,15.35,Customer,6,5.0,5,6,224000,555660,Jawa,PURWAKARTA,MINI VAN BOX,Internal,Jawa BaratPURWAKARTAMINI VAN BOX,Dalam Kota,,,,3,REGULAR,9:27:00,257560,74100
260311C042,KLS,3/11/2026,CDELC,A8503ZX,Depok,Jabodetabek,Solar,18.38,Customer,23,4.26,8,7,237000,647027,Jawa,DEPOK,CDE,Internal,JabodetabekDEPOKCDE,Dalam Kota,,,,3,REGULAR,9:16:00,257560,152467
260311C044,KLS,3/11/2026,PICKUP,A8268VC,Jakarta Utara,Jabodetabek,Pertalite,14.43,Customer,2,3.0,3,2,251124,795284,Jawa,JAKARTA UTARA,PICKUP,Internal,JabodetabekJAKARTA UTARAPICKUP,Dalam Kota,,,,3,REGULAR,6:53:00,257560,286600
260311C048,KLS,3/11/2026,CDELC,A8098ZH,Purwakarta,Jawa Barat,Solar,20.6,Customer,20,6.37,11,10,177000,913287,Jawa,PURWAKARTA,CDE LONG CHASSIS,Internal,Jawa BaratPURWAKARTACDE LONG CHASSIS,Dalam Kota,,,,3,REGULAR,10:26:00,515120,221167
260311C050,KLS,3/11/2026,MVB,A8017VC,Jakarta Utara,Jabodetabek,Pertalite,10.8,Customer,7,5.0,5,6,155000,698260,Jawa,JAKARTA UTARA,MINI VAN BOX,Internal,JabodetabekJAKARTA UTARAMINI VAN BOX,Dalam Kota,,,,3,REGULAR,8:02:00,257560,285700
260311C051,KLS,3/11/2026,CDELC,B9044BRO,Jakarta Utara,Jabodetabek,Solar,19.84,Customer,22,2.86,11,10,250000,935984,Jawa,JAKARTA UTARA,CDE LONG CHASSIS,Internal,JabodetabekJAKARTA UTARACDE LONG CHASSIS,Dalam Kota,,,,3,REGULAR,9:46:00,515120,170864
260311C052,KLS,3/11/2026,MVB,A8553VB,Bogor,Jabodetabek,Pertalite,20.97,Customer,11,3.19,5,7,405700,1052220,Jawa,BOGOR,MINI VAN BOX,Internal,JabodetabekBOGORMINI VAN BOX,Dalam Kota,,,,3,REGULAR,12:25:00,515120,131400
260311C053,KLS,3/11/2026,CDDLC,A8976XY,Karawang Selatan,Jabodetabek,Solar,15.19,Customer,15,1.78,16,6,152292,856379,Jawa,KARAWANG SELATAN,CDD LONG CHASSIS,Internal,JabodetabekKARAWANG SELATANCDD LONG CHASSIS,Dalam Kota,,,,3,REGULAR,8:25:00,515120,188967
260311C264,KLS,3/11/2026,CDELC,A8486VC,Serang,Banten,Solar,43.61,Customer,2,6.76,8,2,772500,#N/A,Jawa,SERANG,CDE PICKUP,Internal,BantenSERANGCDE PICKUP,Dalam Kota,,,,3,REGULAR,13:58:00,515120,#N/A
260311C269,KLS,3/11/2026,CDDLC,B9190SDB,Tangerang,Jabodetabek,Solar,36.78,Customer,1,13.0,13,1,727500,1181293,Jawa,TANGERANG,CDD PICK UP,Internal,JabodetabekTANGERANGCDD PICK UP,Dalam Kota,,,,3,REGULAR,11:02:00,257560,196233
260311C272,KLS,3/11/2026,CDELC,A8002XW,Jakarta Utara,Jabodetabek,Solar,15.43,Customer,2,2.28,11,1,233924,643951,Jawa,JAKARTA UTARA,CDE LONG CHASSIS,Internal,JabodetabekJAKARTA UTARACDE LONG CHASSIS,Dalam Kota,,,,3,REGULAR,7:26:00,257560,152467
260307L026,KLS,3/11/2026,WINGBOX,B9068BEN,Lampung,Sumatera,Solar,111.09,Store,1,42.0,42,1,6029300,6715284,Jawa,LAMPUNG,WINGBOX,Internal,SumateraLAMPUNGWINGBOX,Luar Kota,,,,3,REGULAR,42:58:00,515120,170864
260311L071,KLS,3/11/2026,WINGBOX,B9055BEN,Lampung,Sumatera,,,Store,1,42.0,42,1,6036300,6722284,Jawa,LAMPUNG,WINGBOX,Internal,SumateraLAMPUNGWINGBOX,Luar Kota,,,,3,REGULAR,39:32:00,515120,170864
260311C295,KLS,3/11/2026,CDDLC,A8908XY,Jakarta Utara,Jabodetabek,Solar,24.88,Customer,3,3.06,16,3,421684,847964,Jawa,JAKARTA UTARA,CDD LONG CHASSIS,Internal,JabodetabekJAKARTA UTARACDD LONG CHASSIS,Dalam Kota,,,,3,REGULAR,23:38:00,257560,168720
260311C298,KLS,3/11/2026,MVB,B9642SCE,Karawang Selatan,Jabodetabek,Pertalite,13.83,Customer,9,5.0,5,5,153300,503627,Jawa,KARAWANG SELATAN,MINI VAN BOX,Internal,JabodetabekKARAWANG SELATANMINI VAN BOX,Dalam Kota,,,,3,REGULAR,7:53:00,257560,92767
260311C299,KLS,3/11/2026,MOTOR,B5709BLU,Bekasi,Jabodetabek,Pertalite,1.14,Customer,3,0.14,0.14,1,11400,526550,Jawa,BEKASI,MOTOR BOX,Internal,JabodetabekBEKASIMOTOR BOX,Dalam Kota,,,,3,REGULAR,4:21:00,515120,30
260311L023,KLS,3/11/2026,PICKUP,A8339ZS,Sukabumi,Jawa Barat,Pertalite,32.54,Store,42,3.0,3,1,500000,1280720,Jawa,SUKABUMI,PICKUP,Internal,Jawa BaratSUKABUMIPICKUP,Luar Kota,,,,3,REGULAR,11:56:00,515120,265600
260311C317,KLS,3/11/2026,CDELC,A8505VC,Jakarta Barat,Jabodetabek,Solar,22.75,Customer,3,3.47,11,1,250500,#N/A,Jawa,JAKARTA BARAT,CDE LONG CHASSIS,Internal,JabodetabekJAKARTA BARATCDE LONG CHASSIS,Dalam Kota,,,,3,REGULAR,9:19:00,257560,#N/A
260311X064,KLS,3/11/2026,CDELC,A8520VC,Serang,Banten,Dexlite,1.47,Other Delivery,1,11.0,11,1,272204,#N/A,Jawa,SERANG,CDE LONG CHASSIS,Internal,BantenSERANGCDE LONG CHASSIS,Dalam Kota,,,,3,REGULAR,9:03:00,515120,#N/A
260311C325,KLS,3/11/2026,PICKUP,A8721ZV,Bekasi,Jabodetabek,Pertalite,3.65,Customer,1,3.0,3,1,36500,346977,Jawa,BEKASI,PICKUP,Internal,JabodetabekBEKASIPICKUP,Dalam Kota,,,,3,REGULAR,1:42:00,257560,52917
260311S006,KLS,3/11/2026,CDELC,A8020VC,Tangerang,Jabodetabek,Solar,18.09,Customer via Hub,27,2.38,11,6,193012,478712,Jawa,TANGERANG,CDE LONG CHASSIS,Internal,JabodetabekTANGERANGCDE LONG CHASSIS,Dalam Kota,,,,3,REGULAR,9:44:00,,285700
260311S007,KLS,3/11/2026,MVB,A8437ZH,Tangerang,Jabodetabek,Pertalite,13,Customer via Hub,19,2.42,5,9,197500,308100,Jawa,TANGERANG,MINI VAN BOX,Internal,JabodetabekTANGERANGMINI VAN BOX,Dalam Kota,,,,3,REGULAR,11:26:00,,110600
260311S004,KLS,3/11/2026,CDELC,A8481ZH,Jakarta Barat,Jabodetabek,Solar,12.5,Customer via Hub,22,7.25,11,3,75,221242,Jawa,JAKARTA BARAT,CDE LONG CHASSIS,Internal,JabodetabekJAKARTA BARATCDE LONG CHASSIS,Dalam Kota,,,,3,REGULAR,10:14:00,,221167
260311S005,KLS,3/11/2026,MVB,A8542XB,Jakarta Utara,Jabodetabek,Pertalite,9,Customer via Hub,25,1.42,5,7,90000,90000,Jawa,JAKARTA UTARA,MINI VAN BOX,Internal,JabodetabekJAKARTA UTARAMINI VAN BOX,Dalam Kota,,,,3,REGULAR,7:03:00,,0
260311S002,KLS,3/11/2026,CDELC,A8717VB,Jakarta Selatan,Jabodetabek,Solar,14.71,Customer via Hub,25,3.38,11,9,100024,385724,Jawa,JAKARTA SELATAN,CDE LONG CHASSIS,Internal,JabodetabekJAKARTA SELATANCDE LONG CHASSIS,Dalam Kota,,,,3,REGULAR,7:41:00,,285700
260311S012,KLS,3/11/2026,CDELC,A8721VB,Cilegon,Banten,Solar,29.42,Customer via Hub,17,11.0,11,4,346056,631756,Jawa,CILEGON,CDE LONG CHASSIS,Internal,BantenCILEGONCDE LONG CHASSIS,Dalam Kota,,,,3,REGULAR,10:02:00,,285700
260311S003,KLS,3/11/2026,CDELC,A8757VB,Jakarta Selatan,Jabodetabek,Solar,13.97,Customer via Hub,25,2.65,11,9,161000,446700,Jawa,JAKARTA SELATAN,CDE LONG CHASSIS,Internal,JabodetabekJAKARTA SELATANCDE LONG CHASSIS,Dalam Kota,,,,3,REGULAR,9:10:00,,285700
260311S001,KLS,3/11/2026,CDELC,A8759VB,Jakarta Pusat,Jabodetabek,Solar,14.04,Customer via Hub,14,11.0,11,5,201438,487138,Jawa,JAKARTA PUSAT,CDE LONG CHASSIS,Internal,JabodetabekJAKARTA PUSATCDE LONG CHASSIS,Dalam Kota,,,,3,REGULAR,11:16:00,,285700
260311S011,KLS,3/11/2026,CDELC,A8801XZ,Serang,Banten,Solar,18.32,Customer via Hub,11,8.0,8,3,124576,275309,Jawa,SERANG,CDE PICK UP,Internal,BantenSERANGCDE PICK UP,Dalam Kota,,,,3,REGULAR,11:14:00,,150733
260311S008,KLS,3/11/2026,CDELC,A8910VB,Tangerang,Jabodetabek,,,Customer via Hub,8,11.0,11,6,,285700,Jawa,TANGERANG,CDE LONG CHASSIS,Internal,JabodetabekTANGERANGCDE LONG CHASSIS,Dalam Kota,,,,3,REGULAR,3:46:00,,285700
260311S009,KLS,3/11/2026,CDELC,A8912VB,Tangerang,Jabodetabek,Solar,7253.33,Customer via Hub,20,11.0,11,3,157040,422333,Jawa,TANGERANG,CDE LONG CHASSIS,Internal,JabodetabekTANGERANGCDE LONG CHASSIS,Dalam Kota,,,,3,REGULAR,8:36:00,,265293
260312C006,KLS,3/12/2026,CDELC,A8520VC,Bekasi,Jabodetabek,Solar,13.33,Customer,45,6.48,11,9,135144,#N/A,Jawa,BEKASI,CDE LONG CHASSIS,Internal,JabodetabekBEKASICDE LONG CHASSIS,Dalam Kota,,,,3,REGULAR,8:20:00,515120,#N/A
260312C008,KLS,3/12/2026,CDELC,A8432ZS,Bekasi,Jabodetabek,Solar,13.41,Customer,12,1.97,11,9,91188,605798,Jawa,BEKASI,CDE LONG CHASSIS,Internal,JabodetabekBEKASICDE LONG CHASSIS,Dalam Kota,,,,3,REGULAR,5:51:00,257560,257050
260312C009,KLS,3/12/2026,CDDLC,A8976XY,Bekasi,Jabodetabek,Solar,8.06,Customer,29,4.89,16,8,58808,505335,Jawa,BEKASI,CDD LONG CHASSIS,Internal,JabodetabekBEKASICDD LONG CHASSIS,Dalam Kota,,,,3,REGULAR,7:28:00,257560,188967
260312C010,KLS,3/12/2026,MVB,A8876ZX,Bekasi,Jabodetabek,Pertalite,8.62,Customer,29,3.42,5,8,108000,427636,Jawa,BEKASI,MINI VAN BOX,Internal,JabodetabekBEKASIMINI VAN BOX,Dalam Kota,,,,3,REGULAR,8:13:00,257560,62076
260312H008,KLS,3/12/2026,WINGBOX,B9064BEN,Jakarta Barat,Jabodetabek,Solar,39.5,HUB,617,30.75,42,2,350600,779024,Jawa,JAKARTA BARAT,WINGBOX,Internal,JabodetabekJAKARTA BARATWINGBOX,Dalam Kota,,,,3,REGULAR,4:31:00,257560,170864
260312C011,KLS,3/12/2026,MVB,A8504ZX,Karawang Selatan,Jabodetabek,Pertalite,8.45,Customer,15,3.36,5,9,138500,470160,Jawa,KARAWANG SELATAN,MINI VAN BOX,Internal,JabodetabekKARAWANG SELATANMINI VAN BOX,Dalam Kota,,,,3,REGULAR,7:27:00,257560,74100
260312C012,KLS,3/12/2026,CDELC,B9044BRO,Jakarta Utara,Jabodetabek,Solar,14.36,Customer,5,1.21,11,4,240648,669072,Jawa,JAKARTA UTARA,CDE LONG CHASSIS,Internal,JabodetabekJAKARTA UTARACDE LONG CHASSIS,Dalam Kota,,,,3,REGULAR,7:26:00,257560,170864
260312C013,KLS,3/12/2026,CDELC,A8098ZH,Purwakarta,Jawa Barat,Solar,19.64,Customer,37,2.49,11,8,197052,675779,Jawa,PURWAKARTA,CDE LONG CHASSIS,Internal,Jawa BaratPURWAKARTACDE LONG CHASSIS,Dalam Kota,,,,3,REGULAR,9:53:00,257560,221167
260312C014,KLS,3/12/2026,CDELC,A8339ZS,Jakarta Utara,Jabodetabek,Solar,12.64,Customer,3,8.0,8,2,208952,732112,Jawa,JAKARTA UTARA,CDE PICKUP,Internal,JabodetabekJAKARTA UTARACDE PICKUP,Dalam Kota,,,,3,REGULAR,8:02:00,257560,265600
260312C042,KLS,3/12/2026,CDELC,A8159ZC,Jakarta Timur,Jabodetabek,Solar,15.55,Customer,46,2.26,11,11,145740,843727,Jawa,JAKARTA TIMUR,CDE LONG CHASSIS,Internal,JabodetabekJAKARTA TIMURCDE LONG CHASSIS,Dalam Kota,,,,3,REGULAR,8:51:00,515120,182867
260312C043,KLS,3/12/2026,MVB,A8373VC,Jakarta Timur,Jabodetabek,Pertalite,12.38,Customer,48,5.0,5,8,212500,#N/A,Jawa,JAKARTA TIMUR,MINI VAN BOX,Internal,JabodetabekJAKARTA TIMURMINI VAN BOX,Dalam Kota,,,,3,REGULAR,9:20:00,257560,#N/A
260312C044,KLS,3/12/2026,MVB,A8553VB,Jakarta Utara,Jabodetabek,Pertalite,10.99,Customer,49,5.0,5,7,178000,501260,Jawa,JAKARTA UTARA,MINI VAN BOX,Internal,JabodetabekJAKARTA UTARAMINI VAN BOX,Dalam Kota,,,,3,REGULAR,8:03:00,257560,65700
260312C045,KLS,3/12/2026,MVB,A8017VC,Jakarta Utara,Jabodetabek,Pertalite,12.03,Customer,11,2.0,5,5,167500,710760,Jawa,JAKARTA UTARA,MINI VAN BOX,Internal,JabodetabekJAKARTA UTARAMINI VAN BOX,Dalam Kota,,,,3,REGULAR,9:08:00,257560,285700
260312C046,KLS,3/12/2026,CDELC,A8002XW,Depok,Jabodetabek,Solar,20.36,Customer,67,3.04,11,15,253948,921535,Jawa,DEPOK,CDE LONG CHASSIS,Internal,JabodetabekDEPOKCDE LONG CHASSIS,Dalam Kota,,,,3,REGULAR,8:35:00,515120,152467
260312C047,KLS,3/12/2026,MVB,A8304VC,Bogor,Jabodetabek,Pertalite,18.27,Customer,71,3.75,5,9,276500,#N/A,Jawa,BOGOR,MINI VAN BOX,Internal,JabodetabekBOGORMINI VAN BOX,Dalam Kota,,,,3,REGULAR,8:50:00,257560,#N/A
260312C048,KLS,3/12/2026,MVB,B9320SCE,Bogor,Jabodetabek,Pertalite,18.75,Customer,43,1.14,5,9,320000,663700,Jawa,BOGOR,MINI VAN BOX,Internal,JabodetabekBOGORMINI VAN BOX,Dalam Kota,,,,3,REGULAR,12:04:00,257560,86140
260312C050,KLS,3/12/2026,CDELC,A8503ZX,Bekasi,Jabodetabek,Solar,10.24,Customer,59,4.72,8,10,124632,534659,Jawa,BEKASI,CDE,Internal,JabodetabekBEKASICDE,Dalam Kota,,,,3,REGULAR,8:25:00,257560,152467
260312C058,KLS,3/12/2026,MVB,B9642SCE,Bogor,Jabodetabek,Pertalite,20.14,Customer,7,1.05,5,5,378000,728327,Jawa,BOGOR,MINI VAN BOX,Internal,JabodetabekBOGORMINI VAN BOX,Dalam Kota,,,,3,REGULAR,10:10:00,257560,92767
260312C059,KLS,3/12/2026,MVB,A8983VB,Karawang Selatan,Jabodetabek,Pertalite,10.25,Customer,31,5.0,5,12,135500,782020,Jawa,KARAWANG SELATAN,MINI VAN BOX,Internal,JabodetabekKARAWANG SELATANMINI VAN BOX,Dalam Kota,,,,3,REGULAR,9:05:00,515120,131400
260312C060,KLS,3/12/2026,CDELC,A8048ZX,Subang,Jawa Barat,Solar,28.48,Customer,12,4.71,11,8,473664,1141251,Jawa,SUBANG,CDE LONG CHASSIS,Internal,Jawa BaratSUBANGCDE LONG CHASSIS,DALAM KOTA,,,,3,REGULAR,10:47:00,515120,152467
260312C081,KLS,3/12/2026,MOTOR,B5709BLU,Bekasi,Jabodetabek,Pertalite,1.01,Customer,10,0.14,0.14,8,13100,270690,Jawa,BEKASI,MOTOR BOX,Internal,JabodetabekBEKASIMOTOR BOX,Dalam Kota,,,,3,REGULAR,7:06:00,257560,30
260312C168,KLS,3/12/2026,CDELC,A8486VC,Serang,Banten,Solar,26.18,Customer,1,8.0,8,1,422024,#N/A,Jawa,SERANG,CDE PICKUP,Internal,BantenSERANGCDE PICKUP,Dalam Kota,,,,3,REGULAR,13:15:00,257560,#N/A
260312C170,KLS,3/12/2026,CDELC,A8476VC,Jakarta Barat,Jabodetabek,Solar,19.79,Customer,1,3.56,11,1,238572,#N/A,Jawa,JAKARTA BARAT,CDE LONG CHASSIS,Internal,JabodetabekJAKARTA BARATCDE LONG CHASSIS,Dalam Kota,,,,3,REGULAR,8:00:00,257560,#N/A
260312C237,KLS,3/12/2026,PICKUP,A8721ZV,Karawang Selatan,Jabodetabek,Pertalite,12.61,Customer,3,3.0,3,2,126100,489493,Jawa,KARAWANG SELATAN,PICKUP,Internal,JabodetabekKARAWANG SELATANPICKUP,Dalam Kota,,,,3,REGULAR,26:26:00,257560,105833
260311L022,KLS,3/12/2026,CDELC,B9190SDB,Garut,Jawa Barat,Solar,41.65,Store,1,4.07,11,1,585220,1039013,Jawa,GARUT,CDE LONG CHASSIS,Internal,Jawa BaratGARUTCDE LONG CHASSIS,Luar Kota,,,,3,REGULAR,12:35:00,257560,196233
260312C294,KLS,3/12/2026,CDELC,A8569VC,Bekasi,Jabodetabek,Solar,10.35,Customer,6,11.0,11,2,70380,585500,Jawa,BEKASI,CDE LONG CHASSIS,Internal,JabodetabekBEKASICDE LONG CHASSIS,Dalam Kota,,,,3,REGULAR,-1:43:00,515120,0
260312L017,KLS,3/12/2026,CDDLC,A8288YX,Bandung,Jawa Barat,Solar,31.06,Store,82,16.0,16,2,811000,1257527,Jawa,BANDUNG,CDD LONG CHASSIS,Internal,Jawa BaratBANDUNGCDD LONG CHASSIS,Luar Kota,,,,3,REGULAR,16:58:00,257560,188967
260312H084,KLS,3/12/2026,CDELC,A8505VC,Jakarta Barat,Jabodetabek,Solar,12.35,HUB,10,11.0,11,1,141980,#N/A,Jawa,JAKARTA BARAT,CDE LONG CHASSIS,Internal,JabodetabekJAKARTA BARATCDE LONG CHASSIS,Dalam Kota,,,,3,REGULAR,5:39:00,257560,#N/A
260312C307,KLS,3/12/2026,CDELC,A8505VC,Jakarta Barat,Jabodetabek,Solar,15.73,Customer,3,5.93,11,1,157964,#N/A,Jawa,JAKARTA BARAT,CDE LONG CHASSIS,Internal,JabodetabekJAKARTA BARATCDE LONG CHASSIS,Dalam Kota,,,,3,REGULAR,6:42:00,257560,#N/A
260312X059,KLS,3/12/2026,CDDLC,A8908XY,Serang,Banten,Solar,21.33,Other Delivery,1,16.0,16,1,285044,711324,Jawa,SERANG,CDD LONG CHASSIS,Internal,BantenSERANGCDD LONG CHASSIS,Dalam Kota,,,,3,REGULAR,2:31:00,257560,168720
260312C329,KLS,3/12/2026,MVB,A8553VB,Karawang Selatan,Jabodetabek,Pertalite,4.68,Customer,1,5.0,5,1,79800,403060,Jawa,KARAWANG SELATAN,MINI VAN BOX,Internal,JabodetabekKARAWANG SELATANMINI VAN BOX,Dalam Kota,,,,3,NON REGULAR,2:45:00,257560,65700
260312S004,KLS,3/12/2026,CDELC,A8020VC,Jakarta Barat,Jabodetabek,,,Customer via Hub,65,6.84,11,9,,285700,Jawa,JAKARTA BARAT,CDE LONG CHASSIS,Internal,JabodetabekJAKARTA BARATCDE LONG CHASSIS,Dalam Kota,,,,3,REGULAR,11:30:00,,285700
260312S010,KLS,3/12/2026,MVB,A8437ZH,Tangerang,Jabodetabek,Pertalite,10655.56,Customer via Hub,27,1.57,5,3,168900,279500,Jawa,TANGERANG,MINI VAN BOX,Internal,JabodetabekTANGERANGMINI VAN BOX,Dalam Kota,,,,3,REGULAR,9:26:00,,110600
260312S009,KLS,3/12/2026,CDELC,A8481ZH,Tangerang,Jabodetabek,,,Customer via Hub,31,11.0,11,5,42500,263667,Jawa,TANGERANG,CDE LONG CHASSIS,Internal,JabodetabekTANGERANGCDE LONG CHASSIS,Dalam Kota,,,,3,REGULAR,12:16:00,,221167
260312S007,KLS,3/12/2026,MVB,A8537ZF,Tangerang,Jabodetabek,Pertalite,10.55,Customer via Hub,55,1.51,5,9,189500,300100,Jawa,TANGERANG,MINI VAN BOX,Internal,JabodetabekTANGERANGMINI VAN BOX,Dalam Kota,,,,3,REGULAR,8:54:00,,110600
260312S003,KLS,3/12/2026,MVB,A8542XB,Jakarta Selatan,Jabodetabek,Pertalite,10.6,Customer via Hub,89,2.83,5,11,164000,164000,Jawa,JAKARTA SELATAN,MINI VAN BOX,Internal,JabodetabekJAKARTA SELATANMINI VAN BOX,Dalam Kota,,,,3,REGULAR,9:41:00,,0
260312S005,KLS,3/12/2026,CDELC,A8717VB,Jakarta Utara,Jabodetabek,Solar,19.86,Customer via Hub,93,5.18,11,11,135048,420748,Jawa,JAKARTA UTARA,CDE LONG CHASSIS,Internal,JabodetabekJAKARTA UTARACDE LONG CHASSIS,Dalam Kota,,,,3,REGULAR,11:09:00,,285700
260312S012,KLS,3/12/2026,CDELC,A8757VB,Cilegon,Banten,Solar,34.36,Customer via Hub,29,4.72,11,4,379648,665348,Jawa,CILEGON,CDE LONG CHASSIS,Internal,BantenCILEGONCDE LONG CHASSIS,Dalam Kota,,,,3,REGULAR,12:29:00,,285700
260312S006,KLS,3/12/2026,CDELC,A8759VB,Tangerang,Jabodetabek,Solar,19.62,Customer via Hub,83,5.05,11,7,227433,513133,Jawa,TANGERANG,CDE LONG CHASSIS,Internal,JabodetabekTANGERANGCDE LONG CHASSIS,Dalam Kota,,,,3,REGULAR,9:42:00,,285700
260312S011,KLS,3/12/2026,CDELC,A8801XZ,Serang,Banten,Solar,22.57,Customer via Hub,11,8.0,8,2,153500,304233,Jawa,SERANG,CDE PICK UP,Internal,BantenSERANGCDE PICK UP,Dalam Kota,,,,3,REGULAR,10:29:00,,150733
260312S001,KLS,3/12/2026,CDELC,A8910VB,Jakarta Pusat,Jabodetabek,Solar,7063.5,Customer via Hub,59,11.0,11,9,192016,477716,Jawa,JAKARTA PUSAT,CDE LONG CHASSIS,Internal,JabodetabekJAKARTA PUSATCDE LONG CHASSIS,Dalam Kota,,,,3,REGULAR,12:09:00,,285700
260312S002,KLS,3/12/2026,CDELC,A8912VB,Jakarta Selatan,Jabodetabek,Solar,14.3,Customer via Hub,77,3.0,11,7,97240,362533,Jawa,JAKARTA SELATAN,CDE LONG CHASSIS,Internal,JabodetabekJAKARTA SELATANCDE LONG CHASSIS,Dalam Kota,,,,3,REGULAR,9:46:00,,265293
260313C001,KLS,3/13/2026,CDELC,A8159ZC,Bekasi,Jabodetabek,Solar,11.48,Customer,28,10.63,11,11,88000,785987,Jawa,BEKASI,CDE LONG CHASSIS,Internal,JabodetabekBEKASICDE LONG CHASSIS,Dalam Kota,,,,3,REGULAR,10:04:00,515120,182867
260313C030,KLS,3/13/2026,CDELC,A8520VC,Bekasi,Jabodetabek,Solar,14.07,Customer,51,6.51,11,11,171500,#N/A,Jawa,BEKASI,CDE LONG CHASSIS,Internal,JabodetabekBEKASICDE LONG CHASSIS,Dalam Kota,,,,3,REGULAR,10:34:00,515120,#N/A
260313C033,KLS,3/13/2026,MVB,A8983VB,Bekasi,Jabodetabek,Pertalite,12.22,Customer,25,2.41,5,7,186700,575660,Jawa,BEKASI,MINI VAN BOX,Internal,JabodetabekBEKASIMINI VAN BOX,Dalam Kota,,,,3,REGULAR,11:33:00,257560,131400
260313C034,KLS,3/13/2026,MVB,B9320SCE,Bogor,Jabodetabek,Pertalite,12.57,Customer,23,2.97,5,7,196000,539700,Jawa,BOGOR,MINI VAN BOX,Internal,JabodetabekBOGORMINI VAN BOX,Dalam Kota,,,,3,REGULAR,10:15:00,257560,86140
260313C035,KLS,3/13/2026,CDDLC,A8288YX,Bekasi,Jabodetabek,Solar,15.81,Customer,24,2.11,16,11,107508,811595,Jawa,BEKASI,CDD LONG CHASSIS,Internal,JabodetabekBEKASICDD LONG CHASSIS,Dalam Kota,,,,3,REGULAR,7:39:00,515120,188967
260313C036,KLS,3/13/2026,PICKUP,A8721ZV,Bekasi,Jabodetabek,Pertalite,7.95,Customer,19,1.65,3,10,86500,449893,Jawa,BEKASI,PICKUP,Internal,JabodetabekBEKASIPICKUP,Dalam Kota,,,,3,REGULAR,10:33:00,257560,105833
260313H012,KLS,3/13/2026,WINGBOX,B9068BEN,Jakarta Barat,Jabodetabek,Solar,38.28,HUB,424,42.0,42,2,342304,770728,Jawa,JAKARTA BARAT,WINGBOX,Internal,JabodetabekJAKARTA BARATWINGBOX,Dalam Kota,,,,3,REGULAR,4:26:00,257560,170864
260313C037,KLS,3/13/2026,CDELC,A8503ZX,Jakarta Timur,Jabodetabek,Solar,17.48,Customer,19,1.2,8,8,194500,604527,Jawa,JAKARTA TIMUR,CDE,Internal,JabodetabekJAKARTA TIMURCDE,Dalam Kota,,,,3,REGULAR,10:05:00,257560,152467
260313C038,KLS,3/13/2026,MVB,A8373VC,Jakarta Timur,Jabodetabek,Pertalite,12.73,Customer,30,3.31,5,6,204800,#N/A,Jawa,JAKARTA TIMUR,MINI VAN BOX,Internal,JabodetabekJAKARTA TIMURMINI VAN BOX,Dalam Kota,,,,3,REGULAR,10:34:00,257560,#N/A
260313C039,KLS,3/13/2026,MVB,A8017VC,Jakarta Utara,Jabodetabek,Pertalite,12.81,Customer,10,2.3,5,9,227500,770760,Jawa,JAKARTA UTARA,MINI VAN BOX,Internal,JabodetabekJAKARTA UTARAMINI VAN BOX,Dalam Kota,,,,3,REGULAR,9:45:00,257560,285700
260313C040,KLS,3/13/2026,CDELC,A8505VC,Karawang Selatan,Jabodetabek,Solar,16.97,Customer,33,11.0,11,12,148396,#N/A,Jawa,KARAWANG SELATAN,CDE LONG CHASSIS,Internal,JabodetabekKARAWANG SELATANCDE LONG CHASSIS,Dalam Kota,,,,3,REGULAR,7:10:00,515120,#N/A
260313C041,KLS,3/13/2026,CDELC,A8476VC,Karawang Selatan,Jabodetabek,Solar,18.61,Customer,16,3.85,11,10,185500,#N/A,Jawa,KARAWANG SELATAN,CDE LONG CHASSIS,Internal,JabodetabekKARAWANG SELATANCDE LONG CHASSIS,Dalam Kota,,,,3,REGULAR,9:46:00,515120,#N/A
260313C042,KLS,3/13/2026,MVB,A8504ZX,Purwakarta,Jawa Barat,Pertalite,13.2,Customer,30,2.88,5,7,205500,537160,Jawa,PURWAKARTA,MINI VAN BOX,Internal,Jawa BaratPURWAKARTAMINI VAN BOX,Dalam Kota,,,,3,REGULAR,8:53:00,257560,74100
260313C044,KLS,3/13/2026,CDELC,A8048ZX,Subang,Jawa Barat,Solar,28.85,Customer,8,4.91,11,5,457680,1125267,Jawa,SUBANG,CDE LONG CHASSIS,Internal,Jawa BaratSUBANGCDE LONG CHASSIS,DALAM KOTA,,,,3,REGULAR,11:11:00,515120,152467
260313C046,KLS,3/13/2026,CDELC,A8002XW,Depok,Jabodetabek,Solar,18.68,Customer,46,5.16,11,16,269500,679527,Jawa,DEPOK,CDE LONG CHASSIS,Internal,JabodetabekDEPOKCDE LONG CHASSIS,Dalam Kota,,,,3,REGULAR,10:46:00,257560,152467
260313C047,KLS,3/13/2026,MVB,A8304VC,Purwakarta,Jawa Barat,Pertalite,13.97,Customer,6,5.0,5,5,193500,#N/A,Jawa,PURWAKARTA,MINI VAN BOX,Internal,Jawa BaratPURWAKARTAMINI VAN BOX,Dalam Kota,,,,3,REGULAR,9:25:00,257560,#N/A
260313C048,KLS,3/13/2026,CDELC,A8432ZS,Bogor,Jabodetabek,Solar,24.21,Customer,52,8.15,11,10,258500,1030670,Jawa,BOGOR,CDE LONG CHASSIS,Internal,JabodetabekBOGORCDE LONG CHASSIS,Dalam Kota,,,,3,REGULAR,10:58:00,515120,257050
260313C049,KLS,3/13/2026,CDELC,B9044BRO,Jakarta Utara,Jabodetabek,Solar,16.75,Customer,24,5.44,11,7,206000,634424,Jawa,JAKARTA UTARA,CDE LONG CHASSIS,Internal,JabodetabekJAKARTA UTARACDE LONG CHASSIS,Dalam Kota,,,,3,REGULAR,23:42:00,257560,170864
260313C052,KLS,3/13/2026,MOTOR,B5709BLU,Bekasi,Jabodetabek,Pertalite,1.57,Customer,9,0.14,0.14,9,15700,273290,Jawa,BEKASI,MOTOR BOX,Internal,JabodetabekBEKASIMOTOR BOX,Dalam Kota,,,,3,REGULAR,8:00:00,257560,30
260313C092,KLS,3/13/2026,MVB,A8876ZX,Bogor,Jabodetabek,Pertalite,18.29,Customer,2,5.0,5,3,244500,564136,Jawa,BOGOR,MINI VAN BOX,Internal,JabodetabekBOGORMINI VAN BOX,Dalam Kota,,,,3,REGULAR,8:38:00,257560,62076
260313C177,KLS,3/13/2026,CDDLC,A8961VB,Bekasi,Jabodetabek,Solar,11.98,Customer,2,4.26,13,2,159464,729657,Jawa,BEKASI,CDD PICK UP,Internal,JabodetabekBEKASICDD PICK UP,Dalam Kota,,,,3,REGULAR,5:27:00,257560,312633
260313C179,KLS,3/13/2026,MVB,A8553VB,Jakarta Timur,Jabodetabek,Pertalite,12.11,Customer,8,5.0,5,8,174100,563060,Jawa,JAKARTA TIMUR,MINI VAN BOX,Internal,JabodetabekJAKARTA TIMURMINI VAN BOX,Dalam Kota,,,,3,REGULAR,10:13:00,257560,131400
260313C285,KLS,3/13/2026,CDELC,A8098ZH,Jakarta Selatan,Jabodetabek,Solar,19.61,Customer,3,8.92,11,3,170000,648727,Jawa,JAKARTA SELATAN,CDE LONG CHASSIS,Internal,JabodetabekJAKARTA SELATANCDE LONG CHASSIS,Dalam Kota,,,,3,REGULAR,9:46:00,257560,221167
260313C299,KLS,3/13/2026,CDELC,A8339ZS,Jakarta Utara,Jabodetabek,Solar,15.81,Customer,4,3.37,8,3,256008,779168,Jawa,JAKARTA UTARA,CDE PICKUP,Internal,JabodetabekJAKARTA UTARACDE PICKUP,Dalam Kota,,,,3,REGULAR,7:26:00,257560,265600
260313C305,KLS,3/13/2026,PICKUP,A8051XA,Karawang Selatan,Jabodetabek,Pertalite,14.38,Customer,3,3.0,3,2,177000,497625,Jawa,KARAWANG SELATAN,PICKUP,Internal,JabodetabekKARAWANG SELATANPICKUP,Dalam Kota,,,,3,REGULAR,5:33:00,257560,63065
260313H076,KLS,3/13/2026,CDDLC,A8908XY,Jakarta Barat,Jabodetabek,Solar,15.89,HUB,1,16.0,16,1,186052,527972,Jawa,JAKARTA BARAT,CDD LONG CHASSIS,Internal,JabodetabekJAKARTA BARATCDD LONG CHASSIS,Dalam Kota,,,,3,REGULAR,5:30:00,257560,84360
260313L035,KLS,3/13/2026,CDDLC,B9190SDB,Bandung,Jawa Barat,Solar,28.3,Store,2,6.97,13,1,806500,1260293,Jawa,BANDUNG,CDD PICK UP,Internal,Jawa BaratBANDUNGCDD PICK UP,Luar Kota,,,,3,REGULAR,10:18:00,257560,196233
260313C308,KLS,3/13/2026,CDELC,B9402SDA,Jakarta Utara,Jabodetabek,Solar,29.41,Customer,4,2.5,8,3,53000,466360,Jawa,JAKARTA UTARA,CDE PICKUP,Internal,JabodetabekJAKARTA UTARACDE PICKUP,Dalam Kota,,,,3,REGULAR,48:05:00,257560,155800
260313H077,KLS,3/13/2026,CDDLC,A8976XY,Jakarta Barat,Jabodetabek,Solar,28.53,HUB,3,5.44,16,1,456000,902527,Jawa,JAKARTA BARAT,CDD LONG CHASSIS,Internal,JabodetabekJAKARTA BARATCDD LONG CHASSIS,Dalam Kota,,,,3,REGULAR,78:08:00,257560,188967
260313C312,KLS,3/13/2026,CDDLC,A8908XY,Subang,Jawa Barat,Solar,27.5,Customer,6,13.49,16,2,462000,1061480,Jawa,SUBANG,CDD LONG CHASSIS,Internal,Jawa BaratSUBANGCDD LONG CHASSIS,DALAM KOTA,,,,3,REGULAR,12:33:00,515120,84360
260313C331,KLS,3/13/2026,CDELC,A8723VB,Jakarta Barat,Jabodetabek,Solar,22.06,Customer,4,2.78,11,1,224500,767760,Jawa,JAKARTA BARAT,CDE LONG CHASSIS,Internal,JabodetabekJAKARTA BARATCDE LONG CHASSIS,Dalam Kota,,,,3,REGULAR,-11:44:00,257560,285700
260313X062,KLS,3/13/2026,CDDLC,A8486VC,Serang,Banten,Solar,24.63,Other Delivery,1,13.0,13,1,300500,#N/A,Jawa,SERANG,CDD PICK UP,Internal,BantenSERANGCDD PICK UP,Dalam Kota,,,,3,REGULAR,7:50:00,257560,#N/A
260313S006,KLS,3/13/2026,CDELC,A8020VC,Tangerang,Jabodetabek,Solar,16.18,Customer via Hub,40,11.0,11,5,175024,460724,Jawa,TANGERANG,CDE LONG CHASSIS,Internal,JabodetabekTANGERANGCDE LONG CHASSIS,Dalam Kota,,,,3,REGULAR,8:24:00,,285700
260313S010,KLS,3/13/2026,MVB,A8437ZH,Tangerang,Jabodetabek,Pertalite,10550,Customer via Hub,22,2.34,5,6,157000,267600,Jawa,TANGERANG,MINI VAN BOX,Internal,JabodetabekTANGERANGMINI VAN BOX,Dalam Kota,,,,3,REGULAR,-5:07:00,,110600
260313S004,KLS,3/13/2026,CDELC,A8481ZH,Jakarta Barat,Jabodetabek,,,Customer via Hub,30,4.8,11,7,,221167,Jawa,JAKARTA BARAT,CDE LONG CHASSIS,Internal,JabodetabekJAKARTA BARATCDE LONG CHASSIS,Dalam Kota,,,,3,REGULAR,11:14:00,,221167
260313S007,KLS,3/13/2026,MVB,A8537ZF,Tangerang,Jabodetabek,Pertalite,17.65,Customer via Hub,30,2.68,5,8,299500,410100,Jawa,TANGERANG,MINI VAN BOX,Internal,JabodetabekTANGERANGMINI VAN BOX,Dalam Kota,,,,3,REGULAR,12:26:00,,110600
260313S003,KLS,3/13/2026,MVB,A8542XB,Jakarta Selatan,Jabodetabek,Pertalite,15.01,Customer via Hub,46,5.0,5,9,102236,102236,Jawa,JAKARTA SELATAN,MINI VAN BOX,Internal,JabodetabekJAKARTA SELATANMINI VAN BOX,Dalam Kota,,,,3,REGULAR,12:06:00,,0
260313S002,KLS,3/13/2026,CDELC,A8717VB,Jakarta Selatan,Jabodetabek,Solar,13.24,Customer via Hub,24,6.65,11,4,90032,375732,Jawa,JAKARTA SELATAN,CDE LONG CHASSIS,Internal,JabodetabekJAKARTA SELATANCDE LONG CHASSIS,Dalam Kota,,,,3,REGULAR,11:22:00,,285700
260313S012,KLS,3/13/2026,CDELC,A8721VB,Cilegon,Banten,Solar,30.88,Customer via Hub,31,7.05,11,9,350984,636684,Jawa,CILEGON,CDE LONG CHASSIS,Internal,BantenCILEGONCDE LONG CHASSIS,Dalam Kota,,,,3,REGULAR,11:08:00,,285700
260313S008,KLS,3/13/2026,CDELC,A8757VB,Tangerang,Jabodetabek,,13,Customer via Hub,19,3.85,11,7,187000,472700,Jawa,TANGERANG,CDE LONG CHASSIS,Internal,JabodetabekTANGERANGCDE LONG CHASSIS,Dalam Kota,,,,3,REGULAR,10:10:00,,285700
260313S001,KLS,3/13/2026,CDELC,A8759VB,Jakarta Pusat,Jabodetabek,,,Customer via Hub,40,6.46,11,6,,285700,Jawa,JAKARTA PUSAT,CDE LONG CHASSIS,Internal,JabodetabekJAKARTA PUSATCDE LONG CHASSIS,Dalam Kota,,,,3,REGULAR,12:50:00,,285700
260313S011,KLS,3/13/2026,CDELC,A8801XZ,Serang,Banten,Solar,20.88,Customer via Hub,20,5.62,8,6,142000,292733,Jawa,SERANG,CDE PICK UP,Internal,BantenSERANGCDE PICK UP,Dalam Kota,,,,3,REGULAR,11:57:00,,150733
260313S009,KLS,3/13/2026,CDELC,A8910VB,Tangerang,Jabodetabek,Solar,7124.89,Customer via Hub,39,4.73,11,4,171248,456948,Jawa,TANGERANG,CDE LONG CHASSIS,Internal,JabodetabekTANGERANGCDE LONG CHASSIS,Dalam Kota,,,,3,REGULAR,10:55:00,,285700
260313S005,KLS,3/13/2026,CDELC,A8912VB,Jakarta Utara,Jabodetabek,Solar,18.39,Customer via Hub,45,5.55,11,9,627052,892345,Jawa,JAKARTA UTARA,CDE LONG CHASSIS,Internal,JabodetabekJAKARTA UTARACDE LONG CHASSIS,Dalam Kota,,,,3,REGULAR,11:45:00,,265293
260314C027,KLS,3/14/2026,CDELC,A8505VC,Jakarta Timur,Jabodetabek,Solar,21.2,Customer,27,3.59,11,7,190160,#N/A,Jawa,JAKARTA TIMUR,CDE LONG CHASSIS,Internal,JabodetabekJAKARTA TIMURCDE LONG CHASSIS,Dalam Kota,,,,3,REGULAR,11:00:00,257560,#N/A
260314C028,KLS,3/14/2026,CDELC,A8048ZX,Purwakarta,Jawa Barat,Solar,16.62,Customer,30,4.06,11,6,181016,591043,Jawa,PURWAKARTA,CDE LONG CHASSIS,Internal,Jawa BaratPURWAKARTACDE LONG CHASSIS,Dalam Kota,,,,3,REGULAR,6:22:00,257560,152467
260314H018,KLS,3/14/2026,CDDLC,A8976XY,Jakarta Barat,Jabodetabek,Solar,23.78,HUB,236,16.0,16,2,272204,718731,Jawa,JAKARTA BARAT,CDD LONG CHASSIS,Internal,JabodetabekJAKARTA BARATCDD LONG CHASSIS,Dalam Kota,,,,3,REGULAR,6:31:00,257560,188967
260314C029,KLS,3/14/2026,CDELC,A8432ZS,Bogor,Jabodetabek,Solar,18.76,Customer,29,3.65,11,6,214068,986238,Jawa,BOGOR,CDE LONG CHASSIS,Internal,JabodetabekBOGORCDE LONG CHASSIS,Dalam Kota,,,,3,REGULAR,8:35:00,515120,257050
260314C030,KLS,3/14/2026,CDELC,A8002XW,Depok,Jabodetabek,Solar,17.91,Customer,29,4.47,11,7,241788,651815,Jawa,DEPOK,CDE LONG CHASSIS,Internal,JabodetabekDEPOKCDE LONG CHASSIS,Dalam Kota,,,,3,REGULAR,6:52:00,257560,152467
260314C032,KLS,3/14/2026,CDELC,B9044BRO,Jakarta Utara,Jabodetabek,Solar,14.13,Customer,21,6.32,11,6,195084,881068,Jawa,JAKARTA UTARA,CDE LONG CHASSIS,Internal,JabodetabekJAKARTA UTARACDE LONG CHASSIS,Dalam Kota,,,,3,REGULAR,7:16:00,515120,170864
260314C033,KLS,3/14/2026,CDELC,A8159ZC,Bogor,Jabodetabek,Solar,10.54,Customer,18,3.39,11,4,171672,612099,Jawa,BOGOR,CDE LONG CHASSIS,Internal,JabodetabekBOGORCDE LONG CHASSIS,Dalam Kota,,,,3,REGULAR,5:56:00,257560,182867
260314C034,KLS,3/14/2026,CDELC,A8098ZH,Jakarta Timur,Jabodetabek,Solar,16.09,Customer,21,2.39,11,6,209412,945699,Jawa,JAKARTA TIMUR,CDE LONG CHASSIS,Internal,JabodetabekJAKARTA TIMURCDE LONG CHASSIS,Dalam Kota,,,,3,REGULAR,6:43:00,515120,221167
260314C035,KLS,3/14/2026,CDELC,A8520VC,Bekasi,Jabodetabek,Solar,11.03,Customer,33,8.62,11,6,122004,#N/A,Jawa,BEKASI,CDE LONG CHASSIS,Internal,JabodetabekBEKASICDE LONG CHASSIS,Dalam Kota,,,,3,REGULAR,7:02:00,515120,#N/A
260314C036,KLS,3/14/2026,CDELC,A8476VC,Bekasi,Jabodetabek,Solar,12.85,Customer,34,5.18,11,9,153880,#N/A,Jawa,BEKASI,CDE LONG CHASSIS,Internal,JabodetabekBEKASICDE LONG CHASSIS,Dalam Kota,,,,3,REGULAR,7:39:00,515120,#N/A
260314C239,KLS,3/14/2026,CDELC,A8339ZS,Purwakarta,Jawa Barat,Solar,17.27,Customer,4,2.71,8,3,144436,925156,Jawa,PURWAKARTA,CDE PICKUP,Internal,Jawa BaratPURWAKARTACDE PICKUP,Dalam Kota,,,,3,REGULAR,7:36:00,515120,265600
260314C249,KLS,3/14/2026,CDELC,A8486VC,Jakarta Utara,Jabodetabek,Solar,12.04,Customer,4,1.32,8,3,246872,#N/A,Jawa,JAKARTA UTARA,CDE PICKUP,Internal,JabodetabekJAKARTA UTARACDE PICKUP,Dalam Kota,,,,3,REGULAR,5:46:00,257560,#N/A
260314C250,KLS,3/14/2026,CDDLC,B9190SDB,Jakarta Utara,Jabodetabek,Solar,13.72,Customer,2,8.98,13,2,218296,672089,Jawa,JAKARTA UTARA,CDD PICK UP,Internal,JabodetabekJAKARTA UTARACDD PICK UP,Dalam Kota,,,,3,REGULAR,49:17:00,257560,196233
260314H098,KLS,3/14/2026,CDDLC,A8657ZF,Jakarta Barat,Jabodetabek,Solar,26.84,HUB,1,16.0,16,1,293012,816572,Jawa,JAKARTA BARAT,CDD LONG CHASSIS,Internal,JabodetabekJAKARTA BARATCDD LONG CHASSIS,Dalam Kota,,,,3,REGULAR,7:36:00,257560,266000
260314C276,KLS,3/14/2026,CDDLC,A8961VB,Jakarta Utara,Jabodetabek,Solar,28.89,Customer,27,3.38,13,7,374952,1202705,Jawa,JAKARTA UTARA,CDD PICK UP,Internal,JabodetabekJAKARTA UTARACDD PICK UP,Dalam Kota,,,,3,REGULAR,10:50:00,515120,312633
260314L006,KLS,3/14/2026,CDDLC,A8908XY,Bandung,Jawa Barat,Solar,32.4,Store,71,11.24,16,1,813500,1239780,Jawa,BANDUNG,CDD LONG CHASSIS,Internal,Jawa BaratBANDUNGCDD LONG CHASSIS,Luar Kota,,,,3,REGULAR,10:32:00,257560,168720
260314L007,KLS,3/14/2026,CDDLC,A8288YX,Bandung,Jawa Barat,Solar,7.47,Store,34,16.0,16,1,811000,1257527,Jawa,BANDUNG,CDD LONG CHASSIS,Internal,Jawa BaratBANDUNGCDD LONG CHASSIS,Luar Kota,,,,3,REGULAR,14:06:00,257560,188967
260314C277,KLS,3/14/2026,MVB,A8304VC,Tangerang,Jabodetabek,Pertalite,14.32,Customer,3,5.0,5,3,223200,#N/A,Jawa,TANGERANG,MINI VAN BOX,Internal,JabodetabekTANGERANGMINI VAN BOX,Dalam Kota,,,,3,REGULAR,6:53:00,515120,#N/A
260314S005,KLS,3/14/2026,CDELC,A8020VC,Tangerang,Jabodetabek,Solar,15.15,Customer via Hub,43,6.91,11,8,176520,462220,Jawa,TANGERANG,CDE LONG CHASSIS,Internal,JabodetabekTANGERANGCDE LONG CHASSIS,Dalam Kota,,,,3,REGULAR,7:00:00,,285700
260314S003,KLS,3/14/2026,CDELC,A8481ZH,Jakarta Barat,Jabodetabek,Solar,12.65,Customer via Hub,23,4.26,11,8,136000,357167,Jawa,JAKARTA BARAT,CDE LONG CHASSIS,Internal,JabodetabekJAKARTA BARATCDE LONG CHASSIS,Dalam Kota,,,,3,REGULAR,8:37:00,,221167
260314S004,KLS,3/14/2026,CDELC,A8717VB,Jakarta Utara,Jabodetabek,Solar,10.83,Customer via Hub,58,8.21,11,7,104644,390344,Jawa,JAKARTA UTARA,CDE LONG CHASSIS,Internal,JabodetabekJAKARTA UTARACDE LONG CHASSIS,Dalam Kota,,,,3,REGULAR,6:30:00,,285700
260314S007,KLS,3/14/2026,CDELC,A8721VB,Cilegon,Banten,Solar,6847.08,Customer via Hub,41,5.29,11,6,332524,618224,Jawa,CILEGON,CDE LONG CHASSIS,Internal,BantenCILEGONCDE LONG CHASSIS,Dalam Kota,,,,3,REGULAR,9:54:00,,285700
260314S006,KLS,3/14/2026,CDELC,A8757VB,Tangerang,Jabodetabek,Solar,13.75,Customer via Hub,28,4.29,11,8,179000,464700,Jawa,TANGERANG,CDE LONG CHASSIS,Internal,JabodetabekTANGERANGCDE LONG CHASSIS,Dalam Kota,,,,3,REGULAR,7:19:00,,285700
260314S001,KLS,3/14/2026,CDELC,A8759VB,Jakarta Pusat,Jabodetabek,Solar,21.9,Customer via Hub,43,5.95,11,7,217920,503620,Jawa,JAKARTA PUSAT,CDE LONG CHASSIS,Internal,JabodetabekJAKARTA PUSATCDE LONG CHASSIS,Dalam Kota,,,,3,REGULAR,9:33:00,,285700
260314S002,KLS,3/14/2026,CDELC,A8910VB,Jakarta Selatan,Jabodetabek,Solar,12.5,Customer via Hub,25,3.14,11,7,189000,474700,Jawa,JAKARTA SELATAN,CDE LONG CHASSIS,Internal,JabodetabekJAKARTA SELATANCDE LONG CHASSIS,Dalam Kota,,,,3,REGULAR,9:59:00,,285700
260316C028,KLS,3/16/2026,MVB,A8983VB,Bekasi,Jabodetabek,Pertalite,9.61,Customer,12,5.0,5,7,115100,761620,Jawa,BEKASI,MINI VAN BOX,Internal,JabodetabekBEKASIMINI VAN BOX,Dalam Kota,,,,3,REGULAR,6:37:00,515120,131400
260316C030,KLS,3/16/2026,MVB,B9320SCE,Bogor,Jabodetabek,Pertalite,12.88,Customer,3,5.0,5,3,152800,496500,Jawa,BOGOR,MINI VAN BOX,Internal,JabodetabekBOGORMINI VAN BOX,Dalam Kota,,,,3,REGULAR,6:20:00,257560,86140
260316C032,KLS,3/16/2026,CDELC,A8339ZS,Bogor,Jabodetabek,Solar,21.09,Customer,16,6.88,8,7,189912,970632,Jawa,BOGOR,CDE PICKUP,Internal,JabodetabekBOGORCDE PICKUP,Dalam Kota,,,,3,REGULAR,8:47:00,515120,265600
260316C033,KLS,3/16/2026,CDDLC,B9190SDB,Bekasi,Jabodetabek,Solar,11.96,Customer,6,4.44,13,4,81328,792681,Jawa,BEKASI,CDD PICK UP,Internal,JabodetabekBEKASICDD PICK UP,Dalam Kota,,,,3,REGULAR,6:44:00,515120,196233
260316C034,KLS,3/16/2026,CDELC,A8159ZC,Bekasi,Jabodetabek,Solar,8.87,Customer,13,1.4,11,5,60316,500743,Jawa,BEKASI,CDE LONG CHASSIS,Internal,JabodetabekBEKASICDE LONG CHASSIS,Dalam Kota,,,,3,REGULAR,7:07:00,257560,182867
260316C035,KLS,3/16/2026,CDELC,B9044BRO,Bekasi,Jabodetabek,Solar,7.63,Customer,10,11.0,11,5,68884,754868,Jawa,BEKASI,CDE LONG CHASSIS,Internal,JabodetabekBEKASICDE LONG CHASSIS,Dalam Kota,,,,3,REGULAR,6:17:00,515120,170864
260316H002,KLS,3/16/2026,CDDLC,A8976XY,Jakarta Barat,Jabodetabek,Solar,15.55,HUB,95,8.89,16,2,187740,539783,Jawa,JAKARTA BARAT,CDD LONG CHASSIS,Internal,JabodetabekJAKARTA BARATCDD LONG CHASSIS,Dalam Kota,,,,3,REGULAR,7:24:00,257560,94483
260316C036,KLS,3/16/2026,CDELC,A8503ZX,Jakarta Timur,Jabodetabek,Solar,10.99,Customer,4,1.13,8,3,104732,514759,Jawa,JAKARTA TIMUR,CDE,Internal,JabodetabekJAKARTA TIMURCDE,Dalam Kota,,,,3,REGULAR,6:26:00,257560,152467
260316C037,KLS,3/16/2026,MVB,A8373VC,Jakarta Timur,Jabodetabek,Pertalite,15.92,Customer,10,1.17,5,3,240200,#N/A,Jawa,JAKARTA TIMUR,MINI VAN BOX,Internal,JabodetabekJAKARTA TIMURMINI VAN BOX,Dalam Kota,,,,3,REGULAR,7:25:00,515120,#N/A
260316C038,KLS,3/16/2026,CDELC,A8486VC,Jakarta Utara,Jabodetabek,Solar,13.7,Customer,2,5.88,8,2,213160,#N/A,Jawa,JAKARTA UTARA,CDE PICKUP,Internal,JabodetabekJAKARTA UTARACDE PICKUP,Dalam Kota,,,,3,REGULAR,5:56:00,257560,#N/A
260316C039,KLS,3/16/2026,CDELC,A8098ZH,Jakarta Utara,Jabodetabek,Solar,13.8,Customer,6,1.63,11,2,165840,902127,Jawa,JAKARTA UTARA,CDE LONG CHASSIS,Internal,JabodetabekJAKARTA UTARACDE LONG CHASSIS,Dalam Kota,,,,3,REGULAR,6:35:00,515120,221167
260316C040,KLS,3/16/2026,CDELC,A8505VC,Karawang Selatan,Jabodetabek,Solar,18.84,Customer,36,11.0,11,11,150612,#N/A,Jawa,KARAWANG SELATAN,CDE LONG CHASSIS,Internal,JabodetabekKARAWANG SELATANCDE LONG CHASSIS,Dalam Kota,,,,3,REGULAR,8:25:00,515120,#N/A
260316C041,KLS,3/16/2026,MVB,A8504ZX,Purwakarta,Jawa Barat,Pertalite,9.95,Customer,8,5.0,5,4,153500,485160,Jawa,PURWAKARTA,MINI VAN BOX,Internal,Jawa BaratPURWAKARTAMINI VAN BOX,Dalam Kota,,,,3,REGULAR,7:41:00,257560,74100
260316C042,KLS,3/16/2026,CDELC,A8476VC,Karawang Selatan,Jabodetabek,Solar,15.99,Customer,10,11.0,11,5,162732,#N/A,Jawa,KARAWANG SELATAN,CDE LONG CHASSIS,Internal,JabodetabekKARAWANG SELATANCDE LONG CHASSIS,Dalam Kota,,,,3,REGULAR,7:25:00,515120,#N/A
260316C043,KLS,3/16/2026,MVB,A8017VC,Purwakarta,Jawa Barat,Pertalite,12.25,Customer,8,5.0,5,5,195500,738760,Jawa,PURWAKARTA,MINI VAN BOX,Internal,Jawa BaratPURWAKARTAMINI VAN BOX,Dalam Kota,,,,3,REGULAR,7:02:00,257560,285700
260316C044,KLS,3/16/2026,CDDLC,A8961VB,Jakarta Utara,Jabodetabek,Solar,17.63,Customer,5,3.95,13,3,232884,1060637,Jawa,JAKARTA UTARA,CDD PICK UP,Internal,JabodetabekJAKARTA UTARACDD PICK UP,Dalam Kota,,,,3,REGULAR,6:54:00,515120,312633
260316C045,KLS,3/16/2026,MVB,A8553VB,Subang,Jawa Barat,Pertalite,17.56,Customer,6,5.0,5,2,350100,739060,Jawa,SUBANG,MINI VAN BOX,Internal,Jawa BaratSUBANGMINI VAN BOX,DALAM KOTA,,,,3,REGULAR,8:41:00,257560,131400
260316C047,KLS,3/16/2026,PICKUP,A8721ZV,Jakarta Barat,Jabodetabek,Pertalite,11.45,Customer,2,3.0,3,1,177500,540893,Jawa,JAKARTA BARAT,PICKUP,Internal,JabodetabekJAKARTA BARATPICKUP,Dalam Kota,,,,3,REGULAR,6:45:00,257560,105833
260316C049,KLS,3/16/2026,MOTOR,B5709BLU,Bekasi,Jabodetabek,,0,Customer,5,0.14,0.14,3,16700,274290,Jawa,BEKASI,MOTOR BOX,Internal,JabodetabekBEKASIMOTOR BOX,Dalam Kota,,,,3,REGULAR,7:55:00,257560,30
260316C274,KLS,3/16/2026,MVB,B9642SCE,Karawang Selatan,Jabodetabek,Pertalite,12.01,Customer,12,5.0,5,7,163600,771487,Jawa,KARAWANG SELATAN,MINI VAN BOX,Internal,JabodetabekKARAWANG SELATANMINI VAN BOX,Dalam Kota,,,,3,REGULAR,4:31:00,515120,92767
260316C296,KLS,3/16/2026,MVB,A8876ZX,Bekasi,Jabodetabek,Pertalite,5.75,Customer,2,5.0,5,2,67500,356098,Jawa,BEKASI,MINI VAN BOX,Internal,JabodetabekBEKASIMINI VAN BOX,Dalam Kota,,,,3,REGULAR,3:52:00,257560,31038
260316L004,KLS,3/16/2026,CDDLC,A8908XY,Cirebon,Jawa Barat,,,Store,31,6.7,16,1,800000,1226280,Jawa,CIREBON,CDD LONG CHASSIS,Internal,Jawa BaratCIREBONCDD LONG CHASSIS,Luar Kota,,,,3,REGULAR,13:52:00,257560,168720
260316L005,KLS,3/16/2026,CDDLC,A8288YX,Bandung,Jawa Barat,Solar,27.45,Store,1,13.0,16,1,805000,1251527,Jawa,BANDUNG,CDD LONG CHASSIS,Internal,Jawa BaratBANDUNGCDD LONG CHASSIS,Luar Kota,,,,3,REGULAR,10:32:00,257560,188967
260316C381,KLS,3/16/2026,MVB,A8876ZX,Bekasi,Jabodetabek,,,Customer,1,5.0,5,1,,288598,Jawa,BEKASI,MINI VAN BOX,Internal,JabodetabekBEKASIMINI VAN BOX,Dalam Kota,,,,3,NON REGULAR,0:42:00,257560,31038
260316S004,KLS,3/16/2026,CDELC,A8020VC,Jakarta Barat,Jabodetabek,Solar,7.66,Customer via Hub,7,11.0,11,1,106588,392288,Jawa,JAKARTA BARAT,CDE LONG CHASSIS,Internal,JabodetabekJAKARTA BARATCDE LONG CHASSIS,Dalam Kota,,,,3,REGULAR,3:44:00,,285700
260316S008,KLS,3/16/2026,MVB,A8437ZH,Tangerang,Jabodetabek,Pertalite,10.55,Customer via Hub,12,2.22,5,4,116,110716,Jawa,TANGERANG,MINI VAN BOX,Internal,JabodetabekTANGERANGMINI VAN BOX,Dalam Kota,,,,3,REGULAR,22:36:00,,110600
260316S011,KLS,3/16/2026,MVB,A8537ZF,Serang,Banten,Pertalite,12.45,Customer via Hub,11,5.0,5,3,183000,293600,Jawa,SERANG,MINI VAN BOX,Internal,BantenSERANGMINI VAN BOX,Dalam Kota,,,,3,REGULAR,8:05:00,,110600
260316S001,KLS,3/16/2026,MVB,A8542XB,Jakarta Pusat,Jabodetabek,Pertalite,7.35,Customer via Hub,7,5.0,5,2,108000,108000,Jawa,JAKARTA PUSAT,MINI VAN BOX,Internal,JabodetabekJAKARTA PUSATMINI VAN BOX,Dalam Kota,,,,3,REGULAR,7:46:00,,0
260316S009,KLS,3/16/2026,CDELC,A8717VB,Tangerang,Jabodetabek,Solar,14.72,Customer via Hub,12,2.57,11,2,100096,385796,Jawa,TANGERANG,CDE LONG CHASSIS,Internal,JabodetabekTANGERANGCDE LONG CHASSIS,Dalam Kota,,,,3,REGULAR,22:55:00,,285700
260316S012,KLS,3/16/2026,CDELC,A8721VB,Cilegon,Banten,Solar,27.66,Customer via Hub,14,2.31,11,4,340088,625788,Jawa,CILEGON,CDE LONG CHASSIS,Internal,BantenCILEGONCDE LONG CHASSIS,Dalam Kota,,,,3,REGULAR,8:47:00,,285700
260316S006,KLS,3/16/2026,CDELC,A8759VB,Tangerang,Jabodetabek,Solar,6832.5,Customer via Hub,8,11.0,11,1,289315,575015,Jawa,TANGERANG,CDE LONG CHASSIS,Internal,JabodetabekTANGERANGCDE LONG CHASSIS,Dalam Kota,,,,3,REGULAR,9:09:00,,285700
260316S010,KLS,3/16/2026,CDELC,A8801XZ,Tangerang,Jabodetabek,Solar,8.54,Customer via Hub,1,5.0,8,1,58072,208805,Jawa,TANGERANG,CDE PICK UP,Internal,JabodetabekTANGERANGCDE PICK UP,Dalam Kota,,,,3,REGULAR,2:59:00,,150733
260316S003,KLS,3/16/2026,CDELC,A8912VB,Jakarta Selatan,Jabodetabek,,,Customer via Hub,26,2.27,11,3,95000,360293,Jawa,JAKARTA SELATAN,CDE LONG CHASSIS,Internal,JabodetabekJAKARTA SELATANCDE LONG CHASSIS,Dalam Kota,,,,3,REGULAR,9:53:00,,265293
260317C011,KLS,3/17/2026,MVB,A8017VC,Jakarta Utara,Jabodetabek,Pertalite,10.42,Customer,27,1.21,5,7,181200,724460,Jawa,JAKARTA UTARA,MINI VAN BOX,Internal,JabodetabekJAKARTA UTARAMINI VAN BOX,Dalam Kota,,,,3,REGULAR,7:53:00,257560,285700
260317C258,KLS,3/17/2026,CDELC,A8098ZH,Jakarta Utara,Jabodetabek,Solar,15.97,Customer,8,6.81,11,4,223096,959383,Jawa,JAKARTA UTARA,CDE LONG CHASSIS,Internal,JabodetabekJAKARTA UTARACDE LONG CHASSIS,Dalam Kota,,,,3,REGULAR,9:32:00,515120,221167
260317C014,KLS,3/17/2026,CDELC,A8159ZC,Purwakarta,Jawa Barat,Solar,21.28,Customer,36,2.86,11,9,239704,937691,Jawa,PURWAKARTA,CDE LONG CHASSIS,Internal,Jawa BaratPURWAKARTACDE LONG CHASSIS,Dalam Kota,,,,3,REGULAR,7:41:00,515120,182867
260317L005,KLS,3/17/2026,CDDLC,A8288YX,Bandung,Jawa Barat,,,Store,79,14.5,16,1,760000,1206527,Jawa,BANDUNG,CDD LONG CHASSIS,Internal,Jawa BaratBANDUNGCDD LONG CHASSIS,Luar Kota,,,,3,REGULAR,10:18:00,257560,188967
260317C013,KLS,3/17/2026,CDELC,A8339ZS,Bekasi,Jabodetabek,Solar,14.16,Customer,20,8.0,8,5,141788,664948,Jawa,BEKASI,CDE PICKUP,Internal,JabodetabekBEKASICDE PICKUP,Dalam Kota,,,,3,REGULAR,7:13:00,257560,265600
260317C009,KLS,3/17/2026,MVB,A8373VC,Jakarta Timur,Jabodetabek,Pertalite,11.3,Customer,21,5.0,5,7,190500,#N/A,Jawa,JAKARTA TIMUR,MINI VAN BOX,Internal,JabodetabekJAKARTA TIMURMINI VAN BOX,Dalam Kota,,,,3,REGULAR,7:02:00,257560,#N/A
260317C401,KLS,3/17/2026,MVB,A8373VC,Bekasi,Jabodetabek,Pertalite,3.34,Customer,1,5.0,5,1,33400,#N/A,Jawa,BEKASI,MINI VAN BOX,Internal,JabodetabekBEKASIMINI VAN BOX,Dalam Kota,,,,3,REGULAR,1:46:00,257560,#N/A
260317C012,KLS,3/17/2026,CDELC,A8476VC,Bekasi,Jabodetabek,Solar,13.65,Customer,28,5.32,11,10,141820,#N/A,Jawa,BEKASI,CDE LONG CHASSIS,Internal,JabodetabekBEKASICDE LONG CHASSIS,Dalam Kota,,,,3,REGULAR,7:23:00,515120,#N/A
260317C015,KLS,3/17/2026,CDELC,A8486VC,Bekasi,Jabodetabek,Solar,12.59,Customer,27,3.88,8,8,114612,#N/A,Jawa,BEKASI,CDE PICKUP,Internal,JabodetabekBEKASICDE PICKUP,Dalam Kota,,,,3,REGULAR,7:26:00,257560,#N/A
260317C006,KLS,3/17/2026,CDELC,A8503ZX,Bogor,Jabodetabek,Solar,20.62,Customer,29,8.0,8,5,246216,656243,Jawa,BOGOR,CDE,Internal,JabodetabekBOGORCDE,Dalam Kota,,,,3,REGULAR,7:46:00,257560,152467
260317C257,KLS,3/17/2026,MVB,A8504ZX,Subang,Jawa Barat,Pertalite,17.67,Customer,15,1.92,5,2,384200,973420,Jawa,SUBANG,MINI VAN BOX,Internal,Jawa BaratSUBANGMINI VAN BOX,DALAM KOTA,,,,3,REGULAR,7:54:00,515120,74100
260317C285,KLS,3/17/2026,CDELC,A8505VC,Karawang Selatan,Jabodetabek,Solar,17.33,Customer,33,11.0,11,12,134344,#N/A,Jawa,KARAWANG SELATAN,CDE LONG CHASSIS,Internal,JabodetabekKARAWANG SELATANCDE LONG CHASSIS,Dalam Kota,,,,3,REGULAR,7:45:00,515120,#N/A
260317C382,KLS,3/17/2026,CDELC,A8520VC,Jakarta Barat,Jabodetabek,Solar,18.77,Customer,10,7.48,11,2,217636,#N/A,Jawa,JAKARTA BARAT,CDE LONG CHASSIS,Internal,JabodetabekJAKARTA BARATCDE LONG CHASSIS,Dalam Kota,,,,3,REGULAR,6:57:00,515120,#N/A
260317C010,KLS,3/17/2026,MVB,A8553VB,Jakarta Timur,Jabodetabek,Pertalite,12.88,Customer,17,5.0,5,8,168800,815320,Jawa,JAKARTA TIMUR,MINI VAN BOX,Internal,JabodetabekJAKARTA TIMURMINI VAN BOX,Dalam Kota,,,,3,REGULAR,8:31:00,515120,131400
260317C008,KLS,3/17/2026,PICKUP,A8721ZV,Depok,Jabodetabek,Pertalite,12.77,Customer,30,3.0,3,11,230200,593593,Jawa,DEPOK,PICK UP,Internal,JabodetabekDEPOKPICK UP,Dalam Kota,,,,3,REGULAR,6:47:00,257560,105833
260317C380,KLS,3/17/2026,MVB,A8876ZX,Karawang Selatan,Jabodetabek,Pertalite,10.61,Customer,5,5.0,5,4,149600,469236,Jawa,KARAWANG SELATAN,MINI VAN BOX,Internal,JabodetabekKARAWANG SELATANMINI VAN BOX,Dalam Kota,,,,3,REGULAR,4:07:00,257560,62076
260317H010,KLS,3/17/2026,CDDLC,A8908XY,Jakarta Barat,Jabodetabek,Solar,18.05,HUB,283,16.0,16,2,196240,622520,Jawa,JAKARTA BARAT,CDD LONG CHASSIS,Internal,JabodetabekJAKARTA BARATCDD LONG CHASSIS,Dalam Kota,,,,3,REGULAR,7:04:00,257560,168720
260317H096,KLS,3/17/2026,CDDLC,A8976XY,Jakarta Barat,Jabodetabek,Solar,15.88,HUB,2,4.39,16,1,189984,542027,Jawa,JAKARTA BARAT,CDD LONG CHASSIS,Internal,JabodetabekJAKARTA BARATCDD LONG CHASSIS,Dalam Kota,,,,3,REGULAR,0:36:00,257560,94483
260317C264,KLS,3/17/2026,MVB,A8983VB,Karawang Selatan,Jabodetabek,Pertalite,15.34,Customer,15,1.64,5,8,223900,870420,Jawa,KARAWANG SELATAN,MINI VAN BOX,Internal,JabodetabekKARAWANG SELATANMINI VAN BOX,Dalam Kota,,,,3,REGULAR,6:37:00,515120,131400
260317C256,KLS,3/17/2026,MOTOR,B5709BLU,Bekasi,Jabodetabek,Pertalite,1.5,Customer,10,0.14,0.14,8,15000,272590,Jawa,BEKASI,MOTOR BOX,Internal,JabodetabekBEKASIMOTOR BOX,Dalam Kota,,,,3,REGULAR,6:31:00,257560,30
260317C275,KLS,3/17/2026,CDELC,B9044BRO,Bekasi,Jabodetabek,Solar,14.79,Customer,13,11.0,11,12,128072,814056,Jawa,BEKASI,CDE LONG CHASSIS,Internal,JabodetabekBEKASICDE LONG CHASSIS,Dalam Kota,,,,3,REGULAR,8:41:00,515120,170864
260317C255,KLS,3/17/2026,MVB,B9320SCE,Bogor,Jabodetabek,Pertalite,23.24,Customer,7,5.0,5,6,359900,703600,Jawa,BOGOR,MINI VAN BOX,Internal,JabodetabekBOGORMINI VAN BOX,Dalam Kota,,,,3,REGULAR,9:46:00,257560,86140
260317C007,KLS,3/17/2026,MVB,B9642SCE,Bogor,Jabodetabek,Pertalite,13.27,Customer,22,3.61,5,6,189200,539527,Jawa,BOGOR,MINI VAN BOX,Internal,JabodetabekBOGORMINI VAN BOX,Dalam Kota,,,,3,REGULAR,7:55:00,257560,92767
260317S006,KLS,3/17/2026,CDELC,A8020VC,Tangerang,Jabodetabek,Solar,17.63,Customer via Hub,27,2.92,11,8,209384,495084,Jawa,TANGERANG,CDE LONG CHASSIS,Internal,JabodetabekTANGERANGCDE LONG CHASSIS,Dalam Kota,,,,3,REGULAR,10:34:00,,285700
260317S009,KLS,3/17/2026,MVB,A8437ZH,Cilegon,Banten,Pertalite,20.19,Customer via Hub,39,3.53,5,5,221900,332500,Jawa,CILEGON,MINI VAN BOX,Internal,BantenCILEGONMINI VAN BOX,Dalam Kota,,,,3,REGULAR,9:27:00,,110600
260317S001,KLS,3/17/2026,CDELC,A8481ZH,Jakarta Pusat,Jabodetabek,Solar,19.42,Customer via Hub,38,4.82,11,9,225056,446223,Jawa,JAKARTA PUSAT,CDE LONG CHASSIS,Internal,JabodetabekJAKARTA PUSATCDE LONG CHASSIS,Dalam Kota,,,,3,REGULAR,9:33:00,,221167
260317S007,KLS,3/17/2026,MVB,A8537ZF,Tangerang,Jabodetabek,Pertalite,15.85,Customer via Hub,22,2.19,5,7,232000,342600,Jawa,TANGERANG,MINI VAN BOX,Internal,JabodetabekTANGERANGMINI VAN BOX,Dalam Kota,,,,3,REGULAR,10:39:00,,110600
260317S005,KLS,3/17/2026,MVB,A8542XB,Jakarta Utara,Jabodetabek,Pertalite,11.74,Customer via Hub,16,5.0,5,6,190900,190900,Jawa,JAKARTA UTARA,MINI VAN BOX,Internal,JabodetabekJAKARTA UTARAMINI VAN BOX,Dalam Kota,,,,3,REGULAR,9:47:00,,0
260317S003,KLS,3/17/2026,CDELC,A8717VB,Jakarta Selatan,Jabodetabek,Solar,16.25,Customer via Hub,36,11.0,11,11,201000,486700,Jawa,JAKARTA SELATAN,CDE LONG CHASSIS,Internal,JabodetabekJAKARTA SELATANCDE LONG CHASSIS,Dalam Kota,,,,3,REGULAR,12:55:00,,285700
260317S002,KLS,3/17/2026,CDELC,A8721VB,Jakarta Selatan,Jabodetabek,Solar,13.63,Customer via Hub,30,4.64,11,9,92684,378384,Jawa,JAKARTA SELATAN,CDE LONG CHASSIS,Internal,JabodetabekJAKARTA SELATANCDE LONG CHASSIS,Dalam Kota,,,,3,REGULAR,9:05:00,,285700
260317S004,KLS,3/17/2026,CDELC,A8759VB,Jakarta Barat,Jabodetabek,Solar,14.71,Customer via Hub,36,6.09,11,9,100028,385728,Jawa,JAKARTA BARAT,CDE LONG CHASSIS,Internal,JabodetabekJAKARTA BARATCDE LONG CHASSIS,Dalam Kota,,,,3,REGULAR,8:28:00,,285700
260317S008,KLS,3/17/2026,CDELC,A8912VB,Tangerang,Jabodetabek,,,Customer via Hub,28,11.0,11,6,42000,307293,Jawa,TANGERANG,CDE LONG CHASSIS,Internal,JabodetabekTANGERANGCDE LONG CHASSIS,Dalam Kota,,,,3,REGULAR,10:50:00,,265293
260318L007,KLS,3/18/2026,MVB,A8017VC,Sukabumi,Jawa Barat,Pertalite,23.2,Store,40,3.03,5,1,485000,1285820,Jawa,SUKABUMI,MINI VAN BOX,Internal,Jawa BaratSUKABUMIMINI VAN BOX,Luar Kota,,,,3,REGULAR,9:36:00,515120,285700
260318H037,KLS,3/18/2026,CDDLC,A8288YX,Jakarta Barat,Jabodetabek,Solar,20.72,HUB,48,5.91,16,1,218896,570939,Jawa,JAKARTA BARAT,CDD LONG CHASSIS,Internal,JabodetabekJAKARTA BARATCDD LONG CHASSIS,Dalam Kota,,,,3,REGULAR,7:17:00,257560,94483
260318C227,KLS,3/18/2026,CDELC,A8476VC,Jakarta Utara,Jabodetabek,Solar,17.75,Customer,9,8.41,11,6,189700,#N/A,Jawa,JAKARTA UTARA,CDE LONG CHASSIS,Internal,JabodetabekJAKARTA UTARACDE LONG CHASSIS,Dalam Kota,,,,3,REGULAR,7:39:00,515120,#N/A
260318C250,KLS,3/18/2026,MVB,A8504ZX,Karawang Selatan,Jabodetabek,Pertalite,11.82,Customer,7,5.0,5,7,145200,734420,Jawa,KARAWANG SELATAN,MINI VAN BOX,Internal,JabodetabekKARAWANG SELATANMINI VAN BOX,Dalam Kota,,,,3,REGULAR,8:00:00,515120,74100
260318C239,KLS,3/18/2026,CDELC,A8505VC,Bekasi,Jabodetabek,Solar,14.79,Customer,14,3.98,11,9,124572,#N/A,Jawa,BEKASI,CDE LONG CHASSIS,Internal,JabodetabekBEKASICDE LONG CHASSIS,Dalam Kota,,,,3,REGULAR,8:50:00,257560,#N/A
260318C226,KLS,3/18/2026,CDELC,A8520VC,Bogor,Jabodetabek,Solar,21.92,Customer,13,11.0,11,6,236056,#N/A,Jawa,BOGOR,CDE LONG CHASSIS,Internal,JabodetabekBOGORCDE LONG CHASSIS,Dalam Kota,,,,3,REGULAR,7:00:00,515120,#N/A
260318C262,KLS,3/18/2026,MVB,A8553VB,Karawang Selatan,Jabodetabek,Pertalite,9.29,Customer,1,5.0,5,1,92900,739420,Jawa,KARAWANG SELATAN,MINI VAN BOX,Internal,JabodetabekKARAWANG SELATANMINI VAN BOX,Dalam Kota,,,,3,REGULAR,14:17:00,515120,131400
260318C106,KLS,3/18/2026,PICKUP,A8721ZV,Jakarta Timur,Jabodetabek,Pertalite,11.96,Customer,8,3.0,3,5,231100,852053,Jawa,JAKARTA TIMUR,PICK UP,Internal,JabodetabekJAKARTA TIMURPICK UP,Dalam Kota,,,,3,REGULAR,5:11:00,515120,105833
260318C089,KLS,3/18/2026,MVB,A8876ZX,Bekasi,Jabodetabek,Pertalite,8.36,Customer,7,5.0,5,5,97600,417236,Jawa,BEKASI,MINI VAN BOX,Internal,JabodetabekBEKASIMINI VAN BOX,Dalam Kota,,,,3,REGULAR,6:01:00,257560,62076
260318C228,KLS,3/18/2026,MVB,A8983VB,Purwakarta,Jawa Barat,Pertalite,15.94,Customer,6,5.0,5,6,194400,840920,Jawa,PURWAKARTA,MINI VAN BOX,Internal,Jawa BaratPURWAKARTAMINI VAN BOX,Dalam Kota,,,,3,REGULAR,7:45:00,515120,131400
260318C090,KLS,3/18/2026,MVB,B9642SCE,Depok,Jabodetabek,Pertalite,10.21,Customer,8,5.0,5,5,166600,516927,Jawa,DEPOK,MINI VAN BOX,Internal,JabodetabekDEPOKMINI VAN BOX,Dalam Kota,,,,3,REGULAR,5:59:00,257560,92767
260318S002,KLS,3/18/2026,CDELC,A8020VC,Jakarta Barat,Jabodetabek,Solar,13.24,Customer via Hub,8,5.47,11,2,90032,375732,Jawa,JAKARTA BARAT,CDE LONG CHASSIS,Internal,JabodetabekJAKARTA BARATCDE LONG CHASSIS,Dalam Kota,,,,3,REGULAR,7:28:00,,285700
260318S005,KLS,3/18/2026,CDELC,A8481ZH,Tangerang,Jabodetabek,Solar,12.93,Customer via Hub,7,11.0,11,3,122924,344091,Jawa,TANGERANG,CDE LONG CHASSIS,Internal,JabodetabekTANGERANGCDE LONG CHASSIS,Dalam Kota,,,,3,REGULAR,8:12:00,,221167
260318S006,KLS,3/18/2026,MVB,A8542XB,Jakarta Selatan,Jabodetabek,,,Customer via Hub,8,5.0,5,6,50500,50500,Jawa,JAKARTA SELATAN,MINI VAN BOX,Internal,JabodetabekJAKARTA SELATANMINI VAN BOX,Dalam Kota,,,,3,REGULAR,7:35:00,,0
260318S003,KLS,3/18/2026,CDELC,A8721VB,Cilegon,Banten,Solar,30.89,Customer via Hub,9,11.0,11,3,350052,635752,Jawa,CILEGON,CDE LONG CHASSIS,Internal,BantenCILEGONCDE LONG CHASSIS,Dalam Kota,,,,3,REGULAR,8:28:00,,285700
260318S004,KLS,3/18/2026,CDELC,A8912VB,Jakarta Pusat,Jabodetabek,Solar,17.68,Customer via Hub,5,11.0,11,4,201193,466486,Jawa,JAKARTA PUSAT,CDE LONG CHASSIS,Internal,JabodetabekJAKARTA PUSATCDE LONG CHASSIS,Dalam Kota,,,,3,REGULAR,6:57:00,,265293
260323C005,KLS,3/23/2026,MVB,A8017VC,Purwakarta,Jawa Barat,Pertalite,10.31,Customer,15,2.47,5,4,130100,930920,Jawa,PURWAKARTA,MINI VAN BOX,Internal,Jawa BaratPURWAKARTAMINI VAN BOX,Dalam Kota,,,,3,REGULAR,4:17:00,515120,285700
260323C003,KLS,3/23/2026,MVB,A8553VB,Bogor,Jabodetabek,Pertalite,10.87,Customer,17,1.12,5,5,151200,797720,Jawa,BOGOR,MINI VAN BOX,Internal,JabodetabekBOGORMINI VAN BOX,Dalam Kota,,,,3,REGULAR,5:21:00,515120,131400
260323C004,KLS,3/23/2026,MVB,A8983VB,Bekasi,Jabodetabek,Pertalite,13.96,Customer,27,2.51,5,9,236600,883120,Jawa,BEKASI,MINI VAN BOX,Internal,JabodetabekBEKASIMINI VAN BOX,Dalam Kota,,,,3,REGULAR,6:00:00,515120,131400
260324C148,KLS,3/24/2026,MVB,A8373VC,Purwakarta,Jawa Barat,Pertalite,6.72,Customer,7,5.0,5,4,122200,#N/A,Jawa,PURWAKARTA,MINI VAN BOX,Internal,Jawa BaratPURWAKARTAMINI VAN BOX,Dalam Kota,,,,3,REGULAR,3:57:00,515120,#N/A
260324C149,KLS,3/24/2026,MVB,B9320SCE,Bekasi,Jabodetabek,Pertalite,11.21,Customer,11,5.0,5,9,173600,774860,Jawa,BEKASI,MINI VAN BOX,Internal,JabodetabekBEKASIMINI VAN BOX,Dalam Kota,,,,3,REGULAR,5:31:00,515120,86140
260325C003,KLS,3/25/2026,CDDLC,A8288YX,Jakarta Barat,Jabodetabek,Solar,18.4,Customer,2,16.0,16,2,197620,901707,Jawa,JAKARTA BARAT,CDD LONG CHASSIS,Internal,JabodetabekJAKARTA BARATCDD LONG CHASSIS,Dalam Kota,,,,3,REGULAR,5:00:00,515120,188967
260325C002,KLS,3/25/2026,CDELC,A8339ZS,Cilegon,Banten,Solar,34.42,Customer,3,8.0,8,2,574556,1355276,Jawa,CILEGON,CDE PICKUP,Internal,BantenCILEGONCDE PICKUP,Dalam Kota,,,,3,REGULAR,5:54:00,515120,265600
260325C037,KLS,3/25/2026,CDELC,A8505VC,Bogor,Jabodetabek,Solar,20.89,Customer,2,11.0,11,3,208552,#N/A,Jawa,BOGOR,CDE LONG CHASSIS,Internal,JabodetabekBOGORCDE LONG CHASSIS,Dalam Kota,,,,3,REGULAR,6:41:00,515120,#N/A
260325C035,KLS,3/25/2026,MVB,A8553VB,Jakarta Barat,Jabodetabek,Pertalite,10.35,Customer,2,5.0,5,2,162500,551460,Jawa,JAKARTA BARAT,MINI VAN BOX,Internal,JabodetabekJAKARTA BARATMINI VAN BOX,Dalam Kota,,,,3,REGULAR,6:02:00,257560,131400
260325C195,KLS,3/25/2026,CDDLC,A8961VB,Jakarta Selatan,Jabodetabek,Solar,12.73,Customer,2,11.0,11,1,164564,992317,Jawa,JAKARTA SELATAN,CDD PICKUP,Internal,JabodetabekJAKARTA SELATANCDD PICKUP,Dalam Kota,,,,3,REGULAR,5:35:00,515120,312633
260325C258,KLS,3/25/2026,MVB,B9320SCE,Jakarta Utara,Jabodetabek,Pertalite,8.54,Customer,1,5.0,5,1,133400,734660,Jawa,JAKARTA UTARA,MINI VAN BOX,Internal,JabodetabekJAKARTA UTARAMINI VAN BOX,Dalam Kota,,,,3,REGULAR,14:58:00,515120,86140
260326C015,KLS,3/26/2026,MVB,A8017VC,Jakarta Utara,Jabodetabek,Pertalite,13.98,Customer,2,5.0,5,2,211300,1012120,Jawa,JAKARTA UTARA,MINI VAN BOX,Internal,JabodetabekJAKARTA UTARAMINI VAN BOX,Dalam Kota,,,,3,REGULAR,6:51:00,515120,285700
260326C013,KLS,3/26/2026,CDELC,A8098ZH,Jakarta Utara,Jabodetabek,Solar,15.37,Customer,1,5.8,11,1,156516,892803,Jawa,JAKARTA UTARA,CDE LONG CHASSIS,Internal,JabodetabekJAKARTA UTARACDE LONG CHASSIS,Dalam Kota,,,,3,REGULAR,6:17:00,515120,221167
260326C214,KLS,3/26/2026,MVB,A8304VC,Bekasi,Jabodetabek,Pertalite,9.03,Customer,1,5.0,5,1,90300,#N/A,Jawa,BEKASI,MINI VAN BOX,Internal,JabodetabekBEKASIMINI VAN BOX,Dalam Kota,,,,3,REGULAR,4:14:00,257560,#N/A
260326C207,KLS,3/26/2026,CDELC,A8339ZS,Bogor,Jabodetabek,Solar,14.67,Customer,2,8.0,8,2,154256,934976,Jawa,BOGOR,CDE PICKUP,Internal,JabodetabekBOGORCDE PICKUP,Dalam Kota,,,,3,REGULAR,5:34:00,515120,265600
260326C244,KLS,3/26/2026,MVB,A8373VC,Tangerang,Jabodetabek,Pertalite,12.16,Customer,4,1.93,5,4,194100,#N/A,Jawa,TANGERANG,MINI VAN BOX,Internal,JabodetabekTANGERANGMINI VAN BOX,Dalam Kota,,,,3,REGULAR,4:46:00,257560,#N/A
260326C002,KLS,3/26/2026,CDELC,A8432ZS,Bekasi,Jabodetabek,Solar,12.22,Customer,1,11.0,11,1,83096,855266,Jawa,BEKASI,CDE LONG CHASSIS,Internal,JabodetabekBEKASICDE LONG CHASSIS,Dalam Kota,,,,3,REGULAR,7:33:00,515120,257050
260326C014,KLS,3/26/2026,CDELC,A8503ZX,Bekasi,Jabodetabek,Solar,13.87,Customer,1,3.87,8,1,156816,824403,Jawa,BEKASI,CDE,Internal,JabodetabekBEKASICDE,Dalam Kota,,,,3,REGULAR,5:54:00,515120,152467
260326C254,KLS,3/26/2026,MVB,A8504ZX,Karawang Selatan,Jabodetabek,Pertalite,6.15,Customer,2,5.0,5,2,94500,426160,Jawa,KARAWANG SELATAN,MINI VAN BOX,Internal,JabodetabekKARAWANG SELATANMINI VAN BOX,Dalam Kota,,,,3,REGULAR,4:39:00,257560,74100
260326H021,KLS,3/26/2026,CDELC,A8520VC,Jakarta Barat,Jabodetabek,Solar,13.49,HUB,32,11.0,11,1,149732,#N/A,Jawa,JAKARTA BARAT,CDE LONG CHASSIS,Internal,JabodetabekJAKARTA BARATCDE LONG CHASSIS,Dalam Kota,,,,3,REGULAR,8:22:00,257560,#N/A
260326C212,KLS,3/26/2026,MVB,A8553VB,Karawang Selatan,Jabodetabek,Pertalite,8.21,Customer,11,5.0,5,2,115100,761620,Jawa,KARAWANG SELATAN,MINI VAN BOX,Internal,JabodetabekKARAWANG SELATANMINI VAN BOX,Dalam Kota,,,,3,REGULAR,4:35:00,515120,131400
260326C012,KLS,3/26/2026,MVB,A8983VB,Bekasi,Jabodetabek,Pertalite,7.96,Customer,5,1.14,5,5,133100,779620,Jawa,BEKASI,MINI VAN BOX,Internal,JabodetabekBEKASIMINI VAN BOX,Dalam Kota,,,,3,REGULAR,6:03:00,515120,131400
260326C250,KLS,3/26/2026,MVB,B9320SCE,Karawang Selatan,Jabodetabek,Pertalite,11.18,Customer,3,5.0,5,2,192800,536500,Jawa,KARAWANG SELATAN,MINI VAN BOX,Internal,JabodetabekKARAWANG SELATANMINI VAN BOX,Dalam Kota,,,,3,REGULAR,4:57:00,257560,86140
260326C242,KLS,3/26/2026,MVB,B9642SCE,Tangerang,Jabodetabek,Pertalite,17.26,Customer,3,3.3,5,3,273100,623427,Jawa,TANGERANG,MINI VAN BOX,Internal,JabodetabekTANGERANGMINI VAN BOX,Dalam Kota,,,,3,REGULAR,7:02:00,257560,92767
260326S005,KLS,3/26/2026,CDELC,A8020VC,Jakarta Barat,Jabodetabek,Solar,12.06,Customer via Hub,4,4.84,11,1,123500,409200,Jawa,JAKARTA BARAT,CDE LONG CHASSIS,Internal,JabodetabekJAKARTA BARATCDE LONG CHASSIS,Dalam Kota,,,,3,REGULAR,4:27:00,,285700
260326S001,KLS,3/26/2026,MVB,A8537ZF,Tangerang,Jabodetabek,Pertalite,9.39,Customer via Hub,5,5.0,5,1,93900,204500,Jawa,TANGERANG,MINI VAN BOX,Internal,JabodetabekTANGERANGMINI VAN BOX,Dalam Kota,,,,3,REGULAR,4:43:00,,110600
260326S006,KLS,3/26/2026,CDELC,A8801XZ,Cilegon,Banten,Solar,10.16,Customer via Hub,1,2.2,7,1,69088,219821,Jawa,CILEGON,CDE PICK UP,Internal,BantenCILEGONCDE PICK UP,Dalam Kota,,,,3,REGULAR,5:48:00,,150733
260326S004,KLS,3/26/2026,CDELC,A8910VB,Jakarta Pusat,Jabodetabek,Solar,13146.67,Customer via Hub,4,11.0,11,2,78880,364580,Jawa,JAKARTA PUSAT,CDE LONG CHASSIS,Internal,JabodetabekJAKARTA PUSATCDE LONG CHASSIS,Dalam Kota,,,,3,REGULAR,5:46:00,,285700
260326S003,KLS,3/26/2026,CDELC,A8912VB,Tangerang,Jabodetabek,Solar,10.15,Customer via Hub,5,11.0,11,1,89520,354813,Jawa,TANGERANG,CDE LONG CHASSIS,Internal,JabodetabekTANGERANGCDE LONG CHASSIS,Dalam Kota,,,,3,REGULAR,3:39:00,,265293
260327C254,KLS,3/27/2026,MVB,A8017VC,Jakarta Utara,Jabodetabek,Pertalite,11.45,Customer,9,1.34,5,6,185500,728760,Jawa,JAKARTA UTARA,MINI VAN BOX,Internal,JabodetabekJAKARTA UTARAMINI VAN BOX,Dalam Kota,,,,3,REGULAR,7:47:00,257560,285700
260327C199,KLS,3/27/2026,CDDLC,A8288YX,Bekasi,Jabodetabek,Solar,13.32,Customer,6,16.0,16,6,90576,794663,Jawa,BEKASI,CDD LONG CHASSIS,Internal,JabodetabekBEKASICDD LONG CHASSIS,Dalam Kota,,,,3,REGULAR,7:07:00,515120,188967
260327C204,KLS,3/27/2026,MVB,A8304VC,Bogor,Jabodetabek,Pertalite,19.25,Customer,26,1.88,5,5,269000,#N/A,Jawa,BOGOR,MINI VAN BOX,Internal,JabodetabekBOGORMINI VAN BOX,Dalam Kota,,,,3,REGULAR,10:18:00,515120,#N/A
260327H069,KLS,3/27/2026,FUSO,A8309YX,Jakarta Barat,Jabodetabek,Solar,29.29,HUB,213,34.0,34,3,277172,534732,Jawa,JAKARTA BARAT,FUSO,Internal,JabodetabekJAKARTA BARATFUSO,Dalam Kota,,,,3,REGULAR,5:13:00,257560,0
260327C201,KLS,3/27/2026,CDELC,A8339ZS,Bekasi,Jabodetabek,Solar,9.58,Customer,23,8.0,8,8,97144,877864,Jawa,BEKASI,CDE PICKUP,Internal,JabodetabekBEKASICDE PICKUP,Dalam Kota,,,,3,REGULAR,7:58:00,515120,265600
260327C203,KLS,3/27/2026,CDELC,A8432ZS,Jakarta Utara,Jabodetabek,Solar,14.24,Customer,16,4.41,11,9,185823,957993,Jawa,JAKARTA UTARA,CDE LONG CHASSIS,Internal,JabodetabekJAKARTA UTARACDE LONG CHASSIS,Dalam Kota,,,,3,REGULAR,7:55:00,515120,257050
260327C198,KLS,3/27/2026,CDELC,A8476VC,Karawang Selatan,Jabodetabek,Solar,16.22,Customer,12,11.0,11,7,153796,#N/A,Jawa,KARAWANG SELATAN,CDE LONG CHASSIS,Internal,JabodetabekKARAWANG SELATANCDE LONG CHASSIS,Dalam Kota,,,,3,REGULAR,7:26:00,515120,#N/A
260327C211,KLS,3/27/2026,CDELC,A8486VC,Bekasi,Jabodetabek,Solar,16.17,Customer,22,6.05,8,8,145456,#N/A,Jawa,BEKASI,CDE PICKUP,Internal,JabodetabekBEKASICDE PICKUP,Dalam Kota,,,,3,REGULAR,7:04:00,515120,#N/A
260327C229,KLS,3/27/2026,CDELC,A8503ZX,Jakarta Timur,Jabodetabek,Solar,17.4,Customer,17,4.02,8,5,228820,896407,Jawa,JAKARTA TIMUR,CDE,Internal,JabodetabekJAKARTA TIMURCDE,Dalam Kota,,,,3,REGULAR,8:12:00,515120,152467
260327C197,KLS,3/27/2026,CDELC,A8505VC,Purwakarta,Jawa Barat,Solar,20.22,Customer,55,5.9,11,8,137496,#N/A,Jawa,PURWAKARTA,CDE LONG CHASSIS,Internal,Jawa BaratPURWAKARTACDE LONG CHASSIS,Dalam Kota,,,,3,REGULAR,8:17:00,257560,#N/A
260327C297,KLS,3/27/2026,CDELC,A8520VC,Karawang Selatan,Jabodetabek,Solar,15.13,Customer,1,11.0,11,1,156884,#N/A,Jawa,KARAWANG SELATAN,CDE LONG CHASSIS,Internal,JabodetabekKARAWANG SELATANCDE LONG CHASSIS,Dalam Kota,,,,3,REGULAR,6:03:00,257560,#N/A
260327C202,KLS,3/27/2026,MVB,A8553VB,Jakarta Timur,Jabodetabek,Pertalite,10.24,Customer,2,5.0,5,3,145400,534360,Jawa,JAKARTA TIMUR,MINI VAN BOX,Internal,JabodetabekJAKARTA TIMURMINI VAN BOX,Dalam Kota,,,,3,REGULAR,7:50:00,257560,131400
260327C195,KLS,3/27/2026,MVB,A8876ZX,Subang,Jawa Barat,Pertalite,15.77,Customer,3,5.0,5,2,295200,614836,Jawa,SUBANG,MINI VAN BOX,Internal,Jawa BaratSUBANGMINI VAN BOX,DALAM KOTA,,,,3,REGULAR,8:38:00,257560,62076
260327C253,KLS,3/27/2026,CDDLC,A8908XY,Serang,Banten,Solar,53.28,Customer,3,4.26,16,1,921304,1605144,Jawa,SERANG,CDD LONG CHASSIS,Internal,BantenSERANGCDD LONG CHASSIS,Dalam Kota,,,,3,REGULAR,8:13:00,515120,168720
260327C261,KLS,3/27/2026,CDDLC,A8961VB,Tangerang,Jabodetabek,Solar,21.59,Customer,2,11.0,11,2,298812,869005,Jawa,TANGERANG,CDD PICKUP,Internal,JabodetabekTANGERANGCDD PICKUP,Dalam Kota,,,,3,NON REGULAR,6:30:00,257560,312633
260327C002,KLS,3/27/2026,CDDLC,A8976XY,Jakarta Selatan,Jabodetabek,Solar,12.46,Customer,1,13.31,16,1,137728,584255,Jawa,JAKARTA SELATAN,CDD LONG CHASSIS,Internal,JabodetabekJAKARTA SELATANCDD LONG CHASSIS,Dalam Kota,,,,3,REGULAR,7:56:00,257560,188967
260327C289,KLS,3/27/2026,MVB,A8983VB,Karawang Selatan,Jabodetabek,Pertalite,8.09,Customer,4,5.0,5,2,151400,540360,Jawa,KARAWANG SELATAN,MINI VAN BOX,Internal,JabodetabekKARAWANG SELATANMINI VAN BOX,Dalam Kota,,,,3,REGULAR,5:12:00,257560,131400
260327C240,KLS,3/27/2026,MOTOR,B5709BLU,Bekasi,Jabodetabek,Pertalite,1.57,Customer,3,0.14,0.14,2,15700,273290,Jawa,BEKASI,MOTOR BOX,Internal,JabodetabekBEKASIMOTOR BOX,Dalam Kota,,,,3,REGULAR,6:04:00,257560,30
260327C238,KLS,3/27/2026,MVB,B9320SCE,Bekasi,Jabodetabek,Pertalite,6.5,Customer,5,5.0,5,5,65000,408700,Jawa,BEKASI,MINI VAN BOX,Internal,JabodetabekBEKASIMINI VAN BOX,Dalam Kota,,,,3,REGULAR,4:27:00,257560,86140
260327C230,KLS,3/27/2026,MVB,B9642SCE,Bekasi,Jabodetabek,Pertalite,8.82,Customer,7,5.0,5,4,124700,475027,Jawa,BEKASI,MINI VAN BOX,Internal,JabodetabekBEKASIMINI VAN BOX,Dalam Kota,,,,3,REGULAR,6:59:00,257560,92767
260327S007,KLS,3/27/2026,CDELC,A8020VC,Jakarta Barat,Jabodetabek,Solar,13.54,Customer via Hub,6,11.0,11,3,169572,455272,Jawa,JAKARTA BARAT,CDE LONG CHASSIS,Internal,JabodetabekJAKARTA BARATCDE LONG CHASSIS,Dalam Kota,,,,3,REGULAR,9:20:00,,285700
260327S005,KLS,3/27/2026,MVB,A8437ZH,Jakarta Selatan,Jabodetabek,Pertalite,6.85,Customer via Hub,8,5.0,5,1,68500,179100,Jawa,JAKARTA SELATAN,MINI VAN BOX,Internal,JabodetabekJAKARTA SELATANMINI VAN BOX,Dalam Kota,,,,3,REGULAR,7:01:00,,110600
260327S004,KLS,3/27/2026,CDELC,A8481ZH,Jakarta Barat,Jabodetabek,Solar,7.33,Customer via Hub,13,11.0,11,5,49844,271011,Jawa,JAKARTA BARAT,CDE LONG CHASSIS,Internal,JabodetabekJAKARTA BARATCDE LONG CHASSIS,Dalam Kota,,,,3,REGULAR,5:56:00,,221167
260327S008,KLS,3/27/2026,MVB,A8537ZF,Tangerang,Jabodetabek,Pertalite,7.7,Customer via Hub,7,5.0,5,3,109000,219600,Jawa,TANGERANG,MINI VAN BOX,Internal,JabodetabekTANGERANGMINI VAN BOX,Dalam Kota,,,,3,REGULAR,6:06:00,,110600
260327S006,KLS,3/27/2026,CDELC,A8721VB,Tangerang,Jabodetabek,Solar,12.57,Customer via Hub,3,11.0,11,2,107000,392700,Jawa,TANGERANG,CDE LONG CHASSIS,Internal,JabodetabekTANGERANGCDE LONG CHASSIS,Dalam Kota,,,,3,REGULAR,6:33:00,,285700
260327S003,KLS,3/27/2026,CDELC,A8757VB,Tangerang,Jabodetabek,,,Customer via Hub,18,11.0,11,1,70200,355900,Jawa,TANGERANG,CDE LONG CHASSIS,Internal,JabodetabekTANGERANGCDE LONG CHASSIS,Dalam Kota,,,,3,REGULAR,8:40:00,,285700
260327S002,KLS,3/27/2026,CDELC,A8910VB,Cilegon,Banten,,,Customer via Hub,26,11.0,11,3,,285700,Jawa,CILEGON,CDE LONG CHASSIS,Internal,BantenCILEGONCDE LONG CHASSIS,Dalam Kota,,,,3,REGULAR,8:09:00,,285700
260328H065,KLS,3/28/2026,CDDLC,A8288YX,Jakarta Barat,Jabodetabek,Solar,16.35,HUB,193,15.16,16,2,189180,893267,Jawa,JAKARTA BARAT,CDD LONG CHASSIS,Internal,JabodetabekJAKARTA BARATCDD LONG CHASSIS,Dalam Kota,,,,3,REGULAR,8:00:00,515120,188967
260328C179,KLS,3/28/2026,MVB,A8373VC,Bogor,Jabodetabek,Pertalite,14.79,Customer,27,1.42,5,5,235400,#N/A,Jawa,BOGOR,MINI VAN BOX,Internal,JabodetabekBOGORMINI VAN BOX,Dalam Kota,,,,3,REGULAR,7:36:00,257560,#N/A
260328C181,KLS,3/28/2026,CDELC,A8476VC,Bekasi,Jabodetabek,Solar,8.77,Customer,15,7.88,11,6,86636,#N/A,Jawa,BEKASI,CDE LONG CHASSIS,Internal,JabodetabekBEKASICDE LONG CHASSIS,Dalam Kota,,,,3,REGULAR,5:46:00,515120,#N/A
260328C203,KLS,3/28/2026,CDELC,A8505VC,Jakarta Timur,Jabodetabek,Solar,14.72,Customer,24,4.33,11,6,146096,#N/A,Jawa,JAKARTA TIMUR,CDE LONG CHASSIS,Internal,JabodetabekJAKARTA TIMURCDE LONG CHASSIS,Dalam Kota,,,,3,REGULAR,5:34:00,515120,#N/A
260328C176,KLS,3/28/2026,CDELC,A8520VC,Bekasi,Jabodetabek,Solar,13.78,Customer,7,11.0,11,5,126204,#N/A,Jawa,BEKASI,CDE LONG CHASSIS,Internal,JabodetabekBEKASICDE LONG CHASSIS,Dalam Kota,,,,3,REGULAR,7:52:00,515120,#N/A
260328C180,KLS,3/28/2026,MVB,A8553VB,Jakarta Utara,Jabodetabek,Pertalite,12.75,Customer,16,1.88,5,6,220500,867020,Jawa,JAKARTA UTARA,MINI VAN BOX,Internal,JabodetabekJAKARTA UTARAMINI VAN BOX,Dalam Kota,,,,3,REGULAR,6:31:00,515120,131400
260328C175,KLS,3/28/2026,PICKUP,A8721ZV,Karawang Selatan,Jabodetabek,Pertalite,16.75,Customer,6,3.0,3,3,231500,852453,Jawa,KARAWANG SELATAN,PICK UP,Internal,JabodetabekKARAWANG SELATANPICK UP,Dalam Kota,,,,3,REGULAR,5:48:00,515120,105833
260328L001,KLS,3/28/2026,CDDLC,A8908XY,Bandung,Jawa Barat,,,Store,105,16.0,16,1,760000,1186280,Jawa,BANDUNG,CDD LONG CHASSIS,Internal,Jawa BaratBANDUNGCDD LONG CHASSIS,Luar Kota,,,,3,REGULAR,8:29:00,257560,168720
260328C224,KLS,3/28/2026,CDDLC,A8961VB,Jakarta Utara,Jabodetabek,Solar,17.61,Customer,3,11.0,11,2,199248,769441,Jawa,JAKARTA UTARA,CDD PICKUP,Internal,JabodetabekJAKARTA UTARACDD PICKUP,Dalam Kota,,,,3,REGULAR,6:09:00,257560,312633
260328H074,KLS,3/28/2026,CDDLC,A8976XY,Jakarta Barat,Jabodetabek,Solar,15,HUB,1,16.0,16,1,180000,626527,Jawa,JAKARTA BARAT,CDD LONG CHASSIS,Internal,JabodetabekJAKARTA BARATCDD LONG CHASSIS,Dalam Kota,,,,3,REGULAR,9:22:00,257560,188967
260328C198,KLS,3/28/2026,MVB,A8983VB,Depok,Jabodetabek,Pertalite,15.02,Customer,29,5.0,5,8,270700,917220,Jawa,DEPOK,MINI VAN BOX,Internal,JabodetabekDEPOKMINI VAN BOX,Dalam Kota,,,,3,REGULAR,8:33:00,515120,131400
260328C199,KLS,3/28/2026,MVB,B9320SCE,Bogor,Jabodetabek,Pertalite,11.16,Customer,20,5.0,5,6,202100,545800,Jawa,BOGOR,MINI VAN BOX,Internal,JabodetabekBOGORMINI VAN BOX,Dalam Kota,,,,3,REGULAR,6:31:00,257560,86140
260328C182,KLS,3/28/2026,MVB,B9642SCE,Tangerang,Jabodetabek,Pertalite,10.9,Customer,4,5.0,5,1,171500,521827,Jawa,TANGERANG,MINI VAN BOX,Internal,JabodetabekTANGERANGMINI VAN BOX,Dalam Kota,,,,3,REGULAR,7:39:00,257560,92767
260328S005,KLS,3/28/2026,CDELC,A8020VC,Tangerang,Jabodetabek,Solar,17.07,Customer via Hub,29,11.0,11,7,213076,498776,Jawa,TANGERANG,CDE LONG CHASSIS,Internal,JabodetabekTANGERANGCDE LONG CHASSIS,Dalam Kota,,,,3,REGULAR,9:39:00,,285700
260328S004,KLS,3/28/2026,MVB,A8537ZF,Jakarta Utara,Jabodetabek,,,Customer via Hub,22,5.0,5,5,,110600,Jawa,JAKARTA UTARA,MINI VAN BOX,Internal,JabodetabekJAKARTA UTARAMINI VAN BOX,Dalam Kota,,,,3,REGULAR,6:41:00,,110600
260328S008,KLS,3/28/2026,CDELC,A8717VB,Jakarta Barat,Jabodetabek,Solar,12.51,Customer via Hub,26,3.02,11,8,107568,393268,Jawa,JAKARTA BARAT,CDE LONG CHASSIS,Internal,JabodetabekJAKARTA BARATCDE LONG CHASSIS,Dalam Kota,,,,3,REGULAR,6:29:00,,285700
260328S007,KLS,3/28/2026,CDELC,A8721VB,Jakarta Pusat,Jabodetabek,Solar,14.26,Customer via Hub,35,11.0,11,8,164962,450662,Jawa,JAKARTA PUSAT,CDE LONG CHASSIS,Internal,JabodetabekJAKARTA PUSATCDE LONG CHASSIS,Dalam Kota,,,,3,REGULAR,6:14:00,,285700
260328S006,KLS,3/28/2026,CDELC,A8757VB,Jakarta Selatan,Jabodetabek,Solar,6800,Customer via Hub,33,11.0,11,6,125500,411200,Jawa,JAKARTA SELATAN,CDE LONG CHASSIS,Internal,JabodetabekJAKARTA SELATANCDE LONG CHASSIS,Dalam Kota,,,,3,REGULAR,6:25:00,,285700
260328S003,KLS,3/28/2026,CDELC,A8910VB,Serang,Banten,Solar,11.76,Customer via Hub,40,6.69,11,8,143468,429168,Jawa,SERANG,CDE LONG CHASSIS,Internal,BantenSERANGCDE LONG CHASSIS,Dalam Kota,,,,3,REGULAR,7:40:00,,285700
260328S002,KLS,3/28/2026,CDELC,A8912VB,Cilegon,Banten,,,Customer via Hub,30,4.22,11,6,133000,398293,Jawa,CILEGON,CDE LONG CHASSIS,Internal,BantenCILEGONCDE LONG CHASSIS,Dalam Kota,,,,3,REGULAR,7:13:00,,265293
260330C018,KLS,3/30/2026,CDELC,A8002XW,Depok,Jabodetabek,Solar,14.22,Customer,4,11.0,11,4,194696,604723,Jawa,DEPOK,CDE LONG CHASSIS,Internal,JabodetabekDEPOKCDE LONG CHASSIS,Dalam Kota,,,,3,REGULAR,7:37:00,257560,152467
260330C004,KLS,3/30/2026,MVB,A8017VC,Jakarta Utara,Jabodetabek,Pertalite,11.91,Customer,8,5.0,5,8,208600,751860,Jawa,JAKARTA UTARA,MINI VAN BOX,Internal,JabodetabekJAKARTA UTARAMINI VAN BOX,Dalam Kota,,,,3,REGULAR,8:07:00,257560,285700
260330C016,KLS,3/30/2026,CDELC,A8048ZX,Purwakarta,Jawa Barat,Solar,24.83,Customer,40,11.0,11,12,243844,911431,Jawa,PURWAKARTA,CDE LONG CHASSIS,Internal,Jawa BaratPURWAKARTACDE LONG CHASSIS,Dalam Kota,,,,3,REGULAR,21:35:00,515120,152467
260330C007,KLS,3/30/2026,CDELC,A8098ZH,Purwakarta,Jawa Barat,Solar,20.68,Customer,29,4.92,11,11,211124,947411,Jawa,PURWAKARTA,CDE LONG CHASSIS,Internal,Jawa BaratPURWAKARTACDE LONG CHASSIS,Dalam Kota,,,,3,REGULAR,10:28:00,515120,221167
260330C024,KLS,3/30/2026,CDELC,A8159ZC,Bekasi,Jabodetabek,Solar,10.32,Customer,31,4.46,11,7,70176,768163,Jawa,BEKASI,CDE LONG CHASSIS,Internal,JabodetabekBEKASICDE LONG CHASSIS,Dalam Kota,,,,3,REGULAR,8:07:00,515120,182867
260330C020,KLS,3/30/2026,CDDLC,A8288YX,Bekasi,Jabodetabek,Solar,11.28,Customer,36,16.0,16,14,76704,780791,Jawa,BEKASI,CDD LONG CHASSIS,Internal,JabodetabekBEKASICDD LONG CHASSIS,Dalam Kota,,,,3,REGULAR,8:21:00,515120,188967
260330C005,KLS,3/30/2026,MVB,A8304VC,Bekasi,Jabodetabek,Pertalite,17.3,Customer,7,2.6,5,7,226000,#N/A,Jawa,BEKASI,MINI VAN BOX,Internal,JabodetabekBEKASIMINI VAN BOX,Dalam Kota,,,,3,REGULAR,55:52:00,515120,#N/A
260330C011,KLS,3/30/2026,CDELC,A8339ZS,Bekasi,Jabodetabek,Solar,7.27,Customer,19,8.0,8,10,49436,572596,Jawa,BEKASI,CDE PICKUP,Internal,JabodetabekBEKASICDE PICKUP,Dalam Kota,,,,3,REGULAR,7:57:00,257560,265600
260330C303,KLS,3/30/2026,CDELC,A8371WX,Bekasi,Jabodetabek,Solar,5.84,Customer,2,8.0,8,2,39712,453072,Jawa,BEKASI,CDE,Internal,JabodetabekBEKASICDE,Dalam Kota,,,,3,REGULAR,5:51:00,257560,155800
260330C010,KLS,3/30/2026,MVB,A8373VC,Jakarta Timur,Jabodetabek,Pertalite,12.74,Customer,3,5.0,5,3,202900,#N/A,Jawa,JAKARTA TIMUR,MINI VAN BOX,Internal,JabodetabekJAKARTA TIMURMINI VAN BOX,Dalam Kota,,,,3,REGULAR,8:13:00,257560,#N/A
260330C009,KLS,3/30/2026,CDELC,A8432ZS,Bogor,Jabodetabek,Solar,21.2,Customer,6,11.0,11,5,295160,1067330,Jawa,BOGOR,CDE LONG CHASSIS,Internal,JabodetabekBOGORCDE LONG CHASSIS,Dalam Kota,,,,3,REGULAR,8:20:00,515120,257050
260330C028,KLS,3/30/2026,CDELC,A8476VC,Karawang Selatan,Jabodetabek,Solar,15.6,Customer,17,11.0,11,10,160080,#N/A,Jawa,KARAWANG SELATAN,CDE LONG CHASSIS,Internal,JabodetabekKARAWANG SELATANCDE LONG CHASSIS,Dalam Kota,,,,3,REGULAR,9:56:00,515120,#N/A
260330C021,KLS,3/30/2026,CDELC,A8486VC,Bekasi,Jabodetabek,Solar,12.5,Customer,16,2.75,8,9,85000,#N/A,Jawa,BEKASI,CDE PICKUP,Internal,JabodetabekBEKASICDE PICKUP,Dalam Kota,,,,3,REGULAR,8:15:00,515120,#N/A
260330C025,KLS,3/30/2026,CDELC,A8503ZX,Bogor,Jabodetabek,Solar,24.11,Customer,6,8.0,8,4,285948,695975,Jawa,BOGOR,CDE,Internal,JabodetabekBOGORCDE,Dalam Kota,,,,3,REGULAR,8:03:00,257560,152467
260330C305,KLS,3/30/2026,MVB,A8504ZX,Karawang Selatan,Jabodetabek,Pertalite,8.89,Customer,1,5.0,5,1,121900,453560,Jawa,KARAWANG SELATAN,MINI VAN BOX,Internal,JabodetabekKARAWANG SELATANMINI VAN BOX,Dalam Kota,,,,3,REGULAR,5:41:00,257560,74100
260330C008,KLS,3/30/2026,CDELC,A8505VC,Karawang Selatan,Jabodetabek,Solar,16.58,Customer,36,9.59,11,12,145744,#N/A,Jawa,KARAWANG SELATAN,CDE LONG CHASSIS,Internal,JabodetabekKARAWANG SELATANCDE LONG CHASSIS,Dalam Kota,,,,3,REGULAR,10:08:00,515120,#N/A
260330C015,KLS,3/30/2026,CDELC,A8520VC,Subang,Jawa Barat,Solar,32.6,Customer,11,2.73,11,4,461180,#N/A,Jawa,SUBANG,CDE LONG CHASSIS,Internal,Jawa BaratSUBANGCDE LONG CHASSIS,DALAM KOTA,,,,3,REGULAR,13:06:00,515120,#N/A
260330C026,KLS,3/30/2026,MVB,A8553VB,Jakarta Timur,Jabodetabek,Pertalite,12.28,Customer,9,5.0,5,8,175800,564760,Jawa,JAKARTA TIMUR,MINI VAN BOX,Internal,JabodetabekJAKARTA TIMURMINI VAN BOX,Dalam Kota,,,,3,REGULAR,8:57:00,257560,131400
260330C035,KLS,3/30/2026,PICKUP,A8721ZV,Jakarta Pusat,Jabodetabek,Pertalite,12.66,Customer,4,1.61,3,4,191600,554993,Jawa,JAKARTA PUSAT,PICKUP,Internal,JabodetabekJAKARTA PUSATPICKUP,Dalam Kota,,,,3,REGULAR,8:07:00,257560,105833
260330C036,KLS,3/30/2026,MVB,A8876ZX,Jakarta Utara,Jabodetabek,Pertalite,12.81,Customer,7,5.0,5,6,207100,526736,Jawa,JAKARTA UTARA,MINI VAN BOX,Internal,JabodetabekJAKARTA UTARAMINI VAN BOX,Dalam Kota,,,,3,REGULAR,7:46:00,257560,62076
260330C032,KLS,3/30/2026,CDDLC,A8908XY,Cilegon,Banten,Solar,39.81,Customer,4,16.0,16,2,624708,1308548,Jawa,CILEGON,CDD LONG CHASSIS,Internal,BantenCILEGONCDD LONG CHASSIS,Dalam Kota,,,,3,REGULAR,9:11:00,515120,168720
260330C017,KLS,3/30/2026,CDDLC,A8961VB,Jakarta Utara,Jabodetabek,Solar,28.72,Customer,3,2.23,10,3,372796,1200549,Jawa,JAKARTA UTARA,CDD PICKUP,Internal,JabodetabekJAKARTA UTARACDD PICKUP,Dalam Kota,,,,3,REGULAR,8:37:00,515120,312633
260330L023,KLS,3/30/2026,CDDLC,A8976XY,Cirebon,Jawa Barat,Solar,49.75,Store,57,7.8,16,1,797000,1243527,Jawa,CIREBON,CDD LONG CHASSIS,Internal,Jawa BaratCIREBONCDD LONG CHASSIS,Luar Kota,,,,3,REGULAR,14:08:00,257560,188967
260330C027,KLS,3/30/2026,MVB,A8983VB,Bekasi,Jabodetabek,Pertalite,12.43,Customer,14,2.99,5,10,147300,536260,Jawa,BEKASI,MINI VAN BOX,Internal,JabodetabekBEKASIMINI VAN BOX,Dalam Kota,,,,3,REGULAR,8:53:00,257560,131400
260330C029,KLS,3/30/2026,MOTOR,B5709BLU,Bekasi,Jabodetabek,Pertalite,2.09,Customer,24,0.14,0.14,13,20900,278490,Jawa,BEKASI,MOTOR BOX,Internal,JabodetabekBEKASIMOTOR BOX,Dalam Kota,,,,3,REGULAR,8:58:00,257560,30
260330C022,KLS,3/30/2026,CDELC,B9044BRO,Jakarta Utara,Jabodetabek,Solar,13.75,Customer,26,11.0,11,7,146500,832484,Jawa,JAKARTA UTARA,CDE LONG CHASSIS,Internal,JabodetabekJAKARTA UTARACDE LONG CHASSIS,Dalam Kota,,,,3,REGULAR,9:08:00,515120,170864
260330H001,KLS,3/30/2026,WINGBOX,B9068BEN,Jakarta Barat,Jabodetabek,Solar,44279.33,HUB,140,24.48,42,5,343676,686668,Jawa,JAKARTA BARAT,WINGBOX,Internal,JabodetabekJAKARTA BARATWINGBOX,Dalam Kota,,,,3,REGULAR,4:23:00,257560,85432
260330L043,KLS,3/30/2026,WINGBOX,B9068BEN,Lampung,Sumatera,Solar,119.12,Store,1,42.0,42,1,5364816,5965368,Jawa,LAMPUNG,WINGBOX,Internal,SumateraLAMPUNGWINGBOX,Luar Kota,,,,3,REGULAR,43:32:00,515120,85432
260330C031,KLS,3/30/2026,CDDLC,B9190SDB,Tangerang,Jabodetabek,Solar,28.24,Customer,5,10.0,10,2,372032,825825,Jawa,TANGERANG,CDD PICKUP,Internal,JabodetabekTANGERANGCDD PICKUP,Dalam Kota,,,,3,REGULAR,10:52:00,257560,196233
260330C034,KLS,3/30/2026,MVB,B9320SCE,Bekasi,Jabodetabek,Pertalite,11.7,Customer,17,2.1,5,16,137500,481200,Jawa,BEKASI,MINI VAN BOX,Internal,JabodetabekBEKASIMINI VAN BOX,Dalam Kota,,,,3,REGULAR,8:52:00,257560,86140
260330C019,KLS,3/30/2026,MVB,B9642SCE,Bogor,Jabodetabek,Pertalite,10.52,Customer,7,5.0,5,4,148700,499027,Jawa,BOGOR,MINI VAN BOX,Internal,JabodetabekBOGORMINI VAN BOX,Dalam Kota,,,,3,REGULAR,7:15:00,257560,92767
260330S004,KLS,3/30/2026,CDELC,A8020VC,Jakarta Barat,Jabodetabek,Solar,12.51,Customer via Hub,24,3.11,11,2,171568,457268,Jawa,JAKARTA BARAT,CDE LONG CHASSIS,Internal,JabodetabekJAKARTA BARATCDE LONG CHASSIS,Dalam Kota,,,,3,REGULAR,9:17:00,,285700
260330S010,KLS,3/30/2026,MVB,A8437ZH,Tangerang,Jabodetabek,Pertalite,10345.45,Customer via Hub,16,5.0,5,3,171800,282400,Jawa,TANGERANG,MINI VAN BOX,Internal,JabodetabekTANGERANGMINI VAN BOX,Dalam Kota,,,,3,REGULAR,9:40:00,,110600
260330S009,KLS,3/30/2026,CDELC,A8481ZH,Tangerang,Jabodetabek,Solar,10.15,Customer via Hub,10,2.71,11,4,108020,329187,Jawa,TANGERANG,CDE LONG CHASSIS,Internal,JabodetabekTANGERANGCDE LONG CHASSIS,Dalam Kota,,,,3,REGULAR,7:45:00,,221167
260330S007,KLS,3/30/2026,MVB,A8537ZF,Tangerang,Jabodetabek,,,Customer via Hub,11,5.0,5,1,,110600,Jawa,TANGERANG,MINI VAN BOX,Internal,JabodetabekTANGERANGMINI VAN BOX,Dalam Kota,,,,3,REGULAR,6:59:00,,110600
260330S003,KLS,3/30/2026,MVB,A8542XB,Jakarta Selatan,Jabodetabek,Pertalite,9.5,Customer via Hub,4,5.0,5,1,177000,177000,Jawa,JAKARTA SELATAN,MINI VAN BOX,Internal,JabodetabekJAKARTA SELATANMINI VAN BOX,Dalam Kota,,,,3,REGULAR,7:24:00,,0
260330S005,KLS,3/30/2026,CDELC,A8717VB,Jakarta Utara,Jabodetabek,Solar,14.71,Customer via Hub,22,11.0,11,5,100028,385728,Jawa,JAKARTA UTARA,CDE LONG CHASSIS,Internal,JabodetabekJAKARTA UTARACDE LONG CHASSIS,Dalam Kota,,,,3,REGULAR,7:15:00,,285700
260330S012,KLS,3/30/2026,CDELC,A8721VB,Cilegon,Banten,Solar,33.09,Customer via Hub,14,11.0,11,4,408012,693712,Jawa,CILEGON,CDE LONG CHASSIS,Internal,BantenCILEGONCDE LONG CHASSIS,Dalam Kota,,,,3,REGULAR,9:02:00,,285700
260330S008,KLS,3/30/2026,CDELC,A8757VB,Tangerang,Jabodetabek,Solar,14.72,Customer via Hub,12,4.68,11,3,100096,385796,Jawa,TANGERANG,CDE LONG CHASSIS,Internal,JabodetabekTANGERANGCDE LONG CHASSIS,Dalam Kota,,,,3,REGULAR,8:54:00,,285700
260330S006,KLS,3/30/2026,CDELC,A8759VB,Tangerang,Jabodetabek,Solar,21.93,Customer via Hub,12,11.0,11,1,206122,491822,Jawa,TANGERANG,CDE LONG CHASSIS,Internal,JabodetabekTANGERANGCDE LONG CHASSIS,Dalam Kota,,,,3,REGULAR,8:41:00,,285700
260330S011,KLS,3/30/2026,CDELC,A8801XZ,Serang,Banten,Solar,22.93,Customer via Hub,10,8.0,8,2,279424,430157,Jawa,SERANG,CDE PICK UP,Internal,BantenSERANGCDE PICK UP,Dalam Kota,,,,3,REGULAR,9:13:00,,150733
260330S001,KLS,3/30/2026,CDELC,A8910VB,Jakarta Pusat,Jabodetabek,Solar,68182.18,Customer via Hub,8,6.27,11,2,840504,1126204,Jawa,JAKARTA PUSAT,CDE LONG CHASSIS,Internal,JabodetabekJAKARTA PUSATCDE LONG CHASSIS,Dalam Kota,,,,3,REGULAR,6:55:00,,285700
260330S002,KLS,3/30/2026,CDELC,A8912VB,Jakarta Selatan,Jabodetabek,Solar,11.18,Customer via Hub,10,11.0,11,2,76024,341317,Jawa,JAKARTA SELATAN,CDE LONG CHASSIS,Internal,JabodetabekJAKARTA SELATANCDE LONG CHASSIS,Dalam Kota,,,,3,REGULAR,7:05:00,,265293
260331C014,KLS,3/31/2026,MVB,A8017VC,Jakarta Utara,Jabodetabek,Pertalite,13.32,Customer,5,5.0,5,5,217700,760960,Jawa,JAKARTA UTARA,MINI VAN BOX,Internal,JabodetabekJAKARTA UTARAMINI VAN BOX,Dalam Kota,,,,3,REGULAR,9:35:00,257560,285700
260331C006,KLS,3/31/2026,CDELC,A8046ZX,Bekasi,Jabodetabek,Solar,14.23,Customer,20,10.65,11,10,138264,805851,Jawa,BEKASI,CDE LONG CHASSIS,Internal,JabodetabekBEKASICDE LONG CHASSIS,Dalam Kota,,,,3,REGULAR,8:02:00,515120,152467
260331C018,KLS,3/31/2026,CDELC,A8048ZX,Purwakarta,Jawa Barat,Solar,15.47,Customer,34,3.77,11,3,166696,576723,Jawa,PURWAKARTA,CDE LONG CHASSIS,Internal,Jawa BaratPURWAKARTACDE LONG CHASSIS,Dalam Kota,,,,3,REGULAR,8:21:00,257560,152467
260331C005,KLS,3/31/2026,CDELC,A8098ZH,Jakarta Timur,Jabodetabek,Solar,21.92,Customer,10,6.12,11,5,243556,979843,Jawa,JAKARTA TIMUR,CDE LONG CHASSIS,Internal,JabodetabekJAKARTA TIMURCDE LONG CHASSIS,Dalam Kota,,,,3,REGULAR,11:09:00,515120,221167
260331C046,KLS,3/31/2026,CDELC,A8159ZC,Bogor,Jabodetabek,Solar,26.42,Customer,12,6.0,11,8,446156,1144143,Jawa,BOGOR,CDE LONG CHASSIS,Internal,JabodetabekBOGORCDE LONG CHASSIS,Dalam Kota,,,,3,REGULAR,11:19:00,515120,182867
260331L091,KLS,3/31/2026,CDDLC,A8288YX,Bandung,Jawa Barat,Solar,36.78,Store,56,10.19,16,1,820500,1267027,Jawa,BANDUNG,CDD LONG CHASSIS,Internal,Jawa BaratBANDUNGCDD LONG CHASSIS,Luar Kota,,,,3,REGULAR,11:58:00,257560,188967
260331C241,KLS,3/31/2026,MVB,A8304VC,Bekasi,Jabodetabek,Pertalite,11,Customer,16,2.8,5,9,110000,#N/A,Jawa,BEKASI,MINI VAN BOX,Internal,JabodetabekBEKASIMINI VAN BOX,Dalam Kota,,,,3,REGULAR,8:52:00,257560,#N/A
260331C002,KLS,3/31/2026,CDELC,A8339ZS,Tangerang,Jabodetabek,,13.86,Customer,2,4.7,8,1,210584,733744,Jawa,TANGERANG,CDE PICKUP,Internal,JabodetabekTANGERANGCDE PICKUP,Dalam Kota,,,,3,REGULAR,9:38:00,257560,265600
260331C248,KLS,3/31/2026,CDELC,A8371WX,Jakarta Utara,Jabodetabek,Solar,12.75,Customer,5,3.56,8,4,191700,605060,Jawa,JAKARTA UTARA,CDE,Internal,JabodetabekJAKARTA UTARACDE,Dalam Kota,,,,3,REGULAR,9:14:00,257560,155800
260331C022,KLS,3/31/2026,MVB,A8373VC,Depok,Jabodetabek,Pertalite,13.18,Customer,17,2.74,5,4,232300,#N/A,Jawa,DEPOK,MINI VAN BOX,Internal,JabodetabekDEPOKMINI VAN BOX,Dalam Kota,,,,3,REGULAR,8:10:00,257560,#N/A
260331C009,KLS,3/31/2026,CDELC,A8432ZS,Bogor,Jabodetabek,Solar,20.89,Customer,19,2.38,11,6,240052,754662,Jawa,BOGOR,CDE LONG CHASSIS,Internal,JabodetabekBOGORCDE LONG CHASSIS,Dalam Kota,,,,3,REGULAR,9:57:00,257560,257050
260331C016,KLS,3/31/2026,CDELC,A8476VC,Karawang Selatan,Jabodetabek,Solar,17.29,Customer,13,11.0,11,6,171572,#N/A,Jawa,KARAWANG SELATAN,CDE LONG CHASSIS,Internal,JabodetabekKARAWANG SELATANCDE LONG CHASSIS,Dalam Kota,,,,3,REGULAR,9:32:00,257560,#N/A
260331C055,KLS,3/31/2026,CDELC,A8486VC,Jakarta Timur,Jabodetabek,Solar,27.46,Customer,1,8.0,8,1,358728,#N/A,Jawa,JAKARTA TIMUR,CDE PICKUP,Internal,JabodetabekJAKARTA TIMURCDE PICKUP,Dalam Kota,,,,3,REGULAR,11:24:00,257560,#N/A
260331C007,KLS,3/31/2026,CDELC,A8503ZX,Bekasi,Jabodetabek,Solar,11.62,Customer,8,4.27,8,8,81016,491043,Jawa,BEKASI,CDE,Internal,JabodetabekBEKASICDE,Dalam Kota,,,,3,REGULAR,9:56:00,257560,152467
260331C017,KLS,3/31/2026,MVB,A8504ZX,Purwakarta,Jawa Barat,Pertalite,13.81,Customer,15,1.83,5,8,223100,554760,Jawa,PURWAKARTA,MINI VAN BOX,Internal,Jawa BaratPURWAKARTAMINI VAN BOX,Dalam Kota,,,,3,REGULAR,8:53:00,257560,74100
260331C015,KLS,3/31/2026,CDELC,A8505VC,Karawang Selatan,Jabodetabek,Solar,14.13,Customer,16,11.0,11,11,112584,#N/A,Jawa,KARAWANG SELATAN,CDE LONG CHASSIS,Internal,JabodetabekKARAWANG SELATANCDE LONG CHASSIS,Dalam Kota,,,,3,REGULAR,8:43:00,257560,#N/A
260331C008,KLS,3/31/2026,CDELC,A8520VC,Bogor,Jabodetabek,Solar,22.66,Customer,16,11.0,11,10,229588,#N/A,Jawa,BOGOR,CDE LONG CHASSIS,Internal,JabodetabekBOGORCDE LONG CHASSIS,Dalam Kota,,,,3,REGULAR,12:12:00,515120,#N/A
260331C013,KLS,3/31/2026,MVB,A8553VB,Jakarta Timur,Jabodetabek,Pertalite,10.43,Customer,9,5.0,5,6,140300,529260,Jawa,JAKARTA TIMUR,MINI VAN BOX,Internal,JabodetabekJAKARTA TIMURMINI VAN BOX,Dalam Kota,,,,3,REGULAR,9:09:00,257560,131400
260331H081,KLS,3/31/2026,CDDLC,A8619VX,Jakarta Barat,Jabodetabek,Solar,14.36,HUB,1,16.0,16,1,97648,355208,Jawa,JAKARTA BARAT,CDD LONG CHASSIS,Internal,JabodetabekJAKARTA BARATCDD LONG CHASSIS,Dalam Kota,,,,3,REGULAR,20:45:00,257560,0
260331C272,KLS,3/31/2026,CDDLC,A8619VX,Karawang Selatan,Jabodetabek,Solar,12.61,Customer,5,16.0,16,4,134748,649868,Jawa,KARAWANG SELATAN,CDD LONG CHASSIS,Internal,JabodetabekKARAWANG SELATANCDD LONG CHASSIS,Dalam Kota,,,,3,REGULAR,5:11:00,515120,0
260331C010,KLS,3/31/2026,PICKUP,A8721ZV,Bekasi,Jabodetabek,Pertalite,8.94,Customer,11,1.95,3,8,113400,476793,Jawa,BEKASI,PICKUP,Internal,JabodetabekBEKASIPICKUP,Dalam Kota,,,,3,REGULAR,8:25:00,257560,105833
260331C011,KLS,3/31/2026,CDDLC,A8908XY,Bekasi,Jabodetabek,Solar,9.03,Customer,31,16.0,16,12,61404,745244,Jawa,BEKASI,CDD LONG CHASSIS,Internal,JabodetabekBEKASICDD LONG CHASSIS,Dalam Kota,,,,3,REGULAR,6:37:00,515120,168720
260331C271,KLS,3/31/2026,PICKUP,A8917WX,Bekasi,Jabodetabek,Pertalite,6.38,Customer,4,3.0,3,3,63800,391993,Jawa,BEKASI,PICKUP,Internal,JabodetabekBEKASIPICKUP,Dalam Kota,,,,3,REGULAR,5:10:00,257560,70633
260331C019,KLS,3/31/2026,CDDLC,A8961VB,Jakarta Utara,Jabodetabek,Solar,18.49,Customer,5,10.0,10,3,238732,1066485,Jawa,JAKARTA UTARA,CDD PICKUP,Internal,JabodetabekJAKARTA UTARACDD PICKUP,Dalam Kota,,,,3,REGULAR,9:19:00,515120,312633
260331C056,KLS,3/31/2026,CDDLC,A8976XY,Jakarta Utara,Jabodetabek,Solar,19.38,Customer,6,9.62,16,3,294284,998371,Jawa,JAKARTA UTARA,CDD LONG CHASSIS,Internal,JabodetabekJAKARTA UTARACDD LONG CHASSIS,Dalam Kota,,,,3,REGULAR,8:29:00,515120,188967
260331C243,KLS,3/31/2026,MVB,A8983VB,Subang,Jawa Barat,Pertalite,17.31,Customer,5,5.0,5,3,315600,704560,Jawa,SUBANG,MINI VAN BOX,Internal,Jawa BaratSUBANGMINI VAN BOX,DALAM KOTA,,,,3,REGULAR,8:36:00,257560,131400
260331C053,KLS,3/31/2026,MOTOR,B5709BLU,Bekasi,Jabodetabek,Pertalite,10.5,Customer,6,0.14,0.14,5,10500,268090,Jawa,BEKASI,MOTOR BOX,Internal,JabodetabekBEKASIMOTOR BOX,Dalam Kota,,,,3,REGULAR,7:33:00,257560,30
260331C021,KLS,3/31/2026,CDELC,B9044BRO,Jakarta Utara,Jabodetabek,Solar,15.02,Customer,21,11.0,11,8,187136,615560,Jawa,JAKARTA UTARA,CDE LONG CHASSIS,Internal,JabodetabekJAKARTA UTARACDE LONG CHASSIS,Dalam Kota,,,,3,REGULAR,12:18:00,257560,170864
260331H002,KLS,3/31/2026,WINGBOX,B9061BEN,Jakarta Barat,Jabodetabek,Solar,33.8,HUB,458,42.0,42,2,311840,740264,Jawa,JAKARTA BARAT,WINGBOX,Internal,JabodetabekJAKARTA BARATWINGBOX,Dalam Kota,,,,3,REGULAR,5:08:00,257560,170864
260331C012,KLS,3/31/2026,CDDLC,B9190SDB,Bekasi,Jabodetabek,Solar,15.02,Customer,12,10.0,10,8,112136,823489,Jawa,BEKASI,CDD PICKUP,Internal,JabodetabekBEKASICDD PICKUP,Dalam Kota,,,,3,REGULAR,14:55:00,515120,196233
260331S005,KLS,3/31/2026,CDELC,A8020VC,Jakarta Utara,Jabodetabek,Solar,16.17,Customer via Hub,29,11.0,11,7,196956,482656,Jawa,JAKARTA UTARA,CDE LONG CHASSIS,Internal,JabodetabekJAKARTA UTARACDE LONG CHASSIS,Dalam Kota,,,,3,REGULAR,9:55:00,,285700
260331S010,KLS,3/31/2026,MVB,A8437ZH,Tangerang,Jabodetabek,Pertalite,10.39,Customer via Hub,16,2.74,5,5,103900,214500,Jawa,TANGERANG,MINI VAN BOX,Internal,JabodetabekTANGERANGMINI VAN BOX,Dalam Kota,,,,3,REGULAR,9:15:00,,110600
260331S002,KLS,3/31/2026,CDELC,A8481ZH,Jakarta Selatan,Jabodetabek,Solar,10.47,Customer via Hub,36,2.57,11,8,71196,292363,Jawa,JAKARTA SELATAN,CDE LONG CHASSIS,Internal,JabodetabekJAKARTA SELATANCDE LONG CHASSIS,Dalam Kota,,,,3,REGULAR,9:34:00,,221167
260331S007,KLS,3/31/2026,MVB,A8537ZF,Tangerang,Jabodetabek,,,Customer via Hub,38,1.62,5,8,,110600,Jawa,TANGERANG,MINI VAN BOX,Internal,JabodetabekTANGERANGMINI VAN BOX,Dalam Kota,,,,3,REGULAR,7:23:00,,110600
260331S003,KLS,3/31/2026,MVB,A8542XB,Jakarta Selatan,Jabodetabek,Pertalite,10.05,Customer via Hub,54,1.76,5,11,197000,197000,Jawa,JAKARTA SELATAN,MINI VAN BOX,Internal,JabodetabekJAKARTA SELATANMINI VAN BOX,Dalam Kota,,,,3,REGULAR,8:45:00,,0
260331S004,KLS,3/31/2026,CDELC,A8717VB,Jakarta Barat,Jabodetabek,Solar,13.24,Customer via Hub,50,6.5,11,4,176532,462232,Jawa,JAKARTA BARAT,CDE LONG CHASSIS,Internal,JabodetabekJAKARTA BARATCDE LONG CHASSIS,Dalam Kota,,,,3,REGULAR,9:22:00,,285700
260331S012,KLS,3/31/2026,CDELC,A8721VB,Cilegon,Banten,Solar,48.83,Customer via Hub,36,6.19,11,4,463044,748744,Jawa,CILEGON,CDE LONG CHASSIS,Internal,BantenCILEGONCDE LONG CHASSIS,Dalam Kota,,,,3,REGULAR,13:59:00,,285700
260331S008,KLS,3/31/2026,CDELC,A8757VB,Tangerang,Jabodetabek,Solar,9.67,Customer via Hub,41,7.93,11,6,58,285758,Jawa,TANGERANG,CDE LONG CHASSIS,Internal,JabodetabekTANGERANGCDE LONG CHASSIS,Dalam Kota,,,,3,REGULAR,9:53:00,,285700
260331S001,KLS,3/31/2026,CDELC,A8759VB,Jakarta Pusat,Jabodetabek,Solar,17.04,Customer via Hub,37,3.79,11,6,198651,484351,Jawa,JAKARTA PUSAT,CDE LONG CHASSIS,Internal,JabodetabekJAKARTA PUSATCDE LONG CHASSIS,Dalam Kota,,,,3,REGULAR,11:35:00,,285700
260331S011,KLS,3/31/2026,CDELC,A8801XZ,Serang,Banten,Solar,16.2,Customer via Hub,30,5.03,8,2,168660,319393,Jawa,SERANG,CDE PICK UP,Internal,BantenSERANGCDE PICK UP,Dalam Kota,,,,3,REGULAR,11:10:00,,150733
260331S006,KLS,3/31/2026,CDELC,A8910VB,Tangerang,Jabodetabek,Solar,14.71,Customer via Hub,48,4.68,11,4,187028,472728,Jawa,TANGERANG,CDE LONG CHASSIS,Internal,JabodetabekTANGERANGCDE LONG CHASSIS,Dalam Kota,,,,3,REGULAR,9:16:00,,285700
260331S009,KLS,3/31/2026,CDELC,A8912VB,Tangerang,Jabodetabek,,,Customer via Hub,27,11.0,11,3,46000,311293,Jawa,TANGERANG,CDE LONG CHASSIS,Internal,JabodetabekTANGERANGCDE LONG CHASSIS,Dalam Kota,,,,3,REGULAR,10:39:00,,265293
260401C022,KLS,4/1/2026,CDELC,A8339ZS,Bogor,Jabodetabek,Solar,15.24,Customer,35,2.35,8,4,190632,971352,Jawa,BOGOR,CDE PICKUP,Internal,JabodetabekBOGORCDE PICKUP,Dalam Kota,,,,4,REGULAR,8:01:00,515120,265600
260401C023,KLS,4/1/2026,CDELC,A8432ZS,Bogor,Jabodetabek,Solar,20.49,Customer,8,3.45,11,5,258832,1031002,Jawa,BOGOR,CDE LONG CHASSIS,Internal,JabodetabekBOGORCDE LONG CHASSIS,Dalam Kota,,,,4,REGULAR,9:14:00,515120,257050
260401C024,KLS,4/1/2026,CDELC,A8159ZC,Bogor,Jabodetabek,Solar,23.23,Customer,40,11.0,11,8,234964,675391,Jawa,BOGOR,CDE LONG CHASSIS,Internal,JabodetabekBOGORCDE LONG CHASSIS,Dalam Kota,,,,4,REGULAR,9:18:00,257560,182867
260401C025,KLS,4/1/2026,CDDLC,A8288YX,Bekasi,Jabodetabek,Solar,8.97,Customer,10,16.0,16,2,60996,765083,Jawa,BEKASI,CDD LONG CHASSIS,Internal,JabodetabekBEKASICDD LONG CHASSIS,Dalam Kota,,,,4,REGULAR,7:58:00,515120,188967
260401C026,KLS,4/1/2026,CDDLC,A8908XY,Bekasi,Jabodetabek,Solar,11.61,Customer,34,16.0,16,8,88948,772788,Jawa,BEKASI,CDD LONG CHASSIS,Internal,JabodetabekBEKASICDD LONG CHASSIS,Dalam Kota,,,,4,REGULAR,6:58:00,515120,168720
260401C027,KLS,4/1/2026,MOTOR,B5709BLU,Bekasi,Jabodetabek,Pertalite,1.01,Customer,20,0.14,0.14,8,10000,267590,Jawa,BEKASI,MOTOR BOX,Internal,JabodetabekBEKASIMOTOR BOX,Dalam Kota,,,,4,REGULAR,9:10:00,257560,30
260401C028,KLS,4/1/2026,CDDLC,A8976XY,Bekasi,Jabodetabek,Solar,16.69,Customer,27,16.0,16,10,131492,835579,Jawa,BEKASI,CDD LONG CHASSIS,Internal,JabodetabekBEKASICDD LONG CHASSIS,Dalam Kota,,,,4,REGULAR,9:23:00,515120,188967
260401H002,KLS,4/1/2026,WINGBOX,B9061BEN,Jakarta Barat,Jabodetabek,Solar,30.48,HUB,222,42.0,42,4,285264,713688,Jawa,JAKARTA BARAT,WINGBOX,Internal,JabodetabekJAKARTA BARATWINGBOX,Dalam Kota,,,,4,REGULAR,5:27:00,257560,170864
260401C030,KLS,4/1/2026,MVB,A8553VB,Jakarta Timur,Jabodetabek,Pertalite,12.27,Customer,25,5.0,5,5,169500,558460,Jawa,JAKARTA TIMUR,MINI VAN BOX,Internal,JabodetabekJAKARTA TIMURMINI VAN BOX,Dalam Kota,,,,4,REGULAR,9:05:00,257560,131400
260401C031,KLS,4/1/2026,MVB,A8017VC,Jakarta Utara,Jabodetabek,Pertalite,13.47,Customer,9,5.0,5,6,216500,759760,Jawa,JAKARTA UTARA,MINI VAN BOX,Internal,JabodetabekJAKARTA UTARAMINI VAN BOX,Dalam Kota,,,,4,REGULAR,9:01:00,257560,285700
260401C032,KLS,4/1/2026,CDELC,B9044BRO,Jakarta Utara,Jabodetabek,Solar,17,Customer,38,3.43,11,6,277600,963584,Jawa,JAKARTA UTARA,CDE LONG CHASSIS,Internal,JabodetabekJAKARTA UTARACDE LONG CHASSIS,Dalam Kota,,,,4,REGULAR,12:00:00,515120,170864
260401C033,KLS,4/1/2026,CDELC,A8505VC,Karawang Selatan,Jabodetabek,Solar,17.94,Customer,21,11.0,11,5,154992,#N/A,Jawa,KARAWANG SELATAN,CDE LONG CHASSIS,Internal,JabodetabekKARAWANG SELATANCDE LONG CHASSIS,Dalam Kota,,,,4,REGULAR,9:29:00,515120,#N/A
260401C034,KLS,4/1/2026,CDELC,A8476VC,Karawang Selatan,Jabodetabek,Solar,17.02,Customer,16,3.22,11,8,169736,#N/A,Jawa,KARAWANG SELATAN,CDE LONG CHASSIS,Internal,JabodetabekKARAWANG SELATANCDE LONG CHASSIS,Dalam Kota,,,,4,REGULAR,7:54:00,515120,#N/A
260401C035,KLS,4/1/2026,MVB,A8504ZX,Purwakarta,Jawa Barat,Pertalite,10.81,Customer,3,5.0,5,2,178600,510260,Jawa,PURWAKARTA,MINI VAN BOX,Internal,Jawa BaratPURWAKARTAMINI VAN BOX,Dalam Kota,,,,4,REGULAR,9:32:00,257560,74100
260401C036,KLS,4/1/2026,CDELC,A8048ZX,Karawang Selatan,Jabodetabek,Solar,21.79,Customer,40,4.58,11,9,255172,922759,Jawa,KARAWANG SELATAN,CDE LONG CHASSIS,Internal,JabodetabekKARAWANG SELATANCDE LONG CHASSIS,Dalam Kota,,,,4,REGULAR,18:30:00,515120,152467
260401C037,KLS,4/1/2026,CDELC,A8486VC,Jakarta Utara,Jabodetabek,Solar,14.81,Customer,4,8.0,8,2,270208,#N/A,Jawa,JAKARTA UTARA,CDE PICKUP,Internal,JabodetabekJAKARTA UTARACDE PICKUP,Dalam Kota,,,,4,REGULAR,8:03:00,257560,#N/A
260401C046,KLS,4/1/2026,MVB,A8876ZX,Bekasi,Jabodetabek,Pertalite,7.83,Customer,35,3.75,5,9,143800,720996,Jawa,BEKASI,MINI VAN BOX,Internal,JabodetabekBEKASIMINI VAN BOX,Dalam Kota,,,,4,REGULAR,7:12:00,515120,62076
260401C047,KLS,4/1/2026,MVB,A8983VB,Bekasi,Jabodetabek,Pertalite,10.58,Customer,33,3.28,5,5,203500,592460,Jawa,BEKASI,MINI VAN BOX,Internal,JabodetabekBEKASIMINI VAN BOX,Dalam Kota,,,,4,REGULAR,7:46:00,257560,131400
260401C048,KLS,4/1/2026,CDELC,A8002XW,Jakarta Timur,Jabodetabek,Solar,13.22,Customer,30,6.06,11,8,164896,832483,Jawa,JAKARTA TIMUR,CDE LONG CHASSIS,Internal,JabodetabekJAKARTA TIMURCDE LONG CHASSIS,Dalam Kota,,,,4,REGULAR,36:14:00,515120,152467
260401C049,KLS,4/1/2026,CDELC,A8503ZX,Depok,Jabodetabek,Solar,19.05,Customer,41,2.11,8,7,282040,692067,Jawa,DEPOK,CDE,Internal,JabodetabekDEPOKCDE,Dalam Kota,,,,4,REGULAR,8:31:00,257560,152467
260401C114,KLS,4/1/2026,CDDLC,A8961VB,Jakarta Selatan,Jabodetabek,Solar,17.72,Customer,3,6.62,13,2,242496,1070249,Jawa,JAKARTA SELATAN,CDD PICK UP,Internal,JabodetabekJAKARTA SELATANCDD PICK UP,Dalam Kota,,,,4,REGULAR,7:39:00,515120,312633
260401C221,KLS,4/1/2026,MVB,A8304VC,Jakarta Timur,Jabodetabek,Pertalite,11.96,Customer,11,5.0,5,9,179550,#N/A,Jawa,JAKARTA TIMUR,MINI VAN BOX,Internal,JabodetabekJAKARTA TIMURMINI VAN BOX,Dalam Kota,,,,4,REGULAR,8:46:00,257560,#N/A
260401C237,KLS,4/1/2026,CDELC,A8520VC,Jakarta Timur,Jabodetabek,Solar,18.47,Customer,2,11.0,11,2,234596,#N/A,Jawa,JAKARTA TIMUR,CDE LONG CHASSIS,Internal,JabodetabekJAKARTA TIMURCDE LONG CHASSIS,Dalam Kota,,,,4,REGULAR,9:05:00,257560,#N/A
260401C252,KLS,4/1/2026,CDDLC,B9190SDB,Jakarta Utara,Jabodetabek,Solar,20.72,Customer,2,6.34,13,2,290396,744189,Jawa,JAKARTA UTARA,CDD PICK UP,Internal,JabodetabekJAKARTA UTARACDD PICK UP,Dalam Kota,,,,4,REGULAR,7:33:00,257560,196233
260401C268,KLS,4/1/2026,MVB,A8373VC,Tangerang,Jabodetabek,Pertalite,17.38,Customer,1,2.2,5,1,238000,#N/A,Jawa,TANGERANG,MINI VAN BOX,Internal,JabodetabekTANGERANGMINI VAN BOX,Dalam Kota,,,,4,REGULAR,10:50:00,257560,#N/A
260401C269,KLS,4/1/2026,PICKUP,A8721ZV,Bekasi,Jabodetabek,Pertalite,8,Customer,5,3.0,3,4,101000,721953,Jawa,BEKASI,PICK UP,Internal,JabodetabekBEKASIPICK UP,Dalam Kota,,,,4,REGULAR,5:08:00,515120,105833
260401C270,KLS,4/1/2026,CDELC,A8232VC,Karawang Selatan,Jabodetabek,Solar,15.52,Customer,11,11.0,11,5,165536,804429,Jawa,KARAWANG SELATAN,CDE LONG CHASSIS,Internal,JabodetabekKARAWANG SELATANCDE LONG CHASSIS,Dalam Kota,,,,4,REGULAR,5:30:00,257560,381333
260401C276,KLS,4/1/2026,CDELC,A8098ZH,Bekasi,Jabodetabek,Solar,12.24,Customer,8,5.08,11,6,83232,819519,Jawa,BEKASI,CDE LONG CHASSIS,Internal,JabodetabekBEKASICDE LONG CHASSIS,Dalam Kota,,,,4,REGULAR,8:43:00,515120,221167
260401L037,KLS,4/1/2026,MVB,B9320SCE,Sukabumi,Jawa Barat,Pertalite,24.92,Store,38,2.97,5,1,426000,769700,Jawa,SUKABUMI,MINI VAN BOX,Internal,Jawa BaratSUKABUMIMINI VAN BOX,Luar Kota,,,,4,REGULAR,-17:45:00,257560,86140
260401S005,KLS,4/1/2026,CDELC,A8020VC,Jakarta Utara,Jabodetabek,Solar,13.69,Customer via Hub,20,11.0,11,6,162592,448292,Jawa,JAKARTA UTARA,CDE LONG CHASSIS,Internal,JabodetabekJAKARTA UTARACDE LONG CHASSIS,Dalam Kota,,,,4,REGULAR,9:20:00,,285700
260401S008,KLS,4/1/2026,MVB,A8437ZH,Tangerang,Jabodetabek,Pertalite,12.25,Customer via Hub,19,1.4,5,6,122500,233100,Jawa,TANGERANG,MINI VAN BOX,Internal,JabodetabekTANGERANGMINI VAN BOX,Dalam Kota,,,,4,REGULAR,9:59:00,,110600
260401S002,KLS,4/1/2026,CDELC,A8481ZH,Jakarta Selatan,Jabodetabek,Solar,9.26,Customer via Hub,8,11.0,11,5,113000,334167,Jawa,JAKARTA SELATAN,CDE LONG CHASSIS,Internal,JabodetabekJAKARTA SELATANCDE LONG CHASSIS,Dalam Kota,,,,4,REGULAR,9:39:00,,221167
260401S011,KLS,4/1/2026,MVB,A8537ZF,Serang,Banten,Pertalite,16.88,Customer via Hub,15,5.0,5,4,277300,387900,Jawa,SERANG,MINI VAN BOX,Internal,BantenSERANGMINI VAN BOX,Dalam Kota,,,,4,REGULAR,11:04:00,,110600
260401S004,KLS,4/1/2026,CDELC,A8717VB,Jakarta Barat,Jabodetabek,,,Customer via Hub,17,11.0,11,7,,285700,Jawa,JAKARTA BARAT,CDE LONG CHASSIS,Internal,JabodetabekJAKARTA BARATCDE LONG CHASSIS,Dalam Kota,,,,4,REGULAR,9:40:00,,285700
260401S001,KLS,4/1/2026,CDELC,A8721VB,Jakarta Pusat,Jabodetabek,Solar,14.7,Customer via Hub,23,11.0,11,5,162460,448160,Jawa,JAKARTA PUSAT,CDE LONG CHASSIS,Internal,JabodetabekJAKARTA PUSATCDE LONG CHASSIS,Dalam Kota,,,,4,REGULAR,11:03:00,,285700
260401S003,KLS,4/1/2026,CDELC,A8759VB,Jakarta Selatan,Jabodetabek,Solar,17.13,Customer via Hub,11,11.0,11,8,220000,505700,Jawa,JAKARTA SELATAN,CDE LONG CHASSIS,Internal,JabodetabekJAKARTA SELATANCDE LONG CHASSIS,Dalam Kota,,,,4,REGULAR,10:30:00,,285700
260401S012,KLS,4/1/2026,CDELC,A8801XZ,Cilegon,Banten,Solar,28.45,Customer via Hub,19,3.38,8,4,193460,344193,Jawa,CILEGON,CDE PICK UP,Internal,BantenCILEGONCDE PICK UP,Dalam Kota,,,,4,REGULAR,14:03:00,,150733
260401S006,KLS,4/1/2026,CDELC,A8910VB,Tangerang,Jabodetabek,Solar,7182.5,Customer via Hub,23,11.0,11,6,230920,516620,Jawa,TANGERANG,CDE LONG CHASSIS,Internal,JabodetabekTANGERANGCDE LONG CHASSIS,Dalam Kota,,,,4,REGULAR,9:54:00,,285700
260401S009,KLS,4/1/2026,CDELC,A8912VB,Tangerang,Jabodetabek,Solar,18.68,Customer via Hub,27,6.67,11,4,177524,442817,Jawa,TANGERANG,CDE LONG CHASSIS,Internal,JabodetabekTANGERANGCDE LONG CHASSIS,Dalam Kota,,,,4,REGULAR,12:03:00,,265293
260401S007,KLS,4/1/2026,MVB,B9641SCE,Tangerang,Jabodetabek,Pertalite,10.12,Customer via Hub,17,5.0,5,6,127176,219943,Jawa,TANGERANG,MINI VAN BOX,Internal,JabodetabekTANGERANGMINI VAN BOX,Dalam Kota,,,,4,REGULAR,8:05:00,,92767
260402H013,KLS,4/2/2026,WINGBOX,B9068BEN,Jakarta Barat,Jabodetabek,Solar,31.66,HUB,211,28.52,42,5,297288,640280,Jawa,JAKARTA BARAT,WINGBOX,Internal,JabodetabekJAKARTA BARATWINGBOX,Dalam Kota,,,,4,REGULAR,5:28:00,257560,85432
260402C020,KLS,4/2/2026,CDELC,A8476VC,Karawang Selatan,Jabodetabek,Solar,18.77,Customer,27,11.0,11,9,197636,#N/A,Jawa,KARAWANG SELATAN,CDE LONG CHASSIS,Internal,JabodetabekKARAWANG SELATANCDE LONG CHASSIS,Dalam Kota,,,,4,REGULAR,8:42:00,515120,#N/A
260402C021,KLS,4/2/2026,MVB,A8553VB,Jakarta Timur,Jabodetabek,Pertalite,9.99,Customer,18,5.0,5,7,156900,545860,Jawa,JAKARTA TIMUR,MINI VAN BOX,Internal,JabodetabekJAKARTA TIMURMINI VAN BOX,Dalam Kota,,,,4,REGULAR,8:33:00,257560,131400
260402C022,KLS,4/2/2026,MVB,A8876ZX,Bogor,Jabodetabek,Pertalite,15.27,Customer,17,5.0,5,6,263700,583336,Jawa,BOGOR,MINI VAN BOX,Internal,JabodetabekBOGORMINI VAN BOX,Dalam Kota,,,,4,REGULAR,8:21:00,257560,62076
260402C023,KLS,4/2/2026,CDELC,A8520VC,Bogor,Jabodetabek,Solar,14.65,Customer,6,11.0,11,4,186620,#N/A,Jawa,BOGOR,CDE LONG CHASSIS,Internal,JabodetabekBOGORCDE LONG CHASSIS,Dalam Kota,,,,4,REGULAR,7:11:00,257560,#N/A
260402C024,KLS,4/2/2026,MVB,A8304VC,Bekasi,Jabodetabek,Pertalite,11.12,Customer,24,5.0,5,12,166200,#N/A,Jawa,BEKASI,MINI VAN BOX,Internal,JabodetabekBEKASIMINI VAN BOX,Dalam Kota,,,,4,REGULAR,7:31:00,515120,#N/A
260402C025,KLS,4/2/2026,CDELC,A8503ZX,Depok,Jabodetabek,Solar,18.5,Customer,15,8.0,8,9,245800,655827,Jawa,DEPOK,CDE,Internal,JabodetabekDEPOKCDE,Dalam Kota,,,,4,REGULAR,8:20:00,257560,152467
260402C026,KLS,4/2/2026,MVB,A8373VC,Jakarta Timur,Jabodetabek,Pertalite,12.96,Customer,14,5.0,5,6,201600,#N/A,Jawa,JAKARTA TIMUR,MINI VAN BOX,Internal,JabodetabekJAKARTA TIMURMINI VAN BOX,Dalam Kota,,,,4,REGULAR,8:47:00,515120,#N/A
260402C027,KLS,4/2/2026,CDELC,B9044BRO,Jakarta Utara,Jabodetabek,Solar,15.15,Customer,18,11.0,11,8,239020,925004,Jawa,JAKARTA UTARA,CDE LONG CHASSIS,Internal,JabodetabekJAKARTA UTARACDE LONG CHASSIS,Dalam Kota,,,,4,REGULAR,13:42:00,515120,170864
260402C028,KLS,4/2/2026,MVB,A8983VB,Bekasi,Jabodetabek,Pertalite,11.04,Customer,18,3.06,5,10,160400,806920,Jawa,BEKASI,MINI VAN BOX,Internal,JabodetabekBEKASIMINI VAN BOX,Dalam Kota,,,,4,REGULAR,8:06:00,515120,131400
260402C029,KLS,4/2/2026,PICKUP,A8721ZV,Bekasi,Jabodetabek,Pertalite,6.49,Customer,13,2.34,3,1,68900,432293,Jawa,BEKASI,PICK UP,Internal,JabodetabekBEKASIPICK UP,Dalam Kota,,,,4,REGULAR,8:33:00,257560,105833
260402C030,KLS,4/2/2026,MVB,B9642SCE,Bekasi,Jabodetabek,Pertalite,10.65,Customer,14,2.05,5,7,128500,478827,Jawa,BEKASI,MINI VAN BOX,Internal,JabodetabekBEKASIMINI VAN BOX,Dalam Kota,,,,4,REGULAR,25:07:00,257560,92767
260402C033,KLS,4/2/2026,CDELC,A8048ZX,Purwakarta,Jawa Barat,Solar,14.31,Customer,9,11.0,11,5,151308,561335,Jawa,PURWAKARTA,CDE LONG CHASSIS,Internal,Jawa BaratPURWAKARTACDE LONG CHASSIS,Dalam Kota,,,,4,REGULAR,8:11:00,257560,152467
260402C034,KLS,4/2/2026,CDELC,A8505VC,Karawang Selatan,Jabodetabek,Solar,15.29,Customer,13,11.0,11,8,136972,#N/A,Jawa,KARAWANG SELATAN,CDE LONG CHASSIS,Internal,JabodetabekKARAWANG SELATANCDE LONG CHASSIS,Dalam Kota,,,,4,REGULAR,11:38:00,515120,#N/A
260402C035,KLS,4/2/2026,CDDLC,A8908XY,Karawang Selatan,Jabodetabek,Solar,16.85,Customer,8,16.0,16,5,195580,879420,Jawa,KARAWANG SELATAN,CDD LONG CHASSIS,Internal,JabodetabekKARAWANG SELATANCDD LONG CHASSIS,Dalam Kota,,,,4,REGULAR,7:11:00,515120,168720
260402C036,KLS,4/2/2026,CDDLC,A8961VB,Jakarta Utara,Jabodetabek,Solar,21.01,Customer,3,13.0,13,1,272368,842561,Jawa,JAKARTA UTARA,CDD PICK UP,Internal,JabodetabekJAKARTA UTARACDD PICK UP,Dalam Kota,,,,4,REGULAR,7:05:00,257560,312633
260402C037,KLS,4/2/2026,MVB,A8017VC,Jakarta Utara,Jabodetabek,Pertalite,11.75,Customer,9,5.0,5,2,187500,730760,Jawa,JAKARTA UTARA,MINI VAN BOX,Internal,JabodetabekJAKARTA UTARAMINI VAN BOX,Dalam Kota,,,,4,REGULAR,8:10:00,257560,285700
260402C038,KLS,4/2/2026,MVB,A8504ZX,Bekasi,Jabodetabek,Pertalite,9.79,Customer,11,5.0,5,5,97900,687120,Jawa,BEKASI,MINI VAN BOX,Internal,JabodetabekBEKASIMINI VAN BOX,Dalam Kota,,,,4,REGULAR,7:52:00,515120,74100
260402C090,KLS,4/2/2026,CDDLC,B9190SDB,Bogor,Jabodetabek,Solar,21.42,Customer,5,6.21,13,4,308656,1020009,Jawa,BOGOR,CDD PICK UP,Internal,JabodetabekBOGORCDD PICK UP,Dalam Kota,,,,4,REGULAR,7:25:00,515120,196233
260402C231,KLS,4/2/2026,MOTOR,B5709BLU,Bekasi,Jabodetabek,Pertalite,2.07,Customer,6,0.14,0.14,6,20700,535850,Jawa,BEKASI,MOTOR BOX,Internal,JabodetabekBEKASIMOTOR BOX,Dalam Kota,,,,4,REGULAR,7:47:00,515120,30
260402C234,KLS,4/2/2026,CDELC,A8098ZH,Tangerang,Jabodetabek,Solar,18.41,Customer,2,5.28,11,1,255688,991975,Jawa,TANGERANG,CDE LONG CHASSIS,Internal,JabodetabekTANGERANGCDE LONG CHASSIS,Dalam Kota,,,,4,REGULAR,9:43:00,515120,221167
260402C236,KLS,4/2/2026,CDELC,A8486VC,Purwakarta,Jawa Barat,Solar,28.89,Customer,3,4.34,8,2,550952,#N/A,Jawa,PURWAKARTA,CDE PICKUP,Internal,Jawa BaratPURWAKARTACDE PICKUP,Dalam Kota,,,,4,REGULAR,9:06:00,515120,#N/A
260402C247,KLS,4/2/2026,WINGBOX,B9068BEN,Karawang Selatan,Jabodetabek,Solar,19.63,Customer,2,20.87,42,1,244484,587476,Jawa,KARAWANG SELATAN,WINGBOX,Internal,JabodetabekKARAWANG SELATANWINGBOX,Dalam Kota,,,,4,REGULAR,6:28:00,257560,85432
260402C249,KLS,4/2/2026,CDELC,A8432ZS,Bogor,Jabodetabek,Solar,19.89,Customer,4,7.91,11,2,277252,1049422,Jawa,BOGOR,CDE LONG CHASSIS,Internal,JabodetabekBOGORCDE LONG CHASSIS,Dalam Kota,,,,4,REGULAR,8:07:00,515120,257050
260402C264,KLS,4/2/2026,CDELC,A8339ZS,Jakarta Barat,Jabodetabek,Solar,16.58,Customer,6,8.0,8,1,236744,1017464,Jawa,JAKARTA BARAT,CDE PICKUP,Internal,JabodetabekJAKARTA BARATCDE PICKUP,Dalam Kota,,,,4,REGULAR,8:31:00,515120,265600
260402C270,KLS,4/2/2026,MVB,B9320SCE,Karawang Selatan,Jabodetabek,Pertalite,9.7,Customer,22,5.0,5,9,167500,511200,Jawa,KARAWANG SELATAN,MINI VAN BOX,Internal,JabodetabekKARAWANG SELATANMINI VAN BOX,Dalam Kota,,,,4,REGULAR,4:46:00,257560,86140
260402C271,KLS,4/2/2026,CDELC,A8159ZC,Bekasi,Jabodetabek,Solar,6.65,Customer,9,11.0,11,2,45220,485647,Jawa,BEKASI,CDE LONG CHASSIS,Internal,JabodetabekBEKASICDE LONG CHASSIS,Dalam Kota,,,,4,REGULAR,5:27:00,257560,182867
260402L031,KLS,4/2/2026,CDDLC,A8288YX,Bandung,Jawa Barat,Solar,31.47,Store,16,16.0,16,1,812000,1258527,Jawa,BANDUNG,CDD LONG CHASSIS,Internal,Jawa BaratBANDUNGCDD LONG CHASSIS,Luar Kota,,,,4,REGULAR,11:48:00,257560,188967
260402C294,KLS,4/2/2026,MVB,A8304VC,Purwakarta,Jawa Barat,Pertalite,8.18,Customer,1,5.0,5,1,135800,#N/A,Jawa,PURWAKARTA,MINI VAN BOX,Internal,Jawa BaratPURWAKARTAMINI VAN BOX,Dalam Kota,,,,4,NON REGULAR,3:46:00,257560,#N/A
260402S004,KLS,4/2/2026,CDELC,A8020VC,Jakarta Barat,Jabodetabek,Solar,12.51,Customer via Hub,16,11.0,11,6,111068,396768,Jawa,JAKARTA BARAT,CDE LONG CHASSIS,Internal,JabodetabekJAKARTA BARATCDE LONG CHASSIS,Dalam Kota,,,,4,REGULAR,9:14:00,,285700
260402S007,KLS,4/2/2026,MVB,A8437ZH,Tangerang,Jabodetabek,Pertalite,10,Customer via Hub,15,5.0,5,6,159500,270100,Jawa,TANGERANG,MINI VAN BOX,Internal,JabodetabekTANGERANGMINI VAN BOX,Dalam Kota,,,,4,REGULAR,7:08:00,,110600
260402S009,KLS,4/2/2026,CDELC,A8481ZH,Tangerang,Jabodetabek,Solar,10.3,Customer via Hub,18,11.0,11,5,127040,348207,Jawa,TANGERANG,CDE LONG CHASSIS,Internal,JabodetabekTANGERANGCDE LONG CHASSIS,Dalam Kota,,,,4,REGULAR,6:16:00,,221167
260402S011,KLS,4/2/2026,MVB,A8537ZF,Serang,Banten,Pertalite,13.79,Customer via Hub,21,2.15,5,5,231900,342500,Jawa,SERANG,MINI VAN BOX,Internal,BantenSERANGMINI VAN BOX,Dalam Kota,,,,4,REGULAR,9:42:00,,110600
260402S012,KLS,4/2/2026,CDELC,A8717VB,Cilegon,Banten,Solar,32.06,Customer via Hub,23,2.69,11,4,343008,628708,Jawa,CILEGON,CDE LONG CHASSIS,Internal,BantenCILEGONCDE LONG CHASSIS,Dalam Kota,,,,4,REGULAR,10:04:00,,285700
260402S005,KLS,4/2/2026,CDELC,A8721VB,Jakarta Utara,Jabodetabek,Solar,11.47,Customer via Hub,15,7.69,11,8,77996,363696,Jawa,JAKARTA UTARA,CDE LONG CHASSIS,Internal,JabodetabekJAKARTA UTARACDE LONG CHASSIS,Dalam Kota,,,,4,REGULAR,6:58:00,,285700
260402S008,KLS,4/2/2026,CDELC,A8757VB,Jakarta Barat,Jabodetabek,,,Customer via Hub,13,11.0,11,6,,285700,Jawa,JAKARTA BARAT,CDE LONG CHASSIS,Internal,JabodetabekJAKARTA BARATCDE LONG CHASSIS,Dalam Kota,,,,4,REGULAR,8:10:00,,285700
260402S006,KLS,4/2/2026,CDELC,A8759VB,Tangerang,Jabodetabek,Solar,17.68,Customer via Hub,20,7.26,11,4,180214,465914,Jawa,TANGERANG,CDE LONG CHASSIS,Internal,JabodetabekTANGERANGCDE LONG CHASSIS,Dalam Kota,,,,4,REGULAR,7:28:00,,285700
260402S010,KLS,4/2/2026,CDELC,A8801XZ,Tangerang,Jabodetabek,Solar,12.6,Customer via Hub,25,3.99,8,7,124680,275413,Jawa,TANGERANG,CDE PICK UP,Internal,JabodetabekTANGERANGCDE PICK UP,Dalam Kota,,,,4,REGULAR,6:28:00,,150733
260402S001,KLS,4/2/2026,CDELC,A8910VB,Jakarta Pusat,Jabodetabek,Solar,13.24,Customer via Hub,15,11.0,11,8,167500,453200,Jawa,JAKARTA PUSAT,CDE LONG CHASSIS,Internal,JabodetabekJAKARTA PUSATCDE LONG CHASSIS,Dalam Kota,,,,4,REGULAR,8:53:00,,285700
260402S002,KLS,4/2/2026,CDELC,A8912VB,Jakarta Selatan,Jabodetabek,Solar,13.39,Customer via Hub,16,11.0,11,7,143052,408345,Jawa,JAKARTA SELATAN,CDE LONG CHASSIS,Internal,JabodetabekJAKARTA SELATANCDE LONG CHASSIS,Dalam Kota,,,,4,REGULAR,10:11:00,,265293
260402S003,KLS,4/2/2026,MVB,B9641SCE,Jakarta Selatan,Jabodetabek,Pertalite,9.6,Customer via Hub,14,5.0,5,6,159500,252267,Jawa,JAKARTA SELATAN,MINI VAN BOX,Internal,JabodetabekJAKARTA SELATANMINI VAN BOX,Dalam Kota,,,,4,REGULAR,7:29:00,,92767
260403C124,KLS,4/3/2026,CDDLC,A8908XY,Tangerang,Jabodetabek,Solar,21.38,Customer,6,16.0,16,1,248500,674780,Jawa,TANGERANG,CDD LONG CHASSIS,Internal,JabodetabekTANGERANGCDD LONG CHASSIS,Dalam Kota,,,,4,REGULAR,7:15:00,257560,168720
260403C214,KLS,4/3/2026,CDDLC,A8288YX,Tangerang,Jabodetabek,Solar,18.1,Customer,1,16.0,16,1,226000,672527,Jawa,TANGERANG,CDD LONG CHASSIS,Internal,JabodetabekTANGERANGCDD LONG CHASSIS,Dalam Kota,,,,4,NON REGULAR,7:10:00,257560,188967
260404H017,KLS,4/4/2026,CDDLC,A8531XA,Jakarta Barat,Jabodetabek,Solar,20.71,HUB,218,16.0,16,1,223000,663057,Jawa,JAKARTA BARAT,CDD LONG CHASSIS,Internal,JabodetabekJAKARTA BARATCDD LONG CHASSIS,Dalam Kota,,,,4,REGULAR,8:41:00,257560,182497
260404C029,KLS,4/4/2026,CDELC,A8520VC,Bekasi,Jabodetabek,Solar,15.49,Customer,25,2.27,11,5,182832,#N/A,Jawa,BEKASI,CDE LONG CHASSIS,Internal,JabodetabekBEKASICDE LONG CHASSIS,Dalam Kota,,,,4,REGULAR,8:57:00,515120,#N/A
260404C030,KLS,4/4/2026,CDELC,A8476VC,Bekasi,Jabodetabek,Solar,12.23,Customer,19,2.32,11,2,113664,#N/A,Jawa,BEKASI,CDE LONG CHASSIS,Internal,JabodetabekBEKASICDE LONG CHASSIS,Dalam Kota,,,,4,REGULAR,5:23:00,515120,#N/A
260404C031,KLS,4/4/2026,CDELC,A8505VC,Karawang Selatan,Jabodetabek,Solar,23.83,Customer,39,4.06,11,5,230044,#N/A,Jawa,KARAWANG SELATAN,CDE LONG CHASSIS,Internal,JabodetabekKARAWANG SELATANCDE LONG CHASSIS,Dalam Kota,,,,4,REGULAR,7:15:00,515120,#N/A
260404C032,KLS,4/4/2026,MVB,A8373VC,Bogor,Jabodetabek,Pertalite,10.06,Customer,11,5.0,5,6,160100,#N/A,Jawa,BOGOR,MINI VAN BOX,Internal,JabodetabekBOGORMINI VAN BOX,Dalam Kota,,,,4,REGULAR,6:43:00,257560,#N/A
260404C033,KLS,4/4/2026,CDELC,A8432ZS,Bogor,Jabodetabek,Solar,28.53,Customer,28,3.17,11,9,328504,1100674,Jawa,BOGOR,CDE LONG CHASSIS,Internal,JabodetabekBOGORCDE LONG CHASSIS,Dalam Kota,,,,4,REGULAR,9:05:00,515120,257050
260404C034,KLS,4/4/2026,CDELC,A8503ZX,Depok,Jabodetabek,Solar,18.89,Customer,22,8.0,8,1,231452,641479,Jawa,DEPOK,CDE,Internal,JabodetabekDEPOKCDE,Dalam Kota,,,,4,REGULAR,8:20:00,257560,152467
260404C035,KLS,4/4/2026,MVB,A8983VB,Jakarta Timur,Jabodetabek,Pertalite,9.09,Customer,7,5.0,5,5,128900,517860,Jawa,JAKARTA TIMUR,MINI VAN BOX,Internal,JabodetabekJAKARTA TIMURMINI VAN BOX,Dalam Kota,,,,4,REGULAR,5:54:00,257560,131400
260404C036,KLS,4/4/2026,MVB,A8017VC,Jakarta Utara,Jabodetabek,Pertalite,9.24,Customer,15,5.0,5,1,158400,959220,Jawa,JAKARTA UTARA,MINI VAN BOX,Internal,JabodetabekJAKARTA UTARAMINI VAN BOX,Dalam Kota,,,,4,REGULAR,5:57:00,515120,285700
260404C037,KLS,4/4/2026,MVB,A8304VC,Jakarta Timur,Jabodetabek,Pertalite,7.98,Customer,7,5.0,5,4,138800,#N/A,Jawa,JAKARTA TIMUR,MINI VAN BOX,Internal,JabodetabekJAKARTA TIMURMINI VAN BOX,Dalam Kota,,,,4,REGULAR,5:36:00,515120,#N/A
260404C219,KLS,4/4/2026,WINGBOX,B9068BEN,Jakarta Utara,Jabodetabek,Solar,21,Customer,1,42.0,42,1,280800,709224,Jawa,JAKARTA UTARA,WINGBOX,Internal,JabodetabekJAKARTA UTARAWINGBOX,Dalam Kota,,,,4,REGULAR,6:56:00,257560,170864
260404C220,KLS,4/4/2026,WINGBOX,B9055BEN,Jakarta Utara,Jabodetabek,Solar,21.89,Customer,1,13.0,42,1,286852,715276,Jawa,JAKARTA UTARA,WINGBOX,Internal,JabodetabekJAKARTA UTARAWINGBOX,Dalam Kota,,,,4,REGULAR,6:25:00,257560,170864
260404C223,KLS,4/4/2026,CDDLC,B9190SDB,Jakarta Utara,Jabodetabek,Solar,11.15,Customer,1,13.0,13,1,183820,637613,Jawa,JAKARTA UTARA,CDD PICK UP,Internal,JabodetabekJAKARTA UTARACDD PICK UP,Dalam Kota,,,,4,REGULAR,7:04:00,257560,196233
260404C232,KLS,4/4/2026,CDELC,A8486VC,Jakarta Barat,Jabodetabek,Solar,15.52,Customer,1,4.32,8,1,183536,#N/A,Jawa,JAKARTA BARAT,CDE PICKUP,Internal,JabodetabekJAKARTA BARATCDE PICKUP,Dalam Kota,,,,4,REGULAR,6:43:00,515120,#N/A
260404C234,KLS,4/4/2026,CDELC,A8098ZH,Tangerang,Jabodetabek,Solar,20.79,Customer,3,3.38,11,3,290372,1026659,Jawa,TANGERANG,CDE LONG CHASSIS,Internal,JabodetabekTANGERANGCDE LONG CHASSIS,Dalam Kota,,,,4,REGULAR,6:27:00,515120,221167
260404C236,KLS,4/4/2026,CDDLC,A8961VB,Jakarta Utara,Jabodetabek,Solar,14.8,Customer,3,3.21,13,3,303640,873833,Jawa,JAKARTA UTARA,CDD PICK UP,Internal,JabodetabekJAKARTA UTARACDD PICK UP,Dalam Kota,,,,4,REGULAR,5:46:00,257560,312633
260403L037,KLS,4/4/2026,CDDLC,A8908XY,Bandung,Jawa Barat,,,Store,71,11.48,16,1,804000,1230280,Jawa,BANDUNG,CDD LONG CHASSIS,Internal,Jawa BaratBANDUNGCDD LONG CHASSIS,Luar Kota,,,,4,REGULAR,8:08:00,257560,168720
260404S003,KLS,4/4/2026,CDELC,A8020VC,Jakarta Barat,Jabodetabek,Solar,68,Customer via Hub,28,11.0,11,7,82342,368042,Jawa,JAKARTA BARAT,CDE LONG CHASSIS,Internal,JabodetabekJAKARTA BARATCDE LONG CHASSIS,Dalam Kota,,,,4,REGULAR,6:47:00,,285700
260404S002,KLS,4/4/2026,MVB,A8437ZH,Jakarta Selatan,Jabodetabek,Pertalite,9.32,Customer via Hub,23,5.0,5,10,93200,203800,Jawa,JAKARTA SELATAN,MINI VAN BOX,Internal,JabodetabekJAKARTA SELATANMINI VAN BOX,Dalam Kota,,,,4,REGULAR,7:09:00,,110600
260404S006,KLS,4/4/2026,MVB,A8537ZF,Tangerang,Jabodetabek,Pertalite,9.71,Customer via Hub,15,2.73,5,9,165100,275700,Jawa,TANGERANG,MINI VAN BOX,Internal,JabodetabekTANGERANGMINI VAN BOX,Dalam Kota,,,,4,REGULAR,8:29:00,,110600
260404S005,KLS,4/4/2026,CDELC,A8717VB,Tangerang,Jabodetabek,Solar,10.75,Customer via Hub,33,4.82,11,6,137100,422800,Jawa,TANGERANG,CDE LONG CHASSIS,Internal,JabodetabekTANGERANGCDE LONG CHASSIS,Dalam Kota,,,,4,REGULAR,7:27:00,,285700
260404S008,KLS,4/4/2026,CDELC,A8721VB,Serang,Banten,,,Customer via Hub,23,11.0,11,5,72000,357700,Jawa,SERANG,CDE LONG CHASSIS,Internal,BantenSERANGCDE LONG CHASSIS,Dalam Kota,,,,4,REGULAR,7:17:00,,285700
260404S004,KLS,4/4/2026,CDELC,A8757VB,Jakarta Utara,Jabodetabek,Solar,15.44,Customer via Hub,20,11.0,11,8,105000,390700,Jawa,JAKARTA UTARA,CDE LONG CHASSIS,Internal,JabodetabekJAKARTA UTARACDE LONG CHASSIS,Dalam Kota,,,,4,REGULAR,8:40:00,,285700
260404S007,KLS,4/4/2026,CDELC,A8759VB,Cilegon,Banten,Solar,38.67,Customer via Hub,46,6.05,11,6,392456,678156,Jawa,CILEGON,CDE LONG CHASSIS,Internal,BantenCILEGONCDE LONG CHASSIS,Dalam Kota,,,,4,REGULAR,44:55:00,,285700
260404S001,KLS,4/4/2026,CDELC,A8912VB,Jakarta Pusat,Jabodetabek,Solar,15.67,Customer via Hub,29,11.0,11,11,94,265387,Jawa,JAKARTA PUSAT,CDE LONG CHASSIS,Internal,JabodetabekJAKARTA PUSATCDE LONG CHASSIS,Dalam Kota,,,,4,REGULAR,8:27:00,,265293
260406C003,KLS,4/6/2026,CDELC,A8002XW,Bekasi,Jabodetabek,Solar,20.56,Customer,15,2.57,11,9,177308,844895,Jawa,BEKASI,CDE LONG CHASSIS,Internal,JabodetabekBEKASICDE LONG CHASSIS,Dalam Kota,,,,4,REGULAR,9:08:00,515120,152467
260406C005,KLS,4/6/2026,MVB,A8876ZX,Bogor,Jabodetabek,Pertalite,12.38,Customer,2,5.0,5,2,194800,771996,Jawa,BOGOR,MINI VAN BOX,Internal,JabodetabekBOGORMINI VAN BOX,Dalam Kota,,,,4,REGULAR,7:15:00,515120,62076
260406C007,KLS,4/6/2026,MVB,B9642SCE,Bogor,Jabodetabek,Pertalite,20.94,Customer,12,5.0,5,7,336400,686727,Jawa,BOGOR,MINI VAN BOX,Internal,JabodetabekBOGORMINI VAN BOX,Dalam Kota,,,,4,REGULAR,10:27:00,257560,92767
260406C009,KLS,4/6/2026,CDELC,A8048ZX,Bekasi,Jabodetabek,Solar,16.92,Customer,17,3.35,11,10,115056,782643,Jawa,BEKASI,CDE LONG CHASSIS,Internal,JabodetabekBEKASICDE LONG CHASSIS,Dalam Kota,,,,4,REGULAR,7:22:00,515120,152467
260406H006,KLS,4/6/2026,CDDLC,A8908XY,Jakarta Barat,Jabodetabek,Solar,16.53,HUB,81,11.4,16,2,194404,620684,Jawa,JAKARTA BARAT,CDD LONG CHASSIS,Internal,JabodetabekJAKARTA BARATCDD LONG CHASSIS,Dalam Kota,,,,4,REGULAR,7:32:00,257560,168720
260406C010,KLS,4/6/2026,MVB,A8983VB,Subang,Jawa Barat,Pertalite,15.78,Customer,6,5.0,5,4,330300,719260,Jawa,SUBANG,MINI VAN BOX,Internal,Jawa BaratSUBANGMINI VAN BOX,DALAM KOTA,,,,4,REGULAR,8:05:00,257560,131400
260406C011,KLS,4/6/2026,CDELC,A8505VC,Karawang Selatan,Jabodetabek,Solar,16.1,Customer,24,11.0,11,17,142480,#N/A,Jawa,KARAWANG SELATAN,CDE LONG CHASSIS,Internal,JabodetabekKARAWANG SELATANCDE LONG CHASSIS,Dalam Kota,,,,4,REGULAR,24:26:00,515120,#N/A
260406C012,KLS,4/6/2026,MOTOR,B5709BLU,Bekasi,Jabodetabek,Pertalite,1.52,Customer,8,0.14,0.14,5,15200,272790,Jawa,BEKASI,MOTOR BOX,Internal,JabodetabekBEKASIMOTOR BOX,Dalam Kota,,,,4,REGULAR,7:52:00,257560,30
260406C013,KLS,4/6/2026,CDELC,A8098ZH,Purwakarta,Jawa Barat,Solar,20.43,Customer,7,4.28,11,4,282924,1019211,Jawa,PURWAKARTA,CDE LONG CHASSIS,Internal,Jawa BaratPURWAKARTACDE LONG CHASSIS,Dalam Kota,,,,4,REGULAR,9:13:00,515120,221167
260406C014,KLS,4/6/2026,CDELC,A8476VC,Karawang Selatan,Jabodetabek,Solar,16.16,Customer,13,11.0,11,9,163888,#N/A,Jawa,KARAWANG SELATAN,CDE LONG CHASSIS,Internal,JabodetabekKARAWANG SELATANCDE LONG CHASSIS,Dalam Kota,,,,4,REGULAR,8:33:00,515120,#N/A
260406C015,KLS,4/6/2026,CDELC,A8159ZC,Bekasi,Jabodetabek,Solar,17.35,Customer,20,4.46,11,14,134980,832967,Jawa,BEKASI,CDE LONG CHASSIS,Internal,JabodetabekBEKASICDE LONG CHASSIS,Dalam Kota,,,,4,REGULAR,7:50:00,515120,182867
260406C016,KLS,4/6/2026,CDELC,B9044BRO,Jakarta Utara,Jabodetabek,Solar,18.04,Customer,16,4.94,11,11,232672,918656,Jawa,JAKARTA UTARA,CDE LONG CHASSIS,Internal,JabodetabekJAKARTA UTARACDE LONG CHASSIS,Dalam Kota,,,,4,REGULAR,9:21:00,515120,170864
260406C017,KLS,4/6/2026,CDDLC,A8961VB,Jakarta Utara,Jabodetabek,Solar,16.01,Customer,2,13.0,13,2,245368,1073121,Jawa,JAKARTA UTARA,CDD PICK UP,Internal,JabodetabekJAKARTA UTARACDD PICK UP,Dalam Kota,,,,4,REGULAR,6:19:00,515120,312633
260406C019,KLS,4/6/2026,CDELC,A8503ZX,Purwakarta,Jawa Barat,Solar,14.95,Customer,7,8.0,8,3,163160,573187,Jawa,PURWAKARTA,CDE,Internal,Jawa BaratPURWAKARTACDE,Dalam Kota,,,,4,REGULAR,7:35:00,257560,152467
260406C020,KLS,4/6/2026,CDELC,A8339ZS,Bekasi,Jabodetabek,Solar,10.46,Customer,9,4.45,8,8,82628,863348,Jawa,BEKASI,CDE PICKUP,Internal,JabodetabekBEKASICDE PICKUP,Dalam Kota,,,,4,REGULAR,7:05:00,515120,265600
260406C021,KLS,4/6/2026,MVB,A8553VB,Jakarta Timur,Jabodetabek,Pertalite,12.3,Customer,7,5.0,5,6,168000,814520,Jawa,JAKARTA TIMUR,MINI VAN BOX,Internal,JabodetabekJAKARTA TIMURMINI VAN BOX,Dalam Kota,,,,4,REGULAR,7:57:00,515120,131400
260406C022,KLS,4/6/2026,MVB,A8373VC,Jakarta Timur,Jabodetabek,Pertalite,14.7,Customer,7,5.0,5,4,221500,#N/A,Jawa,JAKARTA TIMUR,MINI VAN BOX,Internal,JabodetabekJAKARTA TIMURMINI VAN BOX,Dalam Kota,,,,4,REGULAR,8:40:00,515120,#N/A
260406C023,KLS,4/6/2026,MVB,A8017VC,Jakarta Utara,Jabodetabek,Pertalite,13.67,Customer,4,5.0,5,4,189700,732960,Jawa,JAKARTA UTARA,MINI VAN BOX,Internal,JabodetabekJAKARTA UTARAMINI VAN BOX,Dalam Kota,,,,4,REGULAR,7:42:00,257560,285700
260406C260,KLS,4/6/2026,MVB,A8304VC,Bekasi,Jabodetabek,Pertalite,5.9,Customer,9,5.0,5,3,59900,#N/A,Jawa,BEKASI,MINI VAN BOX,Internal,JabodetabekBEKASIMINI VAN BOX,Dalam Kota,,,,4,REGULAR,5:11:00,257560,#N/A
260406C261,KLS,4/6/2026,MVB,B9320SCE,Karawang Selatan,Jabodetabek,Pertalite,10.03,Customer,10,5.0,5,4,170800,514500,Jawa,KARAWANG SELATAN,MINI VAN BOX,Internal,JabodetabekKARAWANG SELATANMINI VAN BOX,Dalam Kota,,,,4,REGULAR,3:23:00,257560,86140
260406H069,KLS,4/6/2026,CDELC,A8432ZS,Jakarta Barat,Jabodetabek,Solar,13.74,HUB,29,11.0,11,1,151432,666042,Jawa,JAKARTA BARAT,CDE LONG CHASSIS,Internal,JabodetabekJAKARTA BARATCDE LONG CHASSIS,Dalam Kota,,,,4,REGULAR,7:23:00,257560,257050
260406L026,KLS,4/6/2026,CDDLC,A8288YX,Cirebon,Jawa Barat,Solar,47.03,Store,54,16.0,16,1,792500,1239027,Jawa,CIREBON,CDD LONG CHASSIS,Internal,Jawa BaratCIREBONCDD LONG CHASSIS,Luar Kota,,,,4,REGULAR,12:57:00,257560,188967
260406C321,KLS,4/6/2026,PICKUP,A8721ZV,Jakarta Barat,Jabodetabek,Pertalite,11.35,Customer,2,3.0,3,1,164500,527893,Jawa,JAKARTA BARAT,PICK UP,Internal,JabodetabekJAKARTA BARATPICK UP,Dalam Kota,,,,4,REGULAR,5:16:00,257560,105833
260406S005,KLS,4/6/2026,CDELC,A8020VC,Jakarta Utara,Jabodetabek,Solar,11.76,Customer via Hub,44,11.0,11,2,127468,413168,Jawa,JAKARTA UTARA,CDE LONG CHASSIS,Internal,JabodetabekJAKARTA UTARACDE LONG CHASSIS,Dalam Kota,,,,4,REGULAR,7:00:00,,285700
260406S009,KLS,4/6/2026,MVB,A8437ZH,Tangerang,Jabodetabek,Pertalite,11.79,Customer via Hub,8,5.0,5,2,161400,272000,Jawa,TANGERANG,MINI VAN BOX,Internal,JabodetabekTANGERANGMINI VAN BOX,Dalam Kota,,,,4,REGULAR,8:18:00,,110600
260406S013,KLS,4/6/2026,MVB,A8537ZF,Tangerang,Jabodetabek,Pertalite,10,Customer via Hub,6,5.0,5,5,100000,210600,Jawa,TANGERANG,MINI VAN BOX,Internal,JabodetabekTANGERANGMINI VAN BOX,Dalam Kota,,,,4,REGULAR,7:03:00,,110600
260406S011,KLS,4/6/2026,CDELC,A8717VB,Cilegon,Banten,Solar,31.64,Customer via Hub,12,2.83,11,5,421152,706852,Jawa,CILEGON,CDE LONG CHASSIS,Internal,BantenCILEGONCDE LONG CHASSIS,Dalam Kota,,,,4,REGULAR,8:12:00,,285700
260406S008,KLS,4/6/2026,CDELC,A8721VB,Tangerang,Jabodetabek,Solar,16.01,Customer via Hub,10,11.0,11,2,155368,441068,Jawa,TANGERANG,CDE LONG CHASSIS,Internal,JabodetabekTANGERANGCDE LONG CHASSIS,Dalam Kota,,,,4,REGULAR,8:05:00,,285700
260406S007,KLS,4/6/2026,CDELC,A8757VB,Tangerang,Jabodetabek,Solar,17.65,Customer via Hub,9,3.37,11,2,176520,462220,Jawa,TANGERANG,CDE LONG CHASSIS,Internal,JabodetabekTANGERANGCDE LONG CHASSIS,Dalam Kota,,,,4,REGULAR,9:30:00,,285700
260406S006,KLS,4/6/2026,CDELC,A8759VB,Tangerang,Jabodetabek,Solar,18.07,Customer via Hub,8,11.0,11,1,167877,453577,Jawa,TANGERANG,CDE LONG CHASSIS,Internal,JabodetabekTANGERANGCDE LONG CHASSIS,Dalam Kota,,,,4,REGULAR,6:54:00,,285700
260406S001,KLS,4/6/2026,CDELC,A8910VB,Jakarta Pusat,Jabodetabek,Solar,7223.11,Customer via Hub,7,11.0,11,3,94508,380208,Jawa,JAKARTA PUSAT,CDE LONG CHASSIS,Internal,JabodetabekJAKARTA PUSATCDE LONG CHASSIS,Dalam Kota,,,,4,REGULAR,7:11:00,,285700
260406S002,KLS,4/6/2026,CDELC,A8912VB,Jakarta Selatan,Jabodetabek,Solar,7.72,Customer via Hub,4,11.0,11,1,97000,362293,Jawa,JAKARTA SELATAN,CDE LONG CHASSIS,Internal,JabodetabekJAKARTA SELATANCDE LONG CHASSIS,Dalam Kota,,,,4,REGULAR,5:50:00,,265293
260406S003,KLS,4/6/2026,MVB,B9641SCE,Jakarta Selatan,Jabodetabek,Pertalite,8.2,Customer via Hub,5,5.0,5,2,82000,174767,Jawa,JAKARTA SELATAN,MINI VAN BOX,Internal,JabodetabekJAKARTA SELATANMINI VAN BOX,Dalam Kota,,,,4,REGULAR,7:37:00,,92767
260407C304,KLS,4/7/2026,CDDLC,A8486ZH,Jakarta Pusat,Jabodetabek,,,Customer,1,13.0,16,1,,523560,Jawa,JAKARTA PUSAT,CDD LONG CHASSIS,Internal,JabodetabekJAKARTA PUSATCDD LONG CHASSIS,Dalam Kota,,,,4,REGULAR,-1106871:14:00,257560,266000
260407C027,KLS,4/7/2026,MVB,A8983VB,Bekasi,Jabodetabek,Pertalite,12.11,Customer,10,4.57,5,8,146100,792620,Jawa,BEKASI,MINI VAN BOX,Internal,JabodetabekBEKASIMINI VAN BOX,Dalam Kota,,,,4,REGULAR,8:20:00,515120,131400
260407C028,KLS,4/7/2026,CDDLC,A8961VB,Jakarta Timur,Jabodetabek,Solar,15.13,Customer,5,5.51,13,3,194884,1022637,Jawa,JAKARTA TIMUR,CDD PICK UP,Internal,JabodetabekJAKARTA TIMURCDD PICK UP,Dalam Kota,,,,4,REGULAR,6:00:00,515120,312633
260407C029,KLS,4/7/2026,MVB,B9642SCE,Bogor,Jabodetabek,Pertalite,17.45,Customer,9,5.0,5,6,325500,675827,Jawa,BOGOR,MINI VAN BOX,Internal,JabodetabekBOGORMINI VAN BOX,Dalam Kota,,,,4,REGULAR,10:40:00,257560,92767
260407C030,KLS,4/7/2026,CDELC,A8503ZX,Bekasi,Jabodetabek,Solar,10.81,Customer,15,8.0,8,11,73508,741095,Jawa,BEKASI,CDE,Internal,JabodetabekBEKASICDE,Dalam Kota,,,,4,REGULAR,6:36:00,515120,152467
260407C031,KLS,4/7/2026,CDDLC,A8908XY,Bekasi,Jabodetabek,Dexlite,0.86,Customer,13,16.0,16,5,58684,742524,Jawa,BEKASI,CDD LONG CHASSIS,Internal,JabodetabekBEKASICDD LONG CHASSIS,Dalam Kota,,,,4,REGULAR,6:12:00,515120,168720
260407C032,KLS,4/7/2026,MVB,A8876ZX,Bekasi,Jabodetabek,Pertalite,7.12,Customer,4,5.0,5,4,83200,660396,Jawa,BEKASI,MINI VAN BOX,Internal,JabodetabekBEKASIMINI VAN BOX,Dalam Kota,,,,4,REGULAR,6:32:00,515120,62076
260407C033,KLS,4/7/2026,CDELC,A8159ZC,Depok,Jabodetabek,Solar,17.13,Customer,11,3.28,11,6,204484,902471,Jawa,DEPOK,CDE LONG CHASSIS,Internal,JabodetabekDEPOKCDE LONG CHASSIS,Dalam Kota,,,,4,REGULAR,6:41:00,515120,182867
260407H002,KLS,4/7/2026,WINGBOX,B9068BEN,Jakarta Barat,Jabodetabek,Solar,29.18,HUB,85,17.58,42,4,280424,623416,Jawa,JAKARTA BARAT,WINGBOX,Internal,JabodetabekJAKARTA BARATWINGBOX,Dalam Kota,,,,4,REGULAR,8:18:00,257560,85432
260407C034,KLS,4/7/2026,MVB,A8553VB,Jakarta Timur,Jabodetabek,Pertalite,11.57,Customer,5,2.15,5,5,145700,792220,Jawa,JAKARTA TIMUR,MINI VAN BOX,Internal,JabodetabekJAKARTA TIMURMINI VAN BOX,Dalam Kota,,,,4,REGULAR,11:42:00,515120,131400
260407C036,KLS,4/7/2026,MVB,A8017VC,Jakarta Utara,Jabodetabek,Pertalite,12.28,Customer,7,5.0,5,7,200800,1001620,Jawa,JAKARTA UTARA,MINI VAN BOX,Internal,JabodetabekJAKARTA UTARAMINI VAN BOX,Dalam Kota,,,,4,REGULAR,8:02:00,515120,285700
260407C037,KLS,4/7/2026,CDELC,A8505VC,Karawang Selatan,Jabodetabek,Solar,13.39,Customer,11,11.0,11,8,107552,#N/A,Jawa,KARAWANG SELATAN,CDE LONG CHASSIS,Internal,JabodetabekKARAWANG SELATANCDE LONG CHASSIS,Dalam Kota,,,,4,REGULAR,8:02:00,257560,#N/A
260407C038,KLS,4/7/2026,CDELC,A8048ZX,Karawang Selatan,Jabodetabek,Solar,16.15,Customer,18,2.75,11,7,200320,867907,Jawa,KARAWANG SELATAN,CDE LONG CHASSIS,Internal,JabodetabekKARAWANG SELATANCDE LONG CHASSIS,Dalam Kota,,,,4,REGULAR,7:30:00,515120,152467
260407C039,KLS,4/7/2026,CDELC,A8339ZS,Jakarta Utara,Jabodetabek,Solar,12.2,Customer,1,3.8,8,1,170960,694120,Jawa,JAKARTA UTARA,CDE PICKUP,Internal,JabodetabekJAKARTA UTARACDE PICKUP,Dalam Kota,,,,4,REGULAR,6:35:00,257560,265600
260407C040,KLS,4/7/2026,MVB,B9320SCE,Subang,Jawa Barat,Pertalite,17.54,Customer,9,5.0,5,4,362400,963660,Jawa,SUBANG,MINI VAN BOX,Internal,Jawa BaratSUBANGMINI VAN BOX,DALAM KOTA,,,,4,REGULAR,153:56:00,515120,86140
260407C046,KLS,4/7/2026,CDELC,A8476VC,Karawang Selatan,Jabodetabek,Solar,14.11,Customer,8,2.6,11,3,149948,#N/A,Jawa,KARAWANG SELATAN,CDE LONG CHASSIS,Internal,JabodetabekKARAWANG SELATANCDE LONG CHASSIS,Dalam Kota,,,,4,REGULAR,6:28:00,515120,#N/A
260407C249,KLS,4/7/2026,MVB,A8504ZX,Purwakarta,Jawa Barat,Pertalite,15.2,Customer,6,5.0,5,6,214000,545660,Jawa,PURWAKARTA,MINI VAN BOX,Internal,Jawa BaratPURWAKARTAMINI VAN BOX,Dalam Kota,,,,4,REGULAR,9:03:00,257560,74100
260407C251,KLS,4/7/2026,PICKUP,A8721ZV,Bekasi,Jabodetabek,Pertalite,5.37,Customer,5,3.0,3,3,53700,417093,Jawa,BEKASI,PICK UP,Internal,JabodetabekBEKASIPICK UP,Dalam Kota,,,,4,REGULAR,4:25:00,257560,105833
260407C252,KLS,4/7/2026,MVB,A8304VC,Karawang Selatan,Jabodetabek,Pertalite,8.37,Customer,21,5.0,5,6,116700,#N/A,Jawa,KARAWANG SELATAN,MINI VAN BOX,Internal,JabodetabekKARAWANG SELATANMINI VAN BOX,Dalam Kota,,,,4,REGULAR,5:28:00,257560,#N/A
260407C269,KLS,4/7/2026,MVB,A8373VC,Jakarta Timur,Jabodetabek,Pertalite,12.44,Customer,7,5.0,5,7,205400,#N/A,Jawa,JAKARTA TIMUR,MINI VAN BOX,Internal,JabodetabekJAKARTA TIMURMINI VAN BOX,Dalam Kota,,,,4,REGULAR,8:14:00,515120,#N/A
260407C271,KLS,4/7/2026,CDELC,B9899BXA...,Jakarta Barat,Jabodetabek,,,Customer,33,9.04,11,2,,257560,Jawa,JAKARTA BARAT,CDE LONG CHASSIS,Internal,JabodetabekJAKARTA BARATCDE LONG CHASSIS,Dalam Kota,,,,4,REGULAR,-1106871:18:00,257560,0
260407L008,KLS,4/7/2026,CDELC,A8432ZS,Majalengka,Jawa Barat,Solar,28.2,Store,1,10.38,11,1,569760,1341930,Jawa,MAJALENGKA,CDE LONG CHASSIS,Internal,Jawa BaratMAJALENGKACDE LONG CHASSIS,Luar Kota,,,,4,REGULAR,9:00:00,515120,257050
260407L009,KLS,4/7/2026,CDDLC,A8486VC,Bandung,Jawa Barat,,,Store,24,16.0,16,1,807500,#N/A,Jawa,BANDUNG,CDD LONG CHASSIS,Internal,Jawa BaratBANDUNGCDD LONG CHASSIS,Luar Kota,,,,4,REGULAR,8:47:00,257560,#N/A
260407C283,KLS,4/7/2026,CDELC,B9044BRO,Jakarta Utara,Jabodetabek,Solar,18.27,Customer,4,11.0,11,3,205736,891720,Jawa,JAKARTA UTARA,CDE LONG CHASSIS,Internal,JabodetabekJAKARTA UTARACDE LONG CHASSIS,Dalam Kota,,,,4,REGULAR,9:21:00,515120,170864
260407C292,KLS,4/7/2026,CDELC,A8098ZH,Jakarta Barat,Jabodetabek,Solar,18.87,Customer,1,11.0,11,1,245316,724043,Jawa,JAKARTA BARAT,CDE LONG CHASSIS,Internal,JabodetabekJAKARTA BARATCDE LONG CHASSIS,Dalam Kota,,,,4,REGULAR,10:24:00,257560,221167
260407S004,KLS,4/7/2026,MVB,A8437ZH,Jakarta Utara,Jabodetabek,Pertalite,6.74,Customer via Hub,4,5.0,5,2,67400,178000,Jawa,JAKARTA UTARA,MINI VAN BOX,Internal,JabodetabekJAKARTA UTARAMINI VAN BOX,Dalam Kota,,,,4,REGULAR,6:29:00,,110600
260407S003,KLS,4/7/2026,CDELC,A8481ZH,Jakarta Barat,Jabodetabek,Solar,8.82,Customer via Hub,23,11.0,11,2,109500,330667,Jawa,JAKARTA BARAT,CDE LONG CHASSIS,Internal,JabodetabekJAKARTA BARATCDE LONG CHASSIS,Dalam Kota,,,,4,REGULAR,7:45:00,,221167
260407S005,KLS,4/7/2026,MVB,A8537ZF,Tangerang,Jabodetabek,Pertalite,11.85,Customer via Hub,4,2.18,5,3,118500,229100,Jawa,TANGERANG,MINI VAN BOX,Internal,JabodetabekTANGERANGMINI VAN BOX,Dalam Kota,,,,4,REGULAR,7:15:00,,110600
260407S008,KLS,4/7/2026,CDELC,A8717VB,Cilegon,Banten,Solar,32.36,Customer via Hub,19,4.0,11,3,355548,641248,Jawa,CILEGON,CDE LONG CHASSIS,Internal,BantenCILEGONCDE LONG CHASSIS,Dalam Kota,,,,4,REGULAR,10:02:00,,285700
260407S007,KLS,4/7/2026,CDELC,A8721VB,Serang,Banten,Solar,6888.92,Customer via Hub,6,11.0,11,2,135056,420756,Jawa,SERANG,CDE LONG CHASSIS,Internal,BantenSERANGCDE LONG CHASSIS,Dalam Kota,,,,4,REGULAR,10:09:00,,285700
260407S001,KLS,4/7/2026,CDELC,A8757VB,Jakarta Pusat,Jabodetabek,Solar,13.19,Customer via Hub,14,4.36,11,3,128192,413892,Jawa,JAKARTA PUSAT,CDE LONG CHASSIS,Internal,JabodetabekJAKARTA PUSATCDE LONG CHASSIS,Dalam Kota,,,,4,REGULAR,7:54:00,,285700
260407S002,KLS,4/7/2026,CDELC,A8801XZ,Jakarta Selatan,Jabodetabek,Solar,16.66,Customer via Hub,1,2.2,8,1,166288,317021,Jawa,JAKARTA SELATAN,CDE PICK UP,Internal,JabodetabekJAKARTA SELATANCDE PICK UP,Dalam Kota,,,,4,REGULAR,6:57:00,,150733
260407S006,KLS,4/7/2026,CDELC,A8912VB,Tangerang,Jabodetabek,Solar,13.99,Customer via Hub,10,11.0,11,2,138632,403925,Jawa,TANGERANG,CDE LONG CHASSIS,Internal,JabodetabekTANGERANGCDE LONG CHASSIS,Dalam Kota,,,,4,REGULAR,7:25:00,,265293
260408C004,KLS,4/8/2026,MVB,A8304VC,Depok,Jabodetabek,Pertalite,13.62,Customer,10,5.0,5,6,246700,#N/A,Jawa,DEPOK,MINI VAN BOX,Internal,JabodetabekDEPOKMINI VAN BOX,Dalam Kota,,,,4,REGULAR,6:47:00,257560,#N/A
260408C005,KLS,4/8/2026,CDELC,B9044BRO,Bekasi,Jabodetabek,Solar,10.99,Customer,20,2.22,11,12,121732,807716,Jawa,BEKASI,CDE LONG CHASSIS,Internal,JabodetabekBEKASICDE LONG CHASSIS,Dalam Kota,,,,4,REGULAR,7:08:00,515120,170864
260408C006,KLS,4/8/2026,PICKUP,A8721ZV,Bekasi,Jabodetabek,Pertalite,10.41,Customer,16,3.0,3,6,176100,797053,Jawa,BEKASI,PICK UP,Internal,JabodetabekBEKASIPICK UP,Dalam Kota,,,,4,REGULAR,7:19:00,515120,105833
260408C008,KLS,4/8/2026,MVB,B9642SCE,Bogor,Jabodetabek,Pertalite,23.98,Customer,5,5.0,5,5,404800,755127,Jawa,BOGOR,MINI VAN BOX,Internal,JabodetabekBOGORMINI VAN BOX,Dalam Kota,,,,4,REGULAR,11:03:00,257560,92767
260408C009,KLS,4/8/2026,CDELC,A8432ZS,Bogor,Jabodetabek,Solar,22.85,Customer,12,2.21,11,8,232380,746990,Jawa,BOGOR,CDE LONG CHASSIS,Internal,JabodetabekBOGORCDE LONG CHASSIS,Dalam Kota,,,,4,REGULAR,25:54:00,257560,257050
260408C010,KLS,4/8/2026,CDELC,A8098ZH,Bekasi,Jabodetabek,Solar,9.28,Customer,8,11.0,11,4,63104,799391,Jawa,BEKASI,CDE LONG CHASSIS,Internal,JabodetabekBEKASICDE LONG CHASSIS,Dalam Kota,,,,4,REGULAR,8:18:00,515120,221167
260408C011,KLS,4/8/2026,CDDLC,A8531XA,Bekasi,Jabodetabek,Solar,9.44,Customer,16,16.0,16,8,68000,508057,Jawa,BEKASI,CDD LONG CHASSIS,Internal,JabodetabekBEKASICDD LONG CHASSIS,Dalam Kota,,,,4,REGULAR,1:03:00,257560,182497
260408C012,KLS,4/8/2026,CDELC,A8159ZC,Bekasi,Jabodetabek,Solar,11.6,Customer,17,3.96,11,11,101880,799867,Jawa,BEKASI,CDE LONG CHASSIS,Internal,JabodetabekBEKASICDE LONG CHASSIS,Dalam Kota,,,,4,REGULAR,7:25:00,515120,182867
260408H003,KLS,4/8/2026,FUSO,A8186YX,Jakarta Barat,Jabodetabek,Solar,25.28,HUB,165,21.59,34,5,253904,511464,Jawa,JAKARTA BARAT,FUSO,Internal,JabodetabekJAKARTA BARATFUSO,Dalam Kota,,,,4,REGULAR,6:45:00,257560,0
260408C013,KLS,4/8/2026,MVB,A8876ZX,Jakarta Utara,Jabodetabek,Pertalite,9.6,Customer,4,5.0,5,4,149000,468636,Jawa,JAKARTA UTARA,MINI VAN BOX,Internal,JabodetabekJAKARTA UTARAMINI VAN BOX,Dalam Kota,,,,4,REGULAR,7:34:00,257560,62076
260408C015,KLS,4/8/2026,CDELC,A8505VC,Karawang Selatan,Jabodetabek,Solar,17.79,Customer,17,11.0,11,7,153972,#N/A,Jawa,KARAWANG SELATAN,CDE LONG CHASSIS,Internal,JabodetabekKARAWANG SELATANCDE LONG CHASSIS,Dalam Kota,,,,4,REGULAR,7:40:00,515120,#N/A
260408C017,KLS,4/8/2026,CDELC,A8048ZX,Purwakarta,Jawa Barat,Solar,18.69,Customer,12,11.0,11,7,181092,591119,Jawa,PURWAKARTA,CDE LONG CHASSIS,Internal,Jawa BaratPURWAKARTACDE LONG CHASSIS,Dalam Kota,,,,4,REGULAR,10:18:00,257560,152467
260408C018,KLS,4/8/2026,CDELC,A8503ZX,Purwakarta,Jawa Barat,Solar,15.93,Customer,12,8.0,8,7,171324,581351,Jawa,PURWAKARTA,CDE,Internal,Jawa BaratPURWAKARTACDE,Dalam Kota,,,,4,REGULAR,6:59:00,257560,152467
260408C019,KLS,4/8/2026,CDDLC,A8961VB,Jakarta Utara,Jabodetabek,Solar,17.87,Customer,3,13.0,13,1,237016,807209,Jawa,JAKARTA UTARA,CDD PICK UP,Internal,JabodetabekJAKARTA UTARACDD PICK UP,Dalam Kota,,,,4,REGULAR,5:35:00,257560,312633
260408C020,KLS,4/8/2026,MVB,A8983VB,Subang,Jawa Barat,Pertalite,17.95,Customer,5,5.0,5,4,334000,722960,Jawa,SUBANG,MINI VAN BOX,Internal,Jawa BaratSUBANGMINI VAN BOX,DALAM KOTA,,,,4,REGULAR,8:50:00,257560,131400
260408C021,KLS,4/8/2026,CDELC,A8002XW,Bogor,Jabodetabek,Solar,15.35,Customer,11,2.74,11,4,157880,567907,Jawa,BOGOR,CDE LONG CHASSIS,Internal,JabodetabekBOGORCDE LONG CHASSIS,Dalam Kota,,,,4,REGULAR,7:07:00,257560,152467
260408C040,KLS,4/8/2026,CDELC,A8476VC,Karawang Selatan,Jabodetabek,Solar,16.05,Customer,4,11.0,11,4,190140,#N/A,Jawa,KARAWANG SELATAN,CDE LONG CHASSIS,Internal,JabodetabekKARAWANG SELATANCDE LONG CHASSIS,Dalam Kota,,,,4,REGULAR,7:48:00,257560,#N/A
260408C041,KLS,4/8/2026,MVB,A8017VC,Jakarta Utara,Jabodetabek,Pertalite,13.81,Customer,24,2.28,5,12,226100,769360,Jawa,JAKARTA UTARA,MINI VAN BOX,Internal,JabodetabekJAKARTA UTARAMINI VAN BOX,Dalam Kota,,,,4,REGULAR,13:45:00,257560,285700
260408C053,KLS,4/8/2026,MVB,A8504ZX,Jakarta Timur,Jabodetabek,Pertalite,9.4,Customer,7,5.0,5,6,134000,465660,Jawa,JAKARTA TIMUR,MINI VAN BOX,Internal,JabodetabekJAKARTA TIMURMINI VAN BOX,Dalam Kota,,,,4,REGULAR,7:40:00,257560,74100
260408C054,KLS,4/8/2026,MVB,A8373VC,Jakarta Timur,Jabodetabek,Pertalite,8.7,Customer,5,5.0,5,4,140500,#N/A,Jawa,JAKARTA TIMUR,MINI VAN BOX,Internal,JabodetabekJAKARTA TIMURMINI VAN BOX,Dalam Kota,,,,4,REGULAR,6:47:00,257560,#N/A
260408C184,KLS,4/8/2026,MOTOR,B5709BLU,Bekasi,Jabodetabek,Pertalite,1.2,Customer,7,0.14,0.14,7,12000,269590,Jawa,BEKASI,MOTOR BOX,Internal,JabodetabekBEKASIMOTOR BOX,Dalam Kota,,,,4,REGULAR,6:39:00,257560,30
260408C197,KLS,4/8/2026,CDDLC,A8288YX,Tangerang,Jabodetabek,Solar,26.41,Customer,5,11.39,16,4,330088,1034175,Jawa,TANGERANG,CDD LONG CHASSIS,Internal,JabodetabekTANGERANGCDD LONG CHASSIS,Dalam Kota,,,,4,REGULAR,11:52:00,515120,188967
260408C207,KLS,4/8/2026,WINGBOX,B9068BEN,Karawang Selatan,Jabodetabek,Solar,21.21,Customer,1,42.0,42,1,193228,621652,Jawa,KARAWANG SELATAN,WINGBOX,Internal,JabodetabekKARAWANG SELATANWINGBOX,Dalam Kota,,,,4,REGULAR,7:15:00,257560,170864
260408C217,KLS,4/8/2026,CDELC,A8486VC,Tangerang,Jabodetabek,Solar,22.36,Customer,2,8.0,8,1,267048,#N/A,Jawa,TANGERANG,CDE PICKUP,Internal,JabodetabekTANGERANGCDE PICKUP,Dalam Kota,,,,4,REGULAR,7:35:00,257560,#N/A
260408C218,KLS,4/8/2026,CDDLC,B9190SDB,Cilegon,Banten,Solar,45.19,Customer,13,4.91,13,2,732300,1443653,Jawa,CILEGON,CDD PICK UP,Internal,BantenCILEGONCDD PICK UP,Dalam Kota,,,,4,REGULAR,9:22:00,515120,196233
260407L021,KLS,4/8/2026,CDDLC,A8908XY,Surabaya,Jawa Timur,,,Store,29,6.62,13,1,,2735361,Jawa,SURABAYA,CDD PICK UP,Internal,Jawa TimurSURABAYACDD PICK UP,Luar Kota,,,,4,REGULAR,24:58:00,2060480,674881
260408C220,KLS,4/8/2026,MVB,B9320SCE,Karawang Selatan,Jabodetabek,Pertalite,12.28,Customer,12,5.0,5,5,193300,794560,Jawa,KARAWANG SELATAN,MINI VAN BOX,Internal,JabodetabekKARAWANG SELATANMINI VAN BOX,Dalam Kota,,,,4,REGULAR,5:53:00,515120,86140
260408C221,KLS,4/8/2026,CDELC,A8509VC,Bekasi,Jabodetabek,Solar,17.49,Customer,1,2.77,11,1,197932,455492,Jawa,BEKASI,CDE LONG CHASSIS,Internal,JabodetabekBEKASICDE LONG CHASSIS,Dalam Kota,,,,4,REGULAR,5:10:00,257560,0
260408C223,KLS,4/8/2026,CDELC,A8339ZS,Jakarta Utara,Jabodetabek,Solar,15.34,Customer,4,3.76,8,3,207312,730472,Jawa,JAKARTA UTARA,CDE PICKUP,Internal,JabodetabekJAKARTA UTARACDE PICKUP,Dalam Kota,,,,4,REGULAR,5:41:00,257560,265600
260408L007,KLS,4/8/2026,MVB,A8553VB,Sukabumi,Jawa Barat,Pertalite,21.23,Store,26,2.7,5,1,386300,775260,Jawa,SUKABUMI,MINI VAN BOX,Internal,Jawa BaratSUKABUMIMINI VAN BOX,Luar Kota,,,,4,REGULAR,8:32:00,257560,131400
260408S012,KLS,4/8/2026,CDELC,A8020VC,Jakarta Barat,Jabodetabek,Solar,11.77,Customer via Hub,12,3.69,11,4,160036,445736,Jawa,JAKARTA BARAT,CDE LONG CHASSIS,Internal,JabodetabekJAKARTA BARATCDE LONG CHASSIS,Dalam Kota,,,,4,REGULAR,8:53:00,,285700
260408S002,KLS,4/8/2026,MVB,A8437ZH,Serang,Banten,Pertalite,10158.33,Customer via Hub,20,5.0,5,4,186900,297500,Jawa,SERANG,MINI VAN BOX,Internal,BantenSERANGMINI VAN BOX,Dalam Kota,,,,4,REGULAR,7:41:00,,110600
260408S011,KLS,4/8/2026,CDELC,A8481ZH,Jakarta Utara,Jabodetabek,Solar,7.95,Customer via Hub,7,11.0,11,6,54060,275227,Jawa,JAKARTA UTARA,CDE LONG CHASSIS,Internal,JabodetabekJAKARTA UTARACDE LONG CHASSIS,Dalam Kota,,,,4,REGULAR,7:05:00,,221167
260408S006,KLS,4/8/2026,MVB,A8537ZF,Tangerang,Jabodetabek,Pertalite,11.28,Customer via Hub,10,1.65,5,7,112800,223400,Jawa,TANGERANG,MINI VAN BOX,Internal,JabodetabekTANGERANGMINI VAN BOX,Dalam Kota,,,,4,REGULAR,8:37:00,,110600
260408S001,KLS,4/8/2026,CDELC,A8717VB,Cilegon,Banten,Solar,26.48,Customer via Hub,15,11.0,11,3,309564,595264,Jawa,CILEGON,CDE LONG CHASSIS,Internal,BantenCILEGONCDE LONG CHASSIS,Dalam Kota,,,,4,REGULAR,9:09:00,,285700
260408S004,KLS,4/8/2026,CDELC,A8721VB,Tangerang,Jabodetabek,Solar,13.25,Customer via Hub,19,2.25,11,5,90100,375800,Jawa,TANGERANG,CDE LONG CHASSIS,Internal,JabodetabekTANGERANGCDE LONG CHASSIS,Dalam Kota,,,,4,REGULAR,8:57:00,,285700
260408S010,KLS,4/8/2026,CDELC,A8757VB,Jakarta Utara,Jabodetabek,Solar,9984.67,Customer via Hub,9,11.0,11,5,61608,347308,Jawa,JAKARTA UTARA,CDE LONG CHASSIS,Internal,JabodetabekJAKARTA UTARACDE LONG CHASSIS,Dalam Kota,,,,4,REGULAR,5:28:00,,285700
260408S005,KLS,4/8/2026,CDELC,A8759VB,Tangerang,Jabodetabek,,0,Customer via Hub,14,3.75,11,4,58500,344200,Jawa,TANGERANG,CDE LONG CHASSIS,Internal,JabodetabekTANGERANGCDE LONG CHASSIS,Dalam Kota,,,,4,REGULAR,7:41:00,,285700
260408S003,KLS,4/8/2026,CDELC,A8801XZ,Tangerang,Jabodetabek,Solar,8.23,Customer via Hub,15,1.79,8,5,78962,229695,Jawa,TANGERANG,CDE PICK UP,Internal,JabodetabekTANGERANGCDE PICK UP,Dalam Kota,,,,4,REGULAR,6:56:00,,150733
260408S009,KLS,4/8/2026,CDELC,A8910VB,Jakarta Pusat,Jabodetabek,,,Customer via Hub,17,11.0,11,5,,285700,Jawa,JAKARTA PUSAT,CDE LONG CHASSIS,Internal,JabodetabekJAKARTA PUSATCDE LONG CHASSIS,Dalam Kota,,,,4,REGULAR,8:23:00,,285700
260408S008,KLS,4/8/2026,CDELC,A8912VB,Jakarta Selatan,Jabodetabek,Solar,11.76,Customer via Hub,15,11.0,11,8,108000,373293,Jawa,JAKARTA SELATAN,CDE LONG CHASSIS,Internal,JabodetabekJAKARTA SELATANCDE LONG CHASSIS,Dalam Kota,,,,4,REGULAR,7:36:00,,265293
260408S007,KLS,4/8/2026,MVB,B9641SCE,Jakarta Selatan,Jabodetabek,Pertalite,6.5,Customer via Hub,8,5.0,5,6,131000,223767,Jawa,JAKARTA SELATAN,MINI VAN BOX,Internal,JabodetabekJAKARTA SELATANMINI VAN BOX,Dalam Kota,,,,4,REGULAR,5:47:00,,92767
260409C211,KLS,4/9/2026,MVB,B9320SCE,Karawang Selatan,Jabodetabek,Pertalite,9.75,Customer,4,5.0,5,2,157500,501200,Jawa,KARAWANG SELATAN,MINI VAN BOX,Internal,JabodetabekKARAWANG SELATANMINI VAN BOX,Dalam Kota,,,,4,REGULAR,5:37:00,257560,86140
260409C212,KLS,4/9/2026,CDELC,A8520VC,Bekasi,Jabodetabek,Solar,5.23,Customer,2,11.0,11,2,35564,#N/A,Jawa,BEKASI,CDE LONG CHASSIS,Internal,JabodetabekBEKASICDE LONG CHASSIS,Dalam Kota,,,,4,REGULAR,5:02:00,257560,#N/A
260409H059,KLS,4/9/2026,CDELC,A8520VC,Jakarta Barat,Jabodetabek,Solar,12.14,HUB,10,11.0,11,1,140552,#N/A,Jawa,JAKARTA BARAT,CDE LONG CHASSIS,Internal,JabodetabekJAKARTA BARATCDE LONG CHASSIS,Dalam Kota,,,,4,REGULAR,74:21:00,257560,#N/A
260409C114,KLS,4/9/2026,MOTOR,B5709BLU,Bekasi,Jabodetabek,Pertalite,1.22,Customer,8,0.14,0.14,6,12200,269790,Jawa,BEKASI,MOTOR BOX,Internal,JabodetabekBEKASIMOTOR BOX,Dalam Kota,,,,4,REGULAR,5:59:00,257560,30
260409C034,KLS,4/9/2026,CDELC,A8476VC,Karawang Selatan,Jabodetabek,Solar,16.5,Customer,10,11.0,11,6,166200,#N/A,Jawa,KARAWANG SELATAN,CDE LONG CHASSIS,Internal,JabodetabekKARAWANG SELATANCDE LONG CHASSIS,Dalam Kota,,,,4,REGULAR,7:11:00,257560,#N/A
260409C113,KLS,4/9/2026,MVB,A8504ZX,Subang,Jawa Barat,Pertalite,15.45,Customer,8,5.0,5,3,308500,640160,Jawa,SUBANG,MINI VAN BOX,Internal,Jawa BaratSUBANGMINI VAN BOX,DALAM KOTA,,,,4,REGULAR,7:30:00,257560,74100
260409C068,KLS,4/9/2026,MVB,A8017VC,Jakarta Utara,Jabodetabek,Pertalite,10.95,Customer,7,5.0,5,6,173500,716760,Jawa,JAKARTA UTARA,MINI VAN BOX,Internal,JabodetabekJAKARTA UTARAMINI VAN BOX,Dalam Kota,,,,4,REGULAR,7:49:00,257560,285700
260409C073,KLS,4/9/2026,WINGBOX,B9068BEN,Cilegon,Banten,Solar,64.11,Customer,1,42.0,42,1,819948,1248372,Jawa,CILEGON,WINGBOX,Internal,BantenCILEGONWINGBOX,Dalam Kota,,,,4,REGULAR,10:38:00,257560,170864
260409C033,KLS,4/9/2026,CDELC,A8503ZX,Jakarta Utara,Jabodetabek,Solar,14.69,Customer,29,8.0,8,7,180892,590919,Jawa,JAKARTA UTARA,CDE,Internal,JabodetabekJAKARTA UTARACDE,Dalam Kota,,,,4,REGULAR,7:37:00,257560,152467
260409C031,KLS,4/9/2026,CDELC,A8048ZX,Purwakarta,Jawa Barat,Solar,17.46,Customer,14,11.0,11,3,180728,848315,Jawa,PURWAKARTA,CDE LONG CHASSIS,Internal,Jawa BaratPURWAKARTACDE LONG CHASSIS,Dalam Kota,,,,4,REGULAR,7:31:00,515120,152467
260409C030,KLS,4/9/2026,MVB,A8373VC,Depok,Jabodetabek,Pertalite,12.67,Customer,34,5.0,5,8,253700,#N/A,Jawa,DEPOK,MINI VAN BOX,Internal,JabodetabekDEPOKMINI VAN BOX,Dalam Kota,,,,4,REGULAR,7:09:00,257560,#N/A
260409C067,KLS,4/9/2026,MVB,A8876ZX,Bekasi,Jabodetabek,Pertalite,11.21,Customer,33,5.0,5,10,190100,509736,Jawa,BEKASI,MINI VAN BOX,Internal,JabodetabekBEKASIMINI VAN BOX,Dalam Kota,,,,4,REGULAR,9:31:00,257560,62076
260409C059,KLS,4/9/2026,CDELC,A8432ZS,Bogor,Jabodetabek,Solar,22.11,Customer,4,11.0,11,4,298848,1071018,Jawa,BOGOR,CDE LONG CHASSIS,Internal,JabodetabekBOGORCDE LONG CHASSIS,Dalam Kota,,,,4,REGULAR,9:06:00,515120,257050
260409C036,KLS,4/9/2026,CDELC,A8159ZC,Bekasi,Jabodetabek,Solar,8.55,Customer,20,11.0,11,8,77140,517567,Jawa,BEKASI,CDE LONG CHASSIS,Internal,JabodetabekBEKASICDE LONG CHASSIS,Dalam Kota,,,,4,REGULAR,7:25:00,257560,182867
260409C004,KLS,4/9/2026,MVB,B9642SCE,Bogor,Jabodetabek,Pertalite,18.74,Customer,37,5.0,5,7,271400,621727,Jawa,BOGOR,MINI VAN BOX,Internal,JabodetabekBOGORMINI VAN BOX,Dalam Kota,,,,4,REGULAR,9:24:00,257560,92767
260409C032,KLS,4/9/2026,MVB,A8304VC,Bogor,Jabodetabek,Pertalite,11.57,Customer,30,2.08,5,8,215700,#N/A,Jawa,BOGOR,MINI VAN BOX,Internal,JabodetabekBOGORMINI VAN BOX,Dalam Kota,,,,4,REGULAR,6:25:00,515120,#N/A
260409C003,KLS,4/9/2026,CDELC,A8098ZH,Bekasi,Jabodetabek,Solar,17.81,Customer,24,11.0,11,10,196108,932395,Jawa,BEKASI,CDE LONG CHASSIS,Internal,JabodetabekBEKASICDE LONG CHASSIS,Dalam Kota,,,,4,REGULAR,9:12:00,515120,221167
260409C048,KLS,4/9/2026,MVB,A8553VB,Jakarta Timur,Jabodetabek,Pertalite,13.23,Customer,20,2.47,5,7,189300,578260,Jawa,JAKARTA TIMUR,MINI VAN BOX,Internal,JabodetabekJAKARTA TIMURMINI VAN BOX,Dalam Kota,,,,4,REGULAR,9:12:00,257560,131400
260409C009,KLS,4/9/2026,MVB,A8983VB,Purwakarta,Jawa Barat,Pertalite,11.68,Customer,21,2.49,5,8,176800,565760,Jawa,PURWAKARTA,MINI VAN BOX,Internal,Jawa BaratPURWAKARTAMINI VAN BOX,Dalam Kota,,,,4,REGULAR,7:31:00,257560,131400
260409C005,KLS,4/9/2026,CDELC,A8339ZS,Bekasi,Jabodetabek,Solar,5.87,Customer,20,2.6,8,6,43916,567076,Jawa,BEKASI,CDE PICKUP,Internal,JabodetabekBEKASICDE PICKUP,Dalam Kota,,,,4,REGULAR,5:18:00,257560,265600
260409C121,KLS,4/9/2026,CDELC,A8505VC,Karawang Selatan,Jabodetabek,Solar,15.58,Customer,25,2.71,11,10,122444,#N/A,Jawa,KARAWANG SELATAN,CDE LONG CHASSIS,Internal,JabodetabekKARAWANG SELATANCDE LONG CHASSIS,Dalam Kota,,,,4,REGULAR,8:26:00,515120,#N/A
260409C037,KLS,4/9/2026,CDELC,B9044BRO,Bekasi,Jabodetabek,Solar,8.26,Customer,18,5.2,11,11,56168,742152,Jawa,BEKASI,CDE LONG CHASSIS,Internal,JabodetabekBEKASICDE LONG CHASSIS,Dalam Kota,,,,4,REGULAR,25:14:00,515120,170864
260409C241,KLS,4/9/2026,CDELC,A8486VC,Jakarta Utara,Jabodetabek,Solar,15.85,Customer,3,6.07,8,1,306780,#N/A,Jawa,JAKARTA UTARA,CDE PICKUP,Internal,JabodetabekJAKARTA UTARACDE PICKUP,Dalam Kota,,,,4,REGULAR,6:46:00,257560,#N/A
260409C069,KLS,4/9/2026,CDELC,A8002XW,Jakarta Timur,Jabodetabek,Solar,14.25,Customer,25,6.65,11,6,175900,843487,Jawa,JAKARTA TIMUR,CDE LONG CHASSIS,Internal,JabodetabekJAKARTA TIMURCDE LONG CHASSIS,Dalam Kota,,,,4,REGULAR,7:51:00,515120,152467
260409L009,KLS,4/9/2026,CDDLC,A8288YX,Bandung,Jawa Barat,,,Store,80,7.99,16,1,813000,1259527,Jawa,BANDUNG,CDD LONG CHASSIS,Internal,Jawa BaratBANDUNGCDD LONG CHASSIS,Luar Kota,,,,4,REGULAR,10:52:00,257560,188967
260409C117,KLS,4/9/2026,CDELC,A8509VC,Jakarta Barat,Jabodetabek,Solar,19.66,Customer,52,8.75,11,2,227188,484748,Jawa,JAKARTA BARAT,CDE LONG CHASSIS,Internal,JabodetabekJAKARTA BARATCDE LONG CHASSIS,Dalam Kota,,,,4,REGULAR,7:22:00,257560,0
260409C213,KLS,4/9/2026,CDDLC,B9190SDB,Tangerang,Jabodetabek,Solar,32.64,Customer,3,12.38,13,2,503452,1214805,Jawa,TANGERANG,CDD PICK UP,Internal,JabodetabekTANGERANGCDD PICK UP,Dalam Kota,,,,4,REGULAR,9:31:00,515120,196233
260409C194,KLS,4/9/2026,CDDLC,A8531XA,Karawang Selatan,Jabodetabek,Solar,16.32,Customer,1,12.52,16,1,192000,632057,Jawa,KARAWANG SELATAN,CDD LONG CHASSIS,Internal,JabodetabekKARAWANG SELATANCDD LONG CHASSIS,Dalam Kota,,,,4,REGULAR,7:49:00,257560,182497
260409H003,KLS,4/9/2026,WINGBOX,B9070BEN,Jakarta Barat,Jabodetabek,Solar,29.73,HUB,347,29.12,42,4,263664,606656,Jawa,JAKARTA BARAT,WINGBOX,Internal,JabodetabekJAKARTA BARATWINGBOX,Dalam Kota,,,,4,REGULAR,5:25:00,257560,85432
260409C010,KLS,4/9/2026,CDDLC,A8961VB,Jakarta Utara,Jabodetabek,Solar,14.02,Customer,3,13.0,13,3,248336,818529,Jawa,JAKARTA UTARA,CDD PICK UP,Internal,JabodetabekJAKARTA UTARACDD PICK UP,Dalam Kota,,,,4,REGULAR,6:13:00,257560,312633
260409S005,KLS,4/9/2026,CDELC,A8020VC,Jakarta Utara,Jabodetabek,Solar,14.21,Customer via Hub,24,2.23,11,7,96630,382330,Jawa,JAKARTA UTARA,CDE LONG CHASSIS,Internal,JabodetabekJAKARTA UTARACDE LONG CHASSIS,Dalam Kota,,,,4,REGULAR,8:07:00,,285700
260409S010,KLS,4/9/2026,MVB,A8437ZH,Tangerang,Jabodetabek,Pertalite,10790,Customer via Hub,12,5.0,5,4,169900,280500,Jawa,TANGERANG,MINI VAN BOX,Internal,JabodetabekTANGERANGMINI VAN BOX,Dalam Kota,,,,4,REGULAR,8:07:00,,110600
260409S004,KLS,4/9/2026,CDELC,A8481ZH,Jakarta Barat,Jabodetabek,Solar,11.47,Customer via Hub,48,3.48,11,7,187000,408167,Jawa,JAKARTA BARAT,CDE LONG CHASSIS,Internal,JabodetabekJAKARTA BARATCDE LONG CHASSIS,Dalam Kota,,,,4,REGULAR,10:13:00,,221167
260409S007,KLS,4/9/2026,MVB,A8537ZF,Tangerang,Jabodetabek,Pertalite,12.47,Customer via Hub,36,2.61,5,10,193200,303800,Jawa,TANGERANG,MINI VAN BOX,Internal,JabodetabekTANGERANGMINI VAN BOX,Dalam Kota,,,,4,REGULAR,9:47:00,,110600
260409S012,KLS,4/9/2026,CDELC,A8717VB,Cilegon,Banten,Solar,37.5,Customer via Hub,25,11.0,11,5,255000,540700,Jawa,CILEGON,CDE LONG CHASSIS,Internal,BantenCILEGONCDE LONG CHASSIS,Dalam Kota,,,,4,REGULAR,11:09:00,,285700
260409S002,KLS,4/9/2026,CDELC,A8721VB,Jakarta Selatan,Jabodetabek,Solar,12.79,Customer via Hub,39,11.0,11,9,120000,405700,Jawa,JAKARTA SELATAN,CDE LONG CHASSIS,Internal,JabodetabekJAKARTA SELATANCDE LONG CHASSIS,Dalam Kota,,,,4,REGULAR,8:50:00,,285700
260409S008,KLS,4/9/2026,CDELC,A8757VB,Tangerang,Jabodetabek,Solar,19.11,Customer via Hub,21,11.0,11,5,129948,415648,Jawa,TANGERANG,CDE LONG CHASSIS,Internal,JabodetabekTANGERANGCDE LONG CHASSIS,Dalam Kota,,,,4,REGULAR,8:54:00,,285700
260409S001,KLS,4/9/2026,CDELC,A8759VB,Jakarta Pusat,Jabodetabek,Solar,20.91,Customer via Hub,47,2.27,11,9,242688,528388,Jawa,JAKARTA PUSAT,CDE LONG CHASSIS,Internal,JabodetabekJAKARTA PUSATCDE LONG CHASSIS,Dalam Kota,,,,4,REGULAR,12:01:00,,285700
260409S011,KLS,4/9/2026,CDELC,A8801XZ,Serang,Banten,Solar,19.16,Customer via Hub,16,5.43,7,4,216780,367513,Jawa,SERANG,CDE PICK UP,Internal,BantenSERANGCDE PICK UP,Dalam Kota,,,,4,REGULAR,8:22:00,,150733
260409S006,KLS,4/9/2026,CDELC,A8910VB,Tangerang,Jabodetabek,Solar,7072,Customer via Hub,44,6.16,11,7,165008,450708,Jawa,TANGERANG,CDE LONG CHASSIS,Internal,JabodetabekTANGERANGCDE LONG CHASSIS,Dalam Kota,,,,4,REGULAR,9:04:00,,285700
260409S009,KLS,4/9/2026,CDELC,A8912VB,Tangerang,Jabodetabek,Solar,13.25,Customer via Hub,31,3.11,11,7,137100,402393,Jawa,TANGERANG,CDE LONG CHASSIS,Internal,JabodetabekTANGERANGCDE LONG CHASSIS,Dalam Kota,,,,4,REGULAR,9:54:00,,265293
260409S003,KLS,4/9/2026,MVB,B9641SCE,Jakarta Selatan,Jabodetabek,Pertalite,8.7,Customer via Hub,24,5.0,5,5,173000,265767,Jawa,JAKARTA SELATAN,MINI VAN BOX,Internal,JabodetabekJAKARTA SELATANMINI VAN BOX,Dalam Kota,,,,4,REGULAR,7:08:00,,92767
260410C084,KLS,4/10/2026,CDELC,B9044BRO,Jakarta Utara,Jabodetabek,Solar,12.64,Customer,2,11.0,11,2,202952,631376,Jawa,JAKARTA UTARA,CDE LONG CHASSIS,Internal,JabodetabekJAKARTA UTARACDE LONG CHASSIS,Dalam Kota,,,,4,REGULAR,25:33:00,257560,170864
260410C276,KLS,4/10/2026,MVB,A8553VB,Karawang Selatan,Jabodetabek,Pertalite,6.44,Customer,1,5.0,5,1,97400,486360,Jawa,KARAWANG SELATAN,MINI VAN BOX,Internal,JabodetabekKARAWANG SELATANMINI VAN BOX,Dalam Kota,,,,4,REGULAR,2:10:00,257560,131400
260410X046,KLS,4/10/2026,FUSO,A8146YX,Tangerang,Jabodetabek,Solar,30.02,Other Delivery,1,34.0,34,1,373136,630696,Jawa,TANGERANG,FUSO,Internal,JabodetabekTANGERANGFUSO,Dalam Kota,,,,4,REGULAR,8:42:00,257560,0
260410C086,KLS,4/10/2026,MVB,A8304VC,Karawang Selatan,Jabodetabek,Pertalite,9.93,Customer,9,5.0,5,7,115800,#N/A,Jawa,KARAWANG SELATAN,MINI VAN BOX,Internal,JabodetabekKARAWANG SELATANMINI VAN BOX,Dalam Kota,,,,4,REGULAR,8:00:00,257560,#N/A
260410C265,KLS,4/10/2026,CDELC,A8509VC,Jakarta Utara,Jabodetabek,Solar,10.8,Customer,1,11.0,11,1,155940,413500,Jawa,JAKARTA UTARA,CDE LONG CHASSIS,Internal,JabodetabekJAKARTA UTARACDE LONG CHASSIS,Dalam Kota,,,,4,REGULAR,0:46:00,257560,0
260410C087,KLS,4/10/2026,MVB,A8876ZX,Purwakarta,Jawa Barat,Pertalite,9.64,Customer,14,5.0,5,4,150400,470036,Jawa,PURWAKARTA,MINI VAN BOX,Internal,Jawa BaratPURWAKARTAMINI VAN BOX,Dalam Kota,,,,4,REGULAR,7:18:00,257560,62076
260410C151,KLS,4/10/2026,MOTOR,B5709BLU,Bekasi,Jabodetabek,Pertalite,2.69,Customer,13,0.14,0.14,11,29900,287490,Jawa,BEKASI,MOTOR BOX,Internal,JabodetabekBEKASIMOTOR BOX,Dalam Kota,,,,4,REGULAR,8:20:00,257560,30
260410C064,KLS,4/10/2026,MVB,A8373VC,Jakarta Timur,Jabodetabek,Pertalite,12.94,Customer,9,5.0,5,6,170400,#N/A,Jawa,JAKARTA TIMUR,MINI VAN BOX,Internal,JabodetabekJAKARTA TIMURMINI VAN BOX,Dalam Kota,,,,4,REGULAR,7:58:00,257560,#N/A
260410C083,KLS,4/10/2026,MVB,B9642SCE,Bogor,Jabodetabek,Pertalite,20.47,Customer,8,5.0,5,5,267200,617527,Jawa,BOGOR,MINI VAN BOX,Internal,JabodetabekBOGORMINI VAN BOX,Dalam Kota,,,,4,REGULAR,7:39:00,257560,92767
260410C248,KLS,4/10/2026,MVB,B9320SCE,Karawang Selatan,Jabodetabek,Pertalite,11.18,Customer,21,5.0,5,6,172300,516000,Jawa,KARAWANG SELATAN,MINI VAN BOX,Internal,JabodetabekKARAWANG SELATANMINI VAN BOX,Dalam Kota,,,,4,REGULAR,6:28:00,257560,86140
260410C025,KLS,4/10/2026,CDELC,A8503ZX,Jakarta Timur,Jabodetabek,Solar,14.61,Customer,9,8.0,8,9,154348,821935,Jawa,JAKARTA TIMUR,CDE,Internal,JabodetabekJAKARTA TIMURCDE,Dalam Kota,,,,4,REGULAR,8:09:00,515120,152467
260410C018,KLS,4/10/2026,CDELC,A8505VC,Jakarta Utara,Jabodetabek,Solar,21.76,Customer,7,11.0,11,6,334468,#N/A,Jawa,JAKARTA UTARA,CDE LONG CHASSIS,Internal,JabodetabekJAKARTA UTARACDE LONG CHASSIS,Dalam Kota,,,,4,REGULAR,11:00:00,257560,#N/A
260410C022,KLS,4/10/2026,CDELC,A8476VC,Karawang Selatan,Jabodetabek,Solar,13.49,Customer,15,11.0,11,9,145732,#N/A,Jawa,KARAWANG SELATAN,CDE LONG CHASSIS,Internal,JabodetabekKARAWANG SELATANCDE LONG CHASSIS,Dalam Kota,,,,4,REGULAR,7:22:00,515120,#N/A
260410C027,KLS,4/10/2026,MVB,A8017VC,Jakarta Utara,Jabodetabek,Pertalite,13.58,Customer,10,5.0,5,4,206800,1007620,Jawa,JAKARTA UTARA,MINI VAN BOX,Internal,JabodetabekJAKARTA UTARAMINI VAN BOX,Dalam Kota,,,,4,REGULAR,25:27:00,515120,285700
260410C020,KLS,4/10/2026,CDELC,A8048ZX,Bekasi,Jabodetabek,Solar,12.59,Customer,16,11.0,11,12,85612,753199,Jawa,BEKASI,CDE LONG CHASSIS,Internal,JabodetabekBEKASICDE LONG CHASSIS,Dalam Kota,,,,4,REGULAR,8:10:00,515120,152467
260410C250,KLS,4/10/2026,CDDLC,A8961VB,Jakarta Utara,Jabodetabek,Solar,16.98,Customer,6,13.0,13,4,315464,885657,Jawa,JAKARTA UTARA,CDD PICK UP,Internal,JabodetabekJAKARTA UTARACDD PICK UP,Dalam Kota,,,,4,REGULAR,6:02:00,257560,312633
260410C063,KLS,4/10/2026,CDDLC,B9190SDB,Jakarta Utara,Jabodetabek,Solar,15.89,Customer,11,13.0,13,4,252052,963405,Jawa,JAKARTA UTARA,CDD PICK UP,Internal,JabodetabekJAKARTA UTARACDD PICK UP,Dalam Kota,,,,4,REGULAR,10:12:00,515120,196233
260410C031,KLS,4/10/2026,CDELC,A8432ZS,Bogor,Jabodetabek,Solar,17.78,Customer,16,3.34,11,5,199404,971574,Jawa,BOGOR,CDE LONG CHASSIS,Internal,JabodetabekBOGORCDE LONG CHASSIS,Dalam Kota,,,,4,REGULAR,7:27:00,515120,257050
260410C032,KLS,4/10/2026,CDELC,A8098ZH,Purwakarta,Jawa Barat,Solar,17.08,Customer,23,3.58,11,5,221144,699871,Jawa,PURWAKARTA,CDE LONG CHASSIS,Internal,Jawa BaratPURWAKARTACDE LONG CHASSIS,Dalam Kota,,,,4,REGULAR,9:46:00,257560,221167
260410C204,KLS,4/10/2026,MVB,A8504ZX,Subang,Jawa Barat,Pertalite,25.04,Customer,14,4.22,5,3,455400,787060,Jawa,SUBANG,MINI VAN BOX,Internal,Jawa BaratSUBANGMINI VAN BOX,DALAM KOTA,,,,4,REGULAR,15:13:00,257560,74100
260410C024,KLS,4/10/2026,CDELC,A8159ZC,Bekasi,Jabodetabek,Solar,13.37,Customer,16,4.33,11,9,119916,817903,Jawa,BEKASI,CDE LONG CHASSIS,Internal,JabodetabekBEKASICDE LONG CHASSIS,Dalam Kota,,,,4,REGULAR,9:04:00,515120,182867
260410C019,KLS,4/10/2026,CDELC,A8520VC,Bekasi,Jabodetabek,Solar,8.49,Customer,21,4.48,11,13,71732,#N/A,Jawa,BEKASI,CDE LONG CHASSIS,Internal,JabodetabekBEKASICDE LONG CHASSIS,Dalam Kota,,,,4,REGULAR,7:50:00,515120,#N/A
260410C026,KLS,4/10/2026,MVB,A8983VB,Bekasi,Jabodetabek,Pertalite,10.8,Customer,15,4.67,5,12,194500,841020,Jawa,BEKASI,MINI VAN BOX,Internal,JabodetabekBEKASIMINI VAN BOX,Dalam Kota,,,,4,REGULAR,7:51:00,515120,131400
260410C030,KLS,4/10/2026,PICKUP,A8721ZV,Depok,Jabodetabek,Pertalite,13.9,Customer,12,3.0,3,7,240500,861453,Jawa,DEPOK,PICK UP,Internal,JabodetabekDEPOKPICK UP,Dalam Kota,,,,4,REGULAR,8:17:00,515120,105833
260410C093,KLS,4/10/2026,CDELC,A8486VC,Cilegon,Banten,Solar,36.51,Customer,2,6.42,8,2,664768,#N/A,Jawa,CILEGON,CDE PICKUP,Internal,BantenCILEGONCDE PICKUP,Dalam Kota,,,,4,REGULAR,15:01:00,515120,#N/A
260410C033,KLS,4/10/2026,CDDLC,A8531XA,Bekasi,Jabodetabek,Solar,16.57,Customer,18,6.52,16,12,155500,853117,Jawa,BEKASI,CDD LONG CHASSIS,Internal,JabodetabekBEKASICDD LONG CHASSIS,Dalam Kota,,,,4,REGULAR,7:03:00,515120,182497
260410C225,KLS,4/10/2026,CDELC,A8339ZS,Tangerang,Jabodetabek,Solar,20.62,Customer,2,6.61,8,2,270216,1050936,Jawa,TANGERANG,CDE PICKUP,Internal,JabodetabekTANGERANGCDE PICKUP,Dalam Kota,,,,4,REGULAR,9:10:00,515120,265600
260410H005,KLS,4/10/2026,WINGBOX,B9068BEN,Jakarta Barat,Jabodetabek,Solar,30.07,HUB,157,23.74,42,2,282476,625468,Jawa,JAKARTA BARAT,WINGBOX,Internal,JabodetabekJAKARTA BARATWINGBOX,Dalam Kota,,,,4,REGULAR,6:38:00,257560,85432
260410C263,KLS,4/10/2026,WINGBOX,B9068BEN,Jakarta Utara,Jabodetabek,Solar,20.56,Customer,2,27.16,42,1,287808,630800,Jawa,JAKARTA UTARA,WINGBOX,Internal,JabodetabekJAKARTA UTARAWINGBOX,Dalam Kota,,,,4,REGULAR,7:28:00,257560,85432
260410S004,KLS,4/10/2026,CDELC,A8020VC,Jakarta Barat,Jabodetabek,Solar,11.02,Customer via Hub,27,4.77,11,8,152436,438136,Jawa,JAKARTA BARAT,CDE LONG CHASSIS,Internal,JabodetabekJAKARTA BARATCDE LONG CHASSIS,Dalam Kota,,,,4,REGULAR,9:19:00,,285700
260410S010,KLS,4/10/2026,MVB,A8437ZH,Tangerang,Jabodetabek,Pertalite,10318.18,Customer via Hub,10,5.0,5,5,196500,307100,Jawa,TANGERANG,MINI VAN BOX,Internal,JabodetabekTANGERANGMINI VAN BOX,Dalam Kota,,,,4,REGULAR,8:50:00,,110600
260410S005,KLS,4/10/2026,CDELC,A8481ZH,Jakarta Utara,Jabodetabek,Solar,8.55,Customer via Hub,10,11.0,11,6,58140,279307,Jawa,JAKARTA UTARA,CDE LONG CHASSIS,Internal,JabodetabekJAKARTA UTARACDE LONG CHASSIS,Dalam Kota,,,,4,REGULAR,8:30:00,,221167
260410S007,KLS,4/10/2026,MVB,A8537ZF,Tangerang,Jabodetabek,,,Customer via Hub,10,5.0,5,7,,110600,Jawa,TANGERANG,MINI VAN BOX,Internal,JabodetabekTANGERANGMINI VAN BOX,Dalam Kota,,,,4,REGULAR,7:50:00,,110600
260410S012,KLS,4/10/2026,CDELC,A8717VB,Cilegon,Banten,Solar,23.53,Customer via Hub,16,2.57,11,6,291504,577204,Jawa,CILEGON,CDE LONG CHASSIS,Internal,BantenCILEGONCDE LONG CHASSIS,Dalam Kota,,,,4,REGULAR,7:42:00,,285700
260410S009,KLS,4/10/2026,CDELC,A8721VB,Tangerang,Jabodetabek,Solar,11.77,Customer via Hub,18,2.41,11,3,128036,413736,Jawa,TANGERANG,CDE LONG CHASSIS,Internal,JabodetabekTANGERANGCDE LONG CHASSIS,Dalam Kota,,,,4,REGULAR,9:21:00,,285700
260410S008,KLS,4/10/2026,CDELC,A8757VB,Serang,Banten,,,Customer via Hub,8,11.0,11,4,,285700,Jawa,SERANG,CDE LONG CHASSIS,Internal,BantenSERANGCDE LONG CHASSIS,Dalam Kota,,,,4,REGULAR,10:42:00,,285700
260410S006,KLS,4/10/2026,CDELC,A8759VB,Tangerang,Jabodetabek,Solar,15.09,Customer via Hub,11,2.75,11,7,168118,453818,Jawa,TANGERANG,CDE LONG CHASSIS,Internal,JabodetabekTANGERANGCDE LONG CHASSIS,Dalam Kota,,,,4,REGULAR,12:15:00,,285700
260410S011,KLS,4/10/2026,CDELC,A8801XZ,Serang,Banten,Solar,34.56,Customer via Hub,12,7.0,7,2,422500,573233,Jawa,SERANG,CDE PICK UP,Internal,BantenSERANGCDE PICK UP,Dalam Kota,,,,4,REGULAR,12:23:00,,150733
260410S001,KLS,4/10/2026,CDELC,A8910VB,Jakarta Pusat,Jabodetabek,Solar,13.98,Customer via Hub,12,11.0,11,7,151564,437264,Jawa,JAKARTA PUSAT,CDE LONG CHASSIS,Internal,JabodetabekJAKARTA PUSATCDE LONG CHASSIS,Dalam Kota,,,,4,REGULAR,7:57:00,,285700
260410S003,KLS,4/10/2026,CDELC,A8912VB,Jakarta Selatan,Jabodetabek,Solar,22.5,Customer via Hub,9,11.0,11,8,170135,435428,Jawa,JAKARTA SELATAN,CDE LONG CHASSIS,Internal,JabodetabekJAKARTA SELATANCDE LONG CHASSIS,Dalam Kota,,,,4,REGULAR,9:20:00,,265293
260410S002,KLS,4/10/2026,MVB,B9641SCE,Jakarta Selatan,Jabodetabek,Pertalite,8.85,Customer via Hub,11,5.0,5,8,150000,242767,Jawa,JAKARTA SELATAN,MINI VAN BOX,Internal,JabodetabekJAKARTA SELATANMINI VAN BOX,Dalam Kota,,,,4,REGULAR,8:28:00,,92767
260411C019,KLS,4/11/2026,MVB,A8373VC,Bogor,Jabodetabek,Pertalite,15.42,Customer,8,5.0,5,5,218700,#N/A,Jawa,BOGOR,MINI VAN BOX,Internal,JabodetabekBOGORMINI VAN BOX,Dalam Kota,,,,4,REGULAR,6:55:00,257560,#N/A
260411C020,KLS,4/11/2026,MVB,A8983VB,Bogor,Jabodetabek,Pertalite,10.18,Customer,8,5.0,5,5,198800,587760,Jawa,BOGOR,MINI VAN BOX,Internal,JabodetabekBOGORMINI VAN BOX,Dalam Kota,,,,4,REGULAR,6:39:00,257560,131400
260411C022,KLS,4/11/2026,MVB,B9320SCE,Purwakarta,Jawa Barat,Pertalite,12.77,Customer,13,5.0,5,3,195700,539400,Jawa,PURWAKARTA,MINI VAN BOX,Internal,Jawa BaratPURWAKARTAMINI VAN BOX,Dalam Kota,,,,4,REGULAR,6:12:00,257560,86140
260411C018,KLS,4/11/2026,MVB,A8017VC,Jakarta Timur,Jabodetabek,Pertalite,11.26,Customer,6,5.0,5,5,163600,964420,Jawa,JAKARTA TIMUR,MINI VAN BOX,Internal,JabodetabekJAKARTA TIMURMINI VAN BOX,Dalam Kota,,,,4,REGULAR,6:28:00,515120,285700
260411X041,KLS,4/11/2026,CDELC,A8505VC,Karawang Selatan,Jabodetabek,Solar,9.49,Other Delivery,1,11.0,11,1,64532,#N/A,Jawa,KARAWANG SELATAN,CDE LONG CHASSIS,Internal,JabodetabekKARAWANG SELATANCDE LONG CHASSIS,Dalam Kota,,,,4,REGULAR,2:22:00,257560,#N/A
260411C021,KLS,4/11/2026,MVB,A8553VB,Jakarta Utara,Jabodetabek,Pertalite,11.18,Customer,11,5.0,5,4,170800,817320,Jawa,JAKARTA UTARA,MINI VAN BOX,Internal,JabodetabekJAKARTA UTARAMINI VAN BOX,Dalam Kota,,,,4,REGULAR,6:30:00,515120,131400
260411C016,KLS,4/11/2026,MVB,A8304VC,Bekasi,Jabodetabek,Pertalite,9.61,Customer,17,5.0,5,4,136100,#N/A,Jawa,BEKASI,MINI VAN BOX,Internal,JabodetabekBEKASIMINI VAN BOX,Dalam Kota,,,,4,REGULAR,6:31:00,515120,#N/A
260411C048,KLS,4/11/2026,MVB,B9642SCE,Bekasi,Jabodetabek,Pertalite,7.3,Customer,20,5.0,5,6,90000,440327,Jawa,BEKASI,MINI VAN BOX,Internal,JabodetabekBEKASIMINI VAN BOX,Dalam Kota,,,,4,REGULAR,4:52:00,257560,92767
260411C023,KLS,4/11/2026,CDELC,A8520VC,Depok,Jabodetabek,Solar,19.18,Customer,12,11.0,11,5,240924,#N/A,Jawa,DEPOK,CDE LONG CHASSIS,Internal,JabodetabekDEPOKCDE LONG CHASSIS,Dalam Kota,,,,4,REGULAR,6:48:00,515120,#N/A
260411C207,KLS,4/11/2026,CDELC,A8098ZH,Jakarta Timur,Jabodetabek,Solar,14.53,Customer,3,3.42,11,2,156804,635531,Jawa,JAKARTA TIMUR,CDE LONG CHASSIS,Internal,JabodetabekJAKARTA TIMURCDE LONG CHASSIS,Dalam Kota,,,,4,REGULAR,6:28:00,257560,221167
260411C199,KLS,4/11/2026,CDDLC,A8961VB,Tangerang,Jabodetabek,Solar,34.43,Customer,1,4.32,13,1,357124,1184877,Jawa,TANGERANG,CDD PICK UP,Internal,JabodetabekTANGERANGCDD PICK UP,Dalam Kota,,,,4,REGULAR,10:49:00,515120,312633
260411H019,KLS,4/11/2026,CDDLC,A8531XA,Jakarta Barat,Jabodetabek,Solar,22.05,HUB,91,4.7,16,2,232000,672057,Jawa,JAKARTA BARAT,CDD LONG CHASSIS,Internal,JabodetabekJAKARTA BARATCDD LONG CHASSIS,Dalam Kota,,,,4,REGULAR,9:27:00,257560,182497
260411C209,KLS,4/11/2026,WINGBOX,B9068BEN,Jakarta Utara,Jabodetabek,Solar,29.37,Customer,3,42.0,42,1,355716,784140,Jawa,JAKARTA UTARA,WINGBOX,Internal,JabodetabekJAKARTA UTARAWINGBOX,Dalam Kota,,,,4,REGULAR,7:25:00,257560,170864
260411C183,KLS,4/11/2026,CDELC,A8486VC,Tangerang,Jabodetabek,Solar,20.8,Customer,1,8.0,8,1,259940,#N/A,Jawa,TANGERANG,CDE PICKUP,Internal,JabodetabekTANGERANGCDE PICKUP,Dalam Kota,,,,4,REGULAR,6:21:00,257560,#N/A
260411C194,KLS,4/11/2026,CDELC,A8339ZS,Jakarta Utara,Jabodetabek,Solar,5.63,Customer,8,8.0,8,2,58284,839004,Jawa,JAKARTA UTARA,CDE PICKUP,Internal,JabodetabekJAKARTA UTARACDE PICKUP,Dalam Kota,,,,4,REGULAR,5:35:00,515120,265600
260411L004,KLS,4/11/2026,CDDLC,A8288YX,Bandung,Jawa Barat,Solar,28.78,Store,85,16.0,16,1,807500,1254027,Jawa,BANDUNG,CDD LONG CHASSIS,Internal,Jawa BaratBANDUNGCDD LONG CHASSIS,Luar Kota,,,,4,REGULAR,10:38:00,257560,188967
260411S005,KLS,4/11/2026,MVB,A8437ZH,Jakarta Pusat,Jabodetabek,Pertalite,7.39,Customer via Hub,29,5.0,5,9,120900,231500,Jawa,JAKARTA PUSAT,MINI VAN BOX,Internal,JabodetabekJAKARTA PUSATMINI VAN BOX,Dalam Kota,,,,4,REGULAR,6:27:00,,110600
260411S004,KLS,4/11/2026,CDELC,A8481ZH,Jakarta Selatan,Jabodetabek,Solar,10.29,Customer via Hub,10,11.0,11,8,128000,349167,Jawa,JAKARTA SELATAN,CDE LONG CHASSIS,Internal,JabodetabekJAKARTA SELATANCDE LONG CHASSIS,Dalam Kota,,,,4,REGULAR,6:59:00,,221167
260411S001,KLS,4/11/2026,MVB,A8537ZF,Jakarta Barat,Jabodetabek,Pertalite,9.85,Customer via Hub,9,5.0,5,6,159000,269600,Jawa,JAKARTA BARAT,MINI VAN BOX,Internal,JabodetabekJAKARTA BARATMINI VAN BOX,Dalam Kota,,,,4,REGULAR,8:24:00,,110600
260411S002,KLS,4/11/2026,CDELC,A8717VB,Cilegon,Banten,Solar,28.1,Customer via Hub,17,11.0,11,4,328080,613780,Jawa,CILEGON,CDE LONG CHASSIS,Internal,BantenCILEGONCDE LONG CHASSIS,Dalam Kota,,,,4,REGULAR,8:36:00,,285700
260411S003,KLS,4/11/2026,CDELC,A8721VB,Tangerang,Jabodetabek,Solar,11.03,Customer via Hub,20,11.0,11,8,112504,398204,Jawa,TANGERANG,CDE LONG CHASSIS,Internal,JabodetabekTANGERANGCDE LONG CHASSIS,Dalam Kota,,,,4,REGULAR,7:02:00,,285700
260413C320,KLS,4/13/2026,MVB,A8373VC,Karawang Selatan,Jabodetabek,Pertalite,5.41,Customer,1,5.0,5,1,87100,#N/A,Jawa,KARAWANG SELATAN,MINI VAN BOX,Internal,JabodetabekKARAWANG SELATANMINI VAN BOX,Dalam Kota,,,,4,NON REGULAR,2:18:00,257560,#N/A
260413C265,KLS,4/13/2026,MVB,B9642SCE,Karawang Selatan,Jabodetabek,Pertalite,9.8,Customer,2,5.0,5,2,141500,491827,Jawa,KARAWANG SELATAN,MINI VAN BOX,Internal,JabodetabekKARAWANG SELATANMINI VAN BOX,Dalam Kota,,,,4,REGULAR,5:58:00,257560,92767
260413C306,KLS,4/13/2026,MVB,A8553VB,Bekasi,Jabodetabek,Pertalite,6.33,Customer,5,5.0,5,2,65300,454260,Jawa,BEKASI,MINI VAN BOX,Internal,JabodetabekBEKASIMINI VAN BOX,Dalam Kota,,,,4,REGULAR,4:55:00,257560,131400
260413C007,KLS,4/13/2026,PICKUP,A8721ZV,Bogor,Jabodetabek,Pertalite,16.07,Customer,6,3.0,3,3,341700,705093,Jawa,BOGOR,PICK UP,Internal,JabodetabekBOGORPICK UP,Dalam Kota,,,,4,REGULAR,7:53:00,257560,105833
260413C009,KLS,4/13/2026,MVB,A8983VB,Bekasi,Jabodetabek,Pertalite,10.39,Customer,7,5.0,5,6,103900,750420,Jawa,BEKASI,MINI VAN BOX,Internal,JabodetabekBEKASIMINI VAN BOX,Dalam Kota,,,,4,REGULAR,9:57:00,515120,131400
260413C003,KLS,4/13/2026,MVB,A8373VC,Jakarta Timur,Jabodetabek,Pertalite,13.62,Customer,10,5.0,5,7,203700,#N/A,Jawa,JAKARTA TIMUR,MINI VAN BOX,Internal,JabodetabekJAKARTA TIMURMINI VAN BOX,Dalam Kota,,,,4,REGULAR,7:27:00,515120,#N/A
260413C006,KLS,4/13/2026,MVB,A8504ZX,Bogor,Jabodetabek,Pertalite,11.53,Customer,9,5.0,5,5,188300,777520,Jawa,BOGOR,MINI VAN BOX,Internal,JabodetabekBOGORMINI VAN BOX,Dalam Kota,,,,4,REGULAR,8:05:00,515120,74100
260413C045,KLS,4/13/2026,MVB,A8304VC,Depok,Jabodetabek,Pertalite,16.39,Customer,17,5.0,5,11,278900,#N/A,Jawa,DEPOK,MINI VAN BOX,Internal,JabodetabekDEPOKMINI VAN BOX,Dalam Kota,,,,4,REGULAR,7:38:00,515120,#N/A
260413C011,KLS,4/13/2026,CDELC,A8159ZC,Bekasi,Jabodetabek,Solar,11.02,Customer,21,11.0,11,5,96936,794923,Jawa,BEKASI,CDE LONG CHASSIS,Internal,JabodetabekBEKASICDE LONG CHASSIS,Dalam Kota,,,,4,REGULAR,6:37:00,515120,182867
260413C004,KLS,4/13/2026,MVB,A8876ZX,Bekasi,Jabodetabek,Pertalite,8.77,Customer,10,5.0,5,9,135200,454836,Jawa,BEKASI,MINI VAN BOX,Internal,JabodetabekBEKASIMINI VAN BOX,Dalam Kota,,,,4,REGULAR,6:41:00,257560,62076
260413C014,KLS,4/13/2026,CDELC,A8339ZS,Jakarta Timur,Jabodetabek,Solar,11.85,Customer,9,8.0,8,8,140580,921300,Jawa,JAKARTA TIMUR,CDE PICKUP,Internal,JabodetabekJAKARTA TIMURCDE PICKUP,Dalam Kota,,,,4,REGULAR,7:56:00,515120,265600
260413C016,KLS,4/13/2026,MVB,A8017VC,Jakarta Utara,Jabodetabek,Pertalite,125.2,Customer,11,5.0,5,8,208200,1009020,Jawa,JAKARTA UTARA,MINI VAN BOX,Internal,JabodetabekJAKARTA UTARAMINI VAN BOX,Dalam Kota,,,,4,REGULAR,7:23:00,515120,285700
260413C008,KLS,4/13/2026,MVB,B9320SCE,Bogor,Jabodetabek,Pertalite,18.14,Customer,17,5.0,5,7,246400,590100,Jawa,BOGOR,MINI VAN BOX,Internal,JabodetabekBOGORMINI VAN BOX,Dalam Kota,,,,4,REGULAR,8:59:00,257560,86140
260413C047,KLS,4/13/2026,MOTOR,B5709BLU,Bekasi,Jabodetabek,Pertalite,1.82,Customer,7,0.14,0.14,6,18200,275790,Jawa,BEKASI,MOTOR BOX,Internal,JabodetabekBEKASIMOTOR BOX,Dalam Kota,,,,4,REGULAR,8:25:00,257560,30
260413C019,KLS,4/13/2026,CDELC,A8098ZH,Purwakarta,Jawa Barat,Solar,18.54,Customer,17,2.33,11,7,214572,693299,Jawa,PURWAKARTA,CDE LONG CHASSIS,Internal,Jawa BaratPURWAKARTACDE LONG CHASSIS,Dalam Kota,,,,4,REGULAR,8:44:00,257560,221167
260413C018,KLS,4/13/2026,CDELC,A8476VC,Karawang Selatan,Jabodetabek,Solar,16.76,Customer,16,2.94,11,8,167968,#N/A,Jawa,KARAWANG SELATAN,CDE LONG CHASSIS,Internal,JabodetabekKARAWANG SELATANCDE LONG CHASSIS,Dalam Kota,,,,4,REGULAR,7:48:00,515120,#N/A
260413C005,KLS,4/13/2026,CDELC,A8503ZX,Bekasi,Jabodetabek,Solar,16.42,Customer,11,2.96,8,8,151156,818743,Jawa,BEKASI,CDE,Internal,JabodetabekBEKASICDE,Dalam Kota,,,,4,REGULAR,8:04:00,515120,152467
260413C002,KLS,4/13/2026,CDELC,A8002XW,Bekasi,Jabodetabek,Solar,7.58,Customer,13,3.1,11,9,51544,642897,Jawa,BEKASI,CDE LONG CHASSIS,Internal,JabodetabekBEKASICDE LONG CHASSIS,Dalam Kota,,,,4,REGULAR,7:13:00,515120,76233
260413C043,KLS,4/13/2026,CDELC,A8048ZX,Purwakarta,Jawa Barat,Solar,35.4,Customer,15,3.25,11,4,513220,1180807,Jawa,PURWAKARTA,CDE LONG CHASSIS,Internal,Jawa BaratPURWAKARTACDE LONG CHASSIS,Dalam Kota,,,,4,REGULAR,11:39:00,515120,152467
260413C250,KLS,4/13/2026,CDDLC,B9190SDB,Jakarta Utara,Jabodetabek,Solar,18.82,Customer,2,3.27,13,1,274976,728769,Jawa,JAKARTA UTARA,CDD PICK UP,Internal,JabodetabekJAKARTA UTARACDD PICK UP,Dalam Kota,,,,4,REGULAR,6:36:00,257560,196233
260413C055,KLS,4/13/2026,CDELC,A8432ZS,Jakarta Barat,Jabodetabek,Solar,16.01,Customer,4,3.8,11,1,164868,679478,Jawa,JAKARTA BARAT,CDE LONG CHASSIS,Internal,JabodetabekJAKARTA BARATCDE LONG CHASSIS,Dalam Kota,,,,4,REGULAR,6:48:00,257560,257050
260413C017,KLS,4/13/2026,CDELC,A8505VC,Karawang Selatan,Jabodetabek,Solar,15.19,Customer,19,4.08,11,6,125792,#N/A,Jawa,KARAWANG SELATAN,CDE LONG CHASSIS,Internal,JabodetabekKARAWANG SELATANCDE LONG CHASSIS,Dalam Kota,,,,4,REGULAR,7:46:00,515120,#N/A
260413L005,KLS,4/13/2026,CDDLC,A8288YX,Cirebon,Jawa Barat,,,Store,13,4.12,16,1,793500,1240027,Jawa,CIREBON,CDD LONG CHASSIS,Internal,Jawa BaratCIREBONCDD LONG CHASSIS,Luar Kota,,,,4,REGULAR,14:31:00,257560,188967
260413C256,KLS,4/13/2026,CDDLC,A8961VB,Jakarta Utara,Jabodetabek,Solar,15.23,Customer,4,5.98,13,1,236564,1064317,Jawa,JAKARTA UTARA,CDD PICK UP,Internal,JabodetabekJAKARTA UTARACDD PICK UP,Dalam Kota,,,,4,REGULAR,6:21:00,515120,312633
260413C015,KLS,4/13/2026,CDELC,B9044BRO,Jakarta Utara,Jabodetabek,Solar,13.05,Customer,6,6.31,11,3,156740,842724,Jawa,JAKARTA UTARA,CDE LONG CHASSIS,Internal,JabodetabekJAKARTA UTARACDE LONG CHASSIS,Dalam Kota,,,,4,REGULAR,7:17:00,515120,170864
260413C046,KLS,4/13/2026,CDELC,A8520VC,Tangerang,Jabodetabek,Solar,16.38,Customer,1,8.59,11,1,184884,#N/A,Jawa,TANGERANG,CDE LONG CHASSIS,Internal,JabodetabekTANGERANGCDE LONG CHASSIS,Dalam Kota,,,,4,REGULAR,7:29:00,515120,#N/A
260413H004,KLS,4/13/2026,WINGBOX,B9068BEN,Jakarta Barat,Jabodetabek,Solar,37.3,HUB,171,12.45,42,2,335640,764064,Jawa,JAKARTA BARAT,WINGBOX,Internal,JabodetabekJAKARTA BARATWINGBOX,Dalam Kota,,,,4,REGULAR,7:10:00,257560,170864
260413C020,KLS,4/13/2026,CDELC,A8486VC,Jakarta Utara,Jabodetabek,Solar,12.6,Customer,2,8.0,8,1,218680,#N/A,Jawa,JAKARTA UTARA,CDE PICKUP,Internal,JabodetabekJAKARTA UTARACDE PICKUP,Dalam Kota,,,,4,REGULAR,6:20:00,257560,#N/A
260413C048,KLS,4/13/2026,CDDLC,A8908XY,Bogor,Jabodetabek,Solar,16.63,Customer,3,16.0,16,1,238084,921924,Jawa,BOGOR,CDD LONG CHASSIS,Internal,JabodetabekBOGORCDD LONG CHASSIS,Dalam Kota,,,,4,REGULAR,7:22:00,515120,168720
260413S006,KLS,4/13/2026,CDELC,A8020VC,Jakarta Utara,Jabodetabek,Solar,10.01,Customer via Hub,8,11.0,11,6,68068,353768,Jawa,JAKARTA UTARA,CDE LONG CHASSIS,Internal,JabodetabekJAKARTA UTARACDE LONG CHASSIS,Dalam Kota,,,,4,REGULAR,6:21:00,,285700
260413S011,KLS,4/13/2026,MVB,A8437ZH,Tangerang,Jabodetabek,Pertalite,12.29,Customer via Hub,8,5.0,5,2,178400,289000,Jawa,TANGERANG,MINI VAN BOX,Internal,JabodetabekTANGERANGMINI VAN BOX,Dalam Kota,,,,4,REGULAR,10:04:00,,110600
260413S005,KLS,4/13/2026,CDELC,A8481ZH,Jakarta Barat,Jabodetabek,Solar,11.03,Customer via Hub,19,11.0,11,6,141000,362167,Jawa,JAKARTA BARAT,CDE LONG CHASSIS,Internal,JabodetabekJAKARTA BARATCDE LONG CHASSIS,Dalam Kota,,,,4,REGULAR,9:36:00,,221167
260413S008,KLS,4/13/2026,MVB,A8537ZF,Tangerang,Jabodetabek,Pertalite,8.51,Customer via Hub,11,5.0,5,8,85100,195700,Jawa,TANGERANG,MINI VAN BOX,Internal,JabodetabekTANGERANGMINI VAN BOX,Dalam Kota,,,,4,REGULAR,7:21:00,,110600
260413S012,KLS,4/13/2026,MVB,A8542XB,Serang,Banten,Pertalite,28.5,Customer via Hub,7,5.0,5,3,446000,446000,Jawa,SERANG,MINI VAN BOX,Internal,BantenSERANGMINI VAN BOX,Dalam Kota,,,,4,REGULAR,12:42:00,,0
260413S001,KLS,4/13/2026,CDELC,A8717VB,Cilegon,Banten,Solar,32.36,Customer via Hub,9,11.0,11,5,351548,637248,Jawa,CILEGON,CDE LONG CHASSIS,Internal,BantenCILEGONCDE LONG CHASSIS,Dalam Kota,,,,4,REGULAR,10:54:00,,285700
260413S009,KLS,4/13/2026,CDELC,A8721VB,Tangerang,Jabodetabek,Solar,16.18,Customer via Hub,16,11.0,11,6,192024,477724,Jawa,TANGERANG,CDE LONG CHASSIS,Internal,JabodetabekTANGERANGCDE LONG CHASSIS,Dalam Kota,,,,4,REGULAR,8:29:00,,285700
260413S002,KLS,4/13/2026,CDELC,A8757VB,Jakarta Pusat,Jabodetabek,Solar,13.96,Customer via Hub,14,11.0,11,6,166428,452128,Jawa,JAKARTA PUSAT,CDE LONG CHASSIS,Internal,JabodetabekJAKARTA PUSATCDE LONG CHASSIS,Dalam Kota,,,,4,REGULAR,8:50:00,,285700
260413S003,KLS,4/13/2026,CDELC,A8759VB,Jakarta Selatan,Jabodetabek,,,Customer via Hub,13,11.0,11,7,,285700,Jawa,JAKARTA SELATAN,CDE LONG CHASSIS,Internal,JabodetabekJAKARTA SELATANCDE LONG CHASSIS,Dalam Kota,,,,4,REGULAR,8:11:00,,285700
260413S007,KLS,4/13/2026,CDELC,A8801XZ,Tangerang,Jabodetabek,Solar,15.1,Customer via Hub,18,7.0,7,6,102680,253413,Jawa,TANGERANG,CDE PICK UP,Internal,JabodetabekTANGERANGCDE PICK UP,Dalam Kota,,,,4,REGULAR,8:00:00,,150733
260413S004,KLS,4/13/2026,CDELC,A8910VB,Jakarta Selatan,Jabodetabek,Solar,16.18,Customer via Hub,14,11.0,11,6,197024,482724,Jawa,JAKARTA SELATAN,CDE LONG CHASSIS,Internal,JabodetabekJAKARTA SELATANCDE LONG CHASSIS,Dalam Kota,,,,4,REGULAR,9:06:00,,285700
260413S010,KLS,4/13/2026,CDELC,A8912VB,Tangerang,Jabodetabek,,,Customer via Hub,15,2.65,11,4,37000,302293,Jawa,TANGERANG,CDE LONG CHASSIS,Internal,JabodetabekTANGERANGCDE LONG CHASSIS,Dalam Kota,,,,4,REGULAR,10:25:00,,265293
260414C278,KLS,4/14/2026,PICKUP,A8721ZV,Bekasi,Jabodetabek,Pertalite,6.17,Customer,5,3.0,3,2,65700,376177,Jawa,BEKASI,PICK UP,Internal,JabodetabekBEKASIPICK UP,Dalam Kota,,,,4,REGULAR,4:24:00,257560,52917
260414C277,KLS,4/14/2026,MVB,B9642SCE,Karawang Selatan,Jabodetabek,Pertalite,6.74,Customer,10,5.0,5,5,115900,466227,Jawa,KARAWANG SELATAN,MINI VAN BOX,Internal,JabodetabekKARAWANG SELATANMINI VAN BOX,Dalam Kota,,,,4,REGULAR,5:06:00,257560,92767
260414C017,KLS,4/14/2026,MVB,A8017VC,Jakarta Utara,Jabodetabek,Pertalite,14.89,Customer,5,5.0,5,1,227900,771160,Jawa,JAKARTA UTARA,MINI VAN BOX,Internal,JabodetabekJAKARTA UTARAMINI VAN BOX,Dalam Kota,,,,4,REGULAR,7:45:00,257560,285700
260414C019,KLS,4/14/2026,CDELC,A8476VC,Karawang Selatan,Jabodetabek,Solar,13.49,Customer,6,11.0,11,5,145732,#N/A,Jawa,KARAWANG SELATAN,CDE LONG CHASSIS,Internal,JabodetabekKARAWANG SELATANCDE LONG CHASSIS,Dalam Kota,,,,4,REGULAR,7:03:00,515120,#N/A
260414C006,KLS,4/14/2026,MVB,A8983VB,Bekasi,Jabodetabek,Pertalite,13.51,Customer,6,5.0,5,3,225100,871620,Jawa,BEKASI,MINI VAN BOX,Internal,JabodetabekBEKASIMINI VAN BOX,Dalam Kota,,,,4,REGULAR,8:16:00,515120,131400
260414C020,KLS,4/14/2026,MVB,A8504ZX,Purwakarta,Jawa Barat,Pertalite,12.57,Customer,7,5.0,5,4,179700,768920,Jawa,PURWAKARTA,MINI VAN BOX,Internal,Jawa BaratPURWAKARTAMINI VAN BOX,Dalam Kota,,,,4,REGULAR,7:20:00,515120,74100
260414C292,KLS,4/14/2026,CDELC,A8339ZS,Jakarta Utara,Jabodetabek,Solar,14.42,Customer,2,8.0,8,2,192056,715216,Jawa,JAKARTA UTARA,CDE PICKUP,Internal,JabodetabekJAKARTA UTARACDE PICKUP,Dalam Kota,,,,4,REGULAR,6:44:00,257560,265600
260414C008,KLS,4/14/2026,MVB,B9320SCE,Bogor,Jabodetabek,Pertalite,19.96,Customer,5,5.0,5,4,311100,654800,Jawa,BOGOR,MINI VAN BOX,Internal,JabodetabekBOGORMINI VAN BOX,Dalam Kota,,,,4,REGULAR,9:38:00,257560,86140
260414C022,KLS,4/14/2026,MVB,A8373VC,Subang,Jawa Barat,Pertalite,17.75,Customer,12,5.0,5,3,400000,#N/A,Jawa,SUBANG,MINI VAN BOX,Internal,Jawa BaratSUBANGMINI VAN BOX,DALAM KOTA,,,,4,REGULAR,10:45:00,515120,#N/A
260414C005,KLS,4/14/2026,MVB,A8304VC,Bekasi,Jabodetabek,Pertalite,7.77,Customer,4,5.0,5,2,96700,#N/A,Jawa,BEKASI,MINI VAN BOX,Internal,JabodetabekBEKASIMINI VAN BOX,Dalam Kota,,,,4,REGULAR,6:26:00,257560,#N/A
260414C013,KLS,4/14/2026,CDELC,A8503ZX,Depok,Jabodetabek,Solar,16.65,Customer,10,8.0,8,6,213720,881307,Jawa,DEPOK,CDE,Internal,JabodetabekDEPOKCDE,Dalam Kota,,,,4,REGULAR,8:09:00,515120,152467
260414C012,KLS,4/14/2026,MVB,A8553VB,Bekasi,Jabodetabek,Pertalite,6.85,Customer,5,5.0,5,5,78500,725020,Jawa,BEKASI,MINI VAN BOX,Internal,JabodetabekBEKASIMINI VAN BOX,Dalam Kota,,,,4,REGULAR,6:53:00,515120,131400
260414C018,KLS,4/14/2026,CDELC,A8505VC,Karawang Selatan,Jabodetabek,Solar,15.64,Customer,13,11.0,11,7,139352,#N/A,Jawa,KARAWANG SELATAN,CDE LONG CHASSIS,Internal,JabodetabekKARAWANG SELATANCDE LONG CHASSIS,Dalam Kota,,,,4,REGULAR,7:54:00,515120,#N/A
260414C009,KLS,4/14/2026,MVB,A8876ZX,Bogor,Jabodetabek,Pertalite,12.72,Customer,11,2.43,5,4,222700,799896,Jawa,BOGOR,MINI VAN BOX,Internal,JabodetabekBOGORMINI VAN BOX,Dalam Kota,,,,4,REGULAR,6:39:00,515120,62076
260414C236,KLS,4/14/2026,MOTOR,B5709BLU,Bekasi,Jabodetabek,Pertalite,1.81,Customer,8,0.14,0.14,8,21100,278690,Jawa,BEKASI,MOTOR BOX,Internal,JabodetabekBEKASIMOTOR BOX,Dalam Kota,,,,4,REGULAR,7:56:00,257560,30
260414C014,KLS,4/14/2026,CDELC,A8520VC,Jakarta Timur,Jabodetabek,Solar,13.32,Customer,7,3.09,11,5,126576,#N/A,Jawa,JAKARTA TIMUR,CDE LONG CHASSIS,Internal,JabodetabekJAKARTA TIMURCDE LONG CHASSIS,Dalam Kota,,,,4,REGULAR,6:29:00,515120,#N/A
260414C007,KLS,4/14/2026,CDELC,A8432ZS,Bogor,Jabodetabek,Solar,14.52,Customer,6,3.66,11,5,115736,887906,Jawa,BOGOR,CDE LONG CHASSIS,Internal,JabodetabekBOGORCDE LONG CHASSIS,Dalam Kota,,,,4,REGULAR,6:52:00,515120,257050
260414C010,KLS,4/14/2026,CDELC,B9044BRO,Bekasi,Jabodetabek,Solar,8.6,Customer,12,4.25,11,7,58480,744464,Jawa,BEKASI,CDE LONG CHASSIS,Internal,JabodetabekBEKASICDE LONG CHASSIS,Dalam Kota,,,,4,REGULAR,7:02:00,515120,170864
260414C021,KLS,4/14/2026,CDELC,A8048ZX,Purwakarta,Jawa Barat,Solar,14.6,Customer,32,4.65,11,3,126280,793867,Jawa,PURWAKARTA,CDE LONG CHASSIS,Internal,Jawa BaratPURWAKARTACDE LONG CHASSIS,Dalam Kota,,,,4,REGULAR,6:48:00,515120,152467
260414C271,KLS,4/14/2026,CDELC,A8098ZH,Tangerang,Jabodetabek,Solar,16.95,Customer,1,5.0,11,1,217260,695987,Jawa,TANGERANG,CDE LONG CHASSIS,Internal,JabodetabekTANGERANGCDE LONG CHASSIS,Dalam Kota,,,,4,REGULAR,9:08:00,257560,221167
260414C235,KLS,4/14/2026,CDDLC,A8961VB,Tangerang,Jabodetabek,Solar,23.31,Customer,2,5.39,13,2,363508,933701,Jawa,TANGERANG,CDD PICK UP,Internal,JabodetabekTANGERANGCDD PICK UP,Dalam Kota,,,,4,REGULAR,8:23:00,257560,312633
260414C011,KLS,4/14/2026,CDDLC,A8463ZY,Bekasi,Jabodetabek,Solar,11.92,Customer,18,5.62,16,8,81056,596176,Jawa,BEKASI,CDD LONG CHASSIS,Internal,JabodetabekBEKASICDD LONG CHASSIS,Dalam Kota,,,,4,REGULAR,7:37:00,515120,0
260414C272,KLS,4/14/2026,CDDLC,A8288YX,Tangerang,Jabodetabek,Solar,21.66,Customer,2,8.02,16,2,268288,972375,Jawa,TANGERANG,CDD LONG CHASSIS,Internal,JabodetabekTANGERANGCDD LONG CHASSIS,Dalam Kota,,,,4,REGULAR,15:37:00,515120,188967
260414C232,KLS,4/14/2026,CDDLC,B9190SDB,Tangerang,Jabodetabek,Solar,28.83,Customer,4,8.33,13,3,318044,771837,Jawa,TANGERANG,CDD PICK UP,Internal,JabodetabekTANGERANGCDD PICK UP,Dalam Kota,,,,4,REGULAR,10:44:00,257560,196233
260414C303,KLS,4/14/2026,CDELC,A8159ZC,Jakarta Barat,Jabodetabek,Solar,16.78,Customer,9,8.67,11,2,175104,615531,Jawa,JAKARTA BARAT,CDE LONG CHASSIS,Internal,JabodetabekJAKARTA BARATCDE LONG CHASSIS,Dalam Kota,,,,4,REGULAR,9:09:00,257560,182867
260414L003,KLS,4/14/2026,CDDLC,A8486VC,Bandung,Jawa Barat,Solar,31.77,Store,63,10.85,13,1,812500,#N/A,Jawa,BANDUNG,CDD PICK UP,Internal,Jawa BaratBANDUNGCDD PICK UP,Luar Kota,,,,4,REGULAR,11:42:00,257560,#N/A
260414X056,KLS,4/14/2026,WINGBOX,B9068BEN,Tangerang,Jabodetabek,,,Other Delivery,1,13.0,42,1,,342992,Jawa,TANGERANG,WINGBOX,Internal,JabodetabekTANGERANGWINGBOX,Dalam Kota,,,,4,REGULAR,-1107055:43:00,257560,85432
260414L013,KLS,4/14/2026,CDDLC,A8908XY,Semarang,Jawa Tengah,Dexlite,10.66,Store,57,16.0,16,1,2289000,4340521,Jawa,SEMARANG,CDD LONG CHASSIS,Internal,Jawa TengahSEMARANGCDD LONG CHASSIS,Luar Kota,,,,4,REGULAR,36:20:00,1545360,506161
260414H002,KLS,4/14/2026,WINGBOX,B9068BEN,Jakarta Barat,Jabodetabek,Solar,39.11,HUB,138,29.74,42,5,348000,690992,Jawa,JAKARTA BARAT,WINGBOX,Internal,JabodetabekJAKARTA BARATWINGBOX,Dalam Kota,,,,4,REGULAR,6:44:00,257560,85432
260414C024,KLS,4/14/2026,CDDLC,A8976XY,Jakarta Selatan,Jabodetabek,Solar,19.65,Customer,2,16.0,16,1,186620,890707,Jawa,JAKARTA SELATAN,CDD LONG CHASSIS,Internal,JabodetabekJAKARTA SELATANCDD LONG CHASSIS,Dalam Kota,,,,4,REGULAR,6:49:00,515120,188967
260414C023,KLS,4/14/2026,FUSO,A8313YX.,Jakarta Barat,Jabodetabek,Dexlite,3.29,Customer,1,34.0,34,1,435288,#N/A,Jawa,JAKARTA BARAT,FUSO,Internal,JabodetabekJAKARTA BARATFUSO,Dalam Kota,,,,4,REGULAR,6:42:00,515120,#N/A
260414S004,KLS,4/14/2026,CDELC,A8020VC,Jakarta Barat,Jabodetabek,Solar,12.53,Customer via Hub,11,4.64,11,2,162204,447904,Jawa,JAKARTA BARAT,CDE LONG CHASSIS,Internal,JabodetabekJAKARTA BARATCDE LONG CHASSIS,Dalam Kota,,,,4,REGULAR,9:18:00,,285700
260414S009,KLS,4/14/2026,MVB,A8437ZH,Serang,Banten,Pertalite,15.19,Customer via Hub,7,5.0,5,1,231900,342500,Jawa,SERANG,MINI VAN BOX,Internal,BantenSERANGMINI VAN BOX,Dalam Kota,,,,4,REGULAR,8:57:00,,110600
260414S008,KLS,4/14/2026,CDELC,A8481ZH,Tangerang,Jabodetabek,Solar,13.25,Customer via Hub,8,11.0,11,2,126072,347239,Jawa,TANGERANG,CDE LONG CHASSIS,Internal,JabodetabekTANGERANGCDE LONG CHASSIS,Dalam Kota,,,,4,REGULAR,8:29:00,,221167
260414S005,KLS,4/14/2026,MVB,A8537ZF,Jakarta Utara,Jabodetabek,Pertalite,7.16,Customer via Hub,19,5.0,5,4,71600,182200,Jawa,JAKARTA UTARA,MINI VAN BOX,Internal,JabodetabekJAKARTA UTARAMINI VAN BOX,Dalam Kota,,,,4,REGULAR,6:57:00,,110600
260414S002,KLS,4/14/2026,MVB,A8542XB,Jakarta Selatan,Jabodetabek,Pertalite,7.05,Customer via Hub,6,5.0,5,2,101000,101000,Jawa,JAKARTA SELATAN,MINI VAN BOX,Internal,JabodetabekJAKARTA SELATANMINI VAN BOX,Dalam Kota,,,,4,REGULAR,6:50:00,,0
260414S010,KLS,4/14/2026,CDELC,A8717VB,Cilegon,Banten,Solar,39.71,Customer via Hub,27,9.24,11,3,407028,692728,Jawa,CILEGON,CDE LONG CHASSIS,Internal,BantenCILEGONCDE LONG CHASSIS,Dalam Kota,,,,4,REGULAR,13:13:00,,285700
260414S012,KLS,4/14/2026,CDELC,A8721VB,Jakarta Barat,Jabodetabek,Solar,31.68,Customer via Hub,11,11.0,11,2,381424,667124,Jawa,JAKARTA BARAT,CDE LONG CHASSIS,Internal,JabodetabekJAKARTA BARATCDE LONG CHASSIS,Dalam Kota,,,,4,REGULAR,7:49:00,,285700
260414S007,KLS,4/14/2026,CDELC,A8757VB,Tangerang,Jabodetabek,Solar,14.59,Customer via Hub,19,5.66,11,5,155712,441412,Jawa,TANGERANG,CDE LONG CHASSIS,Internal,JabodetabekTANGERANGCDE LONG CHASSIS,Dalam Kota,,,,4,REGULAR,9:02:00,,285700
260414S006,KLS,4/14/2026,CDELC,A8759VB,Tangerang,Jabodetabek,,,Customer via Hub,9,11.0,11,4,,285700,Jawa,TANGERANG,CDE LONG CHASSIS,Internal,JabodetabekTANGERANGCDE LONG CHASSIS,Dalam Kota,,,,4,REGULAR,7:24:00,,285700
260414S001,KLS,4/14/2026,CDELC,A8910VB,Jakarta Pusat,Jabodetabek,Solar,15,Customer via Hub,11,11.0,11,3,90,285790,Jawa,JAKARTA PUSAT,CDE LONG CHASSIS,Internal,JabodetabekJAKARTA PUSATCDE LONG CHASSIS,Dalam Kota,,,,4,REGULAR,7:09:00,,285700
260414S003,KLS,4/14/2026,CDELC,A8912VB,Jakarta Selatan,Jabodetabek,Solar,11.03,Customer via Hub,6,11.0,11,4,118000,383293,Jawa,JAKARTA SELATAN,CDE LONG CHASSIS,Internal,JabodetabekJAKARTA SELATANCDE LONG CHASSIS,Dalam Kota,,,,4,REGULAR,6:36:00,,265293
260415C241,KLS,4/15/2026,CDDLC,A8288YX,Bekasi,Jabodetabek,Solar,7.19,Customer,3,16.0,16,3,48892,495419,Jawa,BEKASI,CDD LONG CHASSIS,Internal,JabodetabekBEKASICDD LONG CHASSIS,Dalam Kota,,,,4,REGULAR,3:33:00,257560,188967
260415C033,KLS,4/15/2026,MVB,A8504ZX,Karawang Selatan,Jabodetabek,Pertalite,10.54,Customer,12,5.0,5,3,138400,727620,Jawa,KARAWANG SELATAN,MINI VAN BOX,Internal,JabodetabekKARAWANG SELATANMINI VAN BOX,Dalam Kota,,,,4,REGULAR,7:58:00,515120,74100
260415C031,KLS,4/15/2026,MVB,A8017VC,Jakarta Utara,Jabodetabek,Pertalite,11.91,Customer,8,5.0,5,3,166100,966920,Jawa,JAKARTA UTARA,MINI VAN BOX,Internal,JabodetabekJAKARTA UTARAMINI VAN BOX,Dalam Kota,,,,4,REGULAR,6:56:00,515120,285700
260415C242,KLS,4/15/2026,MVB,A8553VB,Karawang Selatan,Jabodetabek,Pertalite,10.1,Customer,5,5.0,5,5,144500,533460,Jawa,KARAWANG SELATAN,MINI VAN BOX,Internal,JabodetabekKARAWANG SELATANMINI VAN BOX,Dalam Kota,,,,4,REGULAR,5:47:00,257560,131400
260415C024,KLS,4/15/2026,MVB,A8304VC,Bogor,Jabodetabek,Pertalite,15.31,Customer,8,5.0,5,6,216600,#N/A,Jawa,BOGOR,MINI VAN BOX,Internal,JabodetabekBOGORMINI VAN BOX,Dalam Kota,,,,4,REGULAR,7:40:00,257560,#N/A
260415C113,KLS,4/15/2026,CDELC,A8476VC,Karawang Selatan,Jabodetabek,Solar,15.68,Customer,7,11.0,11,4,165624,#N/A,Jawa,KARAWANG SELATAN,CDE LONG CHASSIS,Internal,JabodetabekKARAWANG SELATANCDE LONG CHASSIS,Dalam Kota,,,,4,REGULAR,7:08:00,257560,#N/A
260415C047,KLS,4/15/2026,MVB,A8373VC,Purwakarta,Jawa Barat,Pertalite,12.41,Customer,11,5.0,5,5,219100,#N/A,Jawa,PURWAKARTA,MINI VAN BOX,Internal,Jawa BaratPURWAKARTAMINI VAN BOX,Dalam Kota,,,,4,REGULAR,7:12:00,257560,#N/A
260415C022,KLS,4/15/2026,MVB,A8876ZX,Bogor,Jabodetabek,Pertalite,12.43,Customer,10,5.0,5,6,197800,517436,Jawa,BOGOR,MINI VAN BOX,Internal,JabodetabekBOGORMINI VAN BOX,Dalam Kota,,,,4,REGULAR,9:03:00,257560,62076
260415C023,KLS,4/15/2026,CDELC,A8432ZS,Bogor,Jabodetabek,Solar,16.13,Customer,8,11.0,11,3,159684,931854,Jawa,BOGOR,CDE LONG CHASSIS,Internal,JabodetabekBOGORCDE LONG CHASSIS,Dalam Kota,,,,4,REGULAR,6:58:00,515120,257050
260415C045,KLS,4/15/2026,MVB,B9642SCE,Bekasi,Jabodetabek,Pertalite,15.07,Customer,12,5.0,5,8,221200,829087,Jawa,BEKASI,MINI VAN BOX,Internal,JabodetabekBEKASIMINI VAN BOX,Dalam Kota,,,,4,REGULAR,8:32:00,515120,92767
260415C035,KLS,4/15/2026,CDELC,A8159ZC,Purwakarta,Jawa Barat,Solar,21.61,Customer,5,11.0,11,4,231948,929935,Jawa,PURWAKARTA,CDE LONG CHASSIS,Internal,Jawa BaratPURWAKARTACDE LONG CHASSIS,Dalam Kota,,,,4,REGULAR,8:54:00,515120,182867
260415C027,KLS,4/15/2026,MVB,B9320SCE,Bekasi,Jabodetabek,Pertalite,8.64,Customer,9,2.03,5,7,101400,445100,Jawa,BEKASI,MINI VAN BOX,Internal,JabodetabekBEKASIMINI VAN BOX,Dalam Kota,,,,4,REGULAR,6:52:00,257560,86140
260415C029,KLS,4/15/2026,CDELC,A8339ZS,Jakarta Timur,Jabodetabek,Solar,13.76,Customer,8,2.23,8,5,146568,927288,Jawa,JAKARTA TIMUR,CDE PICKUP,Internal,JabodetabekJAKARTA TIMURCDE PICKUP,Dalam Kota,,,,4,REGULAR,7:26:00,515120,265600
260415C025,KLS,4/15/2026,CDDLC,A8463ZY,Bekasi,Jabodetabek,Solar,11.92,Customer,8,16.0,16,7,81056,596176,Jawa,BEKASI,CDD LONG CHASSIS,Internal,JabodetabekBEKASICDD LONG CHASSIS,Dalam Kota,,,,4,REGULAR,7:01:00,515120,0
260415C026,KLS,4/15/2026,CDDLC,A8976XY,Bekasi,Jabodetabek,Solar,8.58,Customer,6,16.0,16,4,62344,766431,Jawa,BEKASI,CDD LONG CHASSIS,Internal,JabodetabekBEKASICDD LONG CHASSIS,Dalam Kota,,,,4,REGULAR,5:38:00,515120,188967
260415L008,KLS,4/15/2026,CDELC,A8505VC,Sukabumi,Jawa Barat,Solar,32.36,Store,34,3.18,11,1,374048,#N/A,Jawa,SUKABUMI,CDE LONG CHASSIS,Internal,Jawa BaratSUKABUMICDE LONG CHASSIS,Luar Kota,,,,4,REGULAR,9:11:00,257560,#N/A
260415C046,KLS,4/15/2026,CDELC,A8503ZX,Depok,Jabodetabek,Solar,16.98,Customer,7,3.65,8,7,211464,621491,Jawa,DEPOK,CDE,Internal,JabodetabekDEPOKCDE,Dalam Kota,,,,4,REGULAR,7:35:00,257560,152467
260415C021,KLS,4/15/2026,MVB,A8983VB,Bekasi,Jabodetabek,Pertalite,9.16,Customer,13,4.12,5,6,150100,796620,Jawa,BEKASI,MINI VAN BOX,Internal,JabodetabekBEKASIMINI VAN BOX,Dalam Kota,,,,4,REGULAR,7:01:00,515120,131400
260415C213,KLS,4/15/2026,MOTOR,B5709BLU,Bekasi,Jabodetabek,Pertalite,0.82,Customer,5,0.14,0.14,4,8200,265790,Jawa,BEKASI,MOTOR BOX,Internal,JabodetabekBEKASIMOTOR BOX,Dalam Kota,,,,4,REGULAR,2:22:00,257560,30
260415C036,KLS,4/15/2026,CDDLC,A8961VB,Jakarta Utara,Jabodetabek,Solar,17.71,Customer,3,5.56,13,2,303428,873621,Jawa,JAKARTA UTARA,CDD PICK UP,Internal,JabodetabekJAKARTA UTARACDD PICK UP,Dalam Kota,,,,4,REGULAR,5:04:00,257560,312633
260415C032,KLS,4/15/2026,CDELC,B9044BRO,Jakarta Utara,Jabodetabek,Solar,18.47,Customer,12,6.41,11,9,190596,876580,Jawa,JAKARTA UTARA,CDE LONG CHASSIS,Internal,JabodetabekJAKARTA UTARACDE LONG CHASSIS,Dalam Kota,,,,4,REGULAR,8:18:00,515120,170864
260415C212,KLS,4/15/2026,CDELC,A8002XW,Jakarta Barat,Jabodetabek,Solar,18.87,Customer,8,7.74,11,2,235816,645843,Jawa,JAKARTA BARAT,CDE LONG CHASSIS,Internal,JabodetabekJAKARTA BARATCDE LONG CHASSIS,Dalam Kota,,,,4,REGULAR,7:41:00,257560,152467
260415C243,KLS,4/15/2026,CDDLC,A8486VC,Tangerang,Jabodetabek,Solar,19.61,Customer,1,8.0,13,1,237848,#N/A,Jawa,TANGERANG,CDD PICK UP,Internal,JabodetabekTANGERANGCDD PICK UP,Dalam Kota,,,,4,REGULAR,5:46:00,515120,#N/A
260415C037,KLS,4/15/2026,CDELC,A8048ZX,Subang,Jawa Barat,Solar,28.03,Customer,7,10.21,11,6,377604,1045191,Jawa,SUBANG,CDE LONG CHASSIS,Internal,Jawa BaratSUBANGCDE LONG CHASSIS,DALAM KOTA,,,,4,REGULAR,8:28:00,515120,152467
260415C231,KLS,4/15/2026,CDELC,A8098ZH,Jakarta Selatan,Jabodetabek,Solar,15.16,Customer,4,10.53,11,1,175588,911875,Jawa,JAKARTA SELATAN,CDE LONG CHASSIS,Internal,JabodetabekJAKARTA SELATANCDE LONG CHASSIS,Dalam Kota,,,,4,REGULAR,7:32:00,515120,221167
260415C048,KLS,4/15/2026,CDELC,A8520VC,Jakarta Timur,Jabodetabek,Solar,15.25,Customer,6,11.0,11,5,144700,#N/A,Jawa,JAKARTA TIMUR,CDE LONG CHASSIS,Internal,JabodetabekJAKARTA TIMURCDE LONG CHASSIS,Dalam Kota,,,,4,REGULAR,7:44:00,515120,#N/A
260415H015,KLS,4/15/2026,WINGBOX,B9070BEN,Jakarta Barat,Jabodetabek,Solar,83.29,HUB,139,37.71,42,3,348500,691492,Jawa,JAKARTA BARAT,WINGBOX,Internal,JabodetabekJAKARTA BARATWINGBOX,Dalam Kota,,,,4,REGULAR,7:20:00,257560,85432
260415S005,KLS,4/15/2026,CDELC,A8020VC,Jakarta Utara,Jabodetabek,Solar,12.51,Customer via Hub,17,11.0,11,4,85068,370768,Jawa,JAKARTA UTARA,CDE LONG CHASSIS,Internal,JabodetabekJAKARTA UTARACDE LONG CHASSIS,Dalam Kota,,,,4,REGULAR,7:53:00,,285700
260415S010,KLS,4/15/2026,MVB,A8437ZH,Tangerang,Jabodetabek,Pertalite,8.04,Customer via Hub,6,5.0,5,4,152900,263500,Jawa,TANGERANG,MINI VAN BOX,Internal,JabodetabekTANGERANGMINI VAN BOX,Dalam Kota,,,,4,REGULAR,7:03:00,,110600
260415S004,KLS,4/15/2026,CDELC,A8481ZH,Jakarta Barat,Jabodetabek,Solar,10,Customer via Hub,12,11.0,11,6,130500,351667,Jawa,JAKARTA BARAT,CDE LONG CHASSIS,Internal,JabodetabekJAKARTA BARATCDE LONG CHASSIS,Dalam Kota,,,,4,REGULAR,8:17:00,,221167
260415S007,KLS,4/15/2026,MVB,A8537ZF,Tangerang,Jabodetabek,Pertalite,9.35,Customer via Hub,5,5.0,5,4,93500,204100,Jawa,TANGERANG,MINI VAN BOX,Internal,JabodetabekTANGERANGMINI VAN BOX,Dalam Kota,,,,4,REGULAR,7:19:00,,110600
260415S003,KLS,4/15/2026,MVB,A8542XB,Jakarta Selatan,Jabodetabek,Pertalite,7.5,Customer via Hub,10,5.0,5,6,116000,116000,Jawa,JAKARTA SELATAN,MINI VAN BOX,Internal,JabodetabekJAKARTA SELATANMINI VAN BOX,Dalam Kota,,,,4,REGULAR,7:29:00,,0
260415S012,KLS,4/15/2026,CDELC,A8717VB,Cilegon,Banten,Solar,40.47,Customer via Hub,13,4.68,11,5,415196,700896,Jawa,CILEGON,CDE LONG CHASSIS,Internal,BantenCILEGONCDE LONG CHASSIS,Dalam Kota,,,,4,REGULAR,23:10:00,,285700
260415S008,KLS,4/15/2026,CDELC,A8721VB,Tangerang,Jabodetabek,Solar,12.96,Customer via Hub,6,11.0,11,4,133128,418828,Jawa,TANGERANG,CDE LONG CHASSIS,Internal,JabodetabekTANGERANGCDE LONG CHASSIS,Dalam Kota,,,,4,REGULAR,9:30:00,,285700
260415S002,KLS,4/15/2026,CDELC,A8757VB,Jakarta Selatan,Jabodetabek,Solar,11.02,Customer via Hub,10,11.0,11,4,120436,406136,Jawa,JAKARTA SELATAN,CDE LONG CHASSIS,Internal,JabodetabekJAKARTA SELATANCDE LONG CHASSIS,Dalam Kota,,,,4,REGULAR,9:27:00,,285700
260415S001,KLS,4/15/2026,CDELC,A8759VB,Jakarta Pusat,Jabodetabek,,,Customer via Hub,6,2.21,11,5,,285700,Jawa,JAKARTA PUSAT,CDE LONG CHASSIS,Internal,JabodetabekJAKARTA PUSATCDE LONG CHASSIS,Dalam Kota,,,,4,REGULAR,7:44:00,,285700
260415S011,KLS,4/15/2026,CDELC,A8801XZ,Serang,Banten,Solar,14.02,Customer via Hub,9,6.23,7,2,153836,304569,Jawa,SERANG,CDE PICK UP,Internal,BantenSERANGCDE PICK UP,Dalam Kota,,,,4,REGULAR,7:02:00,,150733
260415S006,KLS,4/15/2026,CDELC,A8910VB,Tangerang,Jabodetabek,Solar,120.5894118,Customer via Hub,13,11.0,11,4,871008,1156708,Jawa,TANGERANG,CDE LONG CHASSIS,Internal,JabodetabekTANGERANGCDE LONG CHASSIS,Dalam Kota,,,,4,REGULAR,8:27:00,,285700
260415S009,KLS,4/15/2026,CDELC,A8912VB,Tangerang,Jabodetabek,Solar,14.71,Customer via Hub,15,11.0,11,1,137026,402319,Jawa,TANGERANG,CDE LONG CHASSIS,Internal,JabodetabekTANGERANGCDE LONG CHASSIS,Dalam Kota,,,,4,REGULAR,10:54:00,,265293
260416C267,KLS,4/16/2026,MVB,A8983VB,Karawang Selatan,Jabodetabek,Pertalite,5.18,Customer,1,5.0,5,1,84800,408060,Jawa,KARAWANG SELATAN,MINI VAN BOX,Internal,JabodetabekKARAWANG SELATANMINI VAN BOX,Dalam Kota,,,,4,NON REGULAR,2:40:00,257560,65700
260416C213,KLS,4/16/2026,PICKUP,A8721ZV,Bekasi,Jabodetabek,Pertalite,8.18,Customer,8,3.0,3,8,81800,445193,Jawa,BEKASI,PICK UP,Internal,JabodetabekBEKASIPICK UP,Dalam Kota,,,,4,REGULAR,3:03:00,257560,105833
260416C033,KLS,4/16/2026,MVB,A8017VC,Jakarta Utara,Jabodetabek,Pertalite,9.94,Customer,5,5.0,5,3,147400,948220,Jawa,JAKARTA UTARA,MINI VAN BOX,Internal,JabodetabekJAKARTA UTARAMINI VAN BOX,Dalam Kota,,,,4,REGULAR,6:48:00,515120,285700
260416C195,KLS,4/16/2026,MVB,A8373VC,Karawang Selatan,Jabodetabek,Pertalite,10.69,Customer,8,5.0,5,4,187900,#N/A,Jawa,KARAWANG SELATAN,MINI VAN BOX,Internal,JabodetabekKARAWANG SELATANMINI VAN BOX,Dalam Kota,,,,4,REGULAR,6:12:00,257560,#N/A
260416C034,KLS,4/16/2026,MVB,A8983VB,Purwakarta,Jawa Barat,Pertalite,15.33,Customer,5,5.0,5,2,327800,908620,Jawa,PURWAKARTA,MINI VAN BOX,Internal,Jawa BaratPURWAKARTAMINI VAN BOX,Dalam Kota,,,,4,REGULAR,6:52:00,515120,65700
260416C194,KLS,4/16/2026,CDDLC,A8288YX,Jakarta Barat,Jabodetabek,Solar,19.04,Customer,1,16.0,16,1,207472,653999,Jawa,JAKARTA BARAT,CDD LONG CHASSIS,Internal,JabodetabekJAKARTA BARATCDD LONG CHASSIS,Dalam Kota,,,,4,REGULAR,9:05:00,257560,188967
260416C024,KLS,4/16/2026,CDELC,A8432ZS,Bogor,Jabodetabek,Solar,19.35,Customer,3,11.0,11,3,285080,1057250,Jawa,BOGOR,CDE LONG CHASSIS,Internal,JabodetabekBOGORCDE LONG CHASSIS,Dalam Kota,,,,4,REGULAR,7:05:00,515120,257050
260416C032,KLS,4/16/2026,MVB,A8504ZX,Jakarta Utara,Jabodetabek,Pertalite,9.56,Customer,3,5.0,5,3,150600,739820,Jawa,JAKARTA UTARA,MINI VAN BOX,Internal,JabodetabekJAKARTA UTARAMINI VAN BOX,Dalam Kota,,,,4,REGULAR,6:48:00,515120,74100
260416C038,KLS,4/16/2026,CDELC,A8505VC,Karawang Selatan,Jabodetabek,Solar,16.86,Customer,14,11.0,11,8,147648,#N/A,Jawa,KARAWANG SELATAN,CDE LONG CHASSIS,Internal,JabodetabekKARAWANG SELATANCDE LONG CHASSIS,Dalam Kota,,,,4,REGULAR,7:23:00,515120,#N/A
260416C023,KLS,4/16/2026,CDELC,A8520VC,Bekasi,Jabodetabek,Solar,12.66,Customer,4,11.0,11,4,148088,#N/A,Jawa,BEKASI,CDE LONG CHASSIS,Internal,JabodetabekBEKASICDE LONG CHASSIS,Dalam Kota,,,,4,REGULAR,7:53:00,515120,#N/A
260416C031,KLS,4/16/2026,MVB,A8553VB,Jakarta Timur,Jabodetabek,Pertalite,8.17,Customer,7,5.0,5,5,117700,764220,Jawa,JAKARTA TIMUR,MINI VAN BOX,Internal,JabodetabekJAKARTA TIMURMINI VAN BOX,Dalam Kota,,,,4,REGULAR,28:18:00,515120,131400
260416C028,KLS,4/16/2026,CDDLC,B9190SDB,Bekasi,Jabodetabek,Solar,18.13,Customer,13,13.0,13,8,143284,854637,Jawa,BEKASI,CDD PICK UP,Internal,JabodetabekBEKASICDD PICK UP,Dalam Kota,,,,4,REGULAR,7:10:00,515120,196233
260416C026,KLS,4/16/2026,CDELC,A8159ZC,Bekasi,Jabodetabek,Solar,12.72,Customer,14,11.0,11,4,86496,784483,Jawa,BEKASI,CDE LONG CHASSIS,Internal,JabodetabekBEKASICDE LONG CHASSIS,Dalam Kota,,,,4,REGULAR,7:00:00,515120,182867
260416C029,KLS,4/16/2026,MVB,A8876ZX,Depok,Jabodetabek,Pertalite,10.83,Customer,10,2.25,5,3,223300,542936,Jawa,DEPOK,MINI VAN BOX,Internal,JabodetabekDEPOKMINI VAN BOX,Dalam Kota,,,,4,REGULAR,7:11:00,257560,62076
260416C022,KLS,4/16/2026,CDELC,A8486VC,Bekasi,Jabodetabek,Solar,12.91,Customer,14,2.4,8,7,167288,#N/A,Jawa,BEKASI,CDE PICKUP,Internal,JabodetabekBEKASICDE PICKUP,Dalam Kota,,,,4,REGULAR,6:52:00,515120,#N/A
260416C036,KLS,4/16/2026,CDELC,A8476VC,Karawang Selatan,Jabodetabek,Solar,13.96,Customer,7,2.52,11,6,153928,#N/A,Jawa,KARAWANG SELATAN,CDE LONG CHASSIS,Internal,JabodetabekKARAWANG SELATANCDE LONG CHASSIS,Dalam Kota,,,,4,REGULAR,7:51:00,515120,#N/A
260416C191,KLS,4/16/2026,CDELC,A8503ZX,Jakarta Barat,Jabodetabek,Solar,12.15,Customer,6,3.3,8,1,143500,553527,Jawa,JAKARTA BARAT,CDE,Internal,JabodetabekJAKARTA BARATCDE,Dalam Kota,,,,4,REGULAR,7:18:00,257560,152467
260416C025,KLS,4/16/2026,MVB,A8304VC,Bogor,Jabodetabek,Pertalite,14.7,Customer,12,4.16,5,5,205500,#N/A,Jawa,BOGOR,MINI VAN BOX,Internal,JabodetabekBOGORMINI VAN BOX,Dalam Kota,,,,4,REGULAR,6:58:00,257560,#N/A
260416C054,KLS,4/16/2026,CDELC,B9044BRO,Jakarta Barat,Jabodetabek,Solar,13.95,Customer,3,4.25,11,3,170860,856844,Jawa,JAKARTA BARAT,CDE LONG CHASSIS,Internal,JabodetabekJAKARTA BARATCDE LONG CHASSIS,Dalam Kota,,,,4,REGULAR,7:34:00,515120,170864
260416C027,KLS,4/16/2026,CDELC,A8098ZH,Bekasi,Jabodetabek,Solar,14.55,Customer,10,4.79,11,7,131940,868227,Jawa,BEKASI,CDE LONG CHASSIS,Internal,JabodetabekBEKASICDE LONG CHASSIS,Dalam Kota,,,,4,REGULAR,9:11:00,515120,221167
260416C186,KLS,4/16/2026,MOTOR,B5709BLU,Bekasi,Jabodetabek,Pertalite,1.6,Customer,12,0.14,0.14,7,16000,273590,Jawa,BEKASI,MOTOR BOX,Internal,JabodetabekBEKASIMOTOR BOX,Dalam Kota,,,,4,REGULAR,6:39:00,257560,30
260416C035,KLS,4/16/2026,CDDLC,A8961VB,Jakarta Utara,Jabodetabek,Solar,17.83,Customer,5,7.33,13,3,292744,862937,Jawa,JAKARTA UTARA,CDD PICK UP,Internal,JabodetabekJAKARTA UTARACDD PICK UP,Dalam Kota,,,,4,REGULAR,31:20:00,257560,312633
260416C037,KLS,4/16/2026,CDELC,A8002XW,Purwakarta,Jawa Barat,Solar,17.76,Customer,32,8.04,11,13,184268,851855,Jawa,PURWAKARTA,CDE LONG CHASSIS,Internal,Jawa BaratPURWAKARTACDE LONG CHASSIS,Dalam Kota,,,,4,REGULAR,29:07:00,515120,152467
260416C202,KLS,4/16/2026,CDELC,A8339ZS,Bogor,Jabodetabek,Solar,16.89,Customer,3,8.0,8,2,196352,977072,Jawa,BOGOR,CDE PICKUP,Internal,JabodetabekBOGORCDE PICKUP,Dalam Kota,,,,4,REGULAR,7:36:00,515120,265600
260416H013,KLS,4/16/2026,WINGBOX,B9068BEN,Jakarta Barat,Jabodetabek,Solar,36.75,HUB,124,29.09,42,2,332000,760424,Jawa,JAKARTA BARAT,WINGBOX,Internal,JabodetabekJAKARTA BARATWINGBOX,Dalam Kota,,,,4,REGULAR,7:00:00,257560,170864
260416L006,KLS,4/16/2026,CDDLC,A8976XY,Bandung,Jawa Barat,,,Store,84,16.0,16,1,816500,1263027,Jawa,BANDUNG,CDD LONG CHASSIS,Internal,Jawa BaratBANDUNGCDD LONG CHASSIS,Luar Kota,,,,4,REGULAR,11:02:00,257560,188967
260416S004,KLS,4/16/2026,CDELC,A8020VC,Jakarta Barat,Jabodetabek,Solar,10,Customer via Hub,10,2.9,11,2,78000,363700,Jawa,JAKARTA BARAT,CDE LONG CHASSIS,Internal,JabodetabekJAKARTA BARATCDE LONG CHASSIS,Dalam Kota,,,,4,REGULAR,6:49:00,,285700
260416S006,KLS,4/16/2026,MVB,A8437ZH,Tangerang,Jabodetabek,Pertalite,8.02,Customer via Hub,11,5.0,5,2,80200,190800,Jawa,TANGERANG,MINI VAN BOX,Internal,JabodetabekTANGERANGMINI VAN BOX,Dalam Kota,,,,4,REGULAR,5:35:00,,110600
260416S010,KLS,4/16/2026,MVB,A8537ZF,Serang,Banten,Pertalite,13.3,Customer via Hub,10,5.0,5,2,198000,308600,Jawa,SERANG,MINI VAN BOX,Internal,BantenSERANGMINI VAN BOX,Dalam Kota,,,,4,REGULAR,10:51:00,,110600
260416S003,KLS,4/16/2026,MVB,A8542XB,Jakarta Selatan,Jabodetabek,Pertalite,6.45,Customer via Hub,23,5.0,5,3,108000,108000,Jawa,JAKARTA SELATAN,MINI VAN BOX,Internal,JabodetabekJAKARTA SELATANMINI VAN BOX,Dalam Kota,,,,4,REGULAR,5:17:00,,0
260416S011,KLS,4/16/2026,CDELC,A8717VB,Cilegon,Banten,Solar,29.42,Customer via Hub,20,5.94,11,3,337056,622756,Jawa,CILEGON,CDE LONG CHASSIS,Internal,BantenCILEGONCDE LONG CHASSIS,Dalam Kota,,,,4,REGULAR,22:30:00,,285700
260416S008,KLS,4/16/2026,CDELC,A8721VB,Tangerang,Jabodetabek,Solar,13.99,Customer via Hub,17,5.2,11,1,135132,420832,Jawa,TANGERANG,CDE LONG CHASSIS,Internal,JabodetabekTANGERANGCDE LONG CHASSIS,Dalam Kota,,,,4,REGULAR,8:33:00,,285700
260416S007,KLS,4/16/2026,CDELC,A8757VB,Tangerang,Jabodetabek,Solar,16.9,Customer via Hub,11,5.09,11,1,190420,476120,Jawa,TANGERANG,CDE LONG CHASSIS,Internal,JabodetabekTANGERANGCDE LONG CHASSIS,Dalam Kota,,,,4,REGULAR,9:14:00,,285700
260416S009,KLS,4/16/2026,CDELC,A8759VB,Tangerang,Jabodetabek,Solar,15.44,Customer via Hub,6,2.95,11,3,104992,390692,Jawa,TANGERANG,CDE LONG CHASSIS,Internal,JabodetabekTANGERANGCDE LONG CHASSIS,Dalam Kota,,,,4,REGULAR,7:49:00,,285700
260416S012,KLS,4/16/2026,CDELC,A8801XZ,Jakarta Barat,Jabodetabek,Solar,8.88,Customer via Hub,1,7.0,7,1,101384,252117,Jawa,JAKARTA BARAT,CDE PICK UP,Internal,JabodetabekJAKARTA BARATCDE PICK UP,Dalam Kota,,,,4,REGULAR,3:09:00,,150733
260416S001,KLS,4/16/2026,CDELC,A8910VB,Jakarta Pusat,Jabodetabek,,,Customer via Hub,11,5.01,11,2,,285700,Jawa,JAKARTA PUSAT,CDE LONG CHASSIS,Internal,JabodetabekJAKARTA PUSATCDE LONG CHASSIS,Dalam Kota,,,,4,REGULAR,7:40:00,,285700
260416S002,KLS,4/16/2026,CDELC,A8912VB,Jakarta Selatan,Jabodetabek,,,Customer via Hub,9,3.71,11,2,89000,354293,Jawa,JAKARTA SELATAN,CDE LONG CHASSIS,Internal,JabodetabekJAKARTA SELATANCDE LONG CHASSIS,Dalam Kota,,,,4,REGULAR,9:51:00,,265293
260417C273,KLS,4/17/2026,MVB,B9320SCE,Karawang Selatan,Jabodetabek,Pertalite,4.99,Customer,2,5.0,5,1,82900,426600,Jawa,KARAWANG SELATAN,MINI VAN BOX,Internal,JabodetabekKARAWANG SELATANMINI VAN BOX,Dalam Kota,,,,4,REGULAR,2:03:00,257560,86140
260417C233,KLS,4/17/2026,MVB,A8373VC,Karawang Selatan,Jabodetabek,Pertalite,8,Customer,18,5.0,5,8,118000,#N/A,Jawa,KARAWANG SELATAN,MINI VAN BOX,Internal,JabodetabekKARAWANG SELATANMINI VAN BOX,Dalam Kota,,,,4,REGULAR,6:26:00,257560,#N/A
260417C235,KLS,4/17/2026,CDELC,A8432ZS,Bekasi,Jabodetabek,Solar,8.54,Customer,14,11.0,11,7,58072,572682,Jawa,BEKASI,CDE LONG CHASSIS,Internal,JabodetabekBEKASICDE LONG CHASSIS,Dalam Kota,,,,4,REGULAR,5:05:00,257560,257050
260417C032,KLS,4/17/2026,MVB,A8553VB,Jakarta Timur,Jabodetabek,Pertalite,11.28,Customer,11,5.0,5,10,157800,804320,Jawa,JAKARTA TIMUR,MINI VAN BOX,Internal,JabodetabekJAKARTA TIMURMINI VAN BOX,Dalam Kota,,,,4,REGULAR,7:18:00,515120,131400
260417C040,KLS,4/17/2026,MVB,A8983VB,Jakarta Timur,Jabodetabek,Pertalite,7.81,Customer,6,5.0,5,4,116100,505060,Jawa,JAKARTA TIMUR,MINI VAN BOX,Internal,JabodetabekJAKARTA TIMURMINI VAN BOX,Dalam Kota,,,,4,REGULAR,6:50:00,257560,131400
260417C035,KLS,4/17/2026,CDELC,A8159ZC,Purwakarta,Jawa Barat,Solar,22.16,Customer,9,11.0,11,8,212688,910675,Jawa,PURWAKARTA,CDE LONG CHASSIS,Internal,Jawa BaratPURWAKARTACDE LONG CHASSIS,Dalam Kota,,,,4,REGULAR,9:51:00,515120,182867
260417C100,KLS,4/17/2026,CDELC,A8476VC,Karawang Selatan,Jabodetabek,Solar,14.75,Customer,19,11.0,11,10,154300,#N/A,Jawa,KARAWANG SELATAN,CDE LONG CHASSIS,Internal,JabodetabekKARAWANG SELATANCDE LONG CHASSIS,Dalam Kota,,,,4,REGULAR,8:01:00,515120,#N/A
260417C039,KLS,4/17/2026,CDELC,A8503ZX,Bogor,Jabodetabek,Solar,14.5,Customer,6,8.0,8,5,179100,846687,Jawa,BOGOR,CDE,Internal,JabodetabekBOGORCDE,Dalam Kota,,,,4,REGULAR,8:26:00,515120,152467
260417C033,KLS,4/17/2026,MVB,A8017VC,Jakarta Utara,Jabodetabek,Pertalite,13.86,Customer,11,5.0,5,6,213100,1013920,Jawa,JAKARTA UTARA,MINI VAN BOX,Internal,JabodetabekJAKARTA UTARAMINI VAN BOX,Dalam Kota,,,,4,REGULAR,8:10:00,515120,285700
260417C026,KLS,4/17/2026,MVB,A8876ZX,Bogor,Jabodetabek,Pertalite,15.88,Customer,4,5.0,5,4,261800,838996,Jawa,BOGOR,MINI VAN BOX,Internal,JabodetabekBOGORMINI VAN BOX,Dalam Kota,,,,4,REGULAR,7:41:00,515120,62076
260417C041,KLS,4/17/2026,CDELC,B9044BRO,Jakarta Utara,Jabodetabek,Solar,15.63,Customer,12,11.0,11,5,235284,663708,Jawa,JAKARTA UTARA,CDE LONG CHASSIS,Internal,JabodetabekJAKARTA UTARACDE LONG CHASSIS,Dalam Kota,,,,4,REGULAR,12:58:00,257560,170864
260417C043,KLS,4/17/2026,MVB,A8304VC,Bekasi,Jabodetabek,Pertalite,10.37,Customer,16,5.0,5,8,145200,#N/A,Jawa,BEKASI,MINI VAN BOX,Internal,JabodetabekBEKASIMINI VAN BOX,Dalam Kota,,,,4,REGULAR,6:38:00,515120,#N/A
260417C027,KLS,4/17/2026,MVB,A8504ZX,Bogor,Jabodetabek,Pertalite,16.24,Customer,11,5.0,5,9,252900,584560,Jawa,BOGOR,MINI VAN BOX,Internal,JabodetabekBOGORMINI VAN BOX,Dalam Kota,,,,4,REGULAR,9:07:00,257560,74100
260417C042,KLS,4/17/2026,PICKUP,A8721ZV,Bekasi,Jabodetabek,Pertalite,11.62,Customer,8,2.48,3,6,163200,784153,Jawa,BEKASI,PICK UP,Internal,JabodetabekBEKASIPICK UP,Dalam Kota,,,,4,REGULAR,7:39:00,515120,105833
260417C102,KLS,4/17/2026,CDELC,A8505VC,Karawang Selatan,Jabodetabek,Solar,16.39,Customer,19,2.52,11,5,144452,#N/A,Jawa,KARAWANG SELATAN,CDE LONG CHASSIS,Internal,JabodetabekKARAWANG SELATANCDE LONG CHASSIS,Dalam Kota,,,,4,REGULAR,8:45:00,515120,#N/A
260417C028,KLS,4/17/2026,CDDLC,A8288YX,Bekasi,Jabodetabek,Solar,14.47,Customer,13,16.0,16,10,98396,802483,Jawa,BEKASI,CDD LONG CHASSIS,Internal,JabodetabekBEKASICDD LONG CHASSIS,Dalam Kota,,,,4,REGULAR,9:07:00,515120,188967
260417C031,KLS,4/17/2026,CDELC,A8002XW,Depok,Jabodetabek,Solar,14.7,Customer,24,2.79,11,10,209960,877547,Jawa,DEPOK,CDE LONG CHASSIS,Internal,JabodetabekDEPOKCDE LONG CHASSIS,Dalam Kota,,,,4,REGULAR,8:01:00,515120,152467
260417C036,KLS,4/17/2026,CDELC,A8098ZH,Purwakarta,Jawa Barat,Solar,20.99,Customer,28,2.81,11,11,237732,974019,Jawa,PURWAKARTA,CDE LONG CHASSIS,Internal,Jawa BaratPURWAKARTACDE LONG CHASSIS,Dalam Kota,,,,4,REGULAR,8:30:00,515120,221167
260417C037,KLS,4/17/2026,CDDLC,A8961VB,Jakarta Utara,Jabodetabek,Solar,22.52,Customer,5,3.88,13,3,311136,881329,Jawa,JAKARTA UTARA,CDD PICK UP,Internal,JabodetabekJAKARTA UTARACDD PICK UP,Dalam Kota,,,,4,REGULAR,9:26:00,257560,312633
260417C209,KLS,4/17/2026,CDDLC,B9190SDB,Jakarta Utara,Jabodetabek,Solar,15.29,Customer,3,4.57,13,3,271972,725765,Jawa,JAKARTA UTARA,CDD PICK UP,Internal,JabodetabekJAKARTA UTARACDD PICK UP,Dalam Kota,,,,4,REGULAR,8:33:00,257560,196233
260417C274,KLS,4/17/2026,WINGBOX,B9068BEN,Tangerang,Jabodetabek,Solar,41.48,Customer,1,42.0,42,1,406000,1006552,Jawa,TANGERANG,WINGBOX,Internal,JabodetabekTANGERANGWINGBOX,Dalam Kota,,,,4,REGULAR,12:51:00,515120,85432
260417C029,KLS,4/17/2026,CDDLC,A8908XY,Bekasi,Jabodetabek,Solar,10.88,Customer,18,5.54,16,8,83984,767824,Jawa,BEKASI,CDD LONG CHASSIS,Internal,JabodetabekBEKASICDD LONG CHASSIS,Dalam Kota,,,,4,REGULAR,7:23:00,515120,168720
260417C255,KLS,4/17/2026,CDELC,A8486VC,Jakarta Utara,Jabodetabek,Solar,19.33,Customer,1,6.87,8,1,268944,#N/A,Jawa,JAKARTA UTARA,CDE PICKUP,Internal,JabodetabekJAKARTA UTARACDE PICKUP,Dalam Kota,,,,4,REGULAR,7:53:00,257560,#N/A
260417C038,KLS,4/17/2026,CDDLC,A8976XY,Subang,Jawa Barat,Solar,24.35,Customer,20,7.77,16,1,440580,1144667,Jawa,SUBANG,CDD LONG CHASSIS,Internal,Jawa BaratSUBANGCDD LONG CHASSIS,DALAM KOTA,,,,4,REGULAR,12:50:00,515120,188967
260417C030,KLS,4/17/2026,CDELC,A8339ZS,Bekasi,Jabodetabek,Solar,12.51,Customer,5,8.0,8,3,112068,892788,Jawa,BEKASI,CDE PICKUP,Internal,JabodetabekBEKASICDE PICKUP,Dalam Kota,,,,4,REGULAR,8:37:00,515120,265600
260417C105,KLS,4/17/2026,CDELC,A8520VC,Tangerang,Jabodetabek,Solar,20.15,Customer,2,11.0,11,2,218020,#N/A,Jawa,TANGERANG,CDE LONG CHASSIS,Internal,JabodetabekTANGERANGCDE LONG CHASSIS,Dalam Kota,,,,4,REGULAR,7:38:00,515120,#N/A
260417C206,KLS,4/17/2026,MOTOR,B5709BLU,Bekasi,Jabodetabek,Pertalite,1.65,Customer,4,0.14,0.14,2,16500,274090,Jawa,BEKASI,MOTOR BOX,Internal,JabodetabekBEKASIMOTOR BOX,Dalam Kota,,,,4,REGULAR,6:44:00,257560,30
260417H016,KLS,4/17/2026,WINGBOX,B9068BEN,Jakarta Barat,Jabodetabek,Solar,38.01,HUB,169,29.92,42,3,340468,683460,Jawa,JAKARTA BARAT,WINGBOX,Internal,JabodetabekJAKARTA BARATWINGBOX,Dalam Kota,,,,4,REGULAR,5:23:00,257560,85432
260417S011,KLS,4/17/2026,CDELC,A8020VC,Serang,Banten,Solar,26.85,Customer via Hub,14,2.92,11,2,337080,622780,Jawa,SERANG,CDE LONG CHASSIS,Internal,BantenSERANGCDE LONG CHASSIS,Dalam Kota,,,,4,REGULAR,8:59:00,,285700
260417S010,KLS,4/17/2026,MVB,A8437ZH,Tangerang,Jabodetabek,Pertalite,10.11,Customer via Hub,9,5.0,5,5,184100,294700,Jawa,TANGERANG,MINI VAN BOX,Internal,JabodetabekTANGERANGMINI VAN BOX,Dalam Kota,,,,4,REGULAR,8:30:00,,110600
260417S005,KLS,4/17/2026,CDELC,A8481ZH,Jakarta Utara,Jabodetabek,Solar,10.29,Customer via Hub,10,11.0,11,6,146000,367167,Jawa,JAKARTA UTARA,CDE LONG CHASSIS,Internal,JabodetabekJAKARTA UTARACDE LONG CHASSIS,Dalam Kota,,,,4,REGULAR,9:08:00,,221167
260417S007,KLS,4/17/2026,MVB,A8537ZF,Tangerang,Jabodetabek,Pertalite,8.51,Customer via Hub,10,5.0,5,5,85100,195700,Jawa,TANGERANG,MINI VAN BOX,Internal,JabodetabekTANGERANGMINI VAN BOX,Dalam Kota,,,,4,REGULAR,8:23:00,,110600
260417S003,KLS,4/17/2026,MVB,A8542XB,Jakarta Selatan,Jabodetabek,Pertalite,12,Customer via Hub,13,5.0,5,9,120000,120000,Jawa,JAKARTA SELATAN,MINI VAN BOX,Internal,JabodetabekJAKARTA SELATANMINI VAN BOX,Dalam Kota,,,,4,REGULAR,10:08:00,,0
260417S012,KLS,4/17/2026,CDELC,A8717VB,Cilegon,Banten,Solar,25.74,Customer via Hub,13,4.77,11,6,307532,593232,Jawa,CILEGON,CDE LONG CHASSIS,Internal,BantenCILEGONCDE LONG CHASSIS,Dalam Kota,,,,4,REGULAR,6:29:00,,285700
260417S002,KLS,4/17/2026,CDELC,A8721VB,Jakarta Selatan,Jabodetabek,Solar,12.06,Customer via Hub,17,4.5,11,6,130000,415700,Jawa,JAKARTA SELATAN,CDE LONG CHASSIS,Internal,JabodetabekJAKARTA SELATANCDE LONG CHASSIS,Dalam Kota,,,,4,REGULAR,11:06:00,,285700
260417S008,KLS,4/17/2026,CDELC,A8757VB,Tangerang,Jabodetabek,Solar,16.9,Customer via Hub,7,11.0,11,5,155920,441620,Jawa,TANGERANG,CDE LONG CHASSIS,Internal,JabodetabekTANGERANGCDE LONG CHASSIS,Dalam Kota,,,,4,REGULAR,9:34:00,,285700
260417S001,KLS,4/17/2026,CDELC,A8759VB,Jakarta Pusat,Jabodetabek,,,Customer via Hub,14,3.34,11,6,,285700,Jawa,JAKARTA PUSAT,CDE LONG CHASSIS,Internal,JabodetabekJAKARTA PUSATCDE LONG CHASSIS,Dalam Kota,,,,4,REGULAR,7:46:00,,285700
260417S004,KLS,4/17/2026,CDELC,A8801XZ,Jakarta Barat,Jabodetabek,Solar,6.57,Customer via Hub,7,7.0,7,5,72176,222909,Jawa,JAKARTA BARAT,CDE PICK UP,Internal,JabodetabekJAKARTA BARATCDE PICK UP,Dalam Kota,,,,4,REGULAR,6:46:00,,150733
260417S006,KLS,4/17/2026,CDELC,A8910VB,Tangerang,Jabodetabek,Solar,16.21,Customer via Hub,12,11.0,11,7,183228,468928,Jawa,TANGERANG,CDE LONG CHASSIS,Internal,JabodetabekTANGERANGCDE LONG CHASSIS,Dalam Kota,,,,4,REGULAR,8:33:00,,285700
260417S009,KLS,4/17/2026,CDELC,A8912VB,Tangerang,Jabodetabek,,,Customer via Hub,18,3.5,11,3,37000,302293,Jawa,TANGERANG,CDE LONG CHASSIS,Internal,JabodetabekTANGERANGCDE LONG CHASSIS,Dalam Kota,,,,4,REGULAR,10:39:00,,265293
260418C026,KLS,4/18/2026,MVB,A8983VB,Bekasi,Jabodetabek,Pertalite,11.93,Customer,8,5.0,5,3,192800,581760,Jawa,BEKASI,MINI VAN BOX,Internal,JabodetabekBEKASIMINI VAN BOX,Dalam Kota,,,,4,REGULAR,5:46:00,257560,131400
260417X076,KLS,4/18/2026,MVB,A8373VC,Bekasi,Jabodetabek,Pertalite,4.16,Other Delivery,1,5.0,5,1,41600,#N/A,Jawa,BEKASI,MINI VAN BOX,Internal,JabodetabekBEKASIMINI VAN BOX,Dalam Kota,,,,4,REGULAR,5:38:00,257560,#N/A
260418C023,KLS,4/18/2026,MVB,A8304VC,Bogor,Jabodetabek,Pertalite,14.94,Customer,12,5.0,5,4,230900,#N/A,Jawa,BOGOR,MINI VAN BOX,Internal,JabodetabekBOGORMINI VAN BOX,Dalam Kota,,,,4,REGULAR,8:21:00,515120,#N/A
260418C209,KLS,4/18/2026,CDELC,A8432ZS,Tangerang,Jabodetabek,Solar,22.6,Customer,2,11.0,11,1,226680,998850,Jawa,TANGERANG,CDE LONG CHASSIS,Internal,JabodetabekTANGERANGCDE LONG CHASSIS,Dalam Kota,,,,4,REGULAR,7:58:00,515120,257050
260418C028,KLS,4/18/2026,CDELC,A8476VC,Bekasi,Jabodetabek,Solar,5.23,Customer,12,11.0,11,4,44564,#N/A,Jawa,BEKASI,CDE LONG CHASSIS,Internal,JabodetabekBEKASICDE LONG CHASSIS,Dalam Kota,,,,4,REGULAR,3:58:00,515120,#N/A
260418C025,KLS,4/18/2026,MVB,A8017VC,Jakarta Utara,Jabodetabek,Pertalite,9.39,Customer,9,5.0,5,5,154900,955720,Jawa,JAKARTA UTARA,MINI VAN BOX,Internal,JabodetabekJAKARTA UTARAMINI VAN BOX,Dalam Kota,,,,4,REGULAR,5:50:00,515120,285700
260418C024,KLS,4/18/2026,CDELC,A8520VC,Depok,Jabodetabek,Solar,21.37,Customer,14,2.25,11,6,344316,#N/A,Jawa,DEPOK,CDE LONG CHASSIS,Internal,JabodetabekDEPOKCDE LONG CHASSIS,Dalam Kota,,,,4,REGULAR,7:54:00,515120,#N/A
260418C027,KLS,4/18/2026,CDELC,A8505VC,Purwakarta,Jawa Barat,Solar,21,Customer,15,2.57,11,4,214800,#N/A,Jawa,PURWAKARTA,CDE LONG CHASSIS,Internal,Jawa BaratPURWAKARTACDE LONG CHASSIS,Dalam Kota,,,,4,REGULAR,7:46:00,515120,#N/A
260418C207,KLS,4/18/2026,PICKUP,A8721ZV,Tangerang,Jabodetabek,Pertalite,20.28,Customer,2,3.0,3,2,318300,939253,Jawa,TANGERANG,PICK UP,Internal,JabodetabekTANGERANGPICK UP,Dalam Kota,,,,4,REGULAR,8:44:00,515120,105833
260418H015,KLS,4/18/2026,CDELC,A8098ZH,Jakarta Barat,Jabodetabek,Solar,11.53,HUB,97,9.44,11,1,136404,615131,Jawa,JAKARTA BARAT,CDE LONG CHASSIS,Internal,JabodetabekJAKARTA BARATCDE LONG CHASSIS,Dalam Kota,,,,4,REGULAR,8:42:00,257560,221167
260418C227,KLS,4/18/2026,CDELC,A8486VC,Jakarta Utara,Jabodetabek,Solar,10.49,Customer,5,8.0,8,3,214332,#N/A,Jawa,JAKARTA UTARA,CDE PICKUP,Internal,JabodetabekJAKARTA UTARACDE PICKUP,Dalam Kota,,,,4,REGULAR,5:19:00,257560,#N/A
260418C189,KLS,4/18/2026,CDDLC,B9190SDB,Jakarta Barat,Jabodetabek,Solar,21.2,Customer,1,13.0,13,1,321160,774953,Jawa,JAKARTA BARAT,CDD PICK UP,Internal,JabodetabekJAKARTA BARATCDD PICK UP,Dalam Kota,,,,4,REGULAR,5:07:00,257560,196233
260417L093,KLS,4/18/2026,CDDLC,A8976XY,Cirebon,Jawa Barat,Solar,52.17,Store,2,14.1,16,1,801000,1247527,Jawa,CIREBON,CDD LONG CHASSIS,Internal,Jawa BaratCIREBONCDD LONG CHASSIS,Luar Kota,,,,4,REGULAR,13:45:00,257560,188967
260418L003,KLS,4/18/2026,CDDLC,A8908XY,Bandung,Jawa Barat,,,Store,75,16.0,16,1,821500,1247780,Jawa,BANDUNG,CDD LONG CHASSIS,Internal,Jawa BaratBANDUNGCDD LONG CHASSIS,Luar Kota,,,,4,REGULAR,49:05:00,257560,168720
260418X054,KLS,4/18/2026,WINGBOX,B9068BEN,Tangerang,Jabodetabek,,,Other Delivery,1,42.0,42,1,,342992,Jawa,TANGERANG,WINGBOX,Internal,JabodetabekTANGERANGWINGBOX,Dalam Kota,,,,4,NON REGULAR,-1107157:14:00,257560,85432
260418S002,KLS,4/18/2026,CDELC,A8717VB,Jakarta Selatan,Jabodetabek,Solar,12.06,Customer via Hub,14,11.0,11,7,142000,427700,Jawa,JAKARTA SELATAN,CDE LONG CHASSIS,Internal,JabodetabekJAKARTA SELATANCDE LONG CHASSIS,Dalam Kota,,,,4,REGULAR,45:46:00,,285700
260418S004,KLS,4/18/2026,CDELC,A8721VB,Tangerang,Jabodetabek,Solar,7332.67,Customer via Hub,27,4.93,11,8,150992,436692,Jawa,TANGERANG,CDE LONG CHASSIS,Internal,JabodetabekTANGERANGCDE LONG CHASSIS,Dalam Kota,,,,4,REGULAR,7:24:00,,285700
260418S003,KLS,4/18/2026,CDELC,A8757VB,Jakarta Barat,Jabodetabek,Solar,11.49,Customer via Hub,15,3.42,11,4,85132,370832,Jawa,JAKARTA BARAT,CDE LONG CHASSIS,Internal,JabodetabekJAKARTA BARATCDE LONG CHASSIS,Dalam Kota,,,,4,REGULAR,7:37:00,,285700
260418S001,KLS,4/18/2026,CDELC,A8759VB,Jakarta Pusat,Jabodetabek,Solar,11.93,Customer via Hub,19,11.0,11,7,120622,406322,Jawa,JAKARTA PUSAT,CDE LONG CHASSIS,Internal,JabodetabekJAKARTA PUSATCDE LONG CHASSIS,Dalam Kota,,,,4,REGULAR,7:18:00,,285700
260418S005,KLS,4/18/2026,CDELC,A8912VB,Cilegon,Banten,Solar,26.49,Customer via Hub,21,11.0,11,4,305632,570925,Jawa,CILEGON,CDE LONG CHASSIS,Internal,BantenCILEGONCDE LONG CHASSIS,Dalam Kota,,,,4,REGULAR,8:53:00,,265293
260420C053,KLS,4/20/2026,CDELC,A8002XW,Jakarta Selatan,Jabodetabek,Solar,24.15,Customer,2,11.0,11,1,321220,988807,Jawa,JAKARTA SELATAN,CDE LONG CHASSIS,Internal,JabodetabekJAKARTA SELATANCDE LONG CHASSIS,Dalam Kota,,,,4,REGULAR,9:02:00,515120,152467
260420C018,KLS,4/20/2026,MVB,A8017VC,Jakarta Utara,Jabodetabek,Pertalite,13.69,Customer,12,5.0,5,4,197900,998720,Jawa,JAKARTA UTARA,MINI VAN BOX,Internal,JabodetabekJAKARTA UTARAMINI VAN BOX,Dalam Kota,,,,4,REGULAR,9:33:00,515120,285700
260420C008,KLS,4/20/2026,CDELC,A8098ZH,Purwakarta,Jawa Barat,Solar,13.83,Customer,5,1.19,11,3,156044,892331,Jawa,PURWAKARTA,CDE LONG CHASSIS,Internal,Jawa BaratPURWAKARTACDE LONG CHASSIS,Dalam Kota,,,,4,REGULAR,7:49:00,515120,221167
260420C005,KLS,4/20/2026,CDELC,A8159ZC,Bekasi,Jabodetabek,Solar,12.54,Customer,13,4.52,11,9,92272,790259,Jawa,BEKASI,CDE LONG CHASSIS,Internal,JabodetabekBEKASICDE LONG CHASSIS,Dalam Kota,,,,4,REGULAR,7:46:00,515120,182867
260420C003,KLS,4/20/2026,CDDLC,A8288YX,Bekasi,Jabodetabek,Solar,15.46,Customer,15,1.88,16,10,105128,809215,Jawa,BEKASI,CDD LONG CHASSIS,Internal,JabodetabekBEKASICDD LONG CHASSIS,Dalam Kota,,,,4,REGULAR,6:54:00,515120,188967
260420C009,KLS,4/20/2026,MVB,A8304VC,Purwakarta,Jawa Barat,Pertalite,13.32,Customer,28,1.41,5,7,203200,#N/A,Jawa,PURWAKARTA,MINI VAN BOX,Internal,Jawa BaratPURWAKARTAMINI VAN BOX,Dalam Kota,,,,4,REGULAR,7:00:00,257560,#N/A
260420C015,KLS,4/20/2026,CDELC,A8339ZS,Bogor,Jabodetabek,Solar,19.4,Customer,16,1.7,8,3,199420,980140,Jawa,BOGOR,CDE PICKUP,Internal,JabodetabekBOGORCDE PICKUP,Dalam Kota,,,,4,REGULAR,8:05:00,515120,265600
260420C013,KLS,4/20/2026,MVB,A8373VC,Jakarta Timur,Jabodetabek,Pertalite,12.78,Customer,7,3.2,5,4,186300,#N/A,Jawa,JAKARTA TIMUR,MINI VAN BOX,Internal,JabodetabekJAKARTA TIMURMINI VAN BOX,Dalam Kota,,,,4,REGULAR,7:52:00,257560,#N/A
260420C002,KLS,4/20/2026,CDELC,A8432ZS,Bogor,Jabodetabek,Solar,22.59,Customer,39,2.4,11,6,255112,769722,Jawa,BOGOR,CDE LONG CHASSIS,Internal,JabodetabekBOGORCDE LONG CHASSIS,Dalam Kota,,,,4,REGULAR,9:51:00,257560,257050
260420C006,KLS,4/20/2026,CDELC,A8476VC,Karawang Selatan,Jabodetabek,Solar,13.75,Customer,9,1.78,11,7,147500,#N/A,Jawa,KARAWANG SELATAN,CDE LONG CHASSIS,Internal,JabodetabekKARAWANG SELATANCDE LONG CHASSIS,Dalam Kota,,,,4,REGULAR,6:31:00,257560,#N/A
260420C051,KLS,4/20/2026,CDELC,A8486VC,Jakarta Selatan,Jabodetabek,Dexlite,2.33,Customer,4,8.0,8,2,239360,#N/A,Jawa,JAKARTA SELATAN,CDE PICKUP,Internal,JabodetabekJAKARTA SELATANCDE PICKUP,Dalam Kota,,,,4,REGULAR,8:29:00,515120,#N/A
260420C001,KLS,4/20/2026,CDELC,A8503ZX,Bogor,Jabodetabek,Solar,19.13,Customer,7,2.22,8,5,190084,857671,Jawa,BOGOR,CDE,Internal,JabodetabekBOGORCDE,Dalam Kota,,,,4,REGULAR,7:34:00,515120,152467
260420C262,KLS,4/20/2026,MVB,A8504ZX,Karawang Selatan,Jabodetabek,Pertalite,14.51,Customer,11,5.0,5,3,199100,530760,Jawa,KARAWANG SELATAN,MINI VAN BOX,Internal,JabodetabekKARAWANG SELATANMINI VAN BOX,Dalam Kota,,,,4,REGULAR,6:53:00,257560,74100
260420C020,KLS,4/20/2026,CDELC,A8505VC,Karawang Selatan,Jabodetabek,Solar,14.44,Customer,20,11.0,11,12,131192,#N/A,Jawa,KARAWANG SELATAN,CDE LONG CHASSIS,Internal,JabodetabekKARAWANG SELATANCDE LONG CHASSIS,Dalam Kota,,,,4,REGULAR,8:47:00,515120,#N/A
260420C019,KLS,4/20/2026,CDELC,A8520VC,Bekasi,Jabodetabek,Solar,14.12,Customer,8,2.01,11,6,160016,#N/A,Jawa,BEKASI,CDE LONG CHASSIS,Internal,JabodetabekBEKASICDE LONG CHASSIS,Dalam Kota,,,,4,REGULAR,9:33:00,515120,#N/A
260420C017,KLS,4/20/2026,MVB,A8553VB,Jakarta Timur,Jabodetabek,Pertalite,13.51,Customer,11,0.76,5,10,178100,824620,Jawa,JAKARTA TIMUR,MINI VAN BOX,Internal,JabodetabekJAKARTA TIMURMINI VAN BOX,Dalam Kota,,,,4,REGULAR,52:11:00,515120,131400
260420C048,KLS,4/20/2026,PICKUP,A8721ZV,Tangerang,Jabodetabek,Pertalite,23.68,Customer,1,2.82,3,1,232000,852953,Jawa,TANGERANG,PICK UP,Internal,JabodetabekTANGERANGPICK UP,Dalam Kota,,,,4,REGULAR,7:43:00,515120,105833
260420C010,KLS,4/20/2026,MVB,A8876ZX,Subang,Jawa Barat,Pertalite,15.61,Customer,3,5.0,5,4,302100,621736,Jawa,SUBANG,MINI VAN BOX,Internal,Jawa BaratSUBANGMINI VAN BOX,DALAM KOTA,,,,4,REGULAR,8:10:00,257560,62076
260420C004,KLS,4/20/2026,CDDLC,A8908XY,Bekasi,Jabodetabek,Solar,13.62,Customer,26,2.64,16,10,102616,786456,Jawa,BEKASI,CDD LONG CHASSIS,Internal,JabodetabekBEKASICDD LONG CHASSIS,Dalam Kota,,,,4,REGULAR,6:41:00,515120,168720
260420C011,KLS,4/20/2026,CDDLC,A8961VB,Jakarta Utara,Jabodetabek,Solar,20.56,Customer,3,4.9,11,3,286308,1114061,Jawa,JAKARTA UTARA,CDD PICKUP,Internal,JabodetabekJAKARTA UTARACDD PICKUP,Dalam Kota,,,,4,REGULAR,6:39:00,515120,312633
260420C046,KLS,4/20/2026,CDDLC,A8976XY,Bekasi,Jabodetabek,Solar,12.76,Customer,18,11.25,16,13,86768,790855,Jawa,BEKASI,CDD LONG CHASSIS,Internal,JabodetabekBEKASICDD LONG CHASSIS,Dalam Kota,,,,4,REGULAR,7:29:00,515120,188967
260420C021,KLS,4/20/2026,MVB,A8983VB,Bekasi,Jabodetabek,Pertalite,9.1,Customer,22,2.07,5,5,156500,545460,Jawa,BEKASI,MINI VAN BOX,Internal,JabodetabekBEKASIMINI VAN BOX,Dalam Kota,,,,4,REGULAR,7:46:00,257560,131400
260420C023,KLS,4/20/2026,MOTOR,B5709BLU,Bekasi,Jabodetabek,Pertalite,1.58,Customer,10,0.14,0.14,7,15800,273390,Jawa,BEKASI,MOTOR BOX,Internal,JabodetabekBEKASIMOTOR BOX,Dalam Kota,,,,4,REGULAR,7:52:00,257560,30
260420C016,KLS,4/20/2026,CDELC,B9044BRO,Jakarta Utara,Jabodetabek,Solar,14.95,Customer,14,6.19,11,7,199660,885644,Jawa,JAKARTA UTARA,CDE LONG CHASSIS,Internal,JabodetabekJAKARTA UTARACDE LONG CHASSIS,Dalam Kota,,,,4,REGULAR,7:06:00,515120,170864
260420H003,KLS,4/20/2026,WINGBOX,B9068BEN,Jakarta Barat,Jabodetabek,Solar,28.25,HUB,196,42.0,42,1,274100,702524,Jawa,JAKARTA BARAT,WINGBOX,Internal,JabodetabekJAKARTA BARATWINGBOX,Dalam Kota,,,,4,REGULAR,7:36:00,257560,170864
260420C261,KLS,4/20/2026,CDDLC,B9190SDB,Bekasi,Jabodetabek,Solar,14.26,Customer,4,11.0,11,3,96968,550761,Jawa,BEKASI,CDD PICKUP,Internal,JabodetabekBEKASICDD PICKUP,Dalam Kota,,,,4,REGULAR,5:47:00,257560,196233
260420C045,KLS,4/20/2026,MVB,B9320SCE,Bekasi,Jabodetabek,Pertalite,7.38,Customer,9,1.21,5,6,78800,422500,Jawa,BEKASI,MINI VAN BOX,Internal,JabodetabekBEKASIMINI VAN BOX,Dalam Kota,,,,4,REGULAR,7:39:00,257560,86140
260420C012,KLS,4/20/2026,MVB,B9642SCE,Depok,Jabodetabek,Pertalite,11.74,Customer,27,4.1,5,10,246400,596727,Jawa,DEPOK,MINI VAN BOX,Internal,JabodetabekDEPOKMINI VAN BOX,Dalam Kota,,,,4,REGULAR,10:02:00,257560,92767
260420S004,KLS,4/20/2026,CDELC,A8020VC,Jakarta Barat,Jabodetabek,Solar,10.31,Customer via Hub,14,1.52,11,4,131108,416808,Jawa,JAKARTA BARAT,CDE LONG CHASSIS,Internal,JabodetabekJAKARTA BARATCDE LONG CHASSIS,Dalam Kota,,,,4,REGULAR,7:57:00,,285700
260420S006,KLS,4/20/2026,MVB,A8437ZH,Tangerang,Jabodetabek,,,Customer via Hub,21,1.2,5,6,,110600,Jawa,TANGERANG,MINI VAN BOX,Internal,JabodetabekTANGERANGMINI VAN BOX,Dalam Kota,,,,4,REGULAR,7:48:00,,110600
260420S005,KLS,4/20/2026,CDELC,A8481ZH,Jakarta Utara,Jabodetabek,Solar,13.25,Customer via Hub,33,4.27,11,7,90100,311267,Jawa,JAKARTA UTARA,CDE LONG CHASSIS,Internal,JabodetabekJAKARTA UTARACDE LONG CHASSIS,Dalam Kota,,,,4,REGULAR,8:24:00,,221167
260420S007,KLS,4/20/2026,MVB,A8537ZF,Tangerang,Jabodetabek,Pertalite,10.29,Customer via Hub,12,0.63,5,8,159400,270000,Jawa,TANGERANG,MINI VAN BOX,Internal,JabodetabekTANGERANGMINI VAN BOX,Dalam Kota,,,,4,REGULAR,8:19:00,,110600
260420S003,KLS,4/20/2026,MVB,A8542XB,Jakarta Selatan,Jabodetabek,Pertalite,9.15,Customer via Hub,11,0.25,5,7,170000,170000,Jawa,JAKARTA SELATAN,MINI VAN BOX,Internal,JabodetabekJAKARTA SELATANMINI VAN BOX,Dalam Kota,,,,4,REGULAR,8:17:00,,0
260420S012,KLS,4/20/2026,CDELC,A8717VB,Cilegon,Banten,Solar,36.77,Customer via Hub,15,2.15,11,2,398036,683736,Jawa,CILEGON,CDE LONG CHASSIS,Internal,BantenCILEGONCDE LONG CHASSIS,Dalam Kota,,,,4,REGULAR,10:43:00,,285700
260420S009,KLS,4/20/2026,CDELC,A8721VB,Tangerang,Jabodetabek,Solar,12.27,Customer via Hub,18,2.95,11,3,128436,414136,Jawa,TANGERANG,CDE LONG CHASSIS,Internal,JabodetabekTANGERANGCDE LONG CHASSIS,Dalam Kota,,,,4,REGULAR,7:18:00,,285700
260420S008,KLS,4/20/2026,CDELC,A8757VB,Tangerang,Jabodetabek,Solar,17.64,Customer via Hub,10,1.05,11,5,154452,440152,Jawa,TANGERANG,CDE LONG CHASSIS,Internal,JabodetabekTANGERANGCDE LONG CHASSIS,Dalam Kota,,,,4,REGULAR,8:48:00,,285700
260420S010,KLS,4/20/2026,CDELC,A8759VB,Tangerang,Jabodetabek,Solar,6846.53,Customer via Hub,7,2.1,11,1,207084,492784,Jawa,TANGERANG,CDE LONG CHASSIS,Internal,JabodetabekTANGERANGCDE LONG CHASSIS,Dalam Kota,,,,4,REGULAR,9:40:00,,285700
260420S011,KLS,4/20/2026,CDELC,A8801XZ,Serang,Banten,Solar,25.95,Customer via Hub,13,1.31,7,4,357460,508193,Jawa,SERANG,CDE PICK UP,Internal,BantenSERANGCDE PICK UP,Dalam Kota,,,,4,REGULAR,10:43:00,,150733
260420S001,KLS,4/20/2026,CDELC,A8910VB,Jakarta Pusat,Jabodetabek,Solar,11.77,Customer via Hub,17,0.34,11,6,152536,438236,Jawa,JAKARTA PUSAT,CDE LONG CHASSIS,Internal,JabodetabekJAKARTA PUSATCDE LONG CHASSIS,Dalam Kota,,,,4,REGULAR,8:01:00,,285700
260420S002,KLS,4/20/2026,CDELC,A8912VB,Jakarta Selatan,Jabodetabek,Solar,13.33,Customer via Hub,19,1.42,11,6,80,265373,Jawa,JAKARTA SELATAN,CDE LONG CHASSIS,Internal,JabodetabekJAKARTA SELATANCDE LONG CHASSIS,Dalam Kota,,,,4,REGULAR,9:02:00,,265293
260421H003,KLS,04/21/2026,#N/A,B9065BEN,Jakarta Barat,Jabodetabek,#N/A,27.59,HUB,219,28.67,42,5,269500,827843,Jawa,JAKARTA BARAT,WINGBOX GANJIL,Internal,JabodetabekJAKARTA BARATWINGBOX GANJIL,Dalam Kota,,,,4,REGULAR,7:06:00,257560,300783
260421X017,KLS,04/21/2026,WINGBOX,B9068BEN,Tangerang,Jabodetabek,,,Other Delivery,1,16.0,42,1,256000,684424,Jawa,TANGERANG,WINGBOX,Internal,JabodetabekTANGERANGWINGBOX,Dalam Kota,,,,4,REGULAR,8:06:00,257560,170864
260421C016,KLS,04/21/2026,CDELC,A8002XW,Purwakarta,Jawa Barat,Solar,20.46,Customer,6,1.82,11,4,201128,868715,Jawa,PURWAKARTA,CDE LONG CHASSIS,Internal,Jawa BaratPURWAKARTACDE LONG CHASSIS,Dalam Kota,,,,4,REGULAR,9:03:00,515120,152467
260421C013,KLS,04/21/2026,MVB,A8017VC,Jakarta Utara,Jabodetabek,Pertalite,11.95,Customer,18,0.52,5,7,196500,739760,Jawa,JAKARTA UTARA,MINI VAN BOX,Internal,JabodetabekJAKARTA UTARAMINI VAN BOX,Dalam Kota,,,,4,REGULAR,7:51:00,257560,285700
260421C017,KLS,04/21/2026,CDELC,A8098ZH,Purwakarta,Jawa Barat,Solar,21.88,Customer,37,5.26,11,9,280784,759511,Jawa,PURWAKARTA,CDE LONG CHASSIS,Internal,Jawa BaratPURWAKARTACDE LONG CHASSIS,Dalam Kota,,,,4,REGULAR,7:39:00,257560,221167
260421C012,KLS,04/21/2026,CDELC,A8159ZC,Jakarta Utara,Jabodetabek,Solar,18.4,Customer,5,0.09,11,5,212612,910599,Jawa,JAKARTA UTARA,CDE LONG CHASSIS,Internal,JabodetabekJAKARTA UTARACDE LONG CHASSIS,Dalam Kota,,,,4,REGULAR,9:39:00,515120,182867
260421L015,KLS,04/21/2026,CDDLC,A8288YX,Magelang,Jawa Tengah,,,Store,51,5.75,16,1,,2112260,Jawa,MAGELANG,CDD LONG CHASSIS,Internal,Jawa TengahMAGELANGCDD LONG CHASSIS,Luar Kota,,,,4,REGULAR,-1107208:46:00,1545360,566900
260421C048,KLS,04/21/2026,CDELC,A8339ZS,Jakarta Selatan,Jabodetabek,Solar,23.14,Customer,1,7.0,7,1,281352,804512,Jawa,JAKARTA SELATAN,CDE PICK UP,Internal,JabodetabekJAKARTA SELATANCDE PICK UP,Dalam Kota,,,,4,REGULAR,11:09:00,257560,265600
260421C010,KLS,04/21/2026,MVB,A8373VC,Jakarta Timur,Jabodetabek,Pertalite,11.48,Customer,10,0.33,5,10,147800,#N/A,Jawa,JAKARTA TIMUR,MINI VAN BOX,Internal,JabodetabekJAKARTA TIMURMINI VAN BOX,Dalam Kota,,,,4,REGULAR,7:19:00,257560,#N/A
260421C004,KLS,04/21/2026,CDELC,A8432ZS,Bogor,Jabodetabek,Solar,14.77,Customer,13,0.39,11,7,176936,949106,Jawa,BOGOR,CDE LONG CHASSIS,Internal,JabodetabekBOGORCDE LONG CHASSIS,Dalam Kota,,,,4,REGULAR,6:55:00,515120,257050
260421C015,KLS,04/21/2026,CDELC,A8476VC,Karawang Selatan,Jabodetabek,Solar,14.34,Customer,5,1.38,11,4,168012,#N/A,Jawa,KARAWANG SELATAN,CDE LONG CHASSIS,Internal,JabodetabekKARAWANG SELATANCDE LONG CHASSIS,Dalam Kota,,,,4,REGULAR,6:10:00,515120,#N/A
260421C018,KLS,04/21/2026,CDELC,A8486VC,Jakarta Utara,Jabodetabek,Solar,16.56,Customer,7,6.8,8,1,292108,#N/A,Jawa,JAKARTA UTARA,CDE PICKUP,Internal,JabodetabekJAKARTA UTARACDE PICKUP,Dalam Kota,,,,4,REGULAR,7:04:00,257560,#N/A
260421C009,KLS,04/21/2026,CDELC,A8503ZX,Depok,Jabodetabek,Solar,19.62,Customer,21,1.75,8,10,234916,902503,Jawa,DEPOK,CDE,Internal,JabodetabekDEPOKCDE,Dalam Kota,,,,4,REGULAR,8:44:00,515120,152467
260421C014,KLS,04/21/2026,CDELC,A8505VC,Karawang Selatan,Jabodetabek,Solar,20.02,Customer,15,3.67,11,9,169136,#N/A,Jawa,KARAWANG SELATAN,CDE LONG CHASSIS,Internal,JabodetabekKARAWANG SELATANCDE LONG CHASSIS,Dalam Kota,,,,4,REGULAR,7:59:00,515120,#N/A
260421C011,KLS,04/21/2026,CDELC,A8520VC,Jakarta Timur,Jabodetabek,Solar,17.07,Customer,8,1.49,11,6,162576,#N/A,Jawa,JAKARTA TIMUR,CDE LONG CHASSIS,Internal,JabodetabekJAKARTA TIMURCDE LONG CHASSIS,Dalam Kota,,,,4,REGULAR,7:11:00,515120,#N/A
260421C242,KLS,04/21/2026,MVB,A8553VB,Karawang Selatan,Jabodetabek,Pertalite,10.4,Customer,4,0.0,5,3,174500,563460,Jawa,KARAWANG SELATAN,MINI VAN BOX,Internal,JabodetabekKARAWANG SELATANMINI VAN BOX,Dalam Kota,,,,4,REGULAR,6:17:00,257560,131400
260421C006,KLS,04/21/2026,MVB,A8876ZX,Bekasi,Jabodetabek,Pertalite,6.09,Customer,5,0.07,5,5,70900,390536,Jawa,BEKASI,MINI VAN BOX,Internal,JabodetabekBEKASIMINI VAN BOX,Dalam Kota,,,,4,REGULAR,6:34:00,257560,62076
260421C007,KLS,04/21/2026,CDDLC,A8908XY,Bekasi,Jabodetabek,Solar,12.49,Customer,19,4.7,16,11,84932,768772,Jawa,BEKASI,CDD LONG CHASSIS,Internal,JabodetabekBEKASICDD LONG CHASSIS,Dalam Kota,,,,4,REGULAR,6:21:00,515120,168720
260421C267,KLS,04/21/2026,CDDLC,A8961VB,Jakarta Utara,Jabodetabek,Solar,16.06,Customer,3,3.53,11,1,232708,802901,Jawa,JAKARTA UTARA,CDD PICKUP,Internal,JabodetabekJAKARTA UTARACDD PICKUP,Dalam Kota,,,,4,REGULAR,5:46:00,257560,312633
260421C232,KLS,04/21/2026,CDELC,A8965ZY,Jakarta Barat,Jabodetabek,Solar,16.78,Customer,2,4.78,11,1,177000,588293,Jawa,JAKARTA BARAT,CDE LONG CHASSIS,Internal,JabodetabekJAKARTA BARATCDE LONG CHASSIS,Dalam Kota,,,,4,REGULAR,5:47:00,257560,153733
260421L008,KLS,04/21/2026,CDDLC,A8976XY,Bandung,Jawa Barat,,,Store,21,16.0,16,1,760000,1206527,Jawa,BANDUNG,CDD LONG CHASSIS,Internal,Jawa BaratBANDUNGCDD LONG CHASSIS,Luar Kota,,,,4,REGULAR,11:17:00,257560,188967
260421C003,KLS,04/21/2026,MVB,A8983VB,Bekasi,Jabodetabek,Pertalite,9.79,Customer,7,0.11,5,6,172400,561360,Jawa,BEKASI,MINI VAN BOX,Internal,JabodetabekBEKASIMINI VAN BOX,Dalam Kota,,,,4,REGULAR,7:35:00,257560,131400
260421C047,KLS,04/21/2026,MOTOR,B5709BLU,Bekasi,Jabodetabek,Pertalite,1.18,Customer,10,0.14,0.14,9,11800,269390,Jawa,BEKASI,MOTOR BOX,Internal,JabodetabekBEKASIMOTOR BOX,Dalam Kota,,,,4,REGULAR,6:22:00,257560,30
260421C008,KLS,04/21/2026,CDELC,B9044BRO,Bekasi,Jabodetabek,Solar,10.76,Customer,13,5.01,11,10,90168,776152,Jawa,BEKASI,CDE LONG CHASSIS,Internal,JabodetabekBEKASICDE LONG CHASSIS,Dalam Kota,,,,4,REGULAR,6:34:00,515120,170864
260421C280,KLS,04/21/2026,#N/A,B9065BEN,Jakarta Utara,Jabodetabek,#N/A,20.51,Customer,6,20.66,42,1,282468,840811,Jawa,JAKARTA UTARA,WINGBOX GANJIL,Internal,JabodetabekJAKARTA UTARAWINGBOX GANJIL,Dalam Kota,,,,4,REGULAR,7:41:00,257560,300783
260421C046,KLS,04/21/2026,CDDLC,B9190SDB,Serang,Banten,Solar,34.95,Customer,2,11.0,11,2,543660,997453,Jawa,SERANG,CDD PICKUP,Internal,BantenSERANGCDD PICKUP,Dalam Kota,,,,4,REGULAR,11:10:00,257560,196233
260421C002,KLS,04/21/2026,MVB,B9642SCE,Bekasi,Jabodetabek,Pertalite,10.31,Customer,31,2.1,5,10,141600,491927,Jawa,BEKASI,MINI VAN BOX,Internal,JabodetabekBEKASIMINI VAN BOX,Dalam Kota,,,,4,REGULAR,8:06:00,257560,92767
260422L002,KLS,04/22/2026,CDELC,A8476VC,Sukabumi,Jawa Barat,,,Store,,11.0,11,1,,#N/A,Jawa,SUKABUMI,CDE LONG CHASSIS,Internal,Jawa BaratSUKABUMICDE LONG CHASSIS,Luar Kota,,,,4,REGULAR,-1107221:30:00,257560,#N/A
260422C003,KLS,04/22/2026,CDELC,A8503ZX,Depok,Jabodetabek,Solar,15.75,Customer,12,2.58,8,8,153600,563627,Jawa,DEPOK,CDE,Internal,JabodetabekDEPOKCDE,Dalam Kota,,,,4,REGULAR,7:00:00,257560,152467
260422C004,KLS,04/22/2026,MVB,B9642SCE,Purwakarta,Jawa Barat,Pertalite,161.4,Customer,15,2.6,5,11,229900,580227,Jawa,PURWAKARTA,MINI VAN BOX,Internal,Jawa BaratPURWAKARTAMINI VAN BOX,Dalam Kota,,,,4,REGULAR,7:12:00,257560,92767
260422C020,KLS,04/22/2026,MVB,A8983VB,Bekasi,Jabodetabek,Pertalite,7.6,Customer,3,1.7,5,2,105500,752020,Jawa,BEKASI,MINI VAN BOX,Internal,JabodetabekBEKASIMINI VAN BOX,Dalam Kota,,,,4,REGULAR,6:44:00,515120,131400
260422C022,KLS,04/22/2026,PICKUP,A8721ZV,Bogor,Jabodetabek,Pertalite,15.19,Customer,8,0.68,3,7,231900,595293,Jawa,BOGOR,PICKUP,Internal,JabodetabekBOGORPICKUP,Dalam Kota,,,,4,REGULAR,7:40:00,257560,105833
260422C023,KLS,04/22/2026,CDELC,A8432ZS,Bogor,Jabodetabek,Solar,21.9,Customer,10,2.23,11,6,214420,986590,Jawa,BOGOR,CDE LONG CHASSIS,Internal,JabodetabekBOGORCDE LONG CHASSIS,Dalam Kota,,,,4,REGULAR,9:20:00,515120,257050
260422C024,KLS,04/22/2026,CDDLC,A8908XY,Bekasi,Jabodetabek,Solar,16.04,Customer,20,10.3,16,15,109072,792912,Jawa,BEKASI,CDD LONG CHASSIS,Internal,JabodetabekBEKASICDD LONG CHASSIS,Dalam Kota,,,,4,REGULAR,7:36:00,515120,168720
260422C025,KLS,04/22/2026,CDELC,A8002XW,Bekasi,Jabodetabek,Solar,7.78,Customer,17,3.85,11,10,52904,720491,Jawa,BEKASI,CDE LONG CHASSIS,Internal,JabodetabekBEKASICDE LONG CHASSIS,Dalam Kota,,,,4,REGULAR,7:35:00,515120,152467
260422C026,KLS,04/22/2026,CDELC,B9044BRO,Bekasi,Jabodetabek,Solar,9.17,Customer,15,4.81,11,7,80356,766340,Jawa,BEKASI,CDE LONG CHASSIS,Internal,JabodetabekBEKASICDE LONG CHASSIS,Dalam Kota,,,,4,REGULAR,7:25:00,515120,170864
260422C027,KLS,04/22/2026,CDELC,A8505VC,Jakarta Barat,Jabodetabek,Solar,22.75,Customer,57,11.0,11,2,233700,#N/A,Jawa,JAKARTA BARAT,CDE LONG CHASSIS,Internal,JabodetabekJAKARTA BARATCDE LONG CHASSIS,Dalam Kota,,,,4,REGULAR,6:52:00,257560,#N/A
260422C028,KLS,04/22/2026,MVB,A8553VB,Jakarta Timur,Jabodetabek,Pertalite,11.68,Customer,8,4.5,5,7,175800,822320,Jawa,JAKARTA TIMUR,MINI VAN BOX,Internal,JabodetabekJAKARTA TIMURMINI VAN BOX,Dalam Kota,,,,4,REGULAR,7:14:00,515120,131400
260422C031,KLS,04/22/2026,MVB,A8017VC,Jakarta Utara,Jabodetabek,Pertalite,15.29,Customer,14,2.25,5,10,228900,1029720,Jawa,JAKARTA UTARA,MINI VAN BOX,Internal,JabodetabekJAKARTA UTARAMINI VAN BOX,Dalam Kota,,,,4,REGULAR,9:16:00,515120,285700
260422C032,KLS,04/22/2026,MVB,A8876ZX,Karawang Selatan,Jabodetabek,Pertalite,6.75,Customer,10,1.83,5,8,104500,424136,Jawa,KARAWANG SELATAN,MINI VAN BOX,Internal,JabodetabekKARAWANG SELATANMINI VAN BOX,Dalam Kota,,,,4,REGULAR,7:13:00,257560,62076
260422C033,KLS,04/22/2026,CDELC,A8520VC,Karawang Selatan,Jabodetabek,Solar,17.37,Customer,8,2.79,11,5,177116,#N/A,Jawa,KARAWANG SELATAN,CDE LONG CHASSIS,Internal,JabodetabekKARAWANG SELATANCDE LONG CHASSIS,Dalam Kota,,,,4,REGULAR,7:31:00,515120,#N/A
260422C034,KLS,04/22/2026,CDDLC,A8961VB,Jakarta Utara,Jabodetabek,Solar,12.9,Customer,5,13.0,13,5,220720,790913,Jawa,JAKARTA UTARA,CDD PICK UP,Internal,JabodetabekJAKARTA UTARACDD PICK UP,Dalam Kota,,,,4,REGULAR,9:31:00,257560,312633
260422C035,KLS,04/22/2026,CDDLC,B9190SDB,Subang,Jawa Barat,Solar,21.83,Customer,4,13.0,13,2,346444,1057797,Jawa,SUBANG,CDD PICK UP,Internal,Jawa BaratSUBANGCDD PICK UP,DALAM KOTA,,,,4,REGULAR,6:46:00,515120,196233
260422C036,KLS,04/22/2026,CDELC,A8339ZS,Tangerang,Jabodetabek,Solar,13.02,Customer,1,6.42,7,1,159536,940256,Jawa,TANGERANG,CDE PICK UP,Internal,JabodetabekTANGERANGCDE PICK UP,Dalam Kota,,,,4,REGULAR,7:19:00,515120,265600
260422C041,KLS,04/22/2026,MVB,B9320SCE,Bogor,Jabodetabek,Pertalite,19.19,Customer,5,5.0,5,5,276900,620600,Jawa,BOGOR,MINI VAN BOX,Internal,JabodetabekBOGORMINI VAN BOX,Dalam Kota,,,,4,REGULAR,8:44:00,257560,86140
260422C072,KLS,04/22/2026,MOTOR,B5709BLU,Bekasi,Jabodetabek,Pertalite,1.66,Customer,8,0.14,0.14,8,16600,274190,Jawa,BEKASI,MOTOR BOX,Internal,JabodetabekBEKASIMOTOR BOX,Dalam Kota,,,,4,REGULAR,7:06:00,257560,30
260422C201,KLS,04/22/2026,CDELC,A8159ZC,Jakarta Utara,Jabodetabek,Solar,19.31,Customer,7,3.53,11,4,223808,921795,Jawa,JAKARTA UTARA,CDE LONG CHASSIS,Internal,JabodetabekJAKARTA UTARACDE LONG CHASSIS,Dalam Kota,,,,4,REGULAR,12:17:00,515120,182867
260422C208,KLS,04/22/2026,CDELC,A8965ZY,Purwakarta,Jawa Barat,Solar,27.2,Customer,8,4.4,11,4,424500,835793,Jawa,PURWAKARTA,CDE LONG CHASSIS,Internal,Jawa BaratPURWAKARTACDE LONG CHASSIS,Dalam Kota,,,,4,REGULAR,8:55:00,257560,153733
260422C240,KLS,04/22/2026,MVB,A8304VC,Bekasi,Jabodetabek,Pertalite,9.48,Customer,3,5.0,5,3,127800,#N/A,Jawa,BEKASI,MINI VAN BOX,Internal,JabodetabekBEKASIMINI VAN BOX,Dalam Kota,,,,4,REGULAR,32:16:00,257560,#N/A
260422H055,KLS,04/22/2026,WINGBOX,B9065BEN,Jakarta Barat,Jabodetabek,Solar,27.43,HUB,120,24.05,42,4,268524,1127651,Jawa,JAKARTA BARAT,WINGBOX,Internal,JabodetabekJAKARTA BARATWINGBOX,Dalam Kota,,,,4,REGULAR,7:06:00,257560,601567
260422L003,KLS,04/22/2026,CDDLC,A8976XY,Bandung,Jawa Barat,,,Store,74,16.0,16,1,817500,1264027,Jawa,BANDUNG,CDD LONG CHASSIS,Internal,Jawa BaratBANDUNGCDD LONG CHASSIS,Luar Kota,,,,4,REGULAR,11:35:00,257560,188967
260421C291,KLS,04/22/2026,CDDLC,A8486VC,Bekasi,Jabodetabek,Solar,17.74,Customer,1,13.0,13,1,223632,#N/A,Jawa,BEKASI,CDD PICK UP,Internal,JabodetabekBEKASICDD PICK UP,Dalam Kota,,,,4,REGULAR,8:36:00,257560,#N/A
260422S001,KLS,04/22/2026,CDELC,A8020VC,Jakarta Barat,Jabodetabek,Solar,11.76,Customer via Hub,20,3.7,11,2,108968,394668,Jawa,JAKARTA BARAT,CDE LONG CHASSIS,Internal,JabodetabekJAKARTA BARATCDE LONG CHASSIS,Dalam Kota,,,,4,REGULAR,7:41:00,,285700
260422S008,KLS,04/22/2026,MVB,A8437ZH,Jakarta Pusat,Jabodetabek,Pertalite,5.8,Customer via Hub,6,2.5,5,3,87000,197600,Jawa,JAKARTA PUSAT,MINI VAN BOX,Internal,JabodetabekJAKARTA PUSATMINI VAN BOX,Dalam Kota,,,,4,REGULAR,3:58:00,,110600
260422S010,KLS,04/22/2026,CDELC,A8481ZH,Jakarta Utara,Jabodetabek,Solar,9.44,Customer via Hub,8,3.0,11,3,64192,285359,Jawa,JAKARTA UTARA,CDE LONG CHASSIS,Internal,JabodetabekJAKARTA UTARACDE LONG CHASSIS,Dalam Kota,,,,4,REGULAR,7:27:00,,221167
260422S011,KLS,04/22/2026,MVB,A8537ZF,Jakarta Selatan,Jabodetabek,Pertalite,10.9,Customer via Hub,6,5.0,5,2,193000,303600,Jawa,JAKARTA SELATAN,MINI VAN BOX,Internal,JabodetabekJAKARTA SELATANMINI VAN BOX,Dalam Kota,,,,4,REGULAR,6:56:00,,110600
260422S003,KLS,04/22/2026,MVB,A8542XB,Serang,Banten,Pertalite,10241.67,Customer via Hub,10,5.0,5,2,181400,181400,Jawa,SERANG,MINI VAN BOX,Internal,BantenSERANGMINI VAN BOX,Dalam Kota,,,,4,REGULAR,5:44:00,,0
260422S002,KLS,04/22/2026,CDELC,A8717VB,Cilegon,Banten,Solar,27.65,Customer via Hub,14,2.26,11,3,332020,617720,Jawa,CILEGON,CDE LONG CHASSIS,Internal,BantenCILEGONCDE LONG CHASSIS,Dalam Kota,,,,4,REGULAR,10:18:00,,285700
260422S005,KLS,04/22/2026,CDELC,A8721VB,Tangerang,Jabodetabek,Solar,13.24,Customer via Hub,16,2.34,11,2,96432,382132,Jawa,TANGERANG,CDE LONG CHASSIS,Internal,JabodetabekTANGERANGCDE LONG CHASSIS,Dalam Kota,,,,4,REGULAR,9:36:00,,285700
260422S009,KLS,04/22/2026,CDELC,A8757VB,Tangerang,Jabodetabek,Solar,11.49,Customer via Hub,7,2.73,11,2,105682,391382,Jawa,TANGERANG,CDE LONG CHASSIS,Internal,JabodetabekTANGERANGCDE LONG CHASSIS,Dalam Kota,,,,4,REGULAR,6:48:00,,285700
260422S006,KLS,04/22/2026,CDELC,A8759VB,Tangerang,Jabodetabek,,,Customer via Hub,4,11.0,11,3,141950,427650,Jawa,TANGERANG,CDE LONG CHASSIS,Internal,JabodetabekTANGERANGCDE LONG CHASSIS,Dalam Kota,,,,4,REGULAR,8:06:00,,285700
260422S004,KLS,04/22/2026,CDELC,A8801XZ,Tangerang,Jabodetabek,Solar,15.14,Customer via Hub,10,2.71,7,2,148152,298885,Jawa,TANGERANG,CDE PICK UP,Internal,JabodetabekTANGERANGCDE PICK UP,Dalam Kota,,,,4,REGULAR,8:51:00,,150733
260422S012,KLS,04/22/2026,CDELC,A8910VB,Tangerang,Jabodetabek,Solar,14134.13,Customer via Hub,6,2.28,11,2,263012,548712,Jawa,TANGERANG,CDE LONG CHASSIS,Internal,JabodetabekTANGERANGCDE LONG CHASSIS,Dalam Kota,,,,4,REGULAR,7:41:00,,285700
260422S007,KLS,04/22/2026,CDELC,A8912VB,Jakarta Selatan,Jabodetabek,Solar,11.93,Customer via Hub,7,2.98,11,5,110124,375417,Jawa,JAKARTA SELATAN,CDE LONG CHASSIS,Internal,JabodetabekJAKARTA SELATANCDE LONG CHASSIS,Dalam Kota,,,,4,REGULAR,12:17:00,,265293
260423C019,KLS,04/23/2026,MVB,A8304VC,Bekasi,Jabodetabek,Pertalite,10.01,Customer,12,5.0,5,8,155100,#N/A,Jawa,BEKASI,MINI VAN BOX,Internal,JabodetabekBEKASIMINI VAN BOX,Dalam Kota,,,,4,REGULAR,7:31:00,257560,#N/A
260423C020,KLS,04/23/2026,CDELC,A8432ZS,Bogor,Jabodetabek,Solar,16.19,Customer,5,11.0,11,4,154000,926170,Jawa,BOGOR,CDE LONG CHASSIS,Internal,JabodetabekBOGORCDE LONG CHASSIS,Dalam Kota,,,,4,REGULAR,7:50:00,515120,257050
260423C021,KLS,04/23/2026,MVB,B9320SCE,Bogor,Jabodetabek,Pertalite,14.65,Customer,11,5.0,5,5,204000,547700,Jawa,BOGOR,MINI VAN BOX,Internal,JabodetabekBOGORMINI VAN BOX,Dalam Kota,,,,4,REGULAR,6:54:00,257560,86140
260423C022,KLS,04/23/2026,CDELC,A8486VC,Bekasi,Jabodetabek,Solar,11.91,Customer,14,6.42,7,8,81000,#N/A,Jawa,BEKASI,CDE PICK UP,Internal,JabodetabekBEKASICDE PICK UP,Dalam Kota,,,,4,REGULAR,7:07:00,515120,#N/A
260423C023,KLS,04/23/2026,CDELC,A8159ZC,Bekasi,Jabodetabek,Solar,10.12,Customer,16,4.0,11,8,73000,770987,Jawa,BEKASI,CDE LONG CHASSIS,Internal,JabodetabekBEKASICDE LONG CHASSIS,Dalam Kota,,,,4,REGULAR,6:13:00,515120,182867
260423C025,KLS,04/23/2026,CDELC,A8503ZX,Depok,Jabodetabek,Solar,21.26,Customer,11,3.68,8,9,219068,886655,Jawa,DEPOK,CDE,Internal,JabodetabekDEPOKCDE,Dalam Kota,,,,4,REGULAR,8:45:00,515120,152467
260423H005,KLS,04/23/2026,WINGBOX,B9068BEN,Jakarta Barat,Jabodetabek,Solar,28.51,HUB,193,27.17,42,2,276000,576276,Jawa,JAKARTA BARAT,WINGBOX,Internal,JabodetabekJAKARTA BARATWINGBOX,Dalam Kota,,,,4,REGULAR,5:19:00,257560,42716
260423C026,KLS,04/23/2026,CDELC,A8505VC,Karawang Selatan,Jabodetabek,Solar,12.51,Customer,10,4.2,11,6,118000,#N/A,Jawa,KARAWANG SELATAN,CDE LONG CHASSIS,Internal,JabodetabekKARAWANG SELATANCDE LONG CHASSIS,Dalam Kota,,,,4,REGULAR,7:05:00,515120,#N/A
260423C027,KLS,04/23/2026,CDELC,A8476VC,Purwakarta,Jawa Barat,Solar,19.25,Customer,15,3.27,11,8,184500,#N/A,Jawa,PURWAKARTA,CDE LONG CHASSIS,Internal,Jawa BaratPURWAKARTACDE LONG CHASSIS,Dalam Kota,,,,4,REGULAR,7:26:00,515120,#N/A
260423C030,KLS,04/23/2026,CDELC,A8520VC,Bekasi,Jabodetabek,,13.48,Customer,16,3.6,11,14,107500,#N/A,Jawa,BEKASI,CDE LONG CHASSIS,Internal,JabodetabekBEKASICDE LONG CHASSIS,Dalam Kota,,,,4,REGULAR,7:58:00,515120,#N/A
260423C039,KLS,04/23/2026,CDELC,A8002XW,Bogor,Jabodetabek,Solar,14.04,Customer,6,3.1,11,4,158500,826087,Jawa,BOGOR,CDE LONG CHASSIS,Internal,JabodetabekBOGORCDE LONG CHASSIS,Dalam Kota,,,,4,REGULAR,6:09:00,515120,152467
260423C040,KLS,04/23/2026,MVB,A8983VB,Bekasi,Jabodetabek,Pertalite,11.96,Customer,11,1.03,5,9,200100,589060,Jawa,BEKASI,MINI VAN BOX,Internal,JabodetabekBEKASIMINI VAN BOX,Dalam Kota,,,,4,REGULAR,9:17:00,257560,131400
260423C041,KLS,04/23/2026,CDELC,A8098ZH,Jakarta Timur,Jabodetabek,Solar,17.18,Customer,13,4.47,11,9,178824,915111,Jawa,JAKARTA TIMUR,CDE LONG CHASSIS,Internal,JabodetabekJAKARTA TIMURCDE LONG CHASSIS,Dalam Kota,,,,4,REGULAR,9:40:00,515120,221167
260423C042,KLS,04/23/2026,MVB,A8373VC,Jakarta Timur,Jabodetabek,Pertalite,11.93,Customer,5,5.0,5,4,166300,#N/A,Jawa,JAKARTA TIMUR,MINI VAN BOX,Internal,JabodetabekJAKARTA TIMURMINI VAN BOX,Dalam Kota,,,,4,REGULAR,5:45:00,257560,#N/A
260423C043,KLS,04/23/2026,CDELC,B9044BRO,Jakarta Utara,Jabodetabek,Solar,16.25,Customer,15,2.95,11,12,219500,905484,Jawa,JAKARTA UTARA,CDE LONG CHASSIS,Internal,JabodetabekJAKARTA UTARACDE LONG CHASSIS,Dalam Kota,,,,4,REGULAR,12:13:00,515120,170864
260423C045,KLS,04/23/2026,MVB,A8017VC,Jakarta Utara,Jabodetabek,Pertalite,11.64,Customer,9,1.08,5,7,174400,717660,Jawa,JAKARTA UTARA,MINI VAN BOX,Internal,JabodetabekJAKARTA UTARAMINI VAN BOX,Dalam Kota,,,,4,REGULAR,8:35:00,257560,285700
260423C046,KLS,04/23/2026,MVB,A8876ZX,Karawang Selatan,Jabodetabek,Pertalite,12.66,Customer,11,5.0,5,4,203100,522736,Jawa,KARAWANG SELATAN,MINI VAN BOX,Internal,JabodetabekKARAWANG SELATANMINI VAN BOX,Dalam Kota,,,,4,REGULAR,8:22:00,257560,62076
260423C047,KLS,04/23/2026,MVB,B9642SCE,Purwakarta,Jawa Barat,Pertalite,16.69,Customer,11,5.0,5,8,241900,592227,Jawa,PURWAKARTA,MINI VAN BOX,Internal,Jawa BaratPURWAKARTAMINI VAN BOX,Dalam Kota,,,,4,REGULAR,10:23:00,257560,92767
260423C048,KLS,04/23/2026,CDDLC,A8961VB,Jakarta Utara,Jabodetabek,Solar,21.06,Customer,3,6.4,13,1,330208,900401,Jawa,JAKARTA UTARA,CDD PICK UP,Internal,JabodetabekJAKARTA UTARACDD PICK UP,Dalam Kota,,,,4,REGULAR,9:35:00,257560,312633
260423C049,KLS,04/23/2026,CDELC,A8339ZS,Subang,Jawa Barat,Solar,19.12,Customer,4,1.51,7,2,335000,1115720,Jawa,SUBANG,CDE PICK UP,Internal,Jawa BaratSUBANGCDE PICK UP,DALAM KOTA,,,,4,REGULAR,7:39:00,515120,265600
260423C113,KLS,04/23/2026,MOTOR,B5709BLU,Bekasi,Jabodetabek,Pertalite,1.61,Customer,5,0.14,0.14,4,16100,273690,Jawa,BEKASI,MOTOR BOX,Internal,JabodetabekBEKASIMOTOR BOX,Dalam Kota,,,,4,REGULAR,7:25:00,257560,30
260423C232,KLS,04/23/2026,MVB,A8553VB,Karawang Selatan,Jabodetabek,Pertalite,8.81,Customer,3,5.0,5,3,131600,520560,Jawa,KARAWANG SELATAN,MINI VAN BOX,Internal,JabodetabekKARAWANG SELATANMINI VAN BOX,Dalam Kota,,,,4,REGULAR,5:35:00,257560,131400
260423C248,KLS,04/23/2026,CDDLC,B9190SDB,Jakarta Utara,Jabodetabek,Solar,21.53,Customer,1,3.1,13,1,335904,789697,Jawa,JAKARTA UTARA,CDD PICK UP,Internal,JabodetabekJAKARTA UTARACDD PICK UP,Dalam Kota,,,,4,REGULAR,9:13:00,257560,196233
260423C249,KLS,04/23/2026,CDELC,A8048ZX,Jakarta Barat,Jabodetabek,,,Customer,1,5.1,11,1,82500,492527,Jawa,JAKARTA BARAT,CDE LONG CHASSIS,Internal,JabodetabekJAKARTA BARATCDE LONG CHASSIS,Dalam Kota,,,,4,REGULAR,23:05:00,257560,152467
260423L005,KLS,04/23/2026,CDDLC,A8908XY,Bandung,Jawa Barat,Solar,31.29,Store,74,9.75,16,1,811500,1237780,Jawa,BANDUNG,CDD LONG CHASSIS,Internal,Jawa BaratBANDUNGCDD LONG CHASSIS,Luar Kota,,,,4,REGULAR,10:09:00,257560,168720
260423X079,KLS,04/23/2026,CDDLC,A8976XY,Tangerang,Jabodetabek,Solar,32.12,Other Delivery,,16.0,16,1,400916,847443,Jawa,TANGERANG,CDD LONG CHASSIS,Internal,JabodetabekTANGERANGCDD LONG CHASSIS,Dalam Kota,,,,4,REGULAR,6:32:00,257560,188967
260423S003,KLS,04/23/2026,CDELC,A8020VC,Jakarta Selatan,Jabodetabek,Solar,17.5,Customer via Hub,20,3.19,11,7,245000,530700,Jawa,JAKARTA SELATAN,CDE LONG CHASSIS,Internal,JabodetabekJAKARTA SELATANCDE LONG CHASSIS,Dalam Kota,,,,4,REGULAR,9:10:00,,285700
260423S010,KLS,04/23/2026,MVB,A8437ZH,Tangerang,Jabodetabek,Pertalite,11.65,Customer via Hub,11,1.28,5,4,174000,284600,Jawa,TANGERANG,MINI VAN BOX,Internal,JabodetabekTANGERANGMINI VAN BOX,Dalam Kota,,,,4,REGULAR,8:01:00,,110600
260423S004,KLS,04/23/2026,CDELC,A8481ZH,Jakarta Barat,Jabodetabek,Solar,11.03,Customer via Hub,35,8.1,11,5,120000,341167,Jawa,JAKARTA BARAT,CDE LONG CHASSIS,Internal,JabodetabekJAKARTA BARATCDE LONG CHASSIS,Dalam Kota,,,,4,REGULAR,9:26:00,,221167
260423S007,KLS,04/23/2026,MVB,A8537ZF,Tangerang,Jabodetabek,Pertalite,8,Customer via Hub,14,3.8,5,9,80000,190600,Jawa,TANGERANG,MINI VAN BOX,Internal,JabodetabekTANGERANGMINI VAN BOX,Dalam Kota,,,,4,REGULAR,8:14:00,,110600
260423S005,KLS,04/23/2026,MVB,A8542XB,Jakarta Utara,Jabodetabek,Pertalite,11.89,Customer via Hub,12,5.0,5,5,118900,118900,Jawa,JAKARTA UTARA,MINI VAN BOX,Internal,JabodetabekJAKARTA UTARAMINI VAN BOX,Dalam Kota,,,,4,REGULAR,8:47:00,,0
260423S012,KLS,04/23/2026,CDELC,A8717VB,Cilegon,Banten,Solar,31.62,Customer via Hub,19,2.59,11,4,373016,658716,Jawa,CILEGON,CDE LONG CHASSIS,Internal,BantenCILEGONCDE LONG CHASSIS,Dalam Kota,,,,4,REGULAR,10:13:00,,285700
260423S002,KLS,04/23/2026,CDELC,A8721VB,Jakarta Selatan,Jabodetabek,Solar,12.94,Customer via Hub,12,4.24,11,6,142992,428692,Jawa,JAKARTA SELATAN,CDE LONG CHASSIS,Internal,JabodetabekJAKARTA SELATANCDE LONG CHASSIS,Dalam Kota,,,,4,REGULAR,10:19:00,,285700
260423S008,KLS,04/23/2026,CDELC,A8757VB,Tangerang,Jabodetabek,Solar,19.11,Customer via Hub,16,4.07,11,5,215948,501648,Jawa,TANGERANG,CDE LONG CHASSIS,Internal,JabodetabekTANGERANGCDE LONG CHASSIS,Dalam Kota,,,,4,REGULAR,9:37:00,,285700
260423S001,KLS,04/23/2026,CDELC,A8759VB,Jakarta Pusat,Jabodetabek,,,Customer via Hub,17,5.24,11,7,,285700,Jawa,JAKARTA PUSAT,CDE LONG CHASSIS,Internal,JabodetabekJAKARTA PUSATCDE LONG CHASSIS,Dalam Kota,,,,4,REGULAR,10:24:00,,285700
260423S011,KLS,04/23/2026,CDELC,A8801XZ,Serang,Banten,Solar,25.44,Customer via Hub,9,7.0,7,3,327492,478225,Jawa,SERANG,CDE PICK UP,Internal,BantenSERANGCDE PICK UP,Dalam Kota,,,,4,REGULAR,10:49:00,,150733
260423S006,KLS,04/23/2026,CDELC,A8910VB,Tangerang,Jabodetabek,Solar,7004,Customer via Hub,20,4.15,11,6,206076,491776,Jawa,TANGERANG,CDE LONG CHASSIS,Internal,JabodetabekTANGERANGCDE LONG CHASSIS,Dalam Kota,,,,4,REGULAR,11:03:00,,285700
260423S009,KLS,04/23/2026,CDELC,A8912VB,Tangerang,Jabodetabek,,,Customer via Hub,16,11.0,11,2,,265293,Jawa,TANGERANG,CDE LONG CHASSIS,Internal,JabodetabekTANGERANGCDE LONG CHASSIS,Dalam Kota,,,,4,REGULAR,11:25:00,,265293
260424C016,KLS,04/24/2026,CDELC,A8520VC,Bekasi,Jabodetabek,Solar,17.39,Customer,13,5.7,11,7,154252,#N/A,Jawa,BEKASI,CDE LONG CHASSIS,Internal,JabodetabekBEKASICDE LONG CHASSIS,Dalam Kota,,,,4,REGULAR,9:13:00,515120,#N/A
260424C017,KLS,04/24/2026,MVB,B9320SCE,Bogor,Jabodetabek,Pertalite,18.42,Customer,10,5.0,5,9,231200,832460,Jawa,BOGOR,MINI VAN BOX,Internal,JabodetabekBOGORMINI VAN BOX,Dalam Kota,,,,4,REGULAR,9:21:00,515120,86140
260424C018,KLS,04/24/2026,CDELC,A8002XW,Bogor,Jabodetabek,Solar,17.29,Customer,4,3.1,11,3,194000,861587,Jawa,BOGOR,CDE LONG CHASSIS,Internal,JabodetabekBOGORCDE LONG CHASSIS,Dalam Kota,,,,4,REGULAR,6:10:00,515120,152467
260424C019,KLS,04/24/2026,CDELC,A8432ZS,Bogor,Jabodetabek,Solar,21.99,Customer,15,3.07,11,8,226532,741142,Jawa,BOGOR,CDE LONG CHASSIS,Internal,JabodetabekBOGORCDE LONG CHASSIS,Dalam Kota,,,,4,REGULAR,9:53:00,257560,257050
260424C020,KLS,04/24/2026,CDDLC,A8288YX,Bekasi,Jabodetabek,Solar,14.89,Customer,13,16.0,16,12,101252,805339,Jawa,BEKASI,CDD LONG CHASSIS,Internal,JabodetabekBEKASICDD LONG CHASSIS,Dalam Kota,,,,4,REGULAR,7:29:00,515120,188967
260424C021,KLS,04/24/2026,CDDLC,A8908XY,Bekasi,Jabodetabek,Solar,13.41,Customer,18,16.0,16,12,91188,775028,Jawa,BEKASI,CDD LONG CHASSIS,Internal,JabodetabekBEKASICDD LONG CHASSIS,Dalam Kota,,,,4,REGULAR,7:15:00,515120,168720
260424C023,KLS,04/24/2026,CDELC,A8048ZX,Bekasi,Jabodetabek,Solar,1.47,Customer,11,3.24,11,10,0,667587,Jawa,BEKASI,CDE LONG CHASSIS,Internal,JabodetabekBEKASICDE LONG CHASSIS,Dalam Kota,,,,4,REGULAR,7:38:00,515120,152467
260424C025,KLS,04/24/2026,MVB,A8304VC,Depok,Jabodetabek,Pertalite,13.86,Customer,17,2.17,5,10,240600,#N/A,Jawa,DEPOK,MINI VAN BOX,Internal,JabodetabekDEPOKMINI VAN BOX,Dalam Kota,,,,4,REGULAR,7:41:00,515120,#N/A
260424H006,KLS,04/24/2026,WINGBOX,B9068BEN,Jakarta Barat,Jabodetabek,Solar,28.17,HUB,130,24.4,42,5,273556,616548,Jawa,JAKARTA BARAT,WINGBOX,Internal,JabodetabekJAKARTA BARATWINGBOX,Dalam Kota,,,,4,REGULAR,8:11:00,257560,85432
260424C028,KLS,04/24/2026,CDDLC,A8961VB,Jakarta Timur,Jabodetabek,Solar,13.8,Customer,5,6.76,13,3,208840,1036593,Jawa,JAKARTA TIMUR,CDD PICK UP,Internal,JabodetabekJAKARTA TIMURCDD PICK UP,Dalam Kota,,,,4,REGULAR,7:36:00,515120,312633
260424C029,KLS,04/24/2026,CDELC,A8505VC,Jakarta Timur,Jabodetabek,Solar,16.12,Customer,4,2.96,11,3,162616,#N/A,Jawa,JAKARTA TIMUR,CDE LONG CHASSIS,Internal,JabodetabekJAKARTA TIMURCDE LONG CHASSIS,Dalam Kota,,,,4,REGULAR,7:16:00,515120,#N/A
260424C030,KLS,04/24/2026,MVB,A8017VC,Jakarta Utara,Jabodetabek,Pertalite,11.98,Customer,10,2.53,5,7,178800,979620,Jawa,JAKARTA UTARA,MINI VAN BOX,Internal,JabodetabekJAKARTA UTARAMINI VAN BOX,Dalam Kota,,,,4,REGULAR,8:13:00,515120,285700
260424C032,KLS,04/24/2026,MVB,A8553VB,Karawang Selatan,Jabodetabek,Pertalite,10.47,Customer,10,5.0,5,8,158700,805220,Jawa,KARAWANG SELATAN,MINI VAN BOX,Internal,JabodetabekKARAWANG SELATANMINI VAN BOX,Dalam Kota,,,,4,REGULAR,6:25:00,515120,131400
260424C033,KLS,04/24/2026,CDELC,A8159ZC,Purwakarta,Jawa Barat,Solar,18.38,Customer,5,11.0,11,5,200476,898463,Jawa,PURWAKARTA,CDE LONG CHASSIS,Internal,Jawa BaratPURWAKARTACDE LONG CHASSIS,Dalam Kota,,,,4,REGULAR,7:30:00,515120,182867
260424C034,KLS,04/24/2026,CDELC,A8098ZH,Purwakarta,Jawa Barat,Solar,18.01,Customer,22,5.93,11,11,217468,953755,Jawa,PURWAKARTA,CDE LONG CHASSIS,Internal,Jawa BaratPURWAKARTACDE LONG CHASSIS,Dalam Kota,,,,4,REGULAR,8:04:00,515120,221167
260424C035,KLS,04/24/2026,CDELC,A8339ZS,Jakarta Utara,Jabodetabek,Solar,14.44,Customer,2,2.2,7,2,187192,710352,Jawa,JAKARTA UTARA,CDE PICK UP,Internal,JabodetabekJAKARTA UTARACDE PICK UP,Dalam Kota,,,,4,REGULAR,6:17:00,257560,265600
260424C036,KLS,04/24/2026,MVB,B9642SCE,Subang,Jawa Barat,Pertalite,17.74,Customer,2,1.99,5,2,365400,715727,Jawa,SUBANG,MINI VAN BOX,Internal,Jawa BaratSUBANGMINI VAN BOX,DALAM KOTA,,,,4,REGULAR,7:11:00,257560,92767
260424C037,KLS,04/24/2026,CDDLC,B9190SDB,Tangerang,Jabodetabek,Solar,27.99,Customer,1,2.73,13,2,305832,1017185,Jawa,TANGERANG,CDD PICK UP,Internal,JabodetabekTANGERANGCDD PICK UP,Dalam Kota,,,,4,REGULAR,8:05:00,515120,196233
260424C114,KLS,04/24/2026,CDELC,B9044BRO,Jakarta Utara,Jabodetabek,Solar,15.33,Customer,7,8.92,11,5,211244,897228,Jawa,JAKARTA UTARA,CDE LONG CHASSIS,Internal,JabodetabekJAKARTA UTARACDE LONG CHASSIS,Dalam Kota,,,,4,REGULAR,8:59:00,515120,170864
260424C115,KLS,04/24/2026,MVB,A8983VB,Bekasi,Jabodetabek,Pertalite,8.58,Customer,9,3.67,5,5,154800,801320,Jawa,BEKASI,MINI VAN BOX,Internal,JabodetabekBEKASIMINI VAN BOX,Dalam Kota,,,,4,REGULAR,7:34:00,515120,131400
260424C117,KLS,04/24/2026,MOTOR,B5709BLU,Bekasi,Jabodetabek,Pertalite,1.38,Customer,4,0.14,0.14,4,13800,271390,Jawa,BEKASI,MOTOR BOX,Internal,JabodetabekBEKASIMOTOR BOX,Dalam Kota,,,,4,REGULAR,6:52:00,257560,30
260424L075,KLS,04/24/2026,CDDLC,A8486VC,Bandung,Jawa Barat,Solar,27.22,Store,1,9.88,13,1,805000,#N/A,Jawa,BANDUNG,CDD PICK UP,Internal,Jawa BaratBANDUNGCDD PICK UP,Luar Kota,,,,4,REGULAR,9:08:00,257560,#N/A
260424C236,KLS,04/24/2026,CDELC,A8503ZX,Bekasi,Jabodetabek,Solar,7.07,Customer,6,8.0,8,5,48076,458103,Jawa,BEKASI,CDE,Internal,JabodetabekBEKASICDE,Dalam Kota,,,,4,REGULAR,5:38:00,257560,152467
260424C237,KLS,04/24/2026,CDELC,A8476VC,Karawang Selatan,Jabodetabek,Solar,13.87,Customer,14,11.0,11,5,164816,#N/A,Jawa,KARAWANG SELATAN,CDE LONG CHASSIS,Internal,JabodetabekKARAWANG SELATANCDE LONG CHASSIS,Dalam Kota,,,,4,REGULAR,6:55:00,257560,#N/A
260424C240,KLS,04/24/2026,MVB,A8876ZX,Karawang Selatan,Jabodetabek,Pertalite,13.41,Customer,15,5.0,5,13,167100,744296,Jawa,KARAWANG SELATAN,MINI VAN BOX,Internal,JabodetabekKARAWANG SELATANMINI VAN BOX,Dalam Kota,,,,4,REGULAR,10:27:00,515120,62076
260424C249,KLS,04/24/2026,PICKUP,A8721ZV,Jakarta Barat,Jabodetabek,Pertalite,14.26,Customer,1,2.36,3,1,198600,561993,Jawa,JAKARTA BARAT,PICKUP,Internal,JabodetabekJAKARTA BARATPICKUP,Dalam Kota,,,,4,REGULAR,5:37:00,257560,105833
260424X074,KLS,04/24/2026,MVB,A8373VC,Bekasi,Jabodetabek,,,Other Delivery,,5.0,5,1,0,#N/A,Jawa,BEKASI,MINI VAN BOX,Internal,JabodetabekBEKASIMINI VAN BOX,Dalam Kota,,,,4,REGULAR,3:18:00,257560,#N/A
260424X073,KLS,04/24/2026,WINGBOX,B9068BEN,Tangerang,Jabodetabek,Solar,37.79,Other Delivery,1,42.0,42,1,513500,856492,Jawa,TANGERANG,WINGBOX,Internal,JabodetabekTANGERANGWINGBOX,Dalam Kota,,,,4,REGULAR,9:12:00,257560,85432
260424S004,KLS,04/24/2026,CDELC,A8020VC,Jakarta Barat,Jabodetabek,Solar,10.31,Customer via Hub,24,6.9,11,2,138108,423808,Jawa,JAKARTA BARAT,CDE LONG CHASSIS,Internal,JabodetabekJAKARTA BARATCDE LONG CHASSIS,Dalam Kota,,,,4,REGULAR,7:53:00,,285700
260424S003,KLS,04/24/2026,MVB,A8437ZH,Jakarta Selatan,Jabodetabek,Pertalite,5.6,Customer via Hub,5,5.0,5,3,145000,255600,Jawa,JAKARTA SELATAN,MINI VAN BOX,Internal,JabodetabekJAKARTA SELATANMINI VAN BOX,Dalam Kota,,,,4,REGULAR,6:19:00,,110600
260424S009,KLS,04/24/2026,CDELC,A8481ZH,Serang,Banten,Solar,7338.33,Customer via Hub,16,3.1,11,3,146560,367727,Jawa,SERANG,CDE LONG CHASSIS,Internal,BantenSERANGCDE LONG CHASSIS,Dalam Kota,,,,4,REGULAR,7:23:00,,221167
260424S012,KLS,04/24/2026,MVB,A8537ZF,Tangerang,Jabodetabek,Pertalite,11.1,Customer via Hub,3,2.5,5,1,161500,272100,Jawa,TANGERANG,MINI VAN BOX,Internal,JabodetabekTANGERANGMINI VAN BOX,Dalam Kota,,,,4,REGULAR,7:40:00,,110600
260424S011,KLS,04/24/2026,MVB,A8542XB,Jakarta Utara,Jabodetabek,Pertalite,6.02,Customer via Hub,5,1.13,5,4,60200,60200,Jawa,JAKARTA UTARA,MINI VAN BOX,Internal,JabodetabekJAKARTA UTARAMINI VAN BOX,Dalam Kota,,,,4,REGULAR,6:15:00,,0
260424S010,KLS,04/24/2026,CDELC,A8717VB,Cilegon,Banten,Solar,38.24,Customer via Hub,28,5.72,11,3,389532,675232,Jawa,CILEGON,CDE LONG CHASSIS,Internal,BantenCILEGONCDE LONG CHASSIS,Dalam Kota,,,,4,REGULAR,12:47:00,,285700
260424S007,KLS,04/24/2026,CDELC,A8721VB,Tangerang,Jabodetabek,Solar,11.78,Customer via Hub,7,11.0,11,2,97104,382804,Jawa,TANGERANG,CDE LONG CHASSIS,Internal,JabodetabekTANGERANGCDE LONG CHASSIS,Dalam Kota,,,,4,REGULAR,7:17:00,,285700
260424S005,KLS,04/24/2026,CDELC,A8757VB,Tangerang,Jabodetabek,,,Customer via Hub,14,5.25,11,3,,285700,Jawa,TANGERANG,CDE LONG CHASSIS,Internal,JabodetabekTANGERANGCDE LONG CHASSIS,Dalam Kota,,,,4,REGULAR,7:23:00,,285700
260424S006,KLS,04/24/2026,CDELC,A8759VB,Tangerang,Jabodetabek,Solar,18.72,Customer via Hub,13,2.64,11,4,171296,456996,Jawa,TANGERANG,CDE LONG CHASSIS,Internal,JabodetabekTANGERANGCDE LONG CHASSIS,Dalam Kota,,,,4,REGULAR,10:06:00,,285700
260424S008,KLS,04/24/2026,CDELC,A8801XZ,Tangerang,Jabodetabek,Solar,11.23,Customer via Hub,7,2.31,7,2,101364,252097,Jawa,TANGERANG,CDE PICK UP,Internal,JabodetabekTANGERANGCDE PICK UP,Dalam Kota,,,,4,REGULAR,7:53:00,,150733
260424S001,KLS,04/24/2026,CDELC,A8910VB,Jakarta Pusat,Jabodetabek,Solar,12.51,Customer via Hub,8,3.92,11,3,85068,370768,Jawa,JAKARTA PUSAT,CDE LONG CHASSIS,Internal,JabodetabekJAKARTA PUSATCDE LONG CHASSIS,Dalam Kota,,,,4,REGULAR,7:15:00,,285700
260424S002,KLS,04/24/2026,CDELC,A8912VB,Jakarta Selatan,Jabodetabek,Solar,10.83,Customer via Hub,5,11.0,11,1,65,265358,Jawa,JAKARTA SELATAN,CDE LONG CHASSIS,Internal,JabodetabekJAKARTA SELATANCDE LONG CHASSIS,Dalam Kota,,,,4,REGULAR,6:45:00,,265293
260425C017,KLS,04/25/2026,MVB,A8304VC,Bogor,Jabodetabek,Pertalite,10.23,Customer,33,2.16,5,5,137800,#N/A,Jawa,BOGOR,MINI VAN BOX,Internal,JabodetabekBOGORMINI VAN BOX,Dalam Kota,,,,4,REGULAR,5:54:00,257560,#N/A
260425C018,KLS,04/25/2026,CDELC,A8476VC,Bogor,Jabodetabek,Solar,19.26,Customer,26,11.0,11,4,212500,#N/A,Jawa,BOGOR,CDE LONG CHASSIS,Internal,JabodetabekBOGORCDE LONG CHASSIS,Dalam Kota,,,,4,REGULAR,7:37:00,515120,#N/A
260425C019,KLS,04/25/2026,MVB,A8553VB,Depok,Jabodetabek,Pertalite,13.2,Customer,45,5.0,5,7,245000,891520,Jawa,DEPOK,MINI VAN BOX,Internal,JabodetabekDEPOKMINI VAN BOX,Dalam Kota,,,,4,REGULAR,5:59:00,515120,131400
260425C020,KLS,04/25/2026,MVB,A8373VC,Jakarta Timur,Jabodetabek,Pertalite,14.33,Customer,31,1.19,5,6,189300,#N/A,Jawa,JAKARTA TIMUR,MINI VAN BOX,Internal,JabodetabekJAKARTA TIMURMINI VAN BOX,Dalam Kota,,,,4,REGULAR,6:34:00,515120,#N/A
260425C021,KLS,04/25/2026,CDELC,A8520VC,Bekasi,Jabodetabek,Solar,12.82,Customer,44,5.44,11,8,134500,#N/A,Jawa,BEKASI,CDE LONG CHASSIS,Internal,JabodetabekBEKASICDE LONG CHASSIS,Dalam Kota,,,,4,REGULAR,7:06:00,515120,#N/A
260425C022,KLS,04/25/2026,CDELC,A8505VC,Bekasi,Jabodetabek,Solar,9.95,Customer,34,4.42,11,5,98160,#N/A,Jawa,BEKASI,CDE LONG CHASSIS,Internal,JabodetabekBEKASICDE LONG CHASSIS,Dalam Kota,,,,4,REGULAR,5:08:00,515120,#N/A
260425C023,KLS,04/25/2026,CDELC,A8098ZH,Jakarta Utara,Jabodetabek,Solar,13.67,Customer,34,2.3,11,8,174956,911243,Jawa,JAKARTA UTARA,CDE LONG CHASSIS,Internal,JabodetabekJAKARTA UTARACDE LONG CHASSIS,Dalam Kota,,,,4,REGULAR,5:33:00,515120,221167
260425C024,KLS,04/25/2026,MVB,B9642SCE,Purwakarta,Jawa Barat,Pertalite,15.78,Customer,30,1.84,5,6,252800,860687,Jawa,PURWAKARTA,MINI VAN BOX,Internal,Jawa BaratPURWAKARTAMINI VAN BOX,Dalam Kota,,,,4,REGULAR,5:51:00,515120,92767
260425C029,KLS,04/25/2026,MVB,B9320SCE,Jakarta Timur,Jabodetabek,Pertalite,15.56,Customer,29,5.0,5,7,155300,756560,Jawa,JAKARTA TIMUR,MINI VAN BOX,Internal,JabodetabekJAKARTA TIMURMINI VAN BOX,Dalam Kota,,,,4,REGULAR,5:44:00,515120,86140
260425H010,KLS,04/25/2026,CDDLC,A8961VB,Jakarta Barat,Jabodetabek,Solar,17.56,HUB,309,13.0,13,2,193408,763601,Jawa,JAKARTA BARAT,CDD PICK UP,Internal,JabodetabekJAKARTA BARATCDD PICK UP,Dalam Kota,,,,4,REGULAR,8:50:00,257560,312633
260425C204,KLS,04/25/2026,CDDLC,B9190SDB,Tangerang,Jabodetabek,Solar,29.41,Customer,6,3.68,13,2,307000,1018353,Jawa,TANGERANG,CDD PICK UP,Internal,JabodetabekTANGERANGCDD PICK UP,Dalam Kota,,,,4,REGULAR,49:17:00,515120,196233
260425H054,KLS,04/25/2026,CDELC,A8159ZC,Jakarta Barat,Jabodetabek,Solar,14.67,HUB,11,2.88,11,2,155256,595683,Jawa,JAKARTA BARAT,CDE LONG CHASSIS,Internal,JabodetabekJAKARTA BARATCDE LONG CHASSIS,Dalam Kota,,,,4,REGULAR,8:37:00,257560,182867
260425L004,KLS,04/25/2026,CDDLC,A8908XY,Bandung,Jawa Barat,,,Store,80,16.0,16,1,812000,1238280,Jawa,BANDUNG,CDD LONG CHASSIS,Internal,Jawa BaratBANDUNGCDD LONG CHASSIS,Luar Kota,,,,4,REGULAR,9:26:00,257560,168720
260425L006,KLS,04/25/2026,CDDLC,A8486VC,Indramayu,Jawa Barat,Solar,41.66,Store,1,8.09,13,1,744500,#N/A,Jawa,INDRAMAYU,CDD PICK UP,Internal,Jawa BaratINDRAMAYUCDD PICK UP,Luar Kota,,,,4,REGULAR,8:51:00,515120,#N/A
260425C236,KLS,04/25/2026,CDDLC,A8976XY,Bekasi,Jabodetabek,Solar,11.99,Customer,4,16.0,16,2,204532,651059,Jawa,BEKASI,CDD LONG CHASSIS,Internal,JabodetabekBEKASICDD LONG CHASSIS,Dalam Kota,,,,4,REGULAR,5:32:00,257560,188967
260425S005,KLS,04/25/2026,CDELC,A8020VC,Tangerang,Jabodetabek,Solar,15.44,Customer via Hub,43,5.99,11,8,183492,469192,Jawa,TANGERANG,CDE LONG CHASSIS,Internal,JabodetabekTANGERANGCDE LONG CHASSIS,Dalam Kota,,,,4,REGULAR,7:40:00,,285700
260425S006,KLS,04/25/2026,MVB,A8537ZF,Tangerang,Jabodetabek,Pertalite,100,Customer via Hub,45,1.09,5,6,168400,279000,Jawa,TANGERANG,MINI VAN BOX,Internal,JabodetabekTANGERANGMINI VAN BOX,Dalam Kota,,,,4,REGULAR,7:23:00,,110600
260425S003,KLS,04/25/2026,CDELC,A8717VB,Jakarta Barat,Jabodetabek,,,Customer via Hub,36,11.0,11,7,,285700,Jawa,JAKARTA BARAT,CDE LONG CHASSIS,Internal,JabodetabekJAKARTA BARATCDE LONG CHASSIS,Dalam Kota,,,,4,REGULAR,45:21:00,,285700
260425S004,KLS,04/25/2026,CDELC,A8757VB,Jakarta Utara,Jabodetabek,Solar,17.35,Customer via Hub,43,11.0,11,8,118000,403700,Jawa,JAKARTA UTARA,CDE LONG CHASSIS,Internal,JabodetabekJAKARTA UTARACDE LONG CHASSIS,Dalam Kota,,,,4,REGULAR,9:15:00,,285700
260425S002,KLS,04/25/2026,CDELC,A8759VB,Jakarta Selatan,Jabodetabek,Solar,17,Customer via Hub,50,2.82,11,7,17102,302802,Jawa,JAKARTA SELATAN,CDE LONG CHASSIS,Internal,JabodetabekJAKARTA SELATANCDE LONG CHASSIS,Dalam Kota,,,,4,REGULAR,9:10:00,,285700
260425S007,KLS,04/25/2026,CDELC,A8801XZ,Cilegon,Banten,Solar,32.71,Customer via Hub,27,3.52,7,4,222400,373133,Jawa,CILEGON,CDE PICK UP,Internal,BantenCILEGONCDE PICK UP,Dalam Kota,,,,4,REGULAR,12:41:00,,150733
260425S001,KLS,04/25/2026,CDELC,A8910VB,Jakarta Pusat,Jabodetabek,Solar,68.75,Customer via Hub,70,2.41,11,11,87600,373300,Jawa,JAKARTA PUSAT,CDE LONG CHASSIS,Internal,JabodetabekJAKARTA PUSATCDE LONG CHASSIS,Dalam Kota,,,,4,REGULAR,10:49:00,,285700
260427C001,KLS,04/27/2026,CDELC,A8503ZX,Bekasi,Jabodetabek,Solar,12.56,Customer,2,4.76,8,2,123908,791495,Jawa,BEKASI,CDE,Internal,JabodetabekBEKASICDE,Dalam Kota,,,,4,REGULAR,6:14:00,515120,152467
260427C002,KLS,04/27/2026,MVB,B9320SCE,Bogor,Jabodetabek,Pertalite,13.28,Customer,5,5.0,5,4,151800,753060,Jawa,BOGOR,MINI VAN BOX,Internal,JabodetabekBOGORMINI VAN BOX,Dalam Kota,,,,4,REGULAR,6:14:00,515120,86140
260427C003,KLS,04/27/2026,MVB,B9642SCE,Bogor,Jabodetabek,Pertalite,20.04,Customer,5,3.4,5,4,336900,944787,Jawa,BOGOR,MINI VAN BOX,Internal,JabodetabekBOGORMINI VAN BOX,Dalam Kota,,,,4,REGULAR,7:34:00,515120,92767
260427C004,KLS,04/27/2026,CDELC,A8432ZS,Bogor,Jabodetabek,Solar,18.28,Customer,27,11.0,11,8,217304,989474,Jawa,BOGOR,CDE LONG CHASSIS,Internal,JabodetabekBOGORCDE LONG CHASSIS,Dalam Kota,,,,4,REGULAR,7:46:00,515120,257050
260427C005,KLS,04/27/2026,CDDLC,A8288YX,Bekasi,Jabodetabek,Solar,12.58,Customer,13,16.0,16,10,85544,789631,Jawa,BEKASI,CDD LONG CHASSIS,Internal,JabodetabekBEKASICDD LONG CHASSIS,Dalam Kota,,,,4,REGULAR,7:14:00,515120,188967
260427C006,KLS,04/27/2026,CDELC,A8486VC,Bekasi,Jabodetabek,Solar,5.27,Customer,15,7.0,7,8,35836,#N/A,Jawa,BEKASI,CDE PICK UP,Internal,JabodetabekBEKASICDE PICK UP,Dalam Kota,,,,4,REGULAR,7:13:00,515120,#N/A
260427C007,KLS,04/27/2026,CDELC,A8098ZH,Bekasi,Jabodetabek,Solar,12.91,Customer,22,2.66,11,8,105788,842075,Jawa,BEKASI,CDE LONG CHASSIS,Internal,JabodetabekBEKASICDE LONG CHASSIS,Dalam Kota,,,,4,REGULAR,8:20:00,515120,221167
260427H001,KLS,04/27/2026,WINGBOX,B9068BEN,Jakarta Barat,Jabodetabek,Solar,34.5,HUB,194,25.41,42,1,234600,663024,Jawa,JAKARTA BARAT,WINGBOX,Internal,JabodetabekJAKARTA BARATWINGBOX,Dalam Kota,,,,4,REGULAR,23:52:00,257560,170864
260427C008,KLS,04/27/2026,MVB,A8553VB,Jakarta Timur,Jabodetabek,Pertalite,9.77,Customer,7,1.69,5,7,143700,790220,Jawa,JAKARTA TIMUR,MINI VAN BOX,Internal,JabodetabekJAKARTA TIMURMINI VAN BOX,Dalam Kota,,,,4,REGULAR,6:34:00,515120,131400
260427C009,KLS,04/27/2026,MVB,A8017VC,Jakarta Utara,Jabodetabek,Pertalite,11.34,Customer,1,5.0,5,3,160400,703660,Jawa,JAKARTA UTARA,MINI VAN BOX,Internal,JabodetabekJAKARTA UTARAMINI VAN BOX,Dalam Kota,,,,4,REGULAR,8:00:00,257560,285700
260427C010,KLS,04/27/2026,CDDLC,B9190SDB,Jakarta Utara,Jabodetabek,Solar,19.55,Customer,7,13.0,13,6,313440,1024793,Jawa,JAKARTA UTARA,CDD PICK UP,Internal,JabodetabekJAKARTA UTARACDD PICK UP,Dalam Kota,,,,4,REGULAR,9:26:00,515120,196233
260427C011,KLS,04/27/2026,MVB,A8504ZX,Karawang Selatan,Jabodetabek,Pertalite,10.7,Customer,8,5.0,5,4,140000,729220,Jawa,KARAWANG SELATAN,MINI VAN BOX,Internal,JabodetabekKARAWANG SELATANMINI VAN BOX,Dalam Kota,,,,4,REGULAR,7:01:00,515120,74100
260427C012,KLS,04/27/2026,CDELC,A8339ZS,Purwakarta,Jawa Barat,Solar,21.38,Customer,22,3.59,7,8,208884,989604,Jawa,PURWAKARTA,CDE PICK UP,Internal,Jawa BaratPURWAKARTACDE PICK UP,Dalam Kota,,,,4,REGULAR,9:07:00,515120,265600
260427C014,KLS,04/27/2026,CDELC,A8159ZC,Purwakarta,Jawa Barat,Solar,22.47,Customer,9,11.0,11,4,218796,916783,Jawa,PURWAKARTA,CDE LONG CHASSIS,Internal,Jawa BaratPURWAKARTACDE LONG CHASSIS,Dalam Kota,,,,4,REGULAR,8:39:00,515120,182867
260427C015,KLS,04/27/2026,CDELC,A8476VC,Karawang Selatan,Jabodetabek,Solar,14.72,Customer,10,2.87,11,8,154096,#N/A,Jawa,KARAWANG SELATAN,CDE LONG CHASSIS,Internal,JabodetabekKARAWANG SELATANCDE LONG CHASSIS,Dalam Kota,,,,4,REGULAR,8:18:00,515120,#N/A
260427C016,KLS,04/27/2026,CDDLC,A8961VB,Jakarta Utara,Jabodetabek,Solar,20.48,Customer,5,6.12,13,3,317500,887693,Jawa,JAKARTA UTARA,CDD PICK UP,Internal,JabodetabekJAKARTA UTARACDD PICK UP,Dalam Kota,,,,4,REGULAR,6:56:00,257560,312633
260427C018,KLS,04/27/2026,MVB,A8373VC,Jakarta Timur,Jabodetabek,Pertalite,10.89,Customer,31,5.0,5,5,171900,#N/A,Jawa,JAKARTA TIMUR,MINI VAN BOX,Internal,JabodetabekJAKARTA TIMURMINI VAN BOX,Dalam Kota,,,,4,REGULAR,6:48:00,257560,#N/A
260427C019,KLS,04/27/2026,MVB,A8983VB,Bekasi,Jabodetabek,Pertalite,8.07,Customer,5,5.0,5,3,99700,488660,Jawa,BEKASI,MINI VAN BOX,Internal,JabodetabekBEKASIMINI VAN BOX,Dalam Kota,,,,4,REGULAR,7:07:00,257560,131400
260427C039,KLS,04/27/2026,CDDLC,A8908XY,Jakarta Utara,Jabodetabek,Solar,16.37,Customer,1,16.0,16,1,264816,948656,Jawa,JAKARTA UTARA,CDD LONG CHASSIS,Internal,JabodetabekJAKARTA UTARACDD LONG CHASSIS,Dalam Kota,,,,4,REGULAR,7:16:00,515120,168720
260427C040,KLS,04/27/2026,CDELC,A8505VC,Subang,Jawa Barat,Solar,24.2,Customer,4,3.58,11,4,289560,#N/A,Jawa,SUBANG,CDE LONG CHASSIS,Internal,Jawa BaratSUBANGCDE LONG CHASSIS,DALAM KOTA,,,,4,REGULAR,7:58:00,515120,#N/A
260427C041,KLS,04/27/2026,CDELC,A8002XW,Depok,Jabodetabek,Solar,17.13,Customer,8,11.0,11,3,193500,603527,Jawa,DEPOK,CDE LONG CHASSIS,Internal,JabodetabekDEPOKCDE LONG CHASSIS,Dalam Kota,,,,4,REGULAR,7:10:00,257560,152467
260427C043,KLS,04/27/2026,FUSO,A8146YX,Jakarta Utara,Jabodetabek,Solar,19.4,Customer,1,34.0,34,1,247920,505480,Jawa,JAKARTA UTARA,FUSO,Internal,JabodetabekJAKARTA UTARAFUSO,Dalam Kota,,,,4,REGULAR,8:42:00,257560,0
260427C044,KLS,04/27/2026,MOTOR,B5709BLU,Bekasi,Jabodetabek,Pertalite,1.5,Customer,7,0.14,0.14,7,15000,272590,Jawa,BEKASI,MOTOR BOX,Internal,JabodetabekBEKASIMOTOR BOX,Dalam Kota,,,,4,REGULAR,6:23:00,257560,30
260427C255,KLS,04/27/2026,MVB,A8876ZX,Bekasi,Jabodetabek,Pertalite,7.6,Customer,6,5.0,5,3,85500,405136,Jawa,BEKASI,MINI VAN BOX,Internal,JabodetabekBEKASIMINI VAN BOX,Dalam Kota,,,,4,REGULAR,6:10:00,257560,62076
260427C256,KLS,04/27/2026,MVB,A8304VC,Karawang Selatan,Jabodetabek,Pertalite,11.35,Customer,3,5.0,5,3,157000,#N/A,Jawa,KARAWANG SELATAN,MINI VAN BOX,Internal,JabodetabekKARAWANG SELATANMINI VAN BOX,Dalam Kota,,,,4,REGULAR,5:30:00,515120,#N/A
260427L008,KLS,04/27/2026,CDDLC,A8976XY,Cirebon,Jawa Barat,,,Store,41,5.93,16,1,792500,1239027,Jawa,CIREBON,CDD LONG CHASSIS,Internal,Jawa BaratCIREBONCDD LONG CHASSIS,Luar Kota,,,,4,REGULAR,14:35:00,257560,188967
260427X043,KLS,04/27/2026,CDELC,A8048ZX,Bekasi,Jabodetabek,,,Other Delivery,1,11.0,11,1,,410027,Jawa,BEKASI,CDE LONG CHASSIS,Internal,JabodetabekBEKASICDE LONG CHASSIS,Dalam Kota,,,,4,REGULAR,22:33:00,257560,152467
260427C326,KLS,04/27/2026,PICKUP,A8721ZV,Karawang Selatan,Jabodetabek,Pertalite,7.29,Customer,1,3.0,3,1,105900,469293,Jawa,KARAWANG SELATAN,PICKUP,Internal,JabodetabekKARAWANG SELATANPICKUP,Dalam Kota,,,,4,NON REGULAR,3:10:00,257560,105833
260427S011,KLS,04/27/2026,CDELC,A8020VC,Jakarta Utara,Jabodetabek,Solar,7505.5,Customer via Hub,43,6.5,11,5,103044,388744,Jawa,JAKARTA UTARA,CDE LONG CHASSIS,Internal,JabodetabekJAKARTA UTARACDE LONG CHASSIS,Dalam Kota,,,,4,REGULAR,4:24:00,,285700
260427S007,KLS,04/27/2026,MVB,A8437ZH,Jakarta Selatan,Jabodetabek,Pertalite,8.69,Customer via Hub,2,4.0,5,1,133400,244000,Jawa,JAKARTA SELATAN,MINI VAN BOX,Internal,JabodetabekJAKARTA SELATANMINI VAN BOX,Dalam Kota,,,,4,REGULAR,8:00:00,,110600
260427S001,KLS,04/27/2026,CDELC,A8481ZH,Jakarta Barat,Jabodetabek,Solar,8.24,Customer via Hub,21,5.36,11,2,84000,305167,Jawa,JAKARTA BARAT,CDE LONG CHASSIS,Internal,JabodetabekJAKARTA BARATCDE LONG CHASSIS,Dalam Kota,,,,4,REGULAR,7:08:00,,221167
260427S008,KLS,04/27/2026,MVB,A8537ZF,Jakarta Pusat,Jabodetabek,Pertalite,10.48,Customer via Hub,17,5.0,5,3,169819,280419,Jawa,JAKARTA PUSAT,MINI VAN BOX,Internal,JabodetabekJAKARTA PUSATMINI VAN BOX,Dalam Kota,,,,4,REGULAR,7:55:00,,110600
260427S006,KLS,04/27/2026,MVB,A8542XB,Jakarta Selatan,Jabodetabek,Pertalite,11.2,Customer via Hub,19,4.0,5,2,122100,122100,Jawa,JAKARTA SELATAN,MINI VAN BOX,Internal,JabodetabekJAKARTA SELATANMINI VAN BOX,Dalam Kota,,,,4,REGULAR,8:12:00,,0
260427S010,KLS,04/27/2026,CDELC,A8721VB,Tangerang,Jabodetabek,Solar,18.74,Customer via Hub,22,6.63,11,2,192932,478632,Jawa,TANGERANG,CDE LONG CHASSIS,Internal,JabodetabekTANGERANGCDE LONG CHASSIS,Dalam Kota,,,,4,REGULAR,8:21:00,,285700
260427S005,KLS,04/27/2026,CDELC,A8757VB,Tangerang,Jabodetabek,Solar,19.11,Customer via Hub,5,11.0,11,1,164948,450648,Jawa,TANGERANG,CDE LONG CHASSIS,Internal,JabodetabekTANGERANGCDE LONG CHASSIS,Dalam Kota,,,,4,REGULAR,8:17:00,,285700
260427S009,KLS,04/27/2026,CDELC,A8759VB,Cilegon,Banten,Solar,27.95,Customer via Hub,33,2.68,11,3,326060,611760,Jawa,CILEGON,CDE LONG CHASSIS,Internal,BantenCILEGONCDE LONG CHASSIS,Dalam Kota,,,,4,REGULAR,11:14:00,,285700
260427S002,KLS,04/27/2026,CDELC,A8801XZ,Serang,Banten,Solar,23.56,Customer via Hub,7,7.0,7,2,223208,373941,Jawa,SERANG,CDE PICK UP,Internal,BantenSERANGCDE PICK UP,Dalam Kota,,,,4,REGULAR,8:34:00,,150733
260427S004,KLS,04/27/2026,CDELC,A8910VB,Tangerang,Jabodetabek,Solar,6800,Customer via Hub,6,4.9,11,1,183800,469500,Jawa,TANGERANG,CDE LONG CHASSIS,Internal,JabodetabekTANGERANGCDE LONG CHASSIS,Dalam Kota,,,,4,REGULAR,8:49:00,,285700
260427S003,KLS,04/27/2026,CDELC,A8912VB,Tangerang,Jabodetabek,,,Customer via Hub,9,11.0,11,2,,265293,Jawa,TANGERANG,CDE LONG CHASSIS,Internal,JabodetabekTANGERANGCDE LONG CHASSIS,Dalam Kota,,,,4,REGULAR,6:46:00,,265293
260428C003,KLS,04/28/2026,MVB,A8504ZX,Karawang Selatan,Jabodetabek,Pertalite,9.81,Customer,7,5.0,5,6,152100,483760,Jawa,KARAWANG SELATAN,MINI VAN BOX,Internal,JabodetabekKARAWANG SELATANMINI VAN BOX,Dalam Kota,,,,4,REGULAR,7:27:00,257560,74100
260428C004,KLS,04/28/2026,CDDLC,A8288YX,Bekasi,Jabodetabek,Solar,14.6,Customer,17,16.0,16,12,99280,803367,Jawa,BEKASI,CDD LONG CHASSIS,Internal,JabodetabekBEKASICDD LONG CHASSIS,Dalam Kota,,,,4,REGULAR,7:38:00,515120,188967
260428C005,KLS,04/28/2026,CDELC,A8505VC,Bogor,Jabodetabek,Solar,21.61,Customer,16,11.0,11,8,177948,#N/A,Jawa,BOGOR,CDE LONG CHASSIS,Internal,JabodetabekBOGORCDE LONG CHASSIS,Dalam Kota,,,,4,REGULAR,12:05:00,515120,#N/A
260428C006,KLS,04/28/2026,CDELC,A8520VC,Bekasi,Jabodetabek,Solar,15.62,Customer,38,3.32,11,10,153716,#N/A,Jawa,BEKASI,CDE LONG CHASSIS,Internal,JabodetabekBEKASICDE LONG CHASSIS,Dalam Kota,,,,4,REGULAR,9:07:00,515120,#N/A
260428C007,KLS,04/28/2026,MVB,A8983VB,Bekasi,Jabodetabek,Pertalite,10.25,Customer,24,5.0,5,7,166500,555460,Jawa,BEKASI,MINI VAN BOX,Internal,JabodetabekBEKASIMINI VAN BOX,Dalam Kota,,,,4,REGULAR,8:15:00,257560,131400
260428C008,KLS,04/28/2026,MVB,B9642SCE,Bogor,Jabodetabek,Pertalite,22.4,Customer,11,5.0,5,6,294000,644327,Jawa,BOGOR,MINI VAN BOX,Internal,JabodetabekBOGORMINI VAN BOX,Dalam Kota,,,,4,REGULAR,7:40:00,257560,92767
260428C009,KLS,04/28/2026,CDELC,A8432ZS,Bogor,Jabodetabek,Solar,21.4,Customer,24,11.0,11,5,220020,734630,Jawa,BOGOR,CDE LONG CHASSIS,Internal,JabodetabekBOGORCDE LONG CHASSIS,Dalam Kota,,,,4,REGULAR,9:19:00,257560,257050
260428C010,KLS,04/28/2026,CDELC,A8159ZC,Bekasi,Jabodetabek,Solar,12.46,Customer,14,3.26,11,9,84728,782715,Jawa,BEKASI,CDE LONG CHASSIS,Internal,JabodetabekBEKASICDE LONG CHASSIS,Dalam Kota,,,,4,REGULAR,10:48:00,515120,182867
260428C011,KLS,04/28/2026,CDELC,A8503ZX,Depok,Jabodetabek,Solar,20.36,Customer,26,2.84,8,10,285948,953535,Jawa,DEPOK,CDE,Internal,JabodetabekDEPOKCDE,Dalam Kota,,,,4,REGULAR,8:32:00,515120,152467
260428H002,KLS,04/28/2026,WINGBOX,B9068BEN,Jakarta Barat,Jabodetabek,Solar,29.68,HUB,348,26.57,42,3,284000,712424,Jawa,JAKARTA BARAT,WINGBOX,Internal,JabodetabekJAKARTA BARATWINGBOX,Dalam Kota,,,,4,REGULAR,6:21:00,257560,170864
260428C012,KLS,04/28/2026,MVB,A8553VB,Jakarta Timur,Jabodetabek,Pertalite,10.68,Customer,13,5.0,5,5,139800,528760,Jawa,JAKARTA TIMUR,MINI VAN BOX,Internal,JabodetabekJAKARTA TIMURMINI VAN BOX,Dalam Kota,,,,4,REGULAR,7:29:00,257560,131400
260428C013,KLS,04/28/2026,CDELC,A8339ZS,Jakarta Utara,Jabodetabek,Solar,16.22,Customer,7,7.0,7,4,276796,1057516,Jawa,JAKARTA UTARA,CDE PICK UP,Internal,JabodetabekJAKARTA UTARACDE PICK UP,Dalam Kota,,,,4,REGULAR,7:54:00,515120,265600
260428C014,KLS,04/28/2026,MVB,A8017VC,Jakarta Utara,Jabodetabek,Pertalite,11.46,Customer,31,2.64,5,6,179600,980420,Jawa,JAKARTA UTARA,MINI VAN BOX,Internal,JabodetabekJAKARTA UTARAMINI VAN BOX,Dalam Kota,,,,4,REGULAR,7:47:00,515120,285700
260428C015,KLS,04/28/2026,MVB,B9320SCE,Karawang Selatan,Jabodetabek,Pertalite,14.28,Customer,14,5.0,5,8,175800,777060,Jawa,KARAWANG SELATAN,MINI VAN BOX,Internal,JabodetabekKARAWANG SELATANMINI VAN BOX,Dalam Kota,,,,4,REGULAR,8:31:00,515120,86140
260428C016,KLS,04/28/2026,CDELC,A8476VC,Purwakarta,Jawa Barat,Solar,25.46,Customer,11,5.91,11,7,276628,#N/A,Jawa,PURWAKARTA,CDE LONG CHASSIS,Internal,Jawa BaratPURWAKARTACDE LONG CHASSIS,Dalam Kota,,,,4,REGULAR,10:35:00,515120,#N/A
260428C017,KLS,04/28/2026,MVB,A8876ZX,Purwakarta,Jawa Barat,Pertalite,14.11,Customer,18,1.88,5,7,231100,808296,Jawa,PURWAKARTA,MINI VAN BOX,Internal,Jawa BaratPURWAKARTAMINI VAN BOX,Dalam Kota,,,,4,REGULAR,7:09:00,515120,62076
260428C021,KLS,04/28/2026,CDDLC,A8536XA,Bekasi,Jabodetabek,Solar,22.78,Customer,1,16.0,16,1,291904,745697,Jawa,BEKASI,CDD LONG CHASSIS,Internal,JabodetabekBEKASICDD LONG CHASSIS,Dalam Kota,,,,4,REGULAR,6:48:00,257560,196233
260428C022,KLS,04/28/2026,CDDLC,A8908XY,Bekasi,Jabodetabek,Solar,16.14,Customer,26,5.14,16,6,109752,793592,Jawa,BEKASI,CDD LONG CHASSIS,Internal,JabodetabekBEKASICDD LONG CHASSIS,Dalam Kota,,,,4,REGULAR,7:59:00,515120,168720
260428C044,KLS,04/28/2026,CDELC,B9044BRO,Jakarta Barat,Jabodetabek,Solar,22.39,Customer,2,9.92,11,2,266252,694676,Jawa,JAKARTA BARAT,CDE LONG CHASSIS,Internal,JabodetabekJAKARTA BARATCDE LONG CHASSIS,Dalam Kota,,,,4,REGULAR,6:22:00,257560,170864
260428C254,KLS,04/28/2026,CDELC,A8098ZH,Jakarta Timur,Jabodetabek,Solar,16.17,Customer,14,11.0,11,6,170456,906743,Jawa,JAKARTA TIMUR,CDE LONG CHASSIS,Internal,JabodetabekJAKARTA TIMURCDE LONG CHASSIS,Dalam Kota,,,,4,REGULAR,8:32:00,515120,221167
260428C258,KLS,04/28/2026,MOTOR,B5709BLU,Bekasi,Jabodetabek,Pertalite,3.38,Customer,9,0.14,0.14,7,23000,280590,Jawa,BEKASI,MOTOR BOX,Internal,JabodetabekBEKASIMOTOR BOX,Dalam Kota,,,,4,REGULAR,8:14:00,257560,30
260428C266,KLS,04/28/2026,CDDLC,A8961VB,Tangerang,Jabodetabek,Solar,25.02,Customer,2,8.53,13,2,369136,1196889,Jawa,TANGERANG,CDD PICK UP,Internal,JabodetabekTANGERANGCDD PICK UP,Dalam Kota,,,,4,REGULAR,7:12:00,515120,312633
260428C291,KLS,04/28/2026,MVB,A8373VC,Bekasi,Jabodetabek,Pertalite,10.65,Customer,4,5.0,5,3,165500,#N/A,Jawa,BEKASI,MINI VAN BOX,Internal,JabodetabekBEKASIMINI VAN BOX,Dalam Kota,,,,4,REGULAR,3:12:00,257560,#N/A
260428C309,KLS,04/28/2026,CDDLC,B9190SDB,Bekasi,Jabodetabek,Solar,15.51,Customer,18,8.87,13,7,132468,843821,Jawa,BEKASI,CDD PICK UP,Internal,JabodetabekBEKASICDD PICK UP,Dalam Kota,,,,4,REGULAR,8:23:00,515120,196233
260428L002,KLS,04/28/2026,CDDLC,A8976XY,Bandung,Jawa Barat,Solar,32.45,Store,25,8.71,16,2,813500,1260027,Jawa,BANDUNG,CDD LONG CHASSIS,Internal,Jawa BaratBANDUNGCDD LONG CHASSIS,Luar Kota,,,,4,REGULAR,13:15:00,257560,188967
260428L052,KLS,04/28/2026,FUSO,A8638VA,Tasikmalaya,Jawa Barat,Solar,89.78,Store,3,25.57,34,1,1373000,1888120,Jawa,TASIKMALAYA,FUSO,Internal,Jawa BaratTASIKMALAYAFUSO,Luar Kota,,,,4,REGULAR,21:04:00,515120,0
260428C325,KLS,04/28/2026,MVB,A8304VC,Karawang Selatan,Jabodetabek,Pertalite,9.3,Customer,2,5.0,5,1,147000,#N/A,Jawa,KARAWANG SELATAN,MINI VAN BOX,Internal,JabodetabekKARAWANG SELATANMINI VAN BOX,Dalam Kota,,,,4,NON REGULAR,5:07:00,257560,#N/A
260428S006,KLS,04/28/2026,CDELC,A8020VC,Jakarta Barat,Jabodetabek,Solar,8.83,Customer via Hub,26,4.11,11,5,131544,417244,Jawa,JAKARTA BARAT,CDE LONG CHASSIS,Internal,JabodetabekJAKARTA BARATCDE LONG CHASSIS,Dalam Kota,,,,4,REGULAR,8:42:00,,285700
260428S009,KLS,04/28/2026,MVB,A8437ZH,Tangerang,Jabodetabek,Pertalite,13.75,Customer via Hub,20,1.55,5,6,170000,280600,Jawa,TANGERANG,MINI VAN BOX,Internal,JabodetabekTANGERANGMINI VAN BOX,Dalam Kota,,,,4,REGULAR,9:38:00,,110600
260428S007,KLS,04/28/2026,CDELC,A8481ZH,Jakarta Utara,Jabodetabek,,,Customer via Hub,27,9.1,11,6,,221167,Jawa,JAKARTA UTARA,CDE LONG CHASSIS,Internal,JabodetabekJAKARTA UTARACDE LONG CHASSIS,Dalam Kota,,,,4,REGULAR,12:09:00,,221167
260428S005,KLS,04/28/2026,MVB,A8537ZF,Jakarta Selatan,Jabodetabek,Pertalite,14.5,Customer via Hub,36,2.65,5,9,304500,415100,Jawa,JAKARTA SELATAN,MINI VAN BOX,Internal,JabodetabekJAKARTA SELATANMINI VAN BOX,Dalam Kota,,,,4,REGULAR,10:40:00,,110600
260428S008,KLS,04/28/2026,MVB,A8542XB,Tangerang,Jabodetabek,Pertalite,7.91,Customer via Hub,23,5.0,5,7,151100,151100,Jawa,TANGERANG,MINI VAN BOX,Internal,JabodetabekTANGERANGMINI VAN BOX,Dalam Kota,,,,4,REGULAR,7:29:00,,0
260428S013,KLS,04/28/2026,CDELC,A8717VB,Cilegon,Banten,Solar,42.66,Customer via Hub,22,6.1,11,4,456088,741788,Jawa,CILEGON,CDE LONG CHASSIS,Internal,BantenCILEGONCDE LONG CHASSIS,Dalam Kota,,,,4,REGULAR,11:23:00,,285700
260428S010,KLS,04/28/2026,CDELC,A8721VB,Tangerang,Jabodetabek,Solar,15.46,Customer via Hub,19,2.65,11,4,142128,427828,Jawa,TANGERANG,CDE LONG CHASSIS,Internal,JabodetabekTANGERANGCDE LONG CHASSIS,Dalam Kota,,,,4,REGULAR,10:24:00,,285700
260428S011,KLS,04/28/2026,CDELC,A8757VB,Tangerang,Jabodetabek,Solar,7130.29,Customer via Hub,17,11.0,11,3,179324,465024,Jawa,TANGERANG,CDE LONG CHASSIS,Internal,JabodetabekTANGERANGCDE LONG CHASSIS,Dalam Kota,,,,4,REGULAR,9:12:00,,285700
260428S001,KLS,04/28/2026,CDELC,A8759VB,Tangerang,Jabodetabek,,,Customer via Hub,41,2.9,11,5,,285700,Jawa,TANGERANG,CDE LONG CHASSIS,Internal,JabodetabekTANGERANGCDE LONG CHASSIS,Dalam Kota,,,,4,REGULAR,8:16:00,,285700
260428S012,KLS,04/28/2026,CDELC,A8801XZ,Serang,Banten,Solar,23.18,Customer via Hub,11,7.0,7,6,157624,308357,Jawa,SERANG,CDE PICK UP,Internal,BantenSERANGCDE PICK UP,Dalam Kota,,,,4,REGULAR,8:30:00,,150733
260428S003,KLS,04/28/2026,CDELC,A8910VB,Jakarta Pusat,Jabodetabek,Solar,6994.29,Customer via Hub,38,3.1,11,7,174920,460620,Jawa,JAKARTA PUSAT,CDE LONG CHASSIS,Internal,JabodetabekJAKARTA PUSATCDE LONG CHASSIS,Dalam Kota,,,,4,REGULAR,9:32:00,,285700
260428S004,KLS,04/28/2026,CDELC,A8912VB,Jakarta Selatan,Jabodetabek,Solar,1.47,Customer via Hub,32,11.0,11,8,100,265393,Jawa,JAKARTA SELATAN,CDE LONG CHASSIS,Internal,JabodetabekJAKARTA SELATANCDE LONG CHASSIS,Dalam Kota,,,,4,REGULAR,10:24:00,,265293
260429C021,KLS,04/29/2026,MVB,A8983VB,Bekasi,Jabodetabek,Pertalite,10.75,Customer,16,1.7,5,5,178500,567460,Jawa,BEKASI,MINI VAN BOX,Internal,JabodetabekBEKASIMINI VAN BOX,Dalam Kota,,,,4,REGULAR,8:53:00,257560,131400
260429H017,KLS,04/29/2026,WINGBOX,B9068BEN,Jakarta Barat,Jabodetabek,Solar,29.38,HUB,191,36.64,42,4,281784,710208,Jawa,JAKARTA BARAT,WINGBOX,Internal,JabodetabekJAKARTA BARATWINGBOX,Dalam Kota,,,,4,REGULAR,6:06:00,257560,170864
260429C022,KLS,04/29/2026,MVB,B9320SCE,Bekasi,Jabodetabek,Pertalite,7.99,Customer,9,5.0,5,4,122900,466600,Jawa,BEKASI,MINI VAN BOX,Internal,JabodetabekBEKASIMINI VAN BOX,Dalam Kota,,,,4,REGULAR,6:25:00,257560,86140
260429C023,KLS,04/29/2026,MVB,A8553VB,Jakarta Timur,Jabodetabek,Pertalite,9.44,Customer,8,5.0,5,7,151400,540360,Jawa,JAKARTA TIMUR,MINI VAN BOX,Internal,JabodetabekJAKARTA TIMURMINI VAN BOX,Dalam Kota,,,,4,REGULAR,8:48:00,257560,131400
260429C024,KLS,04/29/2026,MVB,A8017VC,Jakarta Utara,Jabodetabek,Pertalite,14.13,Customer,12,1.03,5,9,222300,765560,Jawa,JAKARTA UTARA,MINI VAN BOX,Internal,JabodetabekJAKARTA UTARAMINI VAN BOX,Dalam Kota,,,,4,REGULAR,9:54:00,257560,285700
260429C025,KLS,04/29/2026,CDDLC,A8976XY,Bekasi,Jabodetabek,Solar,8.6,Customer,15,6.29,16,8,58480,762567,Jawa,BEKASI,CDD LONG CHASSIS,Internal,JabodetabekBEKASICDD LONG CHASSIS,Dalam Kota,,,,4,REGULAR,5:26:00,515120,188967
260429C026,KLS,04/29/2026,MVB,A8876ZX,Purwakarta,Jawa Barat,Pertalite,15.06,Customer,14,1.29,5,7,214100,533736,Jawa,PURWAKARTA,MINI VAN BOX,Internal,Jawa BaratPURWAKARTAMINI VAN BOX,Dalam Kota,,,,4,REGULAR,9:46:00,257560,62076
260429C027,KLS,04/29/2026,CDELC,A8503ZX,Bogor,Jabodetabek,Solar,23.35,Customer,17,8.0,8,10,348500,758527,Jawa,BOGOR,CDE,Internal,JabodetabekBOGORCDE,Dalam Kota,,,,4,REGULAR,11:17:00,257560,152467
260429C028,KLS,04/29/2026,CDELC,A8159ZC,Bekasi,Jabodetabek,Solar,11.22,Customer,11,11.0,11,6,93296,791283,Jawa,BEKASI,CDE LONG CHASSIS,Internal,JabodetabekBEKASICDE LONG CHASSIS,Dalam Kota,,,,4,REGULAR,6:59:00,515120,182867
260429C029,KLS,04/29/2026,CDELC,A8002XW,Depok,Jabodetabek,Solar,14.83,Customer,20,11.0,11,6,185344,852931,Jawa,DEPOK,CDE LONG CHASSIS,Internal,JabodetabekDEPOKCDE LONG CHASSIS,Dalam Kota,,,,4,REGULAR,6:54:00,515120,152467
260429C044,KLS,04/29/2026,CDELC,A8432ZS,Bogor,Jabodetabek,Solar,32.28,Customer,9,8.98,11,6,401000,1173170,Jawa,BOGOR,CDE LONG CHASSIS,Internal,JabodetabekBOGORCDE LONG CHASSIS,Dalam Kota,,,,4,REGULAR,13:01:00,515120,257050
260429C045,KLS,04/29/2026,CDDLC,A8288YX,Bekasi,Jabodetabek,,,Customer,3,16.0,16,3,,704087,Jawa,BEKASI,CDD LONG CHASSIS,Internal,JabodetabekBEKASICDD LONG CHASSIS,Dalam Kota,,,,4,REGULAR,6:04:00,515120,188967
260429C046,KLS,04/29/2026,PICKUP,A8721ZV,Jakarta Utara,Jabodetabek,Pertalite,14.73,Customer,10,3.0,3,9,212800,576193,Jawa,JAKARTA UTARA,PICKUP,Internal,JabodetabekJAKARTA UTARAPICKUP,Dalam Kota,,,,4,REGULAR,9:48:00,257560,105833
260429C047,KLS,04/29/2026,CDELC,A8339ZS,Jakarta Utara,Jabodetabek,Solar,16.91,Customer,3,2.2,7,2,255000,778160,Jawa,JAKARTA UTARA,CDE PICK UP,Internal,JabodetabekJAKARTA UTARACDE PICK UP,Dalam Kota,,,,4,REGULAR,8:54:00,257560,265600
260429C049,KLS,04/29/2026,MOTOR,B5709BLU,Bekasi,Jabodetabek,Pertalite,1.09,Customer,4,0.14,0.14,4,10900,268490,Jawa,BEKASI,MOTOR BOX,Internal,JabodetabekBEKASIMOTOR BOX,Dalam Kota,,,,4,REGULAR,6:41:00,257560,30
260429C050,KLS,04/29/2026,MVB,B9642SCE,Bogor,Jabodetabek,Pertalite,12.17,Customer,13,5.0,5,6,185200,535527,Jawa,BOGOR,MINI VAN BOX,Internal,JabodetabekBOGORMINI VAN BOX,Dalam Kota,,,,4,REGULAR,8:24:00,257560,92767
260429C051,KLS,04/29/2026,MVB,A8504ZX,Subang,Jawa Barat,Pertalite,20.56,Customer,4,5.0,5,2,390600,722260,Jawa,SUBANG,MINI VAN BOX,Internal,Jawa BaratSUBANGMINI VAN BOX,DALAM KOTA,,,,4,REGULAR,9:28:00,257560,74100
260429C052,KLS,04/29/2026,CDELC,A8098ZH,Purwakarta,Jawa Barat,Solar,18.07,Customer,6,10.87,11,5,176876,913163,Jawa,PURWAKARTA,CDE LONG CHASSIS,Internal,Jawa BaratPURWAKARTACDE LONG CHASSIS,Dalam Kota,,,,4,REGULAR,7:32:00,515120,221167
260429C053,KLS,04/29/2026,CDELC,A8476VC,Karawang Selatan,Jabodetabek,Solar,11.57,Customer,7,11.0,11,2,132676,#N/A,Jawa,KARAWANG SELATAN,CDE LONG CHASSIS,Internal,JabodetabekKARAWANG SELATANCDE LONG CHASSIS,Dalam Kota,,,,4,REGULAR,7:08:00,257560,#N/A
260429C054,KLS,04/29/2026,CDELC,A8505VC,Karawang Selatan,Jabodetabek,Solar,13.63,Customer,10,11.0,11,6,125684,#N/A,Jawa,KARAWANG SELATAN,CDE LONG CHASSIS,Internal,JabodetabekKARAWANG SELATANCDE LONG CHASSIS,Dalam Kota,,,,4,REGULAR,7:06:00,515120,#N/A
260429C073,KLS,04/29/2026,MVB,A8373VC,Jakarta Timur,Jabodetabek,Pertalite,11.51,Customer,18,3.62,5,9,199600,#N/A,Jawa,JAKARTA TIMUR,MINI VAN BOX,Internal,JabodetabekJAKARTA TIMURMINI VAN BOX,Dalam Kota,,,,4,REGULAR,8:30:00,515120,#N/A
260429C119,KLS,04/29/2026,CDDLC,A8961VB,Tangerang,Jabodetabek,Solar,30.43,Customer,1,13.0,13,1,322500,1150253,Jawa,TANGERANG,CDD PICK UP,Internal,JabodetabekTANGERANGCDD PICK UP,Dalam Kota,,,,4,REGULAR,24:20:00,515120,312633
260429C193,KLS,04/29/2026,CDDLC,A8536XA,Tangerang,Jabodetabek,Solar,24.49,Customer,1,8.0,16,1,166532,877885,Jawa,TANGERANG,CDD LONG CHASSIS,Internal,JabodetabekTANGERANGCDD LONG CHASSIS,Dalam Kota,,,,4,REGULAR,6:32:00,515120,196233
260429C242,KLS,04/29/2026,MVB,A8304VC,Subang,Jawa Barat,Pertalite,16.83,Customer,9,1.18,5,1,350800,#N/A,Jawa,SUBANG,MINI VAN BOX,Internal,Jawa BaratSUBANGMINI VAN BOX,DALAM KOTA,,,,4,REGULAR,7:47:00,515120,#N/A
260429L003,KLS,04/29/2026,CDDLC,A8520VC,Sukabumi,Jawa Barat,Solar,37.37,Store,37,4.1,16,1,428116,#N/A,Jawa,SUKABUMI,CDD LONG CHASSIS,Internal,Jawa BaratSUKABUMICDD LONG CHASSIS,Luar Kota,,,,4,REGULAR,8:27:00,257560,#N/A
260429L004,KLS,04/29/2026,CDDLC,B9190SDB,Bandung,Jawa Barat,Solar,30.86,Store,55,14.65,16,2,811000,1264793,Jawa,BANDUNG,CDD LONG CHASSIS,Internal,Jawa BaratBANDUNGCDD LONG CHASSIS,Luar Kota,,,,4,REGULAR,10:37:00,257560,196233
260429L013,KLS,04/29/2026,CDELC,A8908XY,Bandung,Jawa Barat,,,Store,1,3.56,8,1,814500,1240780,Jawa,BANDUNG,CDE,Internal,Jawa BaratBANDUNGCDE,Luar Kota,,,,4,REGULAR,7:23:00,257560,168720
260429C265,KLS,04/29/2026,CDDLC,A8486ZH,Karawang Selatan,Jabodetabek,Solar,15.74,Customer,6,16.0,16,5,253000,776560,Jawa,KARAWANG SELATAN,CDD LONG CHASSIS,Internal,JabodetabekKARAWANG SELATANCDD LONG CHASSIS,Dalam Kota,,,,4,REGULAR,9:15:00,257560,266000
260429C266,KLS,04/29/2026,CDELC,A8048ZX,Bekasi,Jabodetabek,,0,Customer,3,11.0,11,3,0,410027,Jawa,BEKASI,CDE LONG CHASSIS,Internal,JabodetabekBEKASICDE LONG CHASSIS,Dalam Kota,,,,4,REGULAR,5:29:00,257560,152467
260430L012,KLS,04/29/2026,CDELC,A8486VC,Cirebon,Jawa Barat,Dexlite,52.6,Store,1,11.0,11,1,802000,#N/A,Jawa,CIREBON,CDE LONG CHASSIS,Internal,Jawa BaratCIREBONCDE LONG CHASSIS,Luar Kota,,,,4,REGULAR,15:22:00,515120,#N/A
260429H062,KLS,04/29/2026,CDELC,B9044BRO,Jakarta Barat,Jabodetabek,Solar,13.21,HUB,1,9.51,11,1,147828,490820,Jawa,JAKARTA BARAT,CDE LONG CHASSIS,Internal,JabodetabekJAKARTA BARATCDE LONG CHASSIS,Dalam Kota,,,,4,REGULAR,1107392:13:00,257560,85432
260429C280,KLS,04/29/2026,CDELC,B9044BRO,Jakarta Barat,Jabodetabek,Solar,19.41,Customer,2,11.0,11,1,228000,570992,Jawa,JAKARTA BARAT,CDE LONG CHASSIS,Internal,JabodetabekJAKARTA BARATCDE LONG CHASSIS,Dalam Kota,,,,4,REGULAR,8:26:00,257560,85432
260429S007,KLS,04/29/2026,CDELC,A8020VC,Tangerang,Jabodetabek,Solar,14.71,Customer via Hub,21,3.52,11,9,200528,486228,Jawa,TANGERANG,CDE LONG CHASSIS,Internal,JabodetabekTANGERANGCDE LONG CHASSIS,Dalam Kota,,,,4,REGULAR,9:13:00,,285700
260429S010,KLS,04/29/2026,MVB,A8437ZH,Tangerang,Jabodetabek,Pertalite,10700,Customer via Hub,6,1.58,5,2,161500,272100,Jawa,TANGERANG,MINI VAN BOX,Internal,JabodetabekTANGERANGMINI VAN BOX,Dalam Kota,,,,4,REGULAR,8:09:00,,110600
260429S004,KLS,04/29/2026,CDELC,A8481ZH,Jakarta Barat,Jabodetabek,Solar,11.62,Customer via Hub,23,3.6,11,9,116000,337167,Jawa,JAKARTA BARAT,CDE LONG CHASSIS,Internal,JabodetabekJAKARTA BARATCDE LONG CHASSIS,Dalam Kota,,,,4,REGULAR,10:57:00,,221167
260429S003,KLS,04/29/2026,MVB,A8537ZF,Jakarta Selatan,Jabodetabek,Pertalite,10.6,Customer via Hub,18,1.76,5,6,204500,315100,Jawa,JAKARTA SELATAN,MINI VAN BOX,Internal,JabodetabekJAKARTA SELATANMINI VAN BOX,Dalam Kota,,,,4,REGULAR,9:08:00,,110600
260429S005,KLS,04/29/2026,MVB,A8542XB,Jakarta Utara,Jabodetabek,Pertalite,8.19,Customer via Hub,15,5.0,5,5,81900,81900,Jawa,JAKARTA UTARA,MINI VAN BOX,Internal,JabodetabekJAKARTA UTARAMINI VAN BOX,Dalam Kota,,,,4,REGULAR,7:35:00,,0
260429S012,KLS,04/29/2026,CDELC,A8717VB,Cilegon,Banten,Solar,30.92,Customer via Hub,19,5.86,11,7,346256,631956,Jawa,CILEGON,CDE LONG CHASSIS,Internal,BantenCILEGONCDE LONG CHASSIS,Dalam Kota,,,,4,REGULAR,11:27:00,,285700
260429S002,KLS,04/29/2026,CDELC,A8721VB,Jakarta Selatan,Jabodetabek,Solar,13.99,Customer via Hub,14,11.0,11,8,129132,414832,Jawa,JAKARTA SELATAN,CDE LONG CHASSIS,Internal,JabodetabekJAKARTA SELATANCDE LONG CHASSIS,Dalam Kota,,,,4,REGULAR,9:58:00,,285700
260429S008,KLS,04/29/2026,CDELC,A8757VB,Tangerang,Jabodetabek,Solar,22.07,Customer via Hub,12,2.46,11,6,150076,435776,Jawa,TANGERANG,CDE LONG CHASSIS,Internal,JabodetabekTANGERANGCDE LONG CHASSIS,Dalam Kota,,,,4,REGULAR,11:17:00,,285700
260429S001,KLS,04/29/2026,CDELC,A8759VB,Jakarta Pusat,Jabodetabek,,,Customer via Hub,15,11.0,11,8,,285700,Jawa,JAKARTA PUSAT,CDE LONG CHASSIS,Internal,JabodetabekJAKARTA PUSATCDE LONG CHASSIS,Dalam Kota,,,,4,REGULAR,8:19:00,,285700
260429S011,KLS,04/29/2026,CDELC,A8801XZ,Serang,Banten,Solar,25,Customer via Hub,10,3.78,7,2,343000,493733,Jawa,SERANG,CDE PICK UP,Internal,BantenSERANGCDE PICK UP,Dalam Kota,,,,4,REGULAR,10:20:00,,150733
260429S006,KLS,04/29/2026,CDELC,A8910VB,Tangerang,Jabodetabek,Solar,6888,Customer via Hub,20,11.0,11,7,192096,477796,Jawa,TANGERANG,CDE LONG CHASSIS,Internal,JabodetabekTANGERANGCDE LONG CHASSIS,Dalam Kota,,,,4,REGULAR,9:32:00,,285700
260429S009,KLS,04/29/2026,CDELC,A8912VB,Tangerang,Jabodetabek,Dexlite,0.08,Customer via Hub,15,3.25,11,5,55800,321093,Jawa,TANGERANG,CDE LONG CHASSIS,Internal,JabodetabekTANGERANGCDE LONG CHASSIS,Dalam Kota,,,,4,REGULAR,10:00:00,,265293
260430C032,KLS,04/30/2026,CDELC,A8339ZS,Bekasi,Jabodetabek,Solar,10.26,Customer,16,4.0,7,7,96768,877488,Jawa,BEKASI,CDE PICK UP,Internal,JabodetabekBEKASICDE PICK UP,Dalam Kota,,,,4,REGULAR,8:24:00,515120,265600
260430C033,KLS,04/30/2026,MVB,A8304VC,Bekasi,Jabodetabek,Pertalite,10.6,Customer,24,4.65,5,11,153500,#N/A,Jawa,BEKASI,MINI VAN BOX,Internal,JabodetabekBEKASIMINI VAN BOX,Dalam Kota,,,,4,REGULAR,7:05:00,257560,#N/A
260430C034,KLS,04/30/2026,MVB,A8983VB,Bekasi,Jabodetabek,Pertalite,10.02,Customer,20,1.81,5,6,144700,533660,Jawa,BEKASI,MINI VAN BOX,Internal,JabodetabekBEKASIMINI VAN BOX,Dalam Kota,,,,4,REGULAR,7:58:00,257560,131400
260430C035,KLS,04/30/2026,MVB,A8553VB,Jakarta Timur,Jabodetabek,Pertalite,10.85,Customer,14,5.0,5,7,146500,535460,Jawa,JAKARTA TIMUR,MINI VAN BOX,Internal,JabodetabekJAKARTA TIMURMINI VAN BOX,Dalam Kota,,,,4,REGULAR,9:12:00,257560,131400
260430C036,KLS,04/30/2026,CDELC,A8002XW,Bogor,Jabodetabek,Solar,16.23,Customer,21,11.0,11,8,195864,863451,Jawa,BOGOR,CDE LONG CHASSIS,Internal,JabodetabekBOGORCDE LONG CHASSIS,Dalam Kota,,,,4,REGULAR,7:43:00,515120,152467
260430C037,KLS,04/30/2026,CDDLC,A8908XY,Bekasi,Jabodetabek,Solar,13.43,Customer,35,13.17,16,12,91324,775164,Jawa,BEKASI,CDD LONG CHASSIS,Internal,JabodetabekBEKASICDD LONG CHASSIS,Dalam Kota,,,,4,REGULAR,8:15:00,515120,168720
260430C038,KLS,04/30/2026,CDELC,A8098ZH,Purwakarta,Jawa Barat,Solar,20.34,Customer,26,11.0,11,6,216812,953099,Jawa,PURWAKARTA,CDE LONG CHASSIS,Internal,Jawa BaratPURWAKARTACDE LONG CHASSIS,Dalam Kota,,,,4,REGULAR,6:55:00,515120,221167
260430C039,KLS,04/30/2026,MVB,B9642SCE,Bogor,Jabodetabek,Pertalite,28.09,Customer,17,5.0,5,3,383900,991787,Jawa,BOGOR,MINI VAN BOX,Internal,JabodetabekBOGORMINI VAN BOX,Dalam Kota,,,,4,REGULAR,14:03:00,515120,92767
260430C040,KLS,04/30/2026,CDELC,A8503ZX,Depok,Jabodetabek,Solar,16.7,Customer,22,8.0,8,7,233560,643587,Jawa,DEPOK,CDE,Internal,JabodetabekDEPOKCDE,Dalam Kota,,,,4,REGULAR,9:31:00,257560,152467
260430C041,KLS,04/30/2026,CDELC,B9044BRO,Jakarta Utara,Jabodetabek,Solar,15.68,Customer,21,11.0,11,9,183624,869608,Jawa,JAKARTA UTARA,CDE LONG CHASSIS,Internal,JabodetabekJAKARTA UTARACDE LONG CHASSIS,Dalam Kota,,,,4,REGULAR,7:50:00,515120,170864
260430C042,KLS,04/30/2026,MVB,A8373VC,Jakarta Timur,Jabodetabek,Pertalite,14.05,Customer,13,1.22,5,7,225500,#N/A,Jawa,JAKARTA TIMUR,MINI VAN BOX,Internal,JabodetabekJAKARTA TIMURMINI VAN BOX,Dalam Kota,,,,4,REGULAR,8:06:00,257560,#N/A
260430C047,KLS,04/30/2026,CDELC,A8432ZS,Bogor,Jabodetabek,Solar,18.72,Customer,4,3.31,11,4,161296,933466,Jawa,BOGOR,CDE LONG CHASSIS,Internal,JabodetabekBOGORCDE LONG CHASSIS,Dalam Kota,,,,4,REGULAR,9:02:00,515120,257050
260430C048,KLS,04/30/2026,CDELC,A8159ZC,Bekasi,Jabodetabek,Solar,12.1,Customer,13,11.0,11,10,94280,792267,Jawa,BEKASI,CDE LONG CHASSIS,Internal,JabodetabekBEKASICDE LONG CHASSIS,Dalam Kota,,,,4,REGULAR,7:30:00,515120,182867
260430H023,KLS,04/30/2026,FUSO,A8637VA,Jakarta Barat,Jabodetabek,Solar,40.84,HUB,286,34.0,34,5,359500,617060,Jawa,JAKARTA BARAT,FUSO,Internal,JabodetabekJAKARTA BARATFUSO,Dalam Kota,,,,4,REGULAR,7:22:00,257560,0
260430C049,KLS,04/30/2026,MVB,A8017VC,Jakarta Utara,Jabodetabek,Pertalite,11.06,Customer,6,5.0,5,3,187600,730860,Jawa,JAKARTA UTARA,MINI VAN BOX,Internal,JabodetabekJAKARTA UTARAMINI VAN BOX,Dalam Kota,,,,4,REGULAR,8:10:00,257560,285700
260430C050,KLS,04/30/2026,CDELC,A8486VC,Jakarta Utara,Jabodetabek,Solar,16.1,Customer,4,3.54,7,4,310980,#N/A,Jawa,JAKARTA UTARA,CDE PICK UP,Internal,JabodetabekJAKARTA UTARACDE PICK UP,Dalam Kota,,,,4,REGULAR,7:07:00,257560,#N/A
260430C054,KLS,04/30/2026,MVB,A8504ZX,Purwakarta,Jawa Barat,Pertalite,13.67,Customer,9,1.56,5,5,218700,550360,Jawa,PURWAKARTA,MINI VAN BOX,Internal,Jawa BaratPURWAKARTAMINI VAN BOX,Dalam Kota,,,,4,REGULAR,10:38:00,257560,74100
260430C091,KLS,04/30/2026,MVB,B9320SCE,Karawang Selatan,Jabodetabek,Pertalite,13.1,Customer,12,5.0,5,5,164000,507700,Jawa,KARAWANG SELATAN,MINI VAN BOX,Internal,JabodetabekKARAWANG SELATANMINI VAN BOX,Dalam Kota,,,,4,REGULAR,7:46:00,257560,86140
260430C092,KLS,04/30/2026,MOTOR,B5709BLU,Bekasi,Jabodetabek,Pertalite,1.71,Customer,5,0.14,0.14,4,17100,274690,Jawa,BEKASI,MOTOR BOX,Internal,JabodetabekBEKASIMOTOR BOX,Dalam Kota,,,,4,REGULAR,-0:01:00,257560,30
260430C221,KLS,04/30/2026,CDDLC,A8976XY,Tangerang,Jabodetabek,Solar,27.45,Customer,2,11.7,16,1,371160,1075247,Jawa,TANGERANG,CDD LONG CHASSIS,Internal,JabodetabekTANGERANGCDD LONG CHASSIS,Dalam Kota,,,,4,REGULAR,10:18:00,515120,188967
260430C222,KLS,04/30/2026,CDELC,A8520VC,Bekasi,Jabodetabek,Solar,16.56,Customer,15,11.0,11,3,184608,#N/A,Jawa,BEKASI,CDE LONG CHASSIS,Internal,JabodetabekBEKASICDE LONG CHASSIS,Dalam Kota,,,,4,REGULAR,7:49:00,515120,#N/A
260430C245,KLS,04/30/2026,CDELC,A8476VC,Subang,Jawa Barat,Solar,27.11,Customer,4,11.0,11,2,414348,#N/A,Jawa,SUBANG,CDE LONG CHASSIS,Internal,Jawa BaratSUBANGCDE LONG CHASSIS,DALAM KOTA,,,,4,REGULAR,6:31:00,515120,#N/A
260430C258,KLS,04/30/2026,CDELC,A8505VC,Jakarta Barat,Jabodetabek,,,Customer,1,11.0,11,1,174000,#N/A,Jawa,JAKARTA BARAT,CDE LONG CHASSIS,Internal,JabodetabekJAKARTA BARATCDE LONG CHASSIS,Dalam Kota,,,,4,REGULAR,7:47:00,515120,#N/A
260430X043,KLS,04/30/2026,MVB,A8313YX,Tangerang,Jabodetabek,,,Other Delivery,1,5.0,5,1,,515120,Jawa,TANGERANG,MINI VAN BOX,Internal,JabodetabekTANGERANGMINI VAN BOX,Dalam Kota,,,,4,REGULAR,0:00:00,515120,0
260430L001,KLS,04/30/2026,CDDLC,B9190SDB,Bandung,Jawa Barat,,,Store,49,6.15,13,1,816000,1269793,Jawa,BANDUNG,CDD PICK UP,Internal,Jawa BaratBANDUNGCDD PICK UP,Luar Kota,,,,4,REGULAR,11:42:00,257560,196233
260430C286,KLS,04/30/2026,CDELC,A8505VC,Karawang Selatan,Jabodetabek,Solar,10.65,Customer,4,11.0,11,3,142920,#N/A,Jawa,KARAWANG SELATAN,CDE LONG CHASSIS,Internal,JabodetabekKARAWANG SELATANCDE LONG CHASSIS,Dalam Kota,,,,4,REGULAR,4:43:00,257560,#N/A
260430C287,KLS,04/30/2026,CDELC,A8048ZX,Bekasi,Jabodetabek,,,Customer,1,11.0,11,1,98000,508027,Jawa,BEKASI,CDE LONG CHASSIS,Internal,JabodetabekBEKASICDE LONG CHASSIS,Dalam Kota,,,,4,REGULAR,100:57:00,257560,152467
260430C308,KLS,04/30/2026,MVB,A8876ZX,Bekasi,Jabodetabek,Pertalite,18.35,Customer,5,3.44,5,1,189800,766996,Jawa,BEKASI,MINI VAN BOX,Internal,JabodetabekBEKASIMINI VAN BOX,Dalam Kota,,,,4,REGULAR,5:12:00,515120,62076
260430C318,KLS,04/30/2026,PICKUP,A8721ZV,Jakarta Utara,Jabodetabek,Pertalite,8.99,Customer,1,3.0,3,1,130900,494293,Jawa,JAKARTA UTARA,PICKUP,Internal,JabodetabekJAKARTA UTARAPICKUP,Dalam Kota,,,,4,REGULAR,4:33:00,257560,105833
260430S003,KLS,04/30/2026,CDELC,A8020VC,Jakarta Selatan,Jabodetabek,Solar,16.18,Customer via Hub,27,2.99,11,8,227500,513200,Jawa,JAKARTA SELATAN,CDE LONG CHASSIS,Internal,JabodetabekJAKARTA SELATANCDE LONG CHASSIS,Dalam Kota,,,,4,REGULAR,8:30:00,,285700
260430S009,KLS,04/30/2026,MVB,A8437ZH,Cilegon,Banten,Pertalite,17.7,Customer via Hub,11,5.0,5,3,305000,415600,Jawa,CILEGON,MINI VAN BOX,Internal,BantenCILEGONMINI VAN BOX,Dalam Kota,,,,4,REGULAR,8:02:00,,110600
260430S004,KLS,04/30/2026,CDELC,A8481ZH,Jakarta Utara,Jabodetabek,Solar,7201.2,Customer via Hub,12,6.4,11,4,156012,377179,Jawa,JAKARTA UTARA,CDE LONG CHASSIS,Internal,JabodetabekJAKARTA UTARACDE LONG CHASSIS,Dalam Kota,,,,4,REGULAR,7:18:00,,221167
260430S006,KLS,04/30/2026,MVB,A8537ZF,Tangerang,Jabodetabek,Pertalite,12.21,Customer via Hub,26,1.72,5,9,122100,232700,Jawa,TANGERANG,MINI VAN BOX,Internal,JabodetabekTANGERANGMINI VAN BOX,Dalam Kota,,,,4,REGULAR,10:14:00,,110600
260430S002,KLS,04/30/2026,MVB,A8542XB,Jakarta Selatan,Jabodetabek,Pertalite,8.3,Customer via Hub,19,1.5,5,9,122000,122000,Jawa,JAKARTA SELATAN,MINI VAN BOX,Internal,JabodetabekJAKARTA SELATANMINI VAN BOX,Dalam Kota,,,,4,REGULAR,8:05:00,,0
260430S007,KLS,04/30/2026,CDELC,A8717VB,Tangerang,Jabodetabek,Solar,17.65,Customer via Hub,20,11.0,11,6,173520,459220,Jawa,TANGERANG,CDE LONG CHASSIS,Internal,JabodetabekTANGERANGCDE LONG CHASSIS,Dalam Kota,,,,4,REGULAR,10:05:00,,285700
260430S015,KLS,04/30/2026,CDELC,A8721VB,Tangerang,Jabodetabek,Solar,16.93,Customer via Hub,18,11.0,11,6,186124,471824,Jawa,TANGERANG,CDE LONG CHASSIS,Internal,JabodetabekTANGERANGCDE LONG CHASSIS,Dalam Kota,,,,4,REGULAR,8:57:00,,285700
260430S011,KLS,04/30/2026,CDELC,A8757VB,Tangerang,Jabodetabek,Solar,14.91,Customer via Hub,23,4.81,11,5,185388,471088,Jawa,TANGERANG,CDE LONG CHASSIS,Internal,JabodetabekTANGERANGCDE LONG CHASSIS,Dalam Kota,,,,4,REGULAR,10:46:00,,285700
260430S005,KLS,04/30/2026,CDELC,A8759VB,Tangerang,Jabodetabek,,,Customer via Hub,36,8.8,11,4,,285700,Jawa,TANGERANG,CDE LONG CHASSIS,Internal,JabodetabekTANGERANGCDE LONG CHASSIS,Dalam Kota,,,,4,REGULAR,12:01:00,,285700
260430S008,KLS,04/30/2026,CDELC,A8801XZ,Serang,Banten,Solar,20.9,Customer via Hub,15,2.32,7,3,205620,356353,Jawa,SERANG,CDE PICK UP,Internal,BantenSERANGCDE PICK UP,Dalam Kota,,,,4,REGULAR,10:59:00,,150733
260430S001,KLS,04/30/2026,CDELC,A8910VB,Jakarta Pusat,Jabodetabek,Solar,7055.81,Customer via Hub,27,2.63,11,7,226672,512372,Jawa,JAKARTA PUSAT,CDE LONG CHASSIS,Internal,JabodetabekJAKARTA PUSATCDE LONG CHASSIS,Dalam Kota,,,,4,REGULAR,12:51:00,,285700
260430S012,KLS,04/30/2026,CDELC,A8912VB,Jakarta Barat,Jabodetabek,Solar,14.71,Customer via Hub,41,5.64,11,11,228000,493293,Jawa,JAKARTA BARAT,CDE LONG CHASSIS,Internal,JabodetabekJAKARTA BARATCDE LONG CHASSIS,Dalam Kota,,,,4,REGULAR,10:44:00,,265293
260502H006,KLS,05/02/2026,CDDLC,A8908XY,Jakarta Barat,Jabodetabek,Solar,16.37,HUB,201,16.0,16,2,193316,619596,Jawa,JAKARTA BARAT,CDD LONG CHASSIS,Internal,JabodetabekJAKARTA BARATCDD LONG CHASSIS,Dalam Kota,,,,5,REGULAR,8:58:00,257560,168720
260502C025,KLS,05/02/2026,CDELC,A8505VC,Purwakarta,Jawa Barat,Solar,20.68,Customer,29,2.24,11,6,235500,#N/A,Jawa,PURWAKARTA,CDE LONG CHASSIS,Internal,Jawa BaratPURWAKARTACDE LONG CHASSIS,Dalam Kota,,,,5,REGULAR,6:05:00,515120,#N/A
260502C026,KLS,05/02/2026,CDELC,A8520VC,Bekasi,Jabodetabek,Solar,10.44,Customer,40,2.28,11,6,126000,#N/A,Jawa,BEKASI,CDE LONG CHASSIS,Internal,JabodetabekBEKASICDE LONG CHASSIS,Dalam Kota,,,,5,REGULAR,5:24:00,515120,#N/A
260502C027,KLS,05/02/2026,CDELC,A8476VC,Bekasi,Jabodetabek,Solar,11.92,Customer,28,4.01,11,6,124000,#N/A,Jawa,BEKASI,CDE LONG CHASSIS,Internal,JabodetabekBEKASICDE LONG CHASSIS,Dalam Kota,,,,5,REGULAR,5:48:00,515120,#N/A
260502C028,KLS,05/02/2026,CDELC,A8098ZH,Jakarta Utara,Jabodetabek,Solar,12.9,Customer,22,6.39,11,5,180500,916787,Jawa,JAKARTA UTARA,CDE LONG CHASSIS,Internal,JabodetabekJAKARTA UTARACDE LONG CHASSIS,Dalam Kota,,,,5,REGULAR,7:58:00,515120,221167
260502C029,KLS,05/02/2026,CDELC,A8432ZS,Bogor,Jabodetabek,Solar,24.26,Customer,27,3.55,11,6,229500,1001670,Jawa,BOGOR,CDE LONG CHASSIS,Internal,JabodetabekBOGORCDE LONG CHASSIS,Dalam Kota,,,,5,REGULAR,9:31:00,515120,257050
260502C030,KLS,05/02/2026,MVB,A8553VB,Jakarta Timur,Jabodetabek,Pertalite,9.7,Customer,25,1.86,5,7,149000,795520,Jawa,JAKARTA TIMUR,MINI VAN BOX,Internal,JabodetabekJAKARTA TIMURMINI VAN BOX,Dalam Kota,,,,5,REGULAR,8:08:00,515120,131400
260502C031,KLS,05/02/2026,MVB,A8373VC,Depok,Jabodetabek,Pertalite,15.34,Customer,33,1.34,5,7,273400,#N/A,Jawa,DEPOK,MINI VAN BOX,Internal,JabodetabekDEPOKMINI VAN BOX,Dalam Kota,,,,5,REGULAR,7:51:00,515120,#N/A
260502C032,KLS,05/02/2026,MVB,A8304VC,Bogor,Jabodetabek,Pertalite,8.82,Customer,18,2.41,5,4,188200,#N/A,Jawa,BOGOR,MINI VAN BOX,Internal,JabodetabekBOGORMINI VAN BOX,Dalam Kota,,,,5,REGULAR,5:43:00,515120,#N/A
260502C033,KLS,05/02/2026,MVB,A8983VB,Jakarta Timur,Jabodetabek,Pertalite,9.6,Customer,11,5.0,5,5,156500,803020,Jawa,JAKARTA TIMUR,MINI VAN BOX,Internal,JabodetabekJAKARTA TIMURMINI VAN BOX,Dalam Kota,,,,5,REGULAR,6:08:00,515120,131400
260502H080,KLS,05/02/2026,CDELC,A8002XW,Jakarta Barat,Jabodetabek,Solar,14.05,HUB,8,11.0,11,1,151040,561067,Jawa,JAKARTA BARAT,CDE LONG CHASSIS,Internal,JabodetabekJAKARTA BARATCDE LONG CHASSIS,Dalam Kota,,,,5,REGULAR,9:09:00,257560,152467
260502S002,KLS,05/02/2026,CDELC,A8020VC,Cilegon,Banten,Dexlite,2.29,Customer via Hub,30,4.1,11,5,294060,579760,Jawa,CILEGON,CDE LONG CHASSIS,Internal,BantenCILEGONCDE LONG CHASSIS,Dalam Kota,,,,5,REGULAR,8:19:00,,285700
260502S005,KLS,05/02/2026,MVB,A8437ZH,Jakarta Selatan,Jabodetabek,Pertalite,10.65,Customer via Hub,40,2.21,5,10,205000,315600,Jawa,JAKARTA SELATAN,MINI VAN BOX,Internal,JabodetabekJAKARTA SELATANMINI VAN BOX,Dalam Kota,,,,5,REGULAR,8:39:00,,110600
260502S004,KLS,05/02/2026,CDELC,A8721VB,Tangerang,Jabodetabek,Solar,65.92,Customer via Hub,24,11.0,11,9,448268,733968,Jawa,TANGERANG,CDE LONG CHASSIS,Internal,JabodetabekTANGERANGCDE LONG CHASSIS,Dalam Kota,,,,5,REGULAR,34:58:00,,285700
260502S001,KLS,05/02/2026,CDELC,A8757VB,Jakarta Barat,Jabodetabek,Solar,14.41,Customer via Hub,21,11.0,11,8,98000,383700,Jawa,JAKARTA BARAT,CDE LONG CHASSIS,Internal,JabodetabekJAKARTA BARATCDE LONG CHASSIS,Dalam Kota,,,,5,REGULAR,8:49:00,,285700
260502S003,KLS,05/02/2026,CDELC,A8759VB,Tangerang,Jabodetabek,Solar,13.24,Customer via Hub,34,5.22,11,8,176532,462232,Jawa,TANGERANG,CDE LONG CHASSIS,Internal,JabodetabekTANGERANGCDE LONG CHASSIS,Dalam Kota,,,,5,REGULAR,7:43:00,,285700
260502S006,KLS,05/02/2026,CDELC,A8910VB,Tangerang,Jabodetabek,Solar,20.31,Customer via Hub,21,2.24,11,6,138118,423818,Jawa,TANGERANG,CDE LONG CHASSIS,Internal,JabodetabekTANGERANGCDE LONG CHASSIS,Dalam Kota,,,,5,REGULAR,8:19:00,,285700
260502S007,KLS,05/02/2026,CDELC,A8912VB,Jakarta Selatan,Jabodetabek,Solar,35.83,Customer via Hub,37,5.02,11,10,330666,595959,Jawa,JAKARTA SELATAN,CDE LONG CHASSIS,Internal,JabodetabekJAKARTA SELATANCDE LONG CHASSIS,Dalam Kota,,,,5,REGULAR,11:15:00,,265293
,,,,,,,,,,,,,,,,,,,,,,,,,,,,,
,,,,,,,,,,,,,,,,,,,,,,,,,,,,,
,,,,,,,,,,,,,,,,,,,,,,,,,,,,,
,,,,,,,,,,,,,,,,,,,,,,,,,,,,,
,,,,,,,,,,,,,,,,,,,,,,,,,,,,,
,,,,,,,,,,,,,,,,,,,,,,,,,,,,,
,,,,,,,,,,,,,,,,,,,,,,,,,,,,,
,,,,,,,,,,,,,,,,,,,,,,,,,,,,,
,,,,,,,,,,,,,,,,,,,,,,,,,,,,,
,,,,,,,,,,,,,,,,,,,,,,,,,,,,,
,,,,,,,,,,,,,,,,,,,,,,,,,,,,,
,,,,,,,,,,,,,,,,,,,,,,,,,,,,,
,,,,,,,,,,,,,,,,,,,,,,,,,,,,,
,,,,,,,,,,,,,,,,,,,,,,,,,,,,,
,,,,,,,,,,,,,,,,,,,,,,,,,,,,,
,,,,,,,,,,,,,,,,,,,,,,,,,,,,,
,,,,,,,,,,,,,,,,,,,,,,,,,,,,,
,,,,,,,,,,,,,,,,,,,,,,,,,,,,,
,,,,,,,,,,,,,,,,,,,,,,,,,,,,,
,,,,,,,,,,,,,,,,,,,,,,,,,,,,,
,,,,,,,,,,,,,,,,,,,,,,,,,,,,,
,,,,,,,,,,,,,,,,,,,,,,,,,,,,,
,,,,,,,,,,,,,,,,,,,,,,,,,,,,,
,,,,,,,,,,,,,,,,,,,,,,,,,,,,,
,,,,,,,,,,,,,,,,,,,,,,,,,,,,,
,,,,,,,,,,,,,,,,,,,,,,,,,,,,,
,,,,,,,,,,,,,,,,,,,,,,,,,,,,,
,,,,,,,,,,,,,,,,,,,,,,,,,,,,,
,,,,,,,,,,,,,,,,,,,,,,,,,,,,,
,,,,,,,,,,,,,,,,,,,,,,,,,,,,,
,,,,,,,,,,,,,,,,,,,,,,,,,,,,,
,,,,,,,,,,,,,,,,,,,,,,,,,,,,,
,,,,,,,,,,,,,,,,,,,,,,,,,,,,,
,,,,,,,,,,,,,,,,,,,,,,,,,,,,,
,,,,,,,,,,,,,,,,,,,,,,,,,,,,,
,,,,,,,,,,,,,,,,,,,,,,,,,,,,,
,,,,,,,,,,,,,,,,,,,,,,,,,,,,,
,,,,,,,,,,,,,,,,,,,,,,,,,,,,,
,,,,,,,,,,,,,,,,,,,,,,,,,,,,,
,,,,,,,,,,,,,,,,,,,,,,,,,,,,,
,,,,,,,,,,,,,,,,,,,,,,,,,,,,,
,,,,,,,,,,,,,,,,,,,,,,,,,,,,,
,,,,,,,,,,,,,,,,,,,,,,,,,,,,,
,,,,,,,,,,,,,,,,,,,,,,,,,,,,,
,,,,,,,,,,,,,,,,,,,,,,,,,,,,,
,,,,,,,,,,,,,,,,,,,,,,,,,,,,,
,,,,,,,,,,,,,,,,,,,,,,,,,,,,,
,,,,,,,,,,,,,,,,,,,,,,,,,,,,,
,,,,,,,,,,,,,,,,,,,,,,,,,,,,,
,,,,,,,,,,,,,,,,,,,,,,,,,,,,,
,,,,,,,,,,,,,,,,,,,,,,,,,,,,,
,,,,,,,,,,,,,,,,,,,,,,,,,,,,,
,,,,,,,,,,,,,,,,,,,,,,,,,,,,,
,,,,,,,,,,,,,,,,,,,,,,,,,,,,,
,,,,,,,,,,,,,,,,,,,,,,,,,,,,,
,,,,,,,,,,,,,,,,,,,,,,,,,,,,,
,,,,,,,,,,,,,,,,,,,,,,,,,,,,,
,,,,,,,,,,,,,,,,,,,,,,,,,,,,,
,,,,,,,,,,,,,,,,,,,,,,,,,,,,,
,,,,,,,,,,,,,,,,,,,,,,,,,,,,,
,,,,,,,,,,,,,,,,,,,,,,,,,,,,,
,,,,,,,,,,,,,,,,,,,,,,,,,,,,,
,,,,,,,,,,,,,,,,,,,,,,,,,,,,,
,,,,,,,,,,,,,,,,,,,,,,,,,,,,,
,,,,,,,,,,,,,,,,,,,,,,,,,,,,,
,,,,,,,,,,,,,,,,,,,,,,,,,,,,,
,,,,,,,,,,,,,,,,,,,,,,,,,,,,,
,,,,,,,,,,,,,,,,,,,,,,,,,,,,,
,,,,,,,,,,,,,,,,,,,,,,,,,,,,,
,,,,,,,,,,,,,,,,,,,,,,,,,,,,,
,,,,,,,,,,,,,,,,,,,,,,,,,,,,,
,,,,,,,,,,,,,,,,,,,,,,,,,,,,,
,,,,,,,,,,,,,,,,,,,,,,,,,,,,,
,,,,,,,,,,,,,,,,,,,,,,,,,,,,,
,,,,,,,,,,,,,,,,,,,,,,,,,,,,,
,,,,,,,,,,,,,,,,,,,,,,,,,,,,,
,,,,,,,,,,,,,,,,,,,,,,,,,,,,,
,,,,,,,,,,,,,,,,,,,,,,,,,,,,,
,,,,,,,,,,,,,,,,,,,,,,,,,,,,,
,,,,,,,,,,,,,,,,,,,,,,,,,,,,,
,,,,,,,,,,,,,,,,,,,,,,,,,,,,,
,,,,,,,,,,,,,,,,,,,,,,,,,,,,,
,,,,,,,,,,,,,,,,,,,,,,,,,,,,,
,,,,,,,,,,,,,,,,,,,,,,,,,,,,,
,,,,,,,,,,,,,,,,,,,,,,,,,,,,,
,,,,,,,,,,,,,,,,,,,,,,,,,,,,,
,,,,,,,,,,,,,,,,,,,,,,,,,,,,,
,,,,,,,,,,,,,,,,,,,,,,,,,,,,,
,,,,,,,,,,,,,,,,,,,,,,,,,,,,,
,,,,,,,,,,,,,,,,,,,,,,,,,,,,,
,,,,,,,,,,,,,,,,,,,,,,,,,,,,,
,,,,,,,,,,,,,,,,,,,,,,,,,,,,,
,,,,,,,,,,,,,,,,,,,,,,,,,,,,,
,,,,,,,,,,,,,,,,,,,,,,,,,,,,,
,,,,,,,,,,,,,,,,,,,,,,,,,,,,,
,,,,,,,,,,,,,,,,,,,,,,,,,,,,,
,,,,,,,,,,,,,,,,,,,,,,,,,,,,,
,,,,,,,,,,,,,,,,,,,,,,,,,,,,,
,,,,,,,,,,,,,,,,,,,,,,,,,,,,,
,,,,,,,,,,,,,,,,,,,,,,,,,,,,,
,,,,,,,,,,,,,,,,,,,,,,,,,,,,,
,,,,,,,,,,,,,,,,,,,,,,,,,,,,,
,,,,,,,,,,,,,,,,,,,,,,,,,,,,,
,,,,,,,,,,,,,,,,,,,,,,,,,,,,,
,,,,,,,,,,,,,,,,,,,,,,,,,,,,,
,,,,,,,,,,,,,,,,,,,,,,,,,,,,,
,,,,,,,,,,,,,,,,,,,,,,,,,,,,,
,,,,,,,,,,,,,,,,,,,,,,,,,,,,,
,,,,,,,,,,,,,,,,,,,,,,,,,,,,,
,,,,,,,,,,,,,,,,,,,,,,,,,,,,,
,,,,,,,,,,,,,,,,,,,,,,,,,,,,,
,,,,,,,,,,,,,,,,,,,,,,,,,,,,,
,,,,,,,,,,,,,,,,,,,,,,,,,,,,,
,,,,,,,,,,,,,,,,,,,,,,,,,,,,,
,,,,,,,,,,,,,,,,,,,,,,,,,,,,,
,,,,,,,,,,,,,,,,,,,,,,,,,,,,,
,,,,,,,,,,,,,,,,,,,,,,,,,,,,,
,,,,,,,,,,,,,,,,,,,,,,,,,,,,,
,,,,,,,,,,,,,,,,,,,,,,,,,,,,,
,,,,,,,,,,,,,,,,,,,,,,,,,,,,,
,,,,,,,,,,,,,,,,,,,,,,,,,,,,,
,,,,,,,,,,,,,,,,,,,,,,,,,,,,,
,,,,,,,,,,,,,,,,,,,,,,,,,,,,,
,,,,,,,,,,,,,,,,,,,,,,,,,,,,,
,,,,,,,,,,,,,,,,,,,,,,,,,,,,,
,,,,,,,,,,,,,,,,,,,,,,,,,,,,,
,,,,,,,,,,,,,,,,,,,,,,,,,,,,,
,,,,,,,,,,,,,,,,,,,,,,,,,,,,,
,,,,,,,,,,,,,,,,,,,,,,,,,,,,,
,,,,,,,,,,,,,,,,,,,,,,,,,,,,,
,,,,,,,,,,,,,,,,,,,,,,,,,,,,,
,,,,,,,,,,,,,,,,,,,,,,,,,,,,,
,,,,,,,,,,,,,,,,,,,,,,,,,,,,,
,,,,,,,,,,,,,,,,,,,,,,,,,,,,,
,,,,,,,,,,,,,,,,,,,,,,,,,,,,,
,,,,,,,,,,,,,,,,,,,,,,,,,,,,,
,,,,,,,,,,,,,,,,,,,,,,,,,,,,,
,,,,,,,,,,,,,,,,,,,,,,,,,,,,,
,,,,,,,,,,,,,,,,,,,,,,,,,,,,,
,,,,,,,,,,,,,,,,,,,,,,,,,,,,,
,,,,,,,,,,,,,,,,,,,,,,,,,,,,,
,,,,,,,,,,,,,,,,,,,,,,,,,,,,,
,,,,,,,,,,,,,,,,,,,,,,,,,,,,,
,,,,,,,,,,,,,,,,,,,,,,,,,,,,,
,,,,,,,,,,,,,,,,,,,,,,,,,,,,,
,,,,,,,,,,,,,,,,,,,,,,,,,,,,,
,,,,,,,,,,,,,,,,,,,,,,,,,,,,,
,,,,,,,,,,,,,,,,,,,,,,,,,,,,,
,,,,,,,,,,,,,,,,,,,,,,,,,,,,,
,,,,,,,,,,,,,,,,,,,,,,,,,,,,,
,,,,,,,,,,,,,,,,,,,,,,,,,,,,,
,,,,,,,,,,,,,,,,,,,,,,,,,,,,,
,,,,,,,,,,,,,,,,,,,,,,,,,,,,,
,,,,,,,,,,,,,,,,,,,,,,,,,,,,,
,,,,,,,,,,,,,,,,,,,,,,,,,,,,,
,,,,,,,,,,,,,,,,,,,,,,,,,,,,,
,,,,,,,,,,,,,,,,,,,,,,,,,,,,,
,,,,,,,,,,,,,,,,,,,,,,,,,,,,,
,,,,,,,,,,,,,,,,,,,,,,,,,,,,,
,,,,,,,,,,,,,,,,,,,,,,,,,,,,,
,,,,,,,,,,,,,,,,,,,,,,,,,,,,,
,,,,,,,,,,,,,,,,,,,,,,,,,,,,,
,,,,,,,,,,,,,,,,,,,,,,,,,,,,,
,,,,,,,,,,,,,,,,,,,,,,,,,,,,,
,,,,,,,,,,,,,,,,,,,,,,,,,,,,,
,,,,,,,,,,,,,,,,,,,,,,,,,,,,,
,,,,,,,,,,,,,,,,,,,,,,,,,,,,,
,,,,,,,,,,,,,,,,,,,,,,,,,,,,,
,,,,,,,,,,,,,,,,,,,,,,,,,,,,,
,,,,,,,,,,,,,,,,,,,,,,,,,,,,,
,,,,,,,,,,,,,,,,,,,,,,,,,,,,,
,,,,,,,,,,,,,,,,,,,,,,,,,,,,,
,,,,,,,,,,,,,,,,,,,,,,,,,,,,,
,,,,,,,,,,,,,,,,,,,,,,,,,,,,,
,,,,,,,,,,,,,,,,,,,,,,,,,,,,,
,,,,,,,,,,,,,,,,,,,,,,,,,,,,,
,,,,,,,,,,,,,,,,,,,,,,,,,,,,,
,,,,,,,,,,,,,,,,,,,,,,,,,,,,,
,,,,,,,,,,,,,,,,,,,,,,,,,,,,,
,,,,,,,,,,,,,,,,,,,,,,,,,,,,,
,,,,,,,,,,,,,,,,,,,,,,,,,,,,,
,,,,,,,,,,,,,,,,,,,,,,,,,,,,,
,,,,,,,,,,,,,,,,,,,,,,,,,,,,,
,,,,,,,,,,,,,,,,,,,,,,,,,,,,,
,,,,,,,,,,,,,,,,,,,,,,,,,,,,,
,,,,,,,,,,,,,,,,,,,,,,,,,,,,,
,,,,,,,,,,,,,,,,,,,,,,,,,,,,,
,,,,,,,,,,,,,,,,,,,,,,,,,,,,,
,,,,,,,,,,,,,,,,,,,,,,,,,,,,,
,,,,,,,,,,,,,,,,,,,,,,,,,,,,,
,,,,,,,,,,,,,,,,,,,,,,,,,,,,,
,,,,,,,,,,,,,,,,,,,,,,,,,,,,,
,,,,,,,,,,,,,,,,,,,,,,,,,,,,,
,,,,,,,,,,,,,,,,,,,,,,,,,,,,,
,,,,,,,,,,,,,,,,,,,,,,,,,,,,,
,,,,,,,,,,,,,,,,,,,,,,,,,,,,,
,,,,,,,,,,,,,,,,,,,,,,,,,,,,,
,,,,,,,,,,,,,,,,,,,,,,,,,,,,,
,,,,,,,,,,,,,,,,,,,,,,,,,,,,,
,,,,,,,,,,,,,,,,,,,,,,,,,,,,,
,,,,,,,,,,,,,,,,,,,,,,,,,,,,,
,,,,,,,,,,,,,,,,,,,,,,,,,,,,,
,,,,,,,,,,,,,,,,,,,,,,,,,,,,,
,,,,,,,,,,,,,,,,,,,,,,,,,,,,,
,,,,,,,,,,,,,,,,,,,,,,,,,,,,,
,,,,,,,,,,,,,,,,,,,,,,,,,,,,,
,,,,,,,,,,,,,,,,,,,,,,,,,,,,,
,,,,,,,,,,,,,,,,,,,,,,,,,,,,,
,,,,,,,,,,,,,,,,,,,,,,,,,,,,,
,,,,,,,,,,,,,,,,,,,,,,,,,,,,,
,,,,,,,,,,,,,,,,,,,,,,,,,,,,,
,,,,,,,,,,,,,,,,,,,,,,,,,,,,,
,,,,,,,,,,,,,,,,,,,,,,,,,,,,,
,,,,,,,,,,,,,,,,,,,,,,,,,,,,,
,,,,,,,,,,,,,,,,,,,,,,,,,,,,,
,,,,,,,,,,,,,,,,,,,,,,,,,,,,,
,,,,,,,,,,,,,,,,,,,,,,,,,,,,,
,,,,,,,,,,,,,,,,,,,,,,,,,,,,,
,,,,,,,,,,,,,,,,,,,,,,,,,,,,,
,,,,,,,,,,,,,,,,,,,,,,,,,,,,,
,,,,,,,,,,,,,,,,,,,,,,,,,,,,,
,,,,,,,,,,,,,,,,,,,,,,,,,,,,,
,,,,,,,,,,,,,,,,,,,,,,,,,,,,,
,,,,,,,,,,,,,,,,,,,,,,,,,,,,,
,,,,,,,,,,,,,,,,,,,,,,,,,,,,,
,,,,,,,,,,,,,,,,,,,,,,,,,,,,,
,,,,,,,,,,,,,,,,,,,,,,,,,,,,,
,,,,,,,,,,,,,,,,,,,,,,,,,,,,,
,,,,,,,,,,,,,,,,,,,,,,,,,,,,,
,,,,,,,,,,,,,,,,,,,,,,,,,,,,,
,,,,,,,,,,,,,,,,,,,,,,,,,,,,,
,,,,,,,,,,,,,,,,,,,,,,,,,,,,,
,,,,,,,,,,,,,,,,,,,,,,,,,,,,,
,,,,,,,,,,,,,,,,,,,,,,,,,,,,,
,,,,,,,,,,,,,,,,,,,,,,,,,,,,,
,,,,,,,,,,,,,,,,,,,,,,,,,,,,,
,,,,,,,,,,,,,,,,,,,,,,,,,,,,,
,,,,,,,,,,,,,,,,,,,,,,,,,,,,,
,,,,,,,,,,,,,,,,,,,,,,,,,,,,,
,,,,,,,,,,,,,,,,,,,,,,,,,,,,,
,,,,,,,,,,,,,,,,,,,,,,,,,,,,,
,,,,,,,,,,,,,,,,,,,,,,,,,,,,,
,,,,,,,,,,,,,,,,,,,,,,,,,,,,,
,,,,,,,,,,,,,,,,,,,,,,,,,,,,,
,,,,,,,,,,,,,,,,,,,,,,,,,,,,,
,,,,,,,,,,,,,,,,,,,,,,,,,,,,,
,,,,,,,,,,,,,,,,,,,,,,,,,,,,,
,,,,,,,,,,,,,,,,,,,,,,,,,,,,,
,,,,,,,,,,,,,,,,,,,,,,,,,,,,,
,,,,,,,,,,,,,,,,,,,,,,,,,,,,,
,,,,,,,,,,,,,,,,,,,,,,,,,,,,,
,,,,,,,,,,,,,,,,,,,,,,,,,,,,,
,,,,,,,,,,,,,,,,,,,,,,,,,,,,,
,,,,,,,,,,,,,,,,,,,,,,,,,,,,,
,,,,,,,,,,,,,,,,,,,,,,,,,,,,,
,,,,,,,,,,,,,,,,,,,,,,,,,,,,,
,,,,,,,,,,,,,,,,,,,,,,,,,,,,,
,,,,,,,,,,,,,,,,,,,,,,,,,,,,,
,,,,,,,,,,,,,,,,,,,,,,,,,,,,,
,,,,,,,,,,,,,,,,,,,,,,,,,,,,,
,,,,,,,,,,,,,,,,,,,,,,,,,,,,,
,,,,,,,,,,,,,,,,,,,,,,,,,,,,,
,,,,,,,,,,,,,,,,,,,,,,,,,,,,,
,,,,,,,,,,,,,,,,,,,,,,,,,,,,,
,,,,,,,,,,,,,,,,,,,,,,,,,,,,,
,,,,,,,,,,,,,,,,,,,,,,,,,,,,,
,,,,,,,,,,,,,,,,,,,,,,,,,,,,,
,,,,,,,,,,,,,,,,,,,,,,,,,,,,,
,,,,,,,,,,,,,,,,,,,,,,,,,,,,,
,,,,,,,,,,,,,,,,,,,,,,,,,,,,,
,,,,,,,,,,,,,,,,,,,,,,,,,,,,,
,,,,,,,,,,,,,,,,,,,,,,,,,,,,,
,,,,,,,,,,,,,,,,,,,,,,,,,,,,,
,,,,,,,,,,,,,,,,,,,,,,,,,,,,,
,,,,,,,,,,,,,,,,,,,,,,,,,,,,,
,,,,,,,,,,,,,,,,,,,,,,,,,,,,,
,,,,,,,,,,,,,,,,,,,,,,,,,,,,,
,,,,,,,,,,,,,,,,,,,,,,,,,,,,,
,,,,,,,,,,,,,,,,,,,,,,,,,,,,,
,,,,,,,,,,,,,,,,,,,,,,,,,,,,,
,,,,,,,,,,,,,,,,,,,,,,,,,,,,,
,,,,,,,,,,,,,,,,,,,,,,,,,,,,,
,,,,,,,,,,,,,,,,,,,,,,,,,,,,,
,,,,,,,,,,,,,,,,,,,,,,,,,,,,,
,,,,,,,,,,,,,,,,,,,,,,,,,,,,,
,,,,,,,,,,,,,,,,,,,,,,,,,,,,,
,,,,,,,,,,,,,,,,,,,,,,,,,,,,,
,,,,,,,,,,,,,,,,,,,,,,,,,,,,,
,,,,,,,,,,,,,,,,,,,,,,,,,,,,,
,,,,,,,,,,,,,,,,,,,,,,,,,,,,,
,,,,,,,,,,,,,,,,,,,,,,,,,,,,,
,,,,,,,,,,,,,,,,,,,,,,,,,,,,,
,,,,,,,,,,,,,,,,,,,,,,,,,,,,,
,,,,,,,,,,,,,,,,,,,,,,,,,,,,,
,,,,,,,,,,,,,,,,,,,,,,,,,,,,,
,,,,,,,,,,,,,,,,,,,,,,,,,,,,,
,,,,,,,,,,,,,,,,,,,,,,,,,,,,,
,,,,,,,,,,,,,,,,,,,,,,,,,,,,,
,,,,,,,,,,,,,,,,,,,,,,,,,,,,,
,,,,,,,,,,,,,,,,,,,,,,,,,,,,,
,,,,,,,,,,,,,,,,,,,,,,,,,,,,,
,,,,,,,,,,,,,,,,,,,,,,,,,,,,,
,,,,,,,,,,,,,,,,,,,,,,,,,,,,,
,,,,,,,,,,,,,,,,,,,,,,,,,,,,,
,,,,,,,,,,,,,,,,,,,,,,,,,,,,,
,,,,,,,,,,,,,,,,,,,,,,,,,,,,,
,,,,,,,,,,,,,,,,,,,,,,,,,,,,,
,,,,,,,,,,,,,,,,,,,,,,,,,,,,,
,,,,,,,,,,,,,,,,,,,,,,,,,,,,,
,,,,,,,,,,,,,,,,,,,,,,,,,,,,,
,,,,,,,,,,,,,,,,,,,,,,,,,,,,,
,,,,,,,,,,,,,,,,,,,,,,,,,,,,,
,,,,,,,,,,,,,,,,,,,,,,,,,,,,,
,,,,,,,,,,,,,,,,,,,,,,,,,,,,,
,,,,,,,,,,,,,,,,,,,,,,,,,,,,,
,,,,,,,,,,,,,,,,,,,,,,,,,,,,,
,,,,,,,,,,,,,,,,,,,,,,,,,,,,,
,,,,,,,,,,,,,,,,,,,,,,,,,,,,,
,,,,,,,,,,,,,,,,,,,,,,,,,,,,,
,,,,,,,,,,,,,,,,,,,,,,,,,,,,,
,,,,,,,,,,,,,,,,,,,,,,,,,,,,,
,,,,,,,,,,,,,,,,,,,,,,,,,,,,,
,,,,,,,,,,,,,,,,,,,,,,,,,,,,,
,,,,,,,,,,,,,,,,,,,,,,,,,,,,,
,,,,,,,,,,,,,,,,,,,,,,,,,,,,,
,,,,,,,,,,,,,,,,,,,,,,,,,,,,,
,,,,,,,,,,,,,,,,,,,,,,,,,,,,,
,,,,,,,,,,,,,,,,,,,,,,,,,,,,,
,,,,,,,,,,,,,,,,,,,,,,,,,,,,,
,,,,,,,,,,,,,,,,,,,,,,,,,,,,,
,,,,,,,,,,,,,,,,,,,,,,,,,,,,,
,,,,,,,,,,,,,,,,,,,,,,,,,,,,,
,,,,,,,,,,,,,,,,,,,,,,,,,,,,,
,,,,,,,,,,,,,,,,,,,,,,,,,,,,,
,,,,,,,,,,,,,,,,,,,,,,,,,,,,,
,,,,,,,,,,,,,,,,,,,,,,,,,,,,,
,,,,,,,,,,,,,,,,,,,,,,,,,,,,,
,,,,,,,,,,,,,,,,,,,,,,,,,,,,,
,,,,,,,,,,,,,,,,,,,,,,,,,,,,,
,,,,,,,,,,,,,,,,,,,,,,,,,,,,,
,,,,,,,,,,,,,,,,,,,,,,,,,,,,,
,,,,,,,,,,,,,,,,,,,,,,,,,,,,,
,,,,,,,,,,,,,,,,,,,,,,,,,,,,,
,,,,,,,,,,,,,,,,,,,,,,,,,,,,,
,,,,,,,,,,,,,,,,,,,,,,,,,,,,,
,,,,,,,,,,,,,,,,,,,,,,,,,,,,,
,,,,,,,,,,,,,,,,,,,,,,,,,,,,,
,,,,,,,,,,,,,,,,,,,,,,,,,,,,,
,,,,,,,,,,,,,,,,,,,,,,,,,,,,,
,,,,,,,,,,,,,,,,,,,,,,,,,,,,,
,,,,,,,,,,,,,,,,,,,,,,,,,,,,,
,,,,,,,,,,,,,,,,,,,,,,,,,,,,,
,,,,,,,,,,,,,,,,,,,,,,,,,,,,,
,,,,,,,,,,,,,,,,,,,,,,,,,,,,,
,,,,,,,,,,,,,,,,,,,,,,,,,,,,,
,,,,,,,,,,,,,,,,,,,,,,,,,,,,,
,,,,,,,,,,,,,,,,,,,,,,,,,,,,,
,,,,,,,,,,,,,,,,,,,,,,,,,,,,,
,,,,,,,,,,,,,,,,,,,,,,,,,,,,,
,,,,,,,,,,,,,,,,,,,,,,,,,,,,,
,,,,,,,,,,,,,,,,,,,,,,,,,,,,,
,,,,,,,,,,,,,,,,,,,,,,,,,,,,,
,,,,,,,,,,,,,,,,,,,,,,,,,,,,,
,,,,,,,,,,,,,,,,,,,,,,,,,,,,,
,,,,,,,,,,,,,,,,,,,,,,,,,,,,,
,,,,,,,,,,,,,,,,,,,,,,,,,,,,,
,,,,,,,,,,,,,,,,,,,,,,,,,,,,,
,,,,,,,,,,,,,,,,,,,,,,,,,,,,,
,,,,,,,,,,,,,,,,,,,,,,,,,,,,,
,,,,,,,,,,,,,,,,,,,,,,,,,,,,,
,,,,,,,,,,,,,,,,,,,,,,,,,,,,,
,,,,,,,,,,,,,,,,,,,,,,,,,,,,,
,,,,,,,,,,,,,,,,,,,,,,,,,,,,,
,,,,,,,,,,,,,,,,,,,,,,,,,,,,,
,,,,,,,,,,,,,,,,,,,,,,,,,,,,,
,,,,,,,,,,,,,,,,,,,,,,,,,,,,,
,,,,,,,,,,,,,,,,,,,,,,,,,,,,,
,,,,,,,,,,,,,,,,,,,,,,,,,,,,,
,,,,,,,,,,,,,,,,,,,,,,,,,,,,,
,,,,,,,,,,,,,,,,,,,,,,,,,,,,,
,,,,,,,,,,,,,,,,,,,,,,,,,,,,,
,,,,,,,,,,,,,,,,,,,,,,,,,,,,,
,,,,,,,,,,,,,,,,,,,,,,,,,,,,,
,,,,,,,,,,,,,,,,,,,,,,,,,,,,,
,,,,,,,,,,,,,,,,,,,,,,,,,,,,,
,,,,,,,,,,,,,,,,,,,,,,,,,,,,,
,,,,,,,,,,,,,,,,,,,,,,,,,,,,,
,,,,,,,,,,,,,,,,,,,,,,,,,,,,,
,,,,,,,,,,,,,,,,,,,,,,,,,,,,,
,,,,,,,,,,,,,,,,,,,,,,,,,,,,,
,,,,,,,,,,,,,,,,,,,,,,,,,,,,,
,,,,,,,,,,,,,,,,,,,,,,,,,,,,,
,,,,,,,,,,,,,,,,,,,,,,,,,,,,,
,,,,,,,,,,,,,,,,,,,,,,,,,,,,,
,,,,,,,,,,,,,,,,,,,,,,,,,,,,,
,,,,,,,,,,,,,,,,,,,,,,,,,,,,,
,,,,,,,,,,,,,,,,,,,,,,,,,,,,,
,,,,,,,,,,,,,,,,,,,,,,,,,,,,,
,,,,,,,,,,,,,,,,,,,,,,,,,,,,,
,,,,,,,,,,,,,,,,,,,,,,,,,,,,,
,,,,,,,,,,,,,,,,,,,,,,,,,,,,,
,,,,,,,,,,,,,,,,,,,,,,,,,,,,,
,,,,,,,,,,,,,,,,,,,,,,,,,,,,,
,,,,,,,,,,,,,,,,,,,,,,,,,,,,,
,,,,,,,,,,,,,,,,,,,,,,,,,,,,,
,,,,,,,,,,,,,,,,,,,,,,,,,,,,,
,,,,,,,,,,,,,,,,,,,,,,,,,,,,,
,,,,,,,,,,,,,,,,,,,,,,,,,,,,,
,,,,,,,,,,,,,,,,,,,,,,,,,,,,,
,,,,,,,,,,,,,,,,,,,,,,,,,,,,,
,,,,,,,,,,,,,,,,,,,,,,,,,,,,,
,,,,,,,,,,,,,,,,,,,,,,,,,,,,,
,,,,,,,,,,,,,,,,,,,,,,,,,,,,,
,,,,,,,,,,,,,,,,,,,,,,,,,,,,,
,,,,,,,,,,,,,,,,,,,,,,,,,,,,,
,,,,,,,,,,,,,,,,,,,,,,,,,,,,,
,,,,,,,,,,,,,,,,,,,,,,,,,,,,,
,,,,,,,,,,,,,,,,,,,,,,,,,,,,,
,,,,,,,,,,,,,,,,,,,,,,,,,,,,,
,,,,,,,,,,,,,,,,,,,,,,,,,,,,,
,,,,,,,,,,,,,,,,,,,,,,,,,,,,,
,,,,,,,,,,,,,,,,,,,,,,,,,,,,,
,,,,,,,,,,,,,,,,,,,,,,,,,,,,,
,,,,,,,,,,,,,,,,,,,,,,,,,,,,,
,,,,,,,,,,,,,,,,,,,,,,,,,,,,,
,,,,,,,,,,,,,,,,,,,,,,,,,,,,,
,,,,,,,,,,,,,,,,,,,,,,,,,,,,,
,,,,,,,,,,,,,,,,,,,,,,,,,,,,,
,,,,,,,,,,,,,,,,,,,,,,,,,,,,,
,,,,,,,,,,,,,,,,,,,,,,,,,,,,,
260504C003,KLS,05/04/2026,CDELC,A8002XW,Bogor,Jabodetabek,Solar,19.85,Customer,19,1.49,11,9,253500,921087,Jawa,BOGOR,CDE LONG CHASSIS,Internal,JabodetabekBOGORCDE LONG CHASSIS,Dalam Kota,,,,5,REGULAR,11:32:00,515120,152467
260504C012,KLS,05/04/2026,MVB,A8017VC,Jakarta Utara,Jabodetabek,Pertalite,12.43,Customer,9,0.05,5,4,184300,727560,Jawa,JAKARTA UTARA,MINI VAN BOX,Internal,JabodetabekJAKARTA UTARAMINI VAN BOX,Dalam Kota,,,,5,REGULAR,7:47:00,257560,285700
260504X005,KLS,05/04/2026,CDELC,A8048ZX,Serang,Banten,Dexlite,15,Other Delivery,1,11.0,11,1,439500,849527,Jawa,SERANG,CDE LONG CHASSIS,Internal,BantenSERANGCDE LONG CHASSIS,Dalam Kota,,,,5,REGULAR,16:01:00,257560,152467
260504C022,KLS,05/04/2026,CDELC,A8098ZH,Purwakarta,Jawa Barat,Solar,23.66,Customer,15,0.9,11,5,245000,981287,Jawa,PURWAKARTA,CDE LONG CHASSIS,Internal,Jawa BaratPURWAKARTACDE LONG CHASSIS,Dalam Kota,,,,5,REGULAR,9:03:00,515120,221167
260504C011,KLS,05/04/2026,PICKUP,A8148VC,Jakarta Utara,Jabodetabek,Pertalite,14.45,Customer,8,3.0,3,5,217260,1045013,Jawa,JAKARTA UTARA,PICKUP,Internal,JabodetabekJAKARTA UTARAPICKUP,Dalam Kota,,,,5,REGULAR,6:29:00,515120,312633
260504C008,KLS,05/04/2026,CDELC,A8159ZC,Bekasi,Jabodetabek,Solar,14.9,Customer,25,2.1,11,11,120320,818307,Jawa,BEKASI,CDE LONG CHASSIS,Internal,JabodetabekBEKASICDE LONG CHASSIS,Dalam Kota,,,,5,REGULAR,7:28:00,515120,182867
260504C006,KLS,05/04/2026,MVB,A8304VC,Bekasi,Jabodetabek,Pertalite,12.3,Customer,10,1.52,5,10,123000,#N/A,Jawa,BEKASI,MINI VAN BOX,Internal,JabodetabekBEKASIMINI VAN BOX,Dalam Kota,,,,5,REGULAR,7:29:00,515120,#N/A
260504C016,KLS,05/04/2026,CDELC,A8339ZS,Jakarta Utara,Jabodetabek,Solar,16.36,Customer,4,0.61,7,4,288248,811408,Jawa,JAKARTA UTARA,CDE PICK UP,Internal,JabodetabekJAKARTA UTARACDE PICK UP,Dalam Kota,,,,5,REGULAR,7:42:00,257560,265600
260504C010,KLS,05/04/2026,MVB,A8373VC,Jakarta Timur,Jabodetabek,Pertalite,10.61,Customer,19,0.04,5,5,166600,#N/A,Jawa,JAKARTA TIMUR,MINI VAN BOX,Internal,JabodetabekJAKARTA TIMURMINI VAN BOX,Dalam Kota,,,,5,REGULAR,6:25:00,257560,#N/A
260504C005,KLS,05/04/2026,CDELC,A8432ZS,Bogor,Jabodetabek,Solar,22.06,Customer,22,1.34,11,6,220500,992670,Jawa,BOGOR,CDE LONG CHASSIS,Internal,JabodetabekBOGORCDE LONG CHASSIS,Dalam Kota,,,,5,REGULAR,9:15:00,515120,257050
260504C015,KLS,05/04/2026,CDELC,A8476VC,Purwakarta,Jawa Barat,Solar,29.41,Customer,8,4.72,11,7,496500,#N/A,Jawa,PURWAKARTA,CDE LONG CHASSIS,Internal,Jawa BaratPURWAKARTACDE LONG CHASSIS,Dalam Kota,,,,5,REGULAR,11:44:00,515120,#N/A
260504C030,KLS,05/04/2026,CDELC,A8486VC,Jakarta Timur,Jabodetabek,Dexlite,15.5,Customer,1,8.0,8,1,203500,#N/A,Jawa,JAKARTA TIMUR,CDE PICKUP,Internal,JabodetabekJAKARTA TIMURCDE PICKUP,Dalam Kota,,,,5,REGULAR,9:47:00,515120,#N/A
260504C020,KLS,05/04/2026,CDELC,A8503ZX,Depok,Jabodetabek,Solar,18.88,Customer,19,0.77,8,7,228384,895971,Jawa,DEPOK,CDE,Internal,JabodetabekDEPOKCDE,Dalam Kota,,,,5,REGULAR,7:44:00,515120,152467
260504C002,KLS,05/04/2026,MVB,A8504ZX,Bekasi,Jabodetabek,Pertalite,14,Customer,14,0.05,5,5,179500,511160,Jawa,BEKASI,MINI VAN BOX,Internal,JabodetabekBEKASIMINI VAN BOX,Dalam Kota,,,,5,REGULAR,11:53:00,257560,74100
260504C013,KLS,05/04/2026,CDELC,A8505VC,Karawang Selatan,Jabodetabek,Solar,16.21,Customer,68,0.44,11,12,143000,#N/A,Jawa,KARAWANG SELATAN,CDE LONG CHASSIS,Internal,JabodetabekKARAWANG SELATANCDE LONG CHASSIS,Dalam Kota,,,,5,REGULAR,11:04:00,515120,#N/A
260504C001,KLS,05/04/2026,CDELC,A8520VC,Bekasi,Jabodetabek,Solar,14.63,Customer,23,0.33,11,8,172000,#N/A,Jawa,BEKASI,CDE LONG CHASSIS,Internal,JabodetabekBEKASICDE LONG CHASSIS,Dalam Kota,,,,5,REGULAR,8:48:00,515120,#N/A
260504C009,KLS,05/04/2026,MVB,A8553VB,Jakarta Timur,Jabodetabek,Pertalite,12.55,Customer,13,0.28,5,8,182500,829020,Jawa,JAKARTA TIMUR,MINI VAN BOX,Internal,JabodetabekJAKARTA TIMURMINI VAN BOX,Dalam Kota,,,,5,REGULAR,7:31:00,515120,131400
260504C222,KLS,05/04/2026,PICKUP,A8721ZV,Bekasi,Jabodetabek,Pertalite,10.66,Customer,15,0.13,3,7,106600,469993,Jawa,BEKASI,PICK UP,Internal,JabodetabekBEKASIPICK UP,Dalam Kota,,,,5,REGULAR,5:29:00,257560,105833
260504C322,KLS,05/04/2026,MVB,A8876ZX,Karawang Selatan,Jabodetabek,Pertalite,5.4,Customer,1,0.0,5,1,108000,396598,Jawa,KARAWANG SELATAN,MINI VAN BOX,Internal,JabodetabekKARAWANG SELATANMINI VAN BOX,Dalam Kota,,,,5,NON REGULAR,2:10:00,257560,31038
260504C007,KLS,05/04/2026,MVB,A8876ZX,Bekasi,Jabodetabek,Pertalite,4.68,Customer,15,0.26,5,7,46800,335398,Jawa,BEKASI,MINI VAN BOX,Internal,JabodetabekBEKASIMINI VAN BOX,Dalam Kota,,,,5,REGULAR,6:09:00,257560,31038
260504L002,KLS,05/04/2026,CDDLC,A8908XY,Cirebon,Jawa Barat,Dexlite,4.65,Store,25,2.71,16,1,791500,1217780,Jawa,CIREBON,CDD LONG CHASSIS,Internal,Jawa BaratCIREBONCDD LONG CHASSIS,Luar Kota,,,,5,REGULAR,14:13:00,257560,168720
260504C027,KLS,05/04/2026,CDDLC,A8961VB,Serang,Banten,Solar,37.7,Customer,1,11.0,11,1,500360,1070553,Jawa,SERANG,CDD PICKUP,Internal,BantenSERANGCDD PICKUP,Dalam Kota,,,,5,REGULAR,22:37:00,257560,312633
260504C223,KLS,05/04/2026,MVB,A8983VB,Karawang Selatan,Jabodetabek,Pertalite,12.62,Customer,8,0.01,5,5,196700,585660,Jawa,KARAWANG SELATAN,MINI VAN BOX,Internal,JabodetabekKARAWANG SELATANMINI VAN BOX,Dalam Kota,,,,5,REGULAR,10:06:00,257560,131400
260504C019,KLS,05/04/2026,MOTOR,B5709BLU,Bekasi,Jabodetabek,Pertalite,1.76,Customer,18,0.02,0.14,13,17600,275190,Jawa,BEKASI,MOTOR BOX,Internal,JabodetabekBEKASIMOTOR BOX,Dalam Kota,,,,5,REGULAR,7:32:00,257560,30
260504H001,KLS,05/04/2026,WINGBOX,B9068BEN,Jakarta Barat,Jabodetabek,Solar,28.22,HUB,255,9.02,42,5,273896,702320,Jawa,JAKARTA BARAT,WINGBOX,Internal,JabodetabekJAKARTA BARATWINGBOX,Dalam Kota,,,,5,REGULAR,8:05:00,257560,170864
260504C212,KLS,05/04/2026,WINGBOX,B9072BEN,Serang,Banten,Solar,75.22,Customer,1,11.0,42,1,740500,1599627,Jawa,SERANG,WINGBOX,Internal,BantenSERANGWINGBOX,Dalam Kota,,,,5,REGULAR,11:54:00,257560,601567
260504C031,KLS,05/04/2026,CDDLC,B9190SDB,Jakarta Utara,Jabodetabek,Solar,18.25,Customer,1,11.0,11,1,238500,949853,Jawa,JAKARTA UTARA,CDD PICKUP,Internal,JabodetabekJAKARTA UTARACDD PICKUP,Dalam Kota,,,,5,REGULAR,8:05:00,515120,196233
260504C014,KLS,05/04/2026,MVB,B9320SCE,Karawang Selatan,Jabodetabek,Pertalite,12.97,Customer,13,0.4,5,6,183700,784960,Jawa,KARAWANG SELATAN,MINI VAN BOX,Internal,JabodetabekKARAWANG SELATANMINI VAN BOX,Dalam Kota,,,,5,REGULAR,6:47:00,515120,86140
260504C004,KLS,05/04/2026,MVB,B9642SCE,Bogor,Jabodetabek,Pertalite,22.02,Customer,6,2.63,5,6,309700,917587,Jawa,BOGOR,MINI VAN BOX,Internal,JabodetabekBOGORMINI VAN BOX,Dalam Kota,,,,5,REGULAR,9:17:00,515120,92767
260505C011,KLS,05/05/2026,CDELC,A8002XW,Jakarta Timur,Jabodetabek,Solar,11.03,Customer,7,1.06,11,7,118000,785587,Jawa,JAKARTA TIMUR,CDE LONG CHASSIS,Internal,JabodetabekJAKARTA TIMURCDE LONG CHASSIS,Dalam Kota,,,,5,REGULAR,7:20:00,515120,152467
260505C013,KLS,05/05/2026,MVB,A8017VC,Jakarta Utara,Jabodetabek,Pertalite,13.88,Customer,9,1.01,5,6,214500,1015320,Jawa,JAKARTA UTARA,MINI VAN BOX,Internal,JabodetabekJAKARTA UTARAMINI VAN BOX,Dalam Kota,,,,5,REGULAR,9:15:00,515120,285700
260505X055,KLS,05/05/2026,CDELC,A8048ZX,Bekasi,Jabodetabek,,,Other Delivery,,11.0,11,1,0,410027,Jawa,BEKASI,CDE LONG CHASSIS,Internal,JabodetabekBEKASICDE LONG CHASSIS,Dalam Kota,,,,5,REGULAR,22:20:00,257560,152467
260505C018,KLS,05/05/2026,CDELC,A8098ZH,Purwakarta,Jawa Barat,Solar,18.75,Customer,30,1.51,11,8,191500,670227,Jawa,PURWAKARTA,CDE LONG CHASSIS,Internal,Jawa BaratPURWAKARTACDE LONG CHASSIS,Dalam Kota,,,,5,REGULAR,10:11:00,257560,221167
260505C010,KLS,05/05/2026,CDELC,A8159ZC,Bekasi,Jabodetabek,Solar,15.24,Customer,16,10.6,11,7,126500,824487,Jawa,BEKASI,CDE LONG CHASSIS,Internal,JabodetabekBEKASICDE LONG CHASSIS,Dalam Kota,,,,5,REGULAR,7:56:00,515120,182867
260505H003,KLS,05/05/2026,FUSO,A8186YX,Jakarta Barat,Jabodetabek,Solar,31.16,HUB,191,27.79,34,4,293888,551448,Jawa,JAKARTA BARAT,FUSO GENAP,Internal,JabodetabekJAKARTA BARATFUSO GENAP,Dalam Kota,,,,5,REGULAR,7:13:00,257560,0
260505C003,KLS,05/05/2026,MVB,A8304VC,Bekasi,Jabodetabek,Pertalite,8.58,Customer,14,1.11,5,7,121500,#N/A,Jawa,BEKASI,MINI VAN BOX,Internal,JabodetabekBEKASIMINI VAN BOX,Dalam Kota,,,,5,REGULAR,6:38:00,257560,#N/A
260505C022,KLS,05/05/2026,CDELC,A8339ZS,Karawang Selatan,Jabodetabek,Solar,13.68,Customer,1,3.0,7,1,169500,692660,Jawa,KARAWANG SELATAN,CDE PICK UP,Internal,JabodetabekKARAWANG SELATANCDE PICK UP,Dalam Kota,,,,5,REGULAR,7:44:00,257560,265600
260505C024,KLS,05/05/2026,MVB,A8373VC,Depok,Jabodetabek,Pertalite,12.73,Customer,13,0.77,5,8,230500,#N/A,Jawa,DEPOK,MINI VAN BOX,Internal,JabodetabekDEPOKMINI VAN BOX,Dalam Kota,,,,5,REGULAR,7:38:00,257560,#N/A
260505C006,KLS,05/05/2026,CDELC,A8432ZS,Bogor,Jabodetabek,Solar,24.67,Customer,4,1.38,11,3,217000,989170,Jawa,BOGOR,CDE LONG CHASSIS,Internal,JabodetabekBOGORCDE LONG CHASSIS,Dalam Kota,,,,5,REGULAR,9:18:00,515120,257050
260505C016,KLS,05/05/2026,CDELC,A8476VC,Karawang Selatan,Jabodetabek,Solar,16.91,Customer,11,0.65,11,8,169000,#N/A,Jawa,KARAWANG SELATAN,CDE LONG CHASSIS,Internal,JabodetabekKARAWANG SELATANCDE LONG CHASSIS,Dalam Kota,,,,5,REGULAR,7:45:00,515120,#N/A
260505C276,KLS,05/05/2026,CDELC,A8486VC,Jakarta Utara,Jabodetabek,Solar,16.75,Customer,9,5.42,8,4,312000,#N/A,Jawa,JAKARTA UTARA,CDE PICKUP,Internal,JabodetabekJAKARTA UTARACDE PICKUP,Dalam Kota,,,,5,REGULAR,7:58:00,257560,#N/A
260505C254,KLS,05/05/2026,CDELC,A8503ZX,Jakarta Utara,Jabodetabek,Solar,19.63,Customer,8,2.01,8,4,230500,898087,Jawa,JAKARTA UTARA,CDE,Internal,JabodetabekJAKARTA UTARACDE,Dalam Kota,,,,5,REGULAR,9:37:00,515120,152467
260505C017,KLS,05/05/2026,MVB,A8504ZX,Purwakarta,Jawa Barat,Pertalite,9.5,Customer,4,0.27,5,3,149000,480660,Jawa,PURWAKARTA,MINI VAN BOX,Internal,Jawa BaratPURWAKARTAMINI VAN BOX,Dalam Kota,,,,5,REGULAR,7:02:00,257560,74100
260505C015,KLS,05/05/2026,CDELC,A8505VC,Karawang Selatan,Jabodetabek,Solar,16.16,Customer,18,1.26,11,10,126500,#N/A,Jawa,KARAWANG SELATAN,CDE LONG CHASSIS,Internal,JabodetabekKARAWANG SELATANCDE LONG CHASSIS,Dalam Kota,,,,5,REGULAR,7:47:00,515120,#N/A
260505C273,KLS,05/05/2026,CDELC,A8520VC,Bekasi,Jabodetabek,Solar,15.15,Customer,2,0.01,11,2,185000,#N/A,Jawa,BEKASI,CDE LONG CHASSIS,Internal,JabodetabekBEKASICDE LONG CHASSIS,Dalam Kota,,,,5,REGULAR,7:40:00,257560,#N/A
260505C274,KLS,05/05/2026,MVB,A8553VB,Karawang Selatan,Jabodetabek,Pertalite,6.5,Customer,13,0.02,5,4,98000,486960,Jawa,KARAWANG SELATAN,MINI VAN BOX,Internal,JabodetabekKARAWANG SELATANMINI VAN BOX,Dalam Kota,,,,5,REGULAR,5:03:00,257560,131400
260505C240,KLS,05/05/2026,CDDLC,A8655ZF,Jakarta Timur,Jabodetabek,Solar,18.5,Customer,1,16.0,16,1,191500,972620,Jawa,JAKARTA TIMUR,CDD LONG CHASSIS,Internal,JabodetabekJAKARTA TIMURCDD LONG CHASSIS,Dalam Kota,,,,5,REGULAR,8:34:00,515120,266000
260505C012,KLS,05/05/2026,PICKUP,A8721ZV,Jakarta Timur,Jabodetabek,Pertalite,10.89,Customer,8,1.93,3,6,162000,782953,Jawa,JAKARTA TIMUR,PICK UP,Internal,JabodetabekJAKARTA TIMURPICK UP,Dalam Kota,,,,5,REGULAR,7:05:00,515120,105833
260505C020,KLS,05/05/2026,MVB,A8876ZX,Subang,Jawa Barat,Pertalite,17,Customer,7,1.59,5,3,332500,652136,Jawa,SUBANG,MINI VAN BOX,Internal,Jawa BaratSUBANGMINI VAN BOX,DALAM KOTA,,,,5,REGULAR,7:28:00,257560,62076
260505L004,KLS,05/05/2026,CDDLC,A8908XY,Bandung,Jawa Barat,Solar,7.13,Store,87,16.0,16,1,808500,1234780,Jawa,BANDUNG,CDD LONG CHASSIS,Internal,Jawa BaratBANDUNGCDD LONG CHASSIS,Luar Kota,,,,5,REGULAR,9:23:00,257560,168720
260505C070,KLS,05/05/2026,CDDLC,A8961VB,Serang,Banten,Solar,34.96,Customer,2,5.81,11,2,389728,959921,Jawa,SERANG,CDD PICKUP,Internal,BantenSERANGCDD PICKUP,Dalam Kota,,,,5,REGULAR,26:46:00,257560,312633
260505C008,KLS,05/05/2026,CDDLC,A8976XY,Bekasi,Jabodetabek,Solar,8.93,Customer,9,3.5,16,5,60500,764587,Jawa,BEKASI,CDD LONG CHASSIS,Internal,JabodetabekBEKASICDD LONG CHASSIS,Dalam Kota,,,,5,REGULAR,0:52:00,515120,188967
260505C004,KLS,05/05/2026,MVB,A8983VB,Bekasi,Jabodetabek,Pertalite,11.45,Customer,7,0.79,5,5,190000,578960,Jawa,BEKASI,MINI VAN BOX,Internal,JabodetabekBEKASIMINI VAN BOX,Dalam Kota,,,,5,REGULAR,7:47:00,257560,131400
260505C026,KLS,05/05/2026,MOTOR,B5709BLU,Bekasi,Jabodetabek,Pertalite,2,Customer,6,0.01,0.14,6,20000,277590,Jawa,BEKASI,MOTOR BOX,Internal,JabodetabekBEKASIMOTOR BOX,Dalam Kota,,,,5,REGULAR,26:30:00,257560,30
260505C014,KLS,05/05/2026,CDELC,B9044BRO,Jakarta Utara,Jabodetabek,Solar,19.88,Customer,14,2.58,11,12,279000,964984,Jawa,JAKARTA UTARA,CDE LONG CHASSIS,Internal,JabodetabekJAKARTA UTARACDE LONG CHASSIS,Dalam Kota,,,,5,REGULAR,5:11:00,515120,170864
260505C002,KLS,05/05/2026,WINGBOX,B9068BEN,Jakarta Utara,Jabodetabek,Solar,28.82,Customer,1,42.0,42,1,420000,1105984,Jawa,JAKARTA UTARA,WINGBOX,Internal,JabodetabekJAKARTA UTARAWINGBOX,Dalam Kota,,,,5,REGULAR,12:57:00,515120,170864
260505C019,KLS,05/05/2026,CDDLC,B9190SDB,Jakarta Utara,Jabodetabek,Solar,14.7,Customer,2,3.28,11,2,256500,710293,Jawa,JAKARTA UTARA,CDD PICKUP,Internal,JabodetabekJAKARTA UTARACDD PICKUP,Dalam Kota,,,,5,REGULAR,6:18:00,257560,196233
260505C007,KLS,05/05/2026,MVB,B9320SCE,Bogor,Jabodetabek,Pertalite,17.64,Customer,16,0.74,5,6,234000,577700,Jawa,BOGOR,MINI VAN BOX,Internal,JabodetabekBOGORMINI VAN BOX,Dalam Kota,,,,5,REGULAR,8:39:00,257560,86140
260505C005,KLS,05/05/2026,MVB,B9642SCE,Bogor,Jabodetabek,Pertalite,10.73,Customer,7,1.39,5,5,164000,514327,Jawa,BOGOR,MINI VAN BOX,Internal,JabodetabekBOGORMINI VAN BOX,Dalam Kota,,,,5,REGULAR,7:56:00,257560,92767
260506H005,KLS,05/06/2026,WINGBOX,B9068BEN,Jakarta Barat,Jabodetabek,Solar,28.75,HUB,130,13.9,42,1,277500,705924,Jawa,JAKARTA BARAT,WINGBOX,Internal,JabodetabekJAKARTA BARATWINGBOX,Dalam Kota,,,,5,REGULAR,8:24:00,257560,170864
260506C026,KLS,05/06/2026,CDELC,A8002XW,Jakarta Timur,Jabodetabek,Solar,14.71,Customer,12,3.61,11,11,172000,839587,Jawa,JAKARTA TIMUR,CDE LONG CHASSIS,Internal,JabodetabekJAKARTA TIMURCDE LONG CHASSIS,Dalam Kota,,,,5,REGULAR,11:33:00,515120,152467
260506C059,KLS,05/06/2026,MVB,A8017VC,Jakarta Utara,Jabodetabek,Pertalite,9.76,Customer,7,0.36,5,5,150600,693860,Jawa,JAKARTA UTARA,MINI VAN BOX,Internal,JabodetabekJAKARTA UTARAMINI VAN BOX,Dalam Kota,,,,5,REGULAR,7:53:00,257560,285700
260506C276,KLS,05/06/2026,CDELC,A8048ZX,Jakarta Barat,Jabodetabek,,,Customer,2,6.74,11,1,,410027,Jawa,JAKARTA BARAT,CDE LONG CHASSIS,Internal,JabodetabekJAKARTA BARATCDE LONG CHASSIS,Dalam Kota,,,,5,REGULAR,1:55:00,257560,152467
260506C029,KLS,05/06/2026,CDELC,A8098ZH,Purwakarta,Jawa Barat,Solar,21.62,Customer,21,1.85,11,7,234500,970787,Jawa,PURWAKARTA,CDE LONG CHASSIS,Internal,Jawa BaratPURWAKARTACDE LONG CHASSIS,Dalam Kota,,,,5,REGULAR,11:57:00,515120,221167
260506C024,KLS,05/06/2026,CDELC,A8159ZC,Bekasi,Jabodetabek,Solar,9.37,Customer,7,0.46,11,8,63716,504143,Jawa,BEKASI,CDE LONG CHASSIS,Internal,JabodetabekBEKASICDE LONG CHASSIS,Dalam Kota,,,,5,REGULAR,6:31:00,257560,182867
260506C022,KLS,05/06/2026,CDDLC,A8288YX,Bekasi,Jabodetabek,Solar,12.86,Customer,9,0.64,16,7,87448,791535,Jawa,BEKASI,CDD LONG CHASSIS,Internal,JabodetabekBEKASICDD LONG CHASSIS,Dalam Kota,,,,5,REGULAR,6:39:00,515120,188967
260506C031,KLS,05/06/2026,MVB,A8304VC,Depok,Jabodetabek,Pertalite,12.26,Customer,6,1.6,5,4,180600,#N/A,Jawa,DEPOK,MINI VAN BOX,Internal,JabodetabekDEPOKMINI VAN BOX,Dalam Kota,,,,5,REGULAR,6:45:00,515120,#N/A
260506C094,KLS,05/06/2026,CDELC,A8339ZS,Tangerang,Jabodetabek,Solar,20.88,Customer,2,5.88,7,2,251000,1031720,Jawa,TANGERANG,CDE PICK UP,Internal,JabodetabekTANGERANGCDE PICK UP,Dalam Kota,,,,5,REGULAR,10:03:00,515120,265600
260506C254,KLS,05/06/2026,MVB,A8373VC,Karawang Selatan,Jabodetabek,Pertalite,8.91,Customer,4,0.22,5,3,159600,#N/A,Jawa,KARAWANG SELATAN,MINI VAN BOX,Internal,JabodetabekKARAWANG SELATANMINI VAN BOX,Dalam Kota,,,,5,REGULAR,4:36:00,257560,#N/A
260506C021,KLS,05/06/2026,CDELC,A8432ZS,Bogor,Jabodetabek,Solar,18.55,Customer,11,1.41,11,3,176000,948170,Jawa,BOGOR,CDE LONG CHASSIS,Internal,JabodetabekBOGORCDE LONG CHASSIS,Dalam Kota,,,,5,REGULAR,7:55:00,515120,257050
260506L003,KLS,05/06/2026,CDELC,A8476VC,Sukabumi,Jawa Barat,Solar,34.26,Store,24,2.4,11,1,407000,#N/A,Jawa,SUKABUMI,CDE LONG CHASSIS,Internal,Jawa BaratSUKABUMICDE LONG CHASSIS,Luar Kota,,,,5,REGULAR,11:05:00,257560,#N/A
260506C263,KLS,05/06/2026,CDELC,A8486VC,Jakarta Utara,Jabodetabek,Solar,13.53,Customer,2,8.0,8,1,218990,#N/A,Jawa,JAKARTA UTARA,CDE PICKUP,Internal,JabodetabekJAKARTA UTARACDE PICKUP,Dalam Kota,,,,5,REGULAR,8:04:00,257560,#N/A
260506C028,KLS,05/06/2026,MVB,A8504ZX,Purwakarta,Jawa Barat,Pertalite,23.3,Customer,9,1.68,5,7,480500,1069720,Jawa,PURWAKARTA,MINI VAN BOX,Internal,Jawa BaratPURWAKARTAMINI VAN BOX,Dalam Kota,,,,5,REGULAR,10:22:00,515120,74100
260506C062,KLS,05/06/2026,CDELC,A8505VC,Karawang,Jabodetabek,Solar,12.03,Customer,13,0.49,11,4,114804,#N/A,Jawa,KARAWANG,CDE LONG CHASSIS,Internal,JabodetabekKARAWANGCDE LONG CHASSIS,Dalam Kota,,,,5,REGULAR,6:43:00,257560,#N/A
260506C209,KLS,05/06/2026,CDELC,A8520VC,Jakarta Selatan,Jabodetabek,Solar,19.27,Customer,2,2.06,11,2,178000,#N/A,Jawa,JAKARTA SELATAN,CDE LONG CHASSIS,Internal,JabodetabekJAKARTA SELATANCDE LONG CHASSIS,Dalam Kota,,,,5,REGULAR,10:49:00,515120,#N/A
260506C253,KLS,05/06/2026,MVB,A8553VB,Bekasi,Jabodetabek,Pertalite,6.24,Customer,3,0.21,5,3,62400,451360,Jawa,BEKASI,MINI VAN BOX,Internal,JabodetabekBEKASIMINI VAN BOX,Dalam Kota,,,,5,REGULAR,3:38:00,257560,131400
260506C295,KLS,05/06/2026,PICKUP,A8721ZV,Bekasi,Jabodetabek,,0,Customer,1,3.0,3,1,0,310477,Jawa,BEKASI,PICK UP,Internal,JabodetabekBEKASIPICK UP,Dalam Kota,,,,5,NON REGULAR,0:18:00,257560,52917
260506C023,KLS,05/06/2026,PICKUP,A8721ZV,Bekasi,Jabodetabek,Pertalite,3.77,Customer,10,2.66,3,6,37700,605737,Jawa,BEKASI,PICK UP,Internal,JabodetabekBEKASIPICK UP,Dalam Kota,,,,5,REGULAR,5:40:00,515120,52917
260506C061,KLS,05/06/2026,MVB,A8876ZX,Karawang,Jabodetabek,Pertalite,7.88,Customer,12,0.68,5,7,132800,452436,Jawa,KARAWANG,MINI VAN BOX,Internal,JabodetabekKARAWANGMINI VAN BOX,Dalam Kota,,,,5,REGULAR,5:59:00,257560,62076
260506C058,KLS,05/06/2026,CDDLC,A8961VB,Jakarta Utara,Jabodetabek,Solar,16.78,Customer,2,8.2,11,2,270104,840297,Jawa,JAKARTA UTARA,CDD PICKUP,Internal,JabodetabekJAKARTA UTARACDD PICKUP,Dalam Kota,,,,5,REGULAR,6:17:00,257560,312633
260506C060,KLS,05/06/2026,CDDLC,A8976XY,Bekasi,Jabodetabek,Solar,18.89,Customer,16,2.32,16,11,156452,860539,Jawa,BEKASI,CDD LONG CHASSIS,Internal,JabodetabekBEKASICDD LONG CHASSIS,Dalam Kota,,,,5,REGULAR,10:25:00,515120,188967
260506C019,KLS,05/06/2026,MVB,A8983VB,Bekasi,Jabodetabek,Pertalite,11.97,Customer,10,0.43,5,10,187200,833720,Jawa,BEKASI,MINI VAN BOX,Internal,JabodetabekBEKASIMINI VAN BOX,Dalam Kota,,,,5,REGULAR,8:10:00,515120,131400
260506C093,KLS,05/06/2026,MOTOR,B5709BLU,Bekasi,Jabodetabek,Pertalite,1.2,Customer,4,0.0,0.14,4,12000,269590,Jawa,BEKASI,MOTOR BOX,Internal,JabodetabekBEKASIMOTOR BOX,Dalam Kota,,,,5,REGULAR,6:11:00,257560,30
260506C027,KLS,05/06/2026,CDELC,B9044BRO,Jakarta Utara,Jabodetabek,Solar,19.42,Customer,7,2.94,11,6,243556,929540,Jawa,JAKARTA UTARA,CDE LONG CHASSIS,Internal,JabodetabekJAKARTA UTARACDE LONG CHASSIS,Dalam Kota,,,,5,REGULAR,11:05:00,515120,170864
260506C236,KLS,05/06/2026,CDDLC,B9190SDB,Jakarta Utara,Jabodetabek,,,Customer,1,0.19,11,1,35000,488793,Jawa,JAKARTA UTARA,CDD PICKUP,Internal,JabodetabekJAKARTA UTARACDD PICKUP,Dalam Kota,,,,5,REGULAR,4:09:00,257560,196233
260506C020,KLS,05/06/2026,MVB,B9320SCE,Bogor,Jabodetabek,Pertalite,15.88,Customer,5,0.31,5,4,218800,562500,Jawa,BOGOR,MINI VAN BOX,Internal,JabodetabekBOGORMINI VAN BOX,Dalam Kota,,,,5,REGULAR,9:37:00,257560,86140
260506C030,KLS,05/06/2026,MVB,B9642SCE,Bogor,Jabodetabek,Pertalite,20.59,Customer,6,1.89,5,6,320900,671227,Jawa,BOGOR,MINI VAN BOX,Internal,JabodetabekBOGORMINI VAN BOX,Dalam Kota,,,,5,REGULAR,8:58:00,257560,92767
